{
  "instance_id": "synthetic_40c_120q_random_s729403437",
  "instance_name": "Synthetic Random",
  "instance_size": 40,
  "configuration": "drl_junior_ga",
  "agent_used": "junior",
  "replicate": 3,
  "seed": 142396586,
  "initial_cost": 771.2589429128694,
  "final_cost": 612.6744789011002,
  "improvement_gap": 20.56176663739312,
  "total_time": 34.78085374832153,
  "initialization_time": 33.379414796829224,
  "evolution_time": 1.4014389514923096,
  "generations_run": 100,
  "generations_to_convergence": 34,
  "convergence_history": [
    771.2589429128694,
    771.2589429128694,
    768.9892490868002,
    768.9892490868002,
    758.1350074842571,
    758.1350074842571,
    758.1350074842571,
    755.2722401684355,
    755.2722401684355,
    748.9335021797367,
    726.4352062175841,
    726.4352062175841,
    719.7891749428718,
    714.4137380969945,
    675.5517015308645,
    674.3805388007851,
    674.3805388007851,
    674.3805388007851,
    673.6952445764177,
    673.6952445764177,
    660.3848159783068,
    660.3848159783068,
    659.2136532482274,
    659.0646068223136,
    658.3793125979464,
    658.3793125979464,
    640.2970996716099,
    640.2970996716099,
    640.2970996716099,
    631.8704102510408,
    631.8704102510408,
    613.7881973247042,
    613.6417233146021,
    613.6417233146021,
    612.6744789011002,
    612.6744789011002,
    612.6744789011002,
    612.6744789011002,
    612.6744789011002,
    612.6744789011002,
    612.6744789011002,
    612.6744789011002,
    612.6744789011002,
    612.6744789011002,
    612.6744789011002,
    612.6744789011002,
    612.6744789011002,
    612.6744789011002,
    612.6744789011002,
    612.6744789011002,
    612.6744789011002,
    612.6744789011002,
    612.6744789011002,
    612.6744789011002,
    612.6744789011002,
    612.6744789011002,
    612.6744789011002,
    612.6744789011002,
    612.6744789011002,
    612.6744789011002,
    612.6744789011002,
    612.6744789011002,
    612.6744789011002,
    612.6744789011002,
    612.6744789011002,
    612.6744789011002,
    612.6744789011002,
    612.6744789011002,
    612.6744789011002,
    612.6744789011002,
    612.6744789011002,
    612.6744789011002,
    612.6744789011002,
    612.6744789011002,
    612.6744789011002,
    612.6744789011002,
    612.6744789011002,
    612.6744789011002,
    612.6744789011002,
    612.6744789011002,
    612.6744789011002,
    612.6744789011002,
    612.6744789011002,
    612.6744789011002,
    612.6744789011002,
    612.6744789011002,
    612.6744789011002,
    612.6744789011002,
    612.6744789011002,
    612.6744789011002,
    612.6744789011002,
    612.6744789011002,
    612.6744789011002,
    612.6744789011002,
    612.6744789011002,
    612.6744789011002,
    612.6744789011002,
    612.6744789011002,
    612.6744789011002,
    612.6744789011002,
    612.6744789011002
  ],
  "best_solution": {
    "id": "ga_gen0_5571",
    "instance_id": "synthetic_40c_120q_random_s729403437",
    "algorithm": "drl_junior_ga",
    "routes": [
      {
        "vehicle_id": 0,
        "customer_sequence": [
          26,
          18,
          29,
          17,
          38,
          37,
          4
        ],
        "total_demand": 120,
        "total_distance": 116.86841825560191
      },
      {
        "vehicle_id": 1,
        "customer_sequence": [
          16,
          30,
          11,
          14,
          1,
          32
        ],
        "total_demand": 117,
        "total_distance": 126.36164496995863
      },
      {
        "vehicle_id": 2,
        "customer_sequence": [
          33,
          12,
          19,
          22,
          10,
          15,
          28
        ],
        "total_demand": 119,
        "total_distance": 208.21566294409553
      },
      {
        "vehicle_id": 3,
        "customer_sequence": [
          8,
          27,
          21,
          25,
          35,
          36,
          9
        ],
        "total_demand": 116,
        "total_distance": 155.74329429329276
      },
      {
        "vehicle_id": 4,
        "customer_sequence": [
          31,
          23,
          3,
          13,
          20,
          40,
          7
        ],
        "total_demand": 106,
        "total_distance": 249.59101728006138
      },
      {
        "vehicle_id": 5,
        "customer_sequence": [
          5,
          6,
          24,
          34,
          2,
          39
        ],
        "total_demand": 90,
        "total_distance": 227.84434830646433
      }
    ],
    "total_cost": 612.6744789011002,
    "computation_time": 0.0,
    "is_valid": true,
    "convergence_history": null
  }
}