{
  "instance_id": "synthetic_30c_90q_clustered4_s1059562644",
  "instance_name": "Synthetic Clustered",
  "instance_size": 30,
  "configuration": "drl_junior_ga",
  "agent_used": "junior",
  "replicate": 4,
  "seed": 732207009,
  "initial_cost": 371.81336572384737,
  "final_cost": 293.80038472929226,
  "improvement_gap": 20.981758104009845,
  "total_time": 22.12714719772339,
  "initialization_time": 21.257819890975952,
  "evolution_time": 0.8693273067474365,
  "generations_run": 100,
  "generations_to_convergence": 15,
  "convergence_history": [
    371.81336572384737,
    371.81336572384737,
    335.86298886198665,
    310.00003513077286,
    310.00003513077286,
    310.00003513077286,
    310.00003513077286,
    304.9265767026658,
    304.9265767026658,
    301.689409578783,
    301.689409578783,
    301.689409578783,
    296.7018098796419,
    296.7018098796419,
    296.7018098796419,
    293.80038472929226,
    293.80038472929226,
    293.80038472929226,
    293.80038472929226,
    293.80038472929226,
    293.80038472929226,
    293.80038472929226,
    293.80038472929226,
    293.80038472929226,
    293.80038472929226,
    293.80038472929226,
    293.80038472929226,
    293.80038472929226,
    293.80038472929226,
    293.80038472929226,
    293.80038472929226,
    293.80038472929226,
    293.80038472929226,
    293.80038472929226,
    293.80038472929226,
    293.80038472929226,
    293.80038472929226,
    293.80038472929226,
    293.80038472929226,
    293.80038472929226,
    293.80038472929226,
    293.80038472929226,
    293.80038472929226,
    293.80038472929226,
    293.80038472929226,
    293.80038472929226,
    293.80038472929226,
    293.80038472929226,
    293.80038472929226,
    293.80038472929226,
    293.80038472929226,
    293.80038472929226,
    293.80038472929226,
    293.80038472929226,
    293.80038472929226,
    293.80038472929226,
    293.80038472929226,
    293.80038472929226,
    293.80038472929226,
    293.80038472929226,
    293.80038472929226,
    293.80038472929226,
    293.80038472929226,
    293.80038472929226,
    293.80038472929226,
    293.80038472929226,
    293.80038472929226,
    293.80038472929226,
    293.80038472929226,
    293.80038472929226,
    293.80038472929226,
    293.80038472929226,
    293.80038472929226,
    293.80038472929226,
    293.80038472929226,
    293.80038472929226,
    293.80038472929226,
    293.80038472929226,
    293.80038472929226,
    293.80038472929226,
    293.80038472929226,
    293.80038472929226,
    293.80038472929226,
    293.80038472929226,
    293.80038472929226,
    293.80038472929226,
    293.80038472929226,
    293.80038472929226,
    293.80038472929226,
    293.80038472929226,
    293.80038472929226,
    293.80038472929226,
    293.80038472929226,
    293.80038472929226,
    293.80038472929226,
    293.80038472929226,
    293.80038472929226,
    293.80038472929226,
    293.80038472929226,
    293.80038472929226,
    293.80038472929226
  ],
  "best_solution": {
    "id": "ga_gen0_9567",
    "instance_id": "synthetic_30c_90q_clustered4_s1059562644",
    "algorithm": "drl_junior_ga",
    "routes": [
      {
        "vehicle_id": 0,
        "customer_sequence": [
          6,
          16,
          5,
          3,
          2
        ],
        "total_demand": 84,
        "total_distance": 67.46622985578533
      },
      {
        "vehicle_id": 1,
        "customer_sequence": [
          4,
          18,
          20,
          15,
          17
        ],
        "total_demand": 88,
        "total_distance": 90.52012620874316
      },
      {
        "vehicle_id": 2,
        "customer_sequence": [
          27,
          26,
          12
        ],
        "total_demand": 72,
        "total_distance": 84.79116476022284
      },
      {
        "vehicle_id": 3,
        "customer_sequence": [
          29,
          14,
          13,
          8
        ],
        "total_demand": 83,
        "total_distance": 121.64456924039143
      },
      {
        "vehicle_id": 4,
        "customer_sequence": [
          23,
          25,
          24,
          22,
          10
        ],
        "total_demand": 88,
        "total_distance": 106.87085834159225
      },
      {
        "vehicle_id": 5,
        "customer_sequence": [
          11,
          9,
          28,
          21,
          30,
          7,
          1
        ],
        "total_demand": 89,
        "total_distance": 171.8980283048607
      },
      {
        "vehicle_id": 6,
        "customer_sequence": [
          19
        ],
        "total_demand": 7,
        "total_distance": 78.48767311247049
      }
    ],
    "total_cost": 293.80038472929226,
    "computation_time": 0.0,
    "is_valid": true,
    "convergence_history": null
  }
}