{
  "instance_id": "synthetic_125c_437q_random_s730903354",
  "instance_name": "Synthetic Random",
  "instance_size": 125,
  "configuration": "drl_junior_ga",
  "agent_used": "junior",
  "replicate": 2,
  "seed": 237742510,
  "initial_cost": 2373.135199842174,
  "final_cost": 1812.432356457629,
  "improvement_gap": 23.627092271094995,
  "total_time": 287.9828326702118,
  "initialization_time": 271.1954925060272,
  "evolution_time": 16.78734016418457,
  "generations_run": 100,
  "generations_to_convergence": null,
  "convergence_history": [
    2373.135199842174,
    2373.135199842174,
    2373.135199842174,
    2373.135199842174,
    2277.60929049258,
    2277.60929049258,
    2267.846532254548,
    2240.5263946211594,
    2237.427180763764,
    2237.427180763764,
    2237.427180763764,
    2236.730480260638,
    2234.2266100438187,
    2226.0154128188274,
    2226.0154128188274,
    2226.0154128188274,
    2225.3187123157013,
    2221.7562078486026,
    2221.7562078486026,
    2221.059507345477,
    2217.3106825138116,
    2217.3106825138116,
    2211.684940632047,
    2194.6188572160327,
    2191.2258614400744,
    2191.2258614400744,
    2122.2253071549108,
    2122.2253071549108,
    2117.7516096820673,
    2117.0549091789417,
    2117.0549091789417,
    2113.6033676887137,
    2112.5226659918285,
    2101.0592676025967,
    2101.0592676025967,
    2095.830323912358,
    2095.830323912358,
    2095.830323912358,
    2095.830323912358,
    2047.9397745526353,
    2047.9397745526353,
    2047.9397745526353,
    2035.8272800819768,
    2028.1251303842878,
    2028.1251303842878,
    2009.7103920157701,
    2005.7881156094386,
    1985.8121087636923,
    1985.8121087636923,
    1985.7420914461159,
    1980.4616277769596,
    1980.4616277769596,
    1969.4007423537846,
    1969.4007423537846,
    1964.8681723625173,
    1964.5570602469097,
    1946.2089961400043,
    1946.2089961400043,
    1946.2089961400043,
    1946.2089961400043,
    1932.617542462558,
    1932.617542462558,
    1932.617542462558,
    1932.617542462558,
    1930.639937339091,
    1930.639937339091,
    1919.658456192652,
    1917.6808510691849,
    1917.6808510691849,
    1917.6808510691849,
    1917.6808510691849,
    1917.6808510691849,
    1917.6808510691849,
    1914.8382212598622,
    1914.8382212598622,
    1914.8382212598622,
    1913.570539759321,
    1913.570539759321,
    1913.570539759321,
    1913.570539759321,
    1913.2835226803359,
    1913.2835226803359,
    1913.2835226803359,
    1913.2835226803359,
    1913.2835226803359,
    1913.2835226803359,
    1913.2835226803359,
    1912.3494622878366,
    1912.3494622878366,
    1912.3494622878366,
    1908.2774669901676,
    1908.2774669901676,
    1907.343406597668,
    1903.9332895461987,
    1903.9332895461987,
    1848.1094677249434,
    1848.1094677249434,
    1832.9743255701246,
    1823.8582034851365,
    1823.8582034851365,
    1812.432356457629
  ],
  "best_solution": {
    "id": "ga_gen0_9585",
    "instance_id": "synthetic_125c_437q_random_s730903354",
    "algorithm": "drl_junior_ga",
    "routes": [
      {
        "vehicle_id": 0,
        "customer_sequence": [
          119,
          5,
          44,
          20,
          12,
          13,
          53,
          6,
          84,
          122,
          123,
          63,
          27,
          90,
          98,
          69,
          30,
          1,
          82,
          89,
          50,
          109,
          40,
          32
        ],
        "total_demand": 436,
        "total_distance": 247.24585938856882
      },
      {
        "vehicle_id": 1,
        "customer_sequence": [
          66,
          14,
          74,
          108,
          35,
          17,
          46,
          36,
          76,
          92,
          29,
          34,
          94,
          11,
          33,
          110,
          67,
          31,
          24,
          23,
          52,
          37,
          102,
          112,
          56
        ],
        "total_demand": 433,
        "total_distance": 454.48486699484454
      },
      {
        "vehicle_id": 2,
        "customer_sequence": [
          78,
          111,
          73,
          83,
          125,
          18,
          41,
          38,
          91,
          79,
          75,
          99,
          80,
          19,
          60,
          95,
          4,
          88,
          59,
          55,
          42,
          62,
          51,
          68,
          93,
          2,
          97,
          116
        ],
        "total_demand": 434,
        "total_distance": 423.80830421925754
      },
      {
        "vehicle_id": 3,
        "customer_sequence": [
          86,
          115,
          61,
          58,
          101,
          43,
          71,
          10,
          9,
          64,
          107,
          105,
          87,
          39,
          100,
          77,
          25,
          114,
          16,
          70,
          28,
          57,
          21,
          104,
          81
        ],
        "total_demand": 432,
        "total_distance": 516.3489910045739
      },
      {
        "vehicle_id": 4,
        "customer_sequence": [
          124,
          117,
          48,
          15,
          45,
          3,
          72,
          103,
          118,
          120,
          65,
          96,
          7,
          54,
          47,
          26,
          22,
          113,
          49,
          121,
          85,
          106,
          8
        ],
        "total_demand": 341,
        "total_distance": 508.3786197591662
      }
    ],
    "total_cost": 1812.432356457629,
    "computation_time": 0.0,
    "is_valid": true,
    "convergence_history": null
  }
}