{
  "instance_id": "synthetic_50c_150q_clustered4_s1159325734",
  "instance_name": "Synthetic Clustered",
  "instance_size": 50,
  "configuration": "drl_junior_ga",
  "agent_used": "junior",
  "replicate": 3,
  "seed": 145628773,
  "initial_cost": 715.3156222042592,
  "final_cost": 484.13459042916105,
  "improvement_gap": 32.318744984585855,
  "total_time": 52.15581727027893,
  "initialization_time": 49.26214957237244,
  "evolution_time": 2.893667697906494,
  "generations_run": 100,
  "generations_to_convergence": 59,
  "convergence_history": [
    715.3156222042592,
    619.0261044901637,
    619.0261044901637,
    619.0261044901637,
    619.0261044901637,
    619.0261044901637,
    618.0937648984626,
    559.3732095278194,
    559.3732095278194,
    558.4408699361184,
    554.9662758785212,
    549.548056831531,
    549.548056831531,
    543.3410972137895,
    537.9521773668693,
    531.7452177491277,
    531.5975578357688,
    531.5975578357688,
    531.5975578357688,
    531.5975578357688,
    531.4291178164116,
    516.5350031392098,
    516.5350031392098,
    516.5350031392098,
    516.5350031392098,
    516.5350031392098,
    516.5350031392098,
    510.5034819425168,
    510.5034819425168,
    510.5034819425168,
    510.5034819425168,
    509.57114235081565,
    509.57114235081565,
    507.84896221173665,
    507.84896221173665,
    507.84896221173665,
    507.84896221173665,
    504.30311141283426,
    504.30311141283426,
    503.5342763222037,
    502.5482184545039,
    502.5482184545039,
    502.5482184545039,
    502.3275997154733,
    500.57270675714295,
    500.57270675714295,
    500.57270675714295,
    500.57270675714295,
    500.57270675714295,
    500.57270675714295,
    500.57270675714295,
    500.57270675714295,
    500.57270675714295,
    500.57270675714295,
    499.8658970554431,
    499.8658970554431,
    499.8658970554431,
    499.8658970554431,
    499.1667620855532,
    488.53880625868595,
    488.53880625868595,
    488.53880625868595,
    488.53880625868595,
    488.53880625868595,
    488.53880625868595,
    488.53880625868595,
    488.53880625868595,
    488.53880625868595,
    488.53880625868595,
    488.53880625868595,
    488.53880625868595,
    488.53880625868595,
    488.53880625868595,
    488.53880625868595,
    488.53880625868595,
    488.53880625868595,
    488.53880625868595,
    488.53880625868595,
    488.53880625868595,
    488.53880625868595,
    488.53880625868595,
    488.53880625868595,
    488.53880625868595,
    488.53880625868595,
    484.13459042916105,
    484.13459042916105,
    484.13459042916105,
    484.13459042916105,
    484.13459042916105,
    484.13459042916105,
    484.13459042916105,
    484.13459042916105,
    484.13459042916105,
    484.13459042916105,
    484.13459042916105,
    484.13459042916105,
    484.13459042916105,
    484.13459042916105,
    484.13459042916105,
    484.13459042916105,
    484.13459042916105
  ],
  "best_solution": {
    "id": "ga_gen0_1463",
    "instance_id": "synthetic_50c_150q_clustered4_s1159325734",
    "algorithm": "drl_junior_ga",
    "routes": [
      {
        "vehicle_id": 0,
        "customer_sequence": [
          10,
          7,
          8,
          4,
          6,
          12,
          40
        ],
        "total_demand": 148,
        "total_distance": 103.97296858743097
      },
      {
        "vehicle_id": 1,
        "customer_sequence": [
          11,
          39,
          41,
          47,
          45,
          46,
          48
        ],
        "total_demand": 141,
        "total_distance": 95.95424602897732
      },
      {
        "vehicle_id": 2,
        "customer_sequence": [
          14,
          36,
          33,
          31,
          34,
          3
        ],
        "total_demand": 146,
        "total_distance": 129.10738576391458
      },
      {
        "vehicle_id": 3,
        "customer_sequence": [
          2,
          9,
          1,
          5,
          42,
          38,
          43,
          37,
          44,
          26,
          27,
          35
        ],
        "total_demand": 148,
        "total_distance": 204.27484359911043
      },
      {
        "vehicle_id": 4,
        "customer_sequence": [
          24,
          30,
          15,
          20,
          28,
          32,
          50
        ],
        "total_demand": 142,
        "total_distance": 154.90444739507086
      },
      {
        "vehicle_id": 5,
        "customer_sequence": [
          29,
          25,
          13,
          23,
          21,
          22,
          18,
          19,
          17,
          16
        ],
        "total_demand": 148,
        "total_distance": 173.4888525376753
      },
      {
        "vehicle_id": 6,
        "customer_sequence": [
          49
        ],
        "total_demand": 7,
        "total_distance": 60.22629690655091
      }
    ],
    "total_cost": 484.13459042916105,
    "computation_time": 0.0,
    "is_valid": true,
    "convergence_history": null
  }
}