{
  "instance_id": "synthetic_40c_120q_clustered4_s367137374",
  "instance_name": "Synthetic Clustered",
  "instance_size": 40,
  "configuration": "drl_junior_ga",
  "agent_used": "junior",
  "replicate": 4,
  "seed": 340487823,
  "initial_cost": 514.156388120663,
  "final_cost": 455.93671795806716,
  "improvement_gap": 11.32333887271138,
  "total_time": 36.78699350357056,
  "initialization_time": 34.993064403533936,
  "evolution_time": 1.793929100036621,
  "generations_run": 100,
  "generations_to_convergence": 48,
  "convergence_history": [
    514.156388120663,
    514.156388120663,
    514.156388120663,
    514.156388120663,
    514.156388120663,
    514.156388120663,
    514.156388120663,
    510.9551906668368,
    510.9551906668368,
    510.9551906668368,
    510.9551906668368,
    497.8498321338217,
    494.64863467999544,
    493.5254844915397,
    493.5254844915397,
    493.5254844915397,
    493.5254844915397,
    485.536614664706,
    485.536614664706,
    485.536614664706,
    482.530139077148,
    482.530139077148,
    482.530139077148,
    482.530139077148,
    480.50447863692136,
    479.22317666702895,
    479.22317666702895,
    479.22317666702895,
    479.22317666702895,
    479.22317666702895,
    479.22317666702895,
    479.22317666702895,
    479.22317666702895,
    479.22317666702895,
    479.22317666702895,
    479.22317666702895,
    479.22317666702895,
    479.22317666702895,
    479.22317666702895,
    478.74263543891095,
    478.74263543891095,
    478.74263543891095,
    478.74263543891095,
    471.84334961355125,
    471.84334961355125,
    471.84334961355125,
    471.84334961355125,
    471.84334961355125,
    468.7391016111752,
    468.7391016111752,
    468.7391016111752,
    468.7391016111752,
    468.7391016111752,
    468.7391016111752,
    468.7391016111752,
    468.7391016111752,
    468.7391016111752,
    468.7391016111752,
    468.7391016111752,
    468.7391016111752,
    468.7391016111752,
    468.7391016111752,
    468.7391016111752,
    468.7391016111752,
    468.7391016111752,
    468.7391016111752,
    468.7391016111752,
    468.7391016111752,
    460.6933563510565,
    460.6933563510565,
    460.6933563510565,
    460.6933563510565,
    460.6933563510565,
    460.6933563510565,
    460.6933563510565,
    460.6933563510565,
    460.6933563510565,
    460.6933563510565,
    460.6933563510565,
    460.6933563510565,
    460.6933563510565,
    460.6933563510565,
    460.6933563510565,
    460.6933563510565,
    460.6933563510565,
    460.6933563510565,
    460.6933563510565,
    460.6933563510565,
    460.6933563510565,
    460.6933563510565,
    455.93671795806716,
    455.93671795806716,
    455.93671795806716,
    455.93671795806716,
    455.93671795806716,
    455.93671795806716,
    455.93671795806716,
    455.93671795806716,
    455.93671795806716,
    455.93671795806716,
    455.93671795806716
  ],
  "best_solution": {
    "id": "ga_gen0_1285",
    "instance_id": "synthetic_40c_120q_clustered4_s367137374",
    "algorithm": "drl_junior_ga",
    "routes": [
      {
        "vehicle_id": 0,
        "customer_sequence": [
          14,
          1,
          6,
          7,
          2,
          4
        ],
        "total_demand": 119,
        "total_distance": 165.50467915845394
      },
      {
        "vehicle_id": 1,
        "customer_sequence": [
          30,
          33,
          39,
          13,
          35,
          38
        ],
        "total_demand": 116,
        "total_distance": 93.9574662249729
      },
      {
        "vehicle_id": 2,
        "customer_sequence": [
          10,
          9,
          29,
          22,
          5,
          27
        ],
        "total_demand": 118,
        "total_distance": 106.85809011167197
      },
      {
        "vehicle_id": 3,
        "customer_sequence": [
          36,
          17,
          31,
          32,
          20,
          40,
          21,
          28
        ],
        "total_demand": 120,
        "total_distance": 141.2794067093688
      },
      {
        "vehicle_id": 4,
        "customer_sequence": [
          16,
          34,
          15,
          37,
          11,
          18,
          8,
          3
        ],
        "total_demand": 119,
        "total_distance": 133.8505167064965
      },
      {
        "vehicle_id": 5,
        "customer_sequence": [
          19,
          12,
          26,
          25,
          23,
          24
        ],
        "total_demand": 63,
        "total_distance": 146.6325775240125
      }
    ],
    "total_cost": 455.93671795806716,
    "computation_time": 0.0,
    "is_valid": true,
    "convergence_history": null
  }
}