{
  "instance_id": "synthetic_75c_281q_clustered5_s259384487",
  "instance_name": "Synthetic Clustered",
  "instance_size": 75,
  "configuration": "drl_junior_ga",
  "agent_used": "junior",
  "replicate": 5,
  "seed": 1784608642,
  "initial_cost": 847.1637410322367,
  "final_cost": 678.4220441216424,
  "improvement_gap": 19.918427658977578,
  "total_time": 108.95003652572632,
  "initialization_time": 104.35337138175964,
  "evolution_time": 4.596665143966675,
  "generations_run": 100,
  "generations_to_convergence": null,
  "convergence_history": [
    847.1637410322367,
    847.1637410322367,
    847.1637410322367,
    847.1637410322367,
    840.3977257867247,
    840.3977257867247,
    840.3977257867247,
    840.2967168142281,
    838.4766373586273,
    838.4766373586273,
    836.0391810547009,
    835.1266356617771,
    829.016700084409,
    829.016700084409,
    819.5156235405539,
    819.5156235405539,
    819.5156235405539,
    819.5156235405539,
    809.573666893964,
    809.573666893964,
    804.6407072932773,
    799.5758516244941,
    799.5758516244941,
    799.5758516244941,
    799.4589041571373,
    793.8435625150742,
    793.7266150477171,
    792.8488013832502,
    783.6512297978452,
    783.6512297978452,
    777.9189406884252,
    777.9189406884252,
    763.4045934434962,
    760.169298107623,
    760.169298107623,
    760.169298107623,
    755.8821531467081,
    740.4170626203193,
    740.4170626203193,
    740.4170626203193,
    731.9484130472894,
    731.9484130472894,
    731.9484130472894,
    731.9484130472894,
    731.9484130472894,
    730.4828535641527,
    706.5282145079383,
    706.5282145079383,
    706.5282145079383,
    706.5282145079383,
    706.5282145079383,
    705.5510191912019,
    705.5510191912019,
    705.5510191912019,
    705.5510191912019,
    705.5510191912019,
    703.8995396430254,
    698.5948912171253,
    698.5948912171253,
    698.5948912171253,
    696.9434116689488,
    696.9434116689488,
    695.413825889267,
    693.4241710188104,
    691.7726914706338,
    690.6290481484833,
    690.6290481484833,
    690.6290481484833,
    690.620296340797,
    689.5353062695681,
    689.5353062695681,
    689.5353062695681,
    688.9471715211988,
    688.9471715211988,
    688.9471715211988,
    688.9471715211988,
    687.4816120380622,
    687.4816120380622,
    683.313812851115,
    683.313812851115,
    681.8482533679784,
    680.858214365227,
    680.858214365227,
    680.858214365227,
    679.6715005909738,
    679.6715005909738,
    678.6814615882225,
    678.6814615882225,
    678.6814615882225,
    678.6727097805363,
    678.6727097805363,
    678.6727097805363,
    678.6727097805363,
    678.6727097805363,
    678.6727097805363,
    678.6727097805363,
    678.6727097805363,
    678.4220441216424,
    678.4220441216424,
    678.4220441216424,
    678.4220441216424
  ],
  "best_solution": {
    "id": "ga_gen0_2831",
    "instance_id": "synthetic_75c_281q_clustered5_s259384487",
    "algorithm": "drl_junior_ga",
    "routes": [
      {
        "vehicle_id": 0,
        "customer_sequence": [
          21,
          29,
          68,
          5,
          24,
          69,
          71,
          72,
          13,
          15,
          22,
          11
        ],
        "total_demand": 274,
        "total_distance": 159.22506371509758
      },
      {
        "vehicle_id": 1,
        "customer_sequence": [
          64,
          75,
          20,
          16,
          18,
          42,
          48,
          51,
          54,
          57,
          44
        ],
        "total_demand": 274,
        "total_distance": 146.63607462464603
      },
      {
        "vehicle_id": 2,
        "customer_sequence": [
          28,
          62,
          73,
          33,
          35,
          43,
          41,
          27,
          6,
          4,
          19,
          8,
          2,
          9
        ],
        "total_demand": 281,
        "total_distance": 162.85611774904126
      },
      {
        "vehicle_id": 3,
        "customer_sequence": [
          74,
          66,
          67,
          61,
          23,
          52,
          40,
          55,
          50,
          49,
          36,
          58,
          53,
          38,
          31,
          60,
          45,
          37
        ],
        "total_demand": 279,
        "total_distance": 199.9804575880891
      },
      {
        "vehicle_id": 4,
        "customer_sequence": [
          63,
          3,
          70,
          26,
          1,
          25,
          12,
          10,
          14,
          30,
          65,
          17,
          7,
          34,
          46,
          56,
          32,
          39,
          59,
          47
        ],
        "total_demand": 201,
        "total_distance": 256.49039425772617
      }
    ],
    "total_cost": 678.4220441216424,
    "computation_time": 0.0,
    "is_valid": true,
    "convergence_history": null
  }
}