{
  "instance_id": "synthetic_140c_490q_random_s189978609",
  "instance_name": "Synthetic Random",
  "instance_size": 140,
  "configuration": "drl_junior_ga",
  "agent_used": "junior",
  "replicate": 2,
  "seed": 217271234,
  "initial_cost": 2674.570229249136,
  "final_cost": 1931.647138838643,
  "improvement_gap": 27.777288563443804,
  "total_time": 356.31688499450684,
  "initialization_time": 335.23770022392273,
  "evolution_time": 21.079184770584106,
  "generations_run": 100,
  "generations_to_convergence": null,
  "convergence_history": [
    2674.570229249136,
    2674.570229249136,
    2674.570229249136,
    2630.8693871907526,
    2535.06952774258,
    2535.06952774258,
    2535.06952774258,
    2487.639279544167,
    2487.639279544167,
    2487.639279544167,
    2487.639279544167,
    2416.4097624235496,
    2230.60355212526,
    2230.60355212526,
    2230.60355212526,
    2229.8547781485013,
    2229.8547781485013,
    2229.8547781485013,
    2229.8547781485013,
    2229.8547781485013,
    2227.9400984118747,
    2224.801329536326,
    2206.760941912515,
    2206.760941912515,
    2195.449032208215,
    2193.5343524715886,
    2193.5343524715886,
    2189.619213374529,
    2174.7834111054494,
    2174.7834111054494,
    2174.7834111054494,
    2174.7834111054494,
    2174.7834111054494,
    2172.4148355248967,
    2172.4148355248967,
    2156.617432184794,
    2156.617432184794,
    2156.617432184794,
    2154.2488566042407,
    2154.2488566042407,
    2154.2488566042407,
    2154.2488566042407,
    2154.2488566042407,
    2154.2488566042407,
    2154.2488566042407,
    2154.2488566042407,
    2154.2488566042407,
    2154.2488566042407,
    2154.2488566042407,
    2119.9753300903335,
    2119.9753300903335,
    2104.252921505763,
    2104.252921505763,
    2104.252921505763,
    2091.0787683727895,
    2091.0787683727895,
    2091.0787683727895,
    2090.902477692981,
    2090.902477692981,
    2083.098262410346,
    2083.098262410346,
    2083.098262410346,
    2083.098262410346,
    2077.9018197743576,
    2077.9018197743576,
    2077.9018197743576,
    2077.9018197743576,
    2058.336629284973,
    2058.336629284973,
    2016.5265055590528,
    2016.5265055590528,
    2011.083236036486,
    2011.083236036486,
    2011.083236036486,
    2011.083236036486,
    2011.083236036486,
    2011.083236036486,
    2011.083236036486,
    2011.083236036486,
    2011.083236036486,
    1983.5258675300977,
    1983.5258675300977,
    1972.4778362483846,
    1972.4778362483846,
    1972.4778362483846,
    1965.935740226374,
    1965.935740226374,
    1965.935740226374,
    1965.935740226374,
    1965.935740226374,
    1965.935740226374,
    1961.4936951392751,
    1961.4936951392751,
    1961.4936951392751,
    1960.8974777886392,
    1960.0246259491464,
    1960.0246259491464,
    1933.1162080287718,
    1933.1162080287718,
    1931.647138838643,
    1931.647138838643
  ],
  "best_solution": {
    "id": "ga_gen0_4733",
    "instance_id": "synthetic_140c_490q_random_s189978609",
    "algorithm": "drl_junior_ga",
    "routes": [
      {
        "vehicle_id": 0,
        "customer_sequence": [
          55,
          1,
          43,
          80,
          136,
          66,
          94,
          54,
          127,
          130,
          9,
          11,
          129,
          23,
          69,
          68,
          26,
          85,
          22,
          60,
          41,
          59,
          135,
          34,
          36,
          48,
          37
        ],
        "total_demand": 482,
        "total_distance": 366.81179614904113
      },
      {
        "vehicle_id": 1,
        "customer_sequence": [
          47,
          33,
          105,
          49,
          97,
          57,
          51,
          96,
          18,
          14,
          53,
          45,
          117,
          8,
          62,
          87,
          19,
          104,
          83,
          30,
          84,
          12,
          134,
          86,
          15,
          119
        ],
        "total_demand": 476,
        "total_distance": 390.0506300594905
      },
      {
        "vehicle_id": 2,
        "customer_sequence": [
          114,
          76,
          77,
          140,
          6,
          132,
          29,
          61,
          64,
          31,
          109,
          42,
          2,
          138,
          101,
          121,
          131,
          100,
          39,
          38,
          107,
          52,
          116,
          78,
          5,
          123
        ],
        "total_demand": 486,
        "total_distance": 400.8733715611981
      },
      {
        "vehicle_id": 3,
        "customer_sequence": [
          102,
          71,
          90,
          3,
          7,
          74,
          50,
          139,
          13,
          91,
          125,
          88,
          46,
          81,
          98,
          70,
          17,
          126,
          120,
          32,
          44,
          67,
          89,
          115,
          112,
          35,
          137
        ],
        "total_demand": 482,
        "total_distance": 338.27174757473466
      },
      {
        "vehicle_id": 4,
        "customer_sequence": [
          106,
          21,
          72,
          20,
          93,
          56,
          63,
          92,
          128,
          73,
          75,
          118,
          103,
          28,
          25,
          113,
          40,
          108,
          58,
          95,
          16,
          122,
          24,
          10,
          82,
          65,
          111
        ],
        "total_demand": 471,
        "total_distance": 557.7629268304615
      },
      {
        "vehicle_id": 5,
        "customer_sequence": [
          99,
          110,
          124,
          4,
          79,
          133,
          27
        ],
        "total_demand": 89,
        "total_distance": 230.14602086239617
      }
    ],
    "total_cost": 1931.647138838643,
    "computation_time": 0.0,
    "is_valid": true,
    "convergence_history": null
  }
}