{
  "instance_id": "synthetic_30c_90q_random_s1848810400",
  "instance_name": "Synthetic Random",
  "instance_size": 30,
  "configuration": "drl_junior_ga",
  "agent_used": "junior",
  "replicate": 1,
  "seed": 1842207618,
  "initial_cost": 548.3490706631745,
  "final_cost": 495.47560409958663,
  "improvement_gap": 9.642300751899263,
  "total_time": 22.152138710021973,
  "initialization_time": 21.318101167678833,
  "evolution_time": 0.8340375423431396,
  "generations_run": 100,
  "generations_to_convergence": 25,
  "convergence_history": [
    548.3490706631745,
    548.3490706631745,
    548.3490706631745,
    548.3490706631745,
    523.3903432455261,
    523.3903432455261,
    522.7557269205869,
    522.7557269205869,
    521.3211775975853,
    521.3211775975853,
    521.3211775975853,
    518.49308220832,
    518.49308220832,
    518.49308220832,
    517.6160638163561,
    517.6160638163561,
    517.6160638163561,
    504.91160754861846,
    504.91160754861846,
    504.91160754861846,
    504.91160754861846,
    504.91160754861846,
    504.91160754861846,
    504.91160754861846,
    504.91160754861846,
    495.47560409958663,
    495.47560409958663,
    495.47560409958663,
    495.47560409958663,
    495.47560409958663,
    495.47560409958663,
    495.47560409958663,
    495.47560409958663,
    495.47560409958663,
    495.47560409958663,
    495.47560409958663,
    495.47560409958663,
    495.47560409958663,
    495.47560409958663,
    495.47560409958663,
    495.47560409958663,
    495.47560409958663,
    495.47560409958663,
    495.47560409958663,
    495.47560409958663,
    495.47560409958663,
    495.47560409958663,
    495.47560409958663,
    495.47560409958663,
    495.47560409958663,
    495.47560409958663,
    495.47560409958663,
    495.47560409958663,
    495.47560409958663,
    495.47560409958663,
    495.47560409958663,
    495.47560409958663,
    495.47560409958663,
    495.47560409958663,
    495.47560409958663,
    495.47560409958663,
    495.47560409958663,
    495.47560409958663,
    495.47560409958663,
    495.47560409958663,
    495.47560409958663,
    495.47560409958663,
    495.47560409958663,
    495.47560409958663,
    495.47560409958663,
    495.47560409958663,
    495.47560409958663,
    495.47560409958663,
    495.47560409958663,
    495.47560409958663,
    495.47560409958663,
    495.47560409958663,
    495.47560409958663,
    495.47560409958663,
    495.47560409958663,
    495.47560409958663,
    495.47560409958663,
    495.47560409958663,
    495.47560409958663,
    495.47560409958663,
    495.47560409958663,
    495.47560409958663,
    495.47560409958663,
    495.47560409958663,
    495.47560409958663,
    495.47560409958663,
    495.47560409958663,
    495.47560409958663,
    495.47560409958663,
    495.47560409958663,
    495.47560409958663,
    495.47560409958663,
    495.47560409958663,
    495.47560409958663,
    495.47560409958663,
    495.47560409958663
  ],
  "best_solution": {
    "id": "ga_gen0_8870",
    "instance_id": "synthetic_30c_90q_random_s1848810400",
    "algorithm": "drl_junior_ga",
    "routes": [
      {
        "vehicle_id": 0,
        "customer_sequence": [
          24,
          17,
          8,
          4
        ],
        "total_demand": 89,
        "total_distance": 132.75406436221675
      },
      {
        "vehicle_id": 1,
        "customer_sequence": [
          16,
          30,
          27,
          23,
          29
        ],
        "total_demand": 90,
        "total_distance": 111.72075180891814
      },
      {
        "vehicle_id": 2,
        "customer_sequence": [
          12,
          10,
          11,
          1,
          9,
          18
        ],
        "total_demand": 89,
        "total_distance": 220.57830772637482
      },
      {
        "vehicle_id": 3,
        "customer_sequence": [
          21,
          22,
          25,
          5,
          2
        ],
        "total_demand": 88,
        "total_distance": 118.16242081556604
      },
      {
        "vehicle_id": 4,
        "customer_sequence": [
          14,
          28,
          15,
          7,
          19,
          3
        ],
        "total_demand": 89,
        "total_distance": 181.28010741447486
      },
      {
        "vehicle_id": 5,
        "customer_sequence": [
          6,
          13,
          26,
          20
        ],
        "total_demand": 42,
        "total_distance": 208.6146248050693
      }
    ],
    "total_cost": 495.47560409958663,
    "computation_time": 0.0,
    "is_valid": true,
    "convergence_history": null
  }
}