{
  "instance_id": "synthetic_150c_525q_clustered6_s1746322943",
  "instance_name": "Synthetic Clustered",
  "instance_size": 150,
  "configuration": "drl_junior_ga",
  "agent_used": "junior",
  "replicate": 2,
  "seed": 418308292,
  "initial_cost": 1864.1052768802338,
  "final_cost": 1512.007101821125,
  "improvement_gap": 18.888320280299848,
  "total_time": 400.22426867485046,
  "initialization_time": 377.04563188552856,
  "evolution_time": 23.1786367893219,
  "generations_run": 100,
  "generations_to_convergence": null,
  "convergence_history": [
    1864.1052768802338,
    1864.1052768802338,
    1864.1052768802338,
    1864.1052768802338,
    1864.1052768802338,
    1864.1052768802338,
    1864.1052768802338,
    1836.4086439297316,
    1836.4086439297316,
    1836.4086439297316,
    1827.329959915266,
    1827.329959915266,
    1810.535156512916,
    1810.535156512916,
    1810.535156512916,
    1801.4564724984505,
    1801.4564724984505,
    1750.2661111731175,
    1750.2661111731175,
    1750.2661111731175,
    1750.2661111731175,
    1750.2661111731175,
    1749.2624144284785,
    1716.8652215383868,
    1715.9664612618426,
    1710.1588739213796,
    1709.9575710754839,
    1709.9575710754839,
    1699.752432242415,
    1699.752432242415,
    1699.752432242415,
    1693.944844901952,
    1693.944844901952,
    1683.8291675454288,
    1683.8291675454288,
    1678.0215802049659,
    1678.0215802049659,
    1666.7744018450867,
    1665.1005706304288,
    1645.4082411246618,
    1645.4082411246618,
    1645.4082411246618,
    1641.3525195267728,
    1641.3525195267728,
    1639.1737217393775,
    1639.1737217393775,
    1639.1737217393775,
    1639.1737217393775,
    1635.1748428262804,
    1635.1748428262804,
    1635.1748428262804,
    1635.1748428262804,
    1635.1748428262804,
    1635.1748428262804,
    1624.2368370475451,
    1624.2368370475451,
    1624.2368370475451,
    1623.6077145737574,
    1623.6077145737574,
    1576.323755737981,
    1576.323755737981,
    1576.323755737981,
    1576.323755737981,
    1576.323755737981,
    1576.323755737981,
    1576.323755737981,
    1573.4827532767197,
    1547.1145781746538,
    1547.1145781746538,
    1544.2735757133926,
    1544.2735757133926,
    1544.2735757133926,
    1544.2735757133926,
    1540.3134775333367,
    1540.3134775333367,
    1540.3134775333367,
    1540.3134775333367,
    1538.5327676084078,
    1538.5327676084078,
    1538.5327676084078,
    1538.5327676084078,
    1538.0397933609347,
    1538.0397933609347,
    1538.0397933609347,
    1538.0397933609347,
    1536.7532871018864,
    1522.5705963714931,
    1522.5705963714931,
    1522.5705963714931,
    1522.5705963714931,
    1522.5705963714931,
    1522.5705963714931,
    1522.5705963714931,
    1522.5705963714931,
    1518.275739969344,
    1518.121429838447,
    1518.121429838447,
    1518.121429838447,
    1518.121429838447,
    1518.121429838447,
    1512.007101821125
  ],
  "best_solution": {
    "id": "ga_gen0_3023",
    "instance_id": "synthetic_150c_525q_clustered6_s1746322943",
    "algorithm": "drl_junior_ga",
    "routes": [
      {
        "vehicle_id": 0,
        "customer_sequence": [
          29,
          93,
          85,
          76,
          115,
          116,
          121,
          83,
          105,
          84,
          36,
          91,
          78,
          108,
          79,
          103,
          77,
          87,
          47,
          44,
          48,
          26,
          49,
          32,
          39,
          10,
          57,
          66,
          132,
          63,
          148
        ],
        "total_demand": 525,
        "total_distance": 423.13272922763866
      },
      {
        "vehicle_id": 1,
        "customer_sequence": [
          94,
          28,
          41,
          30,
          102,
          46,
          35,
          40,
          27,
          99,
          31,
          124,
          50,
          33,
          37,
          45,
          34,
          88,
          125,
          86,
          107,
          96,
          110,
          106,
          38,
          98,
          143
        ],
        "total_demand": 521,
        "total_distance": 356.95293119804995
      },
      {
        "vehicle_id": 2,
        "customer_sequence": [
          89,
          90,
          42,
          53,
          117,
          109,
          119,
          136,
          150,
          147,
          138,
          128,
          9,
          15,
          25,
          149,
          145,
          137,
          72,
          61,
          62,
          64,
          130,
          135,
          5,
          21,
          127,
          146
        ],
        "total_demand": 521,
        "total_distance": 366.1249199072153
      },
      {
        "vehicle_id": 3,
        "customer_sequence": [
          126,
          133,
          142,
          52,
          129,
          1,
          4,
          14,
          22,
          54,
          56,
          74,
          23,
          6,
          3,
          2,
          24,
          18,
          11,
          13,
          17,
          7,
          55,
          71,
          134,
          58,
          139,
          60,
          73,
          75,
          68,
          140,
          67,
          113
        ],
        "total_demand": 523,
        "total_distance": 382.4334523372203
      },
      {
        "vehicle_id": 4,
        "customer_sequence": [
          65,
          59,
          20,
          8,
          144,
          19,
          51,
          131,
          141,
          70,
          69,
          16,
          100,
          118,
          97,
          123,
          101,
          114,
          92,
          111,
          104,
          112,
          122,
          120,
          95,
          80,
          43,
          81,
          82,
          12
        ],
        "total_demand": 393,
        "total_distance": 357.7240154046793
      }
    ],
    "total_cost": 1512.007101821125,
    "computation_time": 0.0,
    "is_valid": true,
    "convergence_history": null
  }
}