{
  "instance_id": "synthetic_75c_281q_random_s455467924",
  "instance_name": "Synthetic Random",
  "instance_size": 75,
  "configuration": "drl_junior_ga",
  "agent_used": "junior",
  "replicate": 1,
  "seed": 1403327799,
  "initial_cost": 1401.6262315494398,
  "final_cost": 1149.6555424498956,
  "improvement_gap": 17.977024361266487,
  "total_time": 112.33367204666138,
  "initialization_time": 105.94013595581055,
  "evolution_time": 6.39353609085083,
  "generations_run": 100,
  "generations_to_convergence": 44,
  "convergence_history": [
    1401.6262315494398,
    1401.6262315494398,
    1401.6262315494398,
    1400.6191193716074,
    1400.6191193716074,
    1391.1951954359008,
    1390.3259305991974,
    1389.528547989922,
    1389.318818421365,
    1377.1231491393023,
    1376.9048979671275,
    1364.063797851318,
    1364.063797851318,
    1364.063797851318,
    1355.559586248185,
    1355.559586248185,
    1342.5002349602007,
    1342.5002349602007,
    1340.5628363764624,
    1328.6194607817415,
    1324.5946058954476,
    1317.499055590167,
    1317.499055590167,
    1317.499055590167,
    1317.499055590167,
    1317.499055590167,
    1317.4678327997585,
    1309.978393530498,
    1309.978393530498,
    1309.9471707400894,
    1305.6427549348516,
    1305.6427549348516,
    1305.6427549348516,
    1305.6427549348516,
    1304.2945532219096,
    1304.2945532219096,
    1304.2945532219096,
    1304.2945532219096,
    1304.2945532219096,
    1304.2945532219096,
    1304.2945532219096,
    1304.2945532219096,
    1286.7019080081775,
    1286.7019080081775,
    1266.0057381577635,
    1266.0057381577635,
    1266.0057381577635,
    1266.0057381577635,
    1266.0057381577635,
    1266.0057381577635,
    1266.0057381577635,
    1266.0057381577635,
    1266.0057381577635,
    1266.0057381577635,
    1266.0057381577635,
    1266.0057381577635,
    1266.0057381577635,
    1266.0057381577635,
    1266.0057381577635,
    1266.0057381577635,
    1266.0057381577635,
    1266.0057381577635,
    1266.0057381577635,
    1266.0057381577635,
    1266.0057381577635,
    1266.0057381577635,
    1257.0229004065147,
    1257.0229004065147,
    1257.0229004065147,
    1257.0229004065147,
    1257.0229004065147,
    1255.4986602086312,
    1255.4986602086312,
    1255.4986602086312,
    1255.3230417489474,
    1255.3230417489474,
    1245.1444032114903,
    1245.1444032114903,
    1244.9465565580306,
    1244.9465565580306,
    1208.9746614156752,
    1208.9746614156752,
    1208.9746614156752,
    1208.9746614156752,
    1208.9746614156752,
    1208.9746614156752,
    1206.4956101534074,
    1206.4956101534074,
    1188.4556317750794,
    1188.4556317750794,
    1182.2317839055133,
    1182.2317839055133,
    1182.2317839055133,
    1179.7527326432455,
    1179.7527326432455,
    1154.2833108234838,
    1151.804259561216,
    1151.804259561216,
    1151.804259561216,
    1149.6555424498956,
    1149.6555424498956
  ],
  "best_solution": {
    "id": "ga_gen0_8403",
    "instance_id": "synthetic_75c_281q_random_s455467924",
    "algorithm": "drl_junior_ga",
    "routes": [
      {
        "vehicle_id": 0,
        "customer_sequence": [
          18,
          40,
          75,
          30,
          39,
          61,
          58,
          43,
          37,
          41,
          3,
          10,
          49,
          57,
          27
        ],
        "total_demand": 281,
        "total_distance": 218.2769703922379
      },
      {
        "vehicle_id": 1,
        "customer_sequence": [
          64,
          36,
          46,
          29,
          63,
          15,
          68,
          51,
          42,
          47,
          32,
          19,
          55,
          6
        ],
        "total_demand": 279,
        "total_distance": 329.97288113468153
      },
      {
        "vehicle_id": 2,
        "customer_sequence": [
          60,
          24,
          31,
          21,
          35,
          45,
          25,
          67,
          50,
          56,
          23,
          66,
          7,
          20,
          62,
          69,
          52,
          44,
          74,
          1
        ],
        "total_demand": 281,
        "total_distance": 381.30125990016296
      },
      {
        "vehicle_id": 3,
        "customer_sequence": [
          13,
          72,
          9,
          17,
          71,
          16,
          53,
          73,
          34,
          12,
          65,
          28,
          14,
          38,
          22,
          48,
          54,
          70
        ],
        "total_demand": 280,
        "total_distance": 351.03596350052516
      },
      {
        "vehicle_id": 4,
        "customer_sequence": [
          2,
          33,
          5,
          59,
          11,
          26,
          8,
          4
        ],
        "total_demand": 116,
        "total_distance": 248.14927913061405
      }
    ],
    "total_cost": 1149.6555424498956,
    "computation_time": 0.0,
    "is_valid": true,
    "convergence_history": null
  }
}