{
  "instance_id": "synthetic_20c_60q_clustered4_s1418410062",
  "instance_name": "Synthetic Clustered",
  "instance_size": 20,
  "configuration": "drl_junior_ga",
  "agent_used": "junior",
  "replicate": 4,
  "seed": 928861554,
  "initial_cost": 272.70635624977564,
  "final_cost": 176.9760828193692,
  "improvement_gap": 35.103792499330574,
  "total_time": 11.528477907180786,
  "initialization_time": 11.10491418838501,
  "evolution_time": 0.42356371879577637,
  "generations_run": 100,
  "generations_to_convergence": 8,
  "convergence_history": [
    272.70635624977564,
    272.70635624977564,
    250.9772041697008,
    246.74651205606858,
    236.9609882821728,
    217.52626857506522,
    199.98780164877215,
    199.06984499520706,
    176.9760828193692,
    176.9760828193692,
    176.9760828193692,
    176.9760828193692,
    176.9760828193692,
    176.9760828193692,
    176.9760828193692,
    176.9760828193692,
    176.9760828193692,
    176.9760828193692,
    176.9760828193692,
    176.9760828193692,
    176.9760828193692,
    176.9760828193692,
    176.9760828193692,
    176.9760828193692,
    176.9760828193692,
    176.9760828193692,
    176.9760828193692,
    176.9760828193692,
    176.9760828193692,
    176.9760828193692,
    176.9760828193692,
    176.9760828193692,
    176.9760828193692,
    176.9760828193692,
    176.9760828193692,
    176.9760828193692,
    176.9760828193692,
    176.9760828193692,
    176.9760828193692,
    176.9760828193692,
    176.9760828193692,
    176.9760828193692,
    176.9760828193692,
    176.9760828193692,
    176.9760828193692,
    176.9760828193692,
    176.9760828193692,
    176.9760828193692,
    176.9760828193692,
    176.9760828193692,
    176.9760828193692,
    176.9760828193692,
    176.9760828193692,
    176.9760828193692,
    176.9760828193692,
    176.9760828193692,
    176.9760828193692,
    176.9760828193692,
    176.9760828193692,
    176.9760828193692,
    176.9760828193692,
    176.9760828193692,
    176.9760828193692,
    176.9760828193692,
    176.9760828193692,
    176.9760828193692,
    176.9760828193692,
    176.9760828193692,
    176.9760828193692,
    176.9760828193692,
    176.9760828193692,
    176.9760828193692,
    176.9760828193692,
    176.9760828193692,
    176.9760828193692,
    176.9760828193692,
    176.9760828193692,
    176.9760828193692,
    176.9760828193692,
    176.9760828193692,
    176.9760828193692,
    176.9760828193692,
    176.9760828193692,
    176.9760828193692,
    176.9760828193692,
    176.9760828193692,
    176.9760828193692,
    176.9760828193692,
    176.9760828193692,
    176.9760828193692,
    176.9760828193692,
    176.9760828193692,
    176.9760828193692,
    176.9760828193692,
    176.9760828193692,
    176.9760828193692,
    176.9760828193692,
    176.9760828193692,
    176.9760828193692,
    176.9760828193692,
    176.9760828193692
  ],
  "best_solution": {
    "id": "ga_gen0_4411",
    "instance_id": "synthetic_20c_60q_clustered4_s1418410062",
    "algorithm": "drl_junior_ga",
    "routes": [
      {
        "vehicle_id": 0,
        "customer_sequence": [
          4,
          8,
          9
        ],
        "total_demand": 57,
        "total_distance": 91.14313855821018
      },
      {
        "vehicle_id": 1,
        "customer_sequence": [
          6,
          20
        ],
        "total_demand": 51,
        "total_distance": 56.66639805321108
      },
      {
        "vehicle_id": 2,
        "customer_sequence": [
          13,
          7
        ],
        "total_demand": 34,
        "total_distance": 67.742150456085
      },
      {
        "vehicle_id": 3,
        "customer_sequence": [
          14,
          11
        ],
        "total_demand": 34,
        "total_distance": 106.02595751001914
      },
      {
        "vehicle_id": 4,
        "customer_sequence": [
          19,
          12
        ],
        "total_demand": 56,
        "total_distance": 90.78709377411573
      },
      {
        "vehicle_id": 5,
        "customer_sequence": [
          10,
          1,
          2
        ],
        "total_demand": 42,
        "total_distance": 96.42916686152502
      },
      {
        "vehicle_id": 6,
        "customer_sequence": [
          3,
          5
        ],
        "total_demand": 45,
        "total_distance": 95.31806863261697
      },
      {
        "vehicle_id": 7,
        "customer_sequence": [
          16,
          17
        ],
        "total_demand": 51,
        "total_distance": 94.5157907544278
      },
      {
        "vehicle_id": 8,
        "customer_sequence": [
          18,
          15
        ],
        "total_demand": 16,
        "total_distance": 126.80414033220634
      }
    ],
    "total_cost": 176.9760828193692,
    "computation_time": 0.0,
    "is_valid": true,
    "convergence_history": null
  }
}