{
  "instance_id": "synthetic_30c_90q_random_s1068090579",
  "instance_name": "Synthetic Random",
  "instance_size": 30,
  "configuration": "drl_junior_ga",
  "agent_used": "junior",
  "replicate": 1,
  "seed": 2055680460,
  "initial_cost": 590.2899718826175,
  "final_cost": 366.28140218124616,
  "improvement_gap": 37.94890314448992,
  "total_time": 21.49189066886902,
  "initialization_time": 20.722899675369263,
  "evolution_time": 0.7689909934997559,
  "generations_run": 100,
  "generations_to_convergence": 44,
  "convergence_history": [
    590.2899718826175,
    589.6008519230854,
    530.9115364734172,
    500.4423765185009,
    500.4423765185009,
    500.4423765185009,
    497.35979464181264,
    460.406335751445,
    460.406335751445,
    460.406335751445,
    460.406335751445,
    443.52358445061014,
    441.388550114774,
    441.388550114774,
    419.19655524831893,
    408.1735415479598,
    408.1735415479598,
    408.1735415479598,
    404.10670515392,
    404.10670515392,
    396.3875368210235,
    396.3875368210235,
    387.3366833848401,
    379.6175150519436,
    379.6175150519436,
    379.6175150519436,
    379.6175150519436,
    379.0518025181207,
    379.0518025181207,
    379.0518025181207,
    379.0518025181207,
    379.0518025181207,
    373.3842793152768,
    373.3842793152768,
    373.3842793152768,
    373.3842793152768,
    367.36589818548714,
    367.36589818548714,
    367.36589818548714,
    367.36589818548714,
    367.36589818548714,
    367.36589818548714,
    367.36589818548714,
    367.36589818548714,
    366.28140218124616,
    366.28140218124616,
    366.28140218124616,
    366.28140218124616,
    366.28140218124616,
    366.28140218124616,
    366.28140218124616,
    366.28140218124616,
    366.28140218124616,
    366.28140218124616,
    366.28140218124616,
    366.28140218124616,
    366.28140218124616,
    366.28140218124616,
    366.28140218124616,
    366.28140218124616,
    366.28140218124616,
    366.28140218124616,
    366.28140218124616,
    366.28140218124616,
    366.28140218124616,
    366.28140218124616,
    366.28140218124616,
    366.28140218124616,
    366.28140218124616,
    366.28140218124616,
    366.28140218124616,
    366.28140218124616,
    366.28140218124616,
    366.28140218124616,
    366.28140218124616,
    366.28140218124616,
    366.28140218124616,
    366.28140218124616,
    366.28140218124616,
    366.28140218124616,
    366.28140218124616,
    366.28140218124616,
    366.28140218124616,
    366.28140218124616,
    366.28140218124616,
    366.28140218124616,
    366.28140218124616,
    366.28140218124616,
    366.28140218124616,
    366.28140218124616,
    366.28140218124616,
    366.28140218124616,
    366.28140218124616,
    366.28140218124616,
    366.28140218124616,
    366.28140218124616,
    366.28140218124616,
    366.28140218124616,
    366.28140218124616,
    366.28140218124616,
    366.28140218124616
  ],
  "best_solution": {
    "id": "ga_gen0_5855",
    "instance_id": "synthetic_30c_90q_random_s1068090579",
    "algorithm": "drl_junior_ga",
    "routes": [
      {
        "vehicle_id": 0,
        "customer_sequence": [
          13,
          26,
          6,
          28,
          11,
          25
        ],
        "total_demand": 89,
        "total_distance": 89.56599637223212
      },
      {
        "vehicle_id": 1,
        "customer_sequence": [
          7,
          16,
          10,
          1
        ],
        "total_demand": 89,
        "total_distance": 141.10348071294314
      },
      {
        "vehicle_id": 2,
        "customer_sequence": [
          5,
          20,
          8,
          24
        ],
        "total_demand": 77,
        "total_distance": 94.50784170281439
      },
      {
        "vehicle_id": 3,
        "customer_sequence": [
          14,
          23,
          22,
          3,
          12
        ],
        "total_demand": 84,
        "total_distance": 181.71501913156135
      },
      {
        "vehicle_id": 4,
        "customer_sequence": [
          9,
          2,
          17,
          21,
          19
        ],
        "total_demand": 88,
        "total_distance": 154.88837704643768
      },
      {
        "vehicle_id": 5,
        "customer_sequence": [
          30,
          18,
          4,
          15,
          29
        ],
        "total_demand": 81,
        "total_distance": 166.95217756140573
      },
      {
        "vehicle_id": 6,
        "customer_sequence": [
          27
        ],
        "total_demand": 16,
        "total_distance": 109.80229953636636
      }
    ],
    "total_cost": 366.28140218124616,
    "computation_time": 0.0,
    "is_valid": true,
    "convergence_history": null
  }
}