{
  "instance_id": "synthetic_60c_300q_clustered5_s1382882660",
  "instance_name": "Synthetic Clustered",
  "instance_size": 60,
  "configuration": "drl_junior_ga",
  "agent_used": "junior",
  "replicate": 2,
  "seed": 849893826,
  "initial_cost": 902.0176457144157,
  "final_cost": 597.4623092034229,
  "improvement_gap": 33.76378920722543,
  "total_time": 73.76260638237,
  "initialization_time": 70.71399903297424,
  "evolution_time": 3.048607349395752,
  "generations_run": 100,
  "generations_to_convergence": 76,
  "convergence_history": [
    902.0176457144157,
    902.0176457144157,
    902.0176457144157,
    811.3346758551819,
    811.3346758551819,
    806.2995704662077,
    789.727801868179,
    769.236752758312,
    717.8172357535211,
    717.8172357535211,
    711.3482579866069,
    699.1639942905731,
    699.1639942905731,
    689.5048070352826,
    671.7979501263917,
    671.7979501263917,
    649.3682184384785,
    649.3682184384785,
    649.3682184384785,
    646.9643295127722,
    637.3051422574816,
    637.3051422574816,
    637.3051422574816,
    627.1946652567203,
    627.1946652567203,
    622.637360110449,
    622.637360110449,
    622.637360110449,
    622.637360110449,
    622.637360110449,
    622.637360110449,
    622.637360110449,
    622.637360110449,
    622.637360110449,
    622.637360110449,
    622.637360110449,
    622.637360110449,
    622.637360110449,
    622.637360110449,
    622.2442656956357,
    614.3399484387922,
    614.3399484387922,
    614.3399484387922,
    614.3399484387922,
    614.3399484387922,
    614.3399484387922,
    611.6854693929544,
    611.6854693929544,
    611.6854693929544,
    611.6854693929544,
    611.6854693929544,
    611.6854693929544,
    611.6854693929544,
    607.1465623074916,
    607.1465623074916,
    607.1465623074916,
    607.1465623074916,
    607.1465623074916,
    607.1465623074916,
    607.1465623074916,
    607.1465623074916,
    607.1465623074916,
    607.1465623074916,
    607.1465623074916,
    599.6485084376652,
    599.6485084376652,
    599.6485084376652,
    599.6485084376652,
    599.6485084376652,
    599.6485084376652,
    599.6485084376652,
    599.6485084376652,
    599.6485084376652,
    599.6485084376652,
    599.6485084376652,
    599.6485084376652,
    597.4623092034229,
    597.4623092034229,
    597.4623092034229,
    597.4623092034229,
    597.4623092034229,
    597.4623092034229,
    597.4623092034229,
    597.4623092034229,
    597.4623092034229,
    597.4623092034229,
    597.4623092034229,
    597.4623092034229,
    597.4623092034229,
    597.4623092034229,
    597.4623092034229,
    597.4623092034229,
    597.4623092034229,
    597.4623092034229,
    597.4623092034229,
    597.4623092034229,
    597.4623092034229,
    597.4623092034229,
    597.4623092034229,
    597.4623092034229,
    597.4623092034229
  ],
  "best_solution": {
    "id": "ga_gen0_7513",
    "instance_id": "synthetic_60c_300q_clustered5_s1382882660",
    "algorithm": "drl_junior_ga",
    "routes": [
      {
        "vehicle_id": 0,
        "customer_sequence": [
          4,
          1,
          12,
          2,
          28,
          29,
          27,
          11,
          10,
          5,
          26,
          9,
          30,
          49,
          18
        ],
        "total_demand": 297,
        "total_distance": 151.01343894510234
      },
      {
        "vehicle_id": 1,
        "customer_sequence": [
          34,
          8,
          33,
          36,
          7,
          32,
          25,
          35,
          31,
          6,
          3,
          41,
          43,
          42,
          47,
          48,
          46,
          60,
          54,
          50
        ],
        "total_demand": 294,
        "total_distance": 318.4818722748753
      },
      {
        "vehicle_id": 2,
        "customer_sequence": [
          23,
          13,
          52,
          51,
          55,
          24,
          57,
          58,
          59,
          53,
          22,
          56,
          14,
          15,
          16
        ],
        "total_demand": 275,
        "total_distance": 147.9833070105962
      },
      {
        "vehicle_id": 3,
        "customer_sequence": [
          44,
          37,
          39,
          40,
          45,
          38,
          21,
          17,
          19,
          20
        ],
        "total_demand": 184,
        "total_distance": 200.7994325543911
      }
    ],
    "total_cost": 597.4623092034229,
    "computation_time": 0.0,
    "is_valid": true,
    "convergence_history": null
  }
}