{
  "instance_id": "synthetic_90c_337q_clustered5_s1163966456",
  "instance_name": "Synthetic Clustered",
  "instance_size": 90,
  "configuration": "drl_junior_ga",
  "agent_used": "junior",
  "replicate": 3,
  "seed": 773590487,
  "initial_cost": 965.438568059695,
  "final_cost": 760.0241722084181,
  "improvement_gap": 21.276796126356498,
  "total_time": 152.46386170387268,
  "initialization_time": 146.16739583015442,
  "evolution_time": 6.296465873718262,
  "generations_run": 100,
  "generations_to_convergence": null,
  "convergence_history": [
    965.438568059695,
    965.438568059695,
    965.438568059695,
    965.438568059695,
    965.438568059695,
    965.438568059695,
    965.438568059695,
    965.438568059695,
    965.438568059695,
    965.438568059695,
    964.5865485663702,
    964.5865485663702,
    963.070332299373,
    963.070332299373,
    961.2094224767437,
    961.2094224767437,
    961.2094224767437,
    961.2094224767437,
    961.2094224767437,
    948.7829182797874,
    948.7829182797874,
    940.5703494005159,
    940.5703494005159,
    940.5703494005159,
    938.0939101391256,
    936.579513572538,
    936.579513572538,
    936.579513572538,
    936.2149088698246,
    922.6142323223128,
    922.6142323223128,
    922.6142323223128,
    920.7352310530118,
    920.7352310530118,
    914.7471393339961,
    914.7471393339961,
    887.5210602735025,
    887.5210602735025,
    883.7612631849195,
    879.6539672851858,
    879.6539672851858,
    879.6539672851858,
    877.936495266232,
    877.936495266232,
    877.936495266232,
    861.2030045392775,
    860.2707649760662,
    860.1318863245748,
    855.2270104856741,
    855.2270104856741,
    853.8893654025237,
    853.8893654025237,
    853.8893654025237,
    851.0898293447941,
    851.0898293447941,
    851.0898293447941,
    851.0898293447941,
    851.0898293447941,
    843.5991076528055,
    843.5991076528055,
    817.0198627261924,
    817.0198627261924,
    817.0198627261924,
    817.0198627261924,
    817.0198627261924,
    817.0198627261924,
    816.0434680558236,
    811.3672329059783,
    811.3672329059783,
    810.3908382356096,
    810.3908382356096,
    810.3908382356096,
    810.3908382356096,
    810.3908382356096,
    810.3908382356096,
    810.3908382356096,
    810.3908382356096,
    810.3908382356096,
    808.20732260352,
    798.6169382706776,
    798.6169382706776,
    798.3411536328279,
    796.433422638588,
    796.433422638588,
    796.1576380007382,
    776.5824762532948,
    776.5824762532948,
    776.3066916154451,
    776.3066916154451,
    771.3285435412397,
    771.3285435412397,
    767.211057782144,
    767.211057782144,
    761.9183615482145,
    761.9183615482145,
    761.5225520102987,
    761.5225520102987,
    761.4974997164204,
    761.4974997164204,
    761.4974997164204,
    760.0241722084181
  ],
  "best_solution": {
    "id": "ga_gen0_6754",
    "instance_id": "synthetic_90c_337q_clustered5_s1163966456",
    "algorithm": "drl_junior_ga",
    "routes": [
      {
        "vehicle_id": 0,
        "customer_sequence": [
          9,
          6,
          11,
          8,
          16,
          14,
          4,
          72,
          53,
          33,
          42,
          43,
          77,
          57,
          61,
          58,
          3,
          60,
          7,
          12
        ],
        "total_demand": 335,
        "total_distance": 292.0295929002249
      },
      {
        "vehicle_id": 1,
        "customer_sequence": [
          78,
          74,
          81,
          46,
          40,
          54,
          87,
          48,
          25,
          50,
          49,
          41,
          39,
          79
        ],
        "total_demand": 337,
        "total_distance": 100.80080634729046
      },
      {
        "vehicle_id": 2,
        "customer_sequence": [
          34,
          28,
          21,
          73,
          52,
          85,
          45,
          84,
          22,
          35,
          27,
          55,
          19,
          65,
          2,
          68,
          59,
          70,
          10
        ],
        "total_demand": 335,
        "total_distance": 149.80497634291518
      },
      {
        "vehicle_id": 3,
        "customer_sequence": [
          66,
          69,
          64,
          5,
          62,
          17,
          71,
          89,
          26,
          23,
          30,
          31,
          88,
          83,
          37,
          75,
          32,
          47,
          44,
          86
        ],
        "total_demand": 335,
        "total_distance": 202.43855540960234
      },
      {
        "vehicle_id": 4,
        "customer_sequence": [
          38,
          56,
          76,
          67,
          29,
          63,
          15,
          13,
          1,
          18,
          20,
          82,
          90,
          51,
          80,
          36,
          24
        ],
        "total_demand": 214,
        "total_distance": 249.95110069422216
      }
    ],
    "total_cost": 760.0241722084181,
    "computation_time": 0.0,
    "is_valid": true,
    "convergence_history": null
  }
}