{
  "instance_id": "synthetic_125c_437q_random_s41234086",
  "instance_name": "Synthetic Random",
  "instance_size": 125,
  "configuration": "drl_junior_ga",
  "agent_used": "junior",
  "replicate": 2,
  "seed": 94853548,
  "initial_cost": 2337.0940819562593,
  "final_cost": 1841.4829210053203,
  "improvement_gap": 21.206299086431674,
  "total_time": 284.5286910533905,
  "initialization_time": 267.74890995025635,
  "evolution_time": 16.779781103134155,
  "generations_run": 100,
  "generations_to_convergence": null,
  "convergence_history": [
    2337.0940819562593,
    2304.521442066072,
    2304.521442066072,
    2304.521442066072,
    2302.920627194501,
    2302.920627194501,
    2302.920627194501,
    2290.3357073655875,
    2186.360189325818,
    2186.360189325818,
    2186.360189325818,
    2186.360189325818,
    2186.360189325818,
    2183.4560213497416,
    2183.4560213497416,
    2183.4560213497416,
    2161.818522823871,
    2161.268851729068,
    2161.268851729068,
    2161.268851729068,
    2133.870089320499,
    2133.870089320499,
    2133.870089320499,
    2131.1794277144463,
    2131.1794277144463,
    2131.1794277144463,
    2131.1794277144463,
    2130.55888637509,
    2083.615937085851,
    2083.615937085851,
    2075.371626199186,
    2075.371626199186,
    2075.054903907806,
    2072.704820556566,
    2072.704820556566,
    2071.04432424101,
    2070.3660692576073,
    2070.3660692576073,
    2070.3660692576073,
    2070.3660692576073,
    2070.3660692576073,
    2069.326114281408,
    2069.326114281408,
    2066.8247573859753,
    2066.8247573859753,
    2051.621394620488,
    2051.621394620488,
    2051.621394620488,
    2049.120037725055,
    2048.604069204915,
    2048.604069204915,
    2005.8760980330158,
    2005.8760980330158,
    2005.8760980330158,
    2005.316155518649,
    1991.3415555685938,
    1990.7210142292374,
    1989.3025686263402,
    1989.3025686263402,
    1986.4613528198233,
    1969.9258423179126,
    1942.4324523861228,
    1942.4324523861228,
    1939.0898174783551,
    1922.8831217115326,
    1917.3830847944982,
    1913.0197879268164,
    1913.0197879268164,
    1907.3471466436197,
    1907.3471466436197,
    1907.3471466436197,
    1895.9508020573749,
    1892.435562783444,
    1892.435562783444,
    1892.435562783444,
    1892.435562783444,
    1892.435562783444,
    1892.435562783444,
    1892.435562783444,
    1892.435562783444,
    1892.435562783444,
    1892.435562783444,
    1892.2115638870562,
    1883.1048920101316,
    1883.1048920101316,
    1881.7362739528717,
    1881.7362739528717,
    1881.7362739528717,
    1878.9030642715366,
    1866.7894105889386,
    1863.37857925256,
    1863.37857925256,
    1851.4250475964463,
    1851.4250475964463,
    1851.4250475964463,
    1848.5918379151117,
    1844.3161306866555,
    1844.3161306866555,
    1844.3161306866555,
    1841.4829210053203,
    1841.4829210053203
  ],
  "best_solution": {
    "id": "ga_gen0_5142",
    "instance_id": "synthetic_125c_437q_random_s41234086",
    "algorithm": "drl_junior_ga",
    "routes": [
      {
        "vehicle_id": 0,
        "customer_sequence": [
          118,
          120,
          53,
          5,
          72,
          104,
          51,
          68,
          25,
          63,
          15,
          10,
          97,
          75,
          19,
          124,
          49,
          81,
          18,
          56,
          38,
          20,
          112
        ],
        "total_demand": 432,
        "total_distance": 356.7135203667528
      },
      {
        "vehicle_id": 1,
        "customer_sequence": [
          22,
          94,
          30,
          65,
          47,
          67,
          96,
          125,
          62,
          123,
          46,
          42,
          23,
          116,
          93,
          105,
          64,
          82,
          27,
          108,
          61,
          17,
          92,
          36,
          78
        ],
        "total_demand": 434,
        "total_distance": 408.903190476982
      },
      {
        "vehicle_id": 2,
        "customer_sequence": [
          9,
          24,
          11,
          3,
          1,
          100,
          69,
          58,
          8,
          41,
          98,
          71,
          86,
          121,
          57,
          102,
          101,
          28,
          115,
          31,
          91,
          32,
          54,
          45,
          55
        ],
        "total_demand": 435,
        "total_distance": 446.5843537250815
      },
      {
        "vehicle_id": 3,
        "customer_sequence": [
          111,
          113,
          114,
          60,
          43,
          48,
          77,
          122,
          103,
          14,
          83,
          4,
          21,
          34,
          66,
          79,
          44,
          70,
          89,
          39,
          35,
          90,
          76,
          87,
          29,
          40,
          80
        ],
        "total_demand": 431,
        "total_distance": 574.1706860647153
      },
      {
        "vehicle_id": 4,
        "customer_sequence": [
          37,
          99,
          12,
          33,
          85,
          110,
          52,
          16,
          117,
          26,
          2,
          119,
          88,
          74,
          84,
          95,
          109,
          59,
          7,
          50,
          73,
          106,
          13,
          6,
          107
        ],
        "total_demand": 399,
        "total_distance": 452.41143783379067
      }
    ],
    "total_cost": 1841.4829210053203,
    "computation_time": 0.0,
    "is_valid": true,
    "convergence_history": null
  }
}