{
  "instance_id": "synthetic_50c_150q_clustered4_s1159325734",
  "instance_name": "Synthetic Clustered",
  "instance_size": 50,
  "configuration": "drl_junior_ga",
  "agent_used": "junior",
  "replicate": 4,
  "seed": 1812622021,
  "initial_cost": 577.6803128408103,
  "final_cost": 415.2455141890041,
  "improvement_gap": 28.118458434737743,
  "total_time": 52.7222638130188,
  "initialization_time": 49.74631333351135,
  "evolution_time": 2.9759504795074463,
  "generations_run": 100,
  "generations_to_convergence": 39,
  "convergence_history": [
    577.6803128408103,
    577.6803128408103,
    577.6803128408103,
    577.6803128408103,
    577.6803128408103,
    577.6803128408103,
    550.6990953565919,
    527.2293214006978,
    505.9755822820053,
    482.5902457667913,
    476.05851242711174,
    476.05851242711174,
    476.05851242711174,
    455.67529595195447,
    455.67529595195447,
    455.67529595195447,
    446.6235745295588,
    446.6235745295588,
    446.6235745295588,
    446.6235745295588,
    446.6235745295588,
    446.6235745295588,
    446.6235745295588,
    446.6235745295588,
    446.6235745295588,
    427.7466650561858,
    427.7466650561858,
    427.7466650561858,
    427.7466650561858,
    427.7466650561858,
    427.7466650561858,
    426.9840876947509,
    426.9840876947509,
    426.9840876947509,
    424.78344886081175,
    424.78344886081175,
    421.5050626306882,
    421.5050626306882,
    419.30442379674906,
    419.1182484720299,
    419.1182484720299,
    419.1182484720299,
    419.1182484720299,
    419.1182484720299,
    419.1182484720299,
    419.1182484720299,
    419.1182484720299,
    419.1182484720299,
    419.1182484720299,
    419.1182484720299,
    419.1182484720299,
    419.1182484720299,
    419.1182484720299,
    419.1182484720299,
    419.1182484720299,
    419.1182484720299,
    419.1182484720299,
    419.1182484720299,
    419.1182484720299,
    419.1182484720299,
    419.1182484720299,
    419.1182484720299,
    419.1182484720299,
    419.1182484720299,
    419.1182484720299,
    419.1182484720299,
    416.1952886271986,
    416.1952886271986,
    416.1952886271986,
    416.1952886271986,
    416.1952886271986,
    416.1952886271986,
    416.1952886271986,
    416.1952886271986,
    416.1952886271986,
    416.1952886271986,
    416.1952886271986,
    416.1952886271986,
    416.1952886271986,
    416.1952886271986,
    416.1952886271986,
    416.1952886271986,
    416.1952886271986,
    416.1952886271986,
    416.1952886271986,
    416.1952886271986,
    416.1952886271986,
    416.1952886271986,
    416.1952886271986,
    416.1952886271986,
    416.1952886271986,
    416.1952886271986,
    416.1952886271986,
    416.1952886271986,
    416.1952886271986,
    416.1952886271986,
    416.1952886271986,
    415.2455141890041,
    415.2455141890041,
    415.2455141890041,
    415.2455141890041
  ],
  "best_solution": {
    "id": "ga_gen0_1859",
    "instance_id": "synthetic_50c_150q_clustered4_s1159325734",
    "algorithm": "drl_junior_ga",
    "routes": [
      {
        "vehicle_id": 0,
        "customer_sequence": [
          11,
          39,
          47,
          45,
          38,
          42,
          5
        ],
        "total_demand": 148,
        "total_distance": 84.9882807227504
      },
      {
        "vehicle_id": 1,
        "customer_sequence": [
          14,
          36,
          15,
          13,
          23,
          35,
          29
        ],
        "total_demand": 148,
        "total_distance": 118.7145746523027
      },
      {
        "vehicle_id": 2,
        "customer_sequence": [
          46,
          41,
          40,
          12,
          6,
          4
        ],
        "total_demand": 138,
        "total_distance": 99.34394603211491
      },
      {
        "vehicle_id": 3,
        "customer_sequence": [
          8,
          3,
          10,
          7,
          2,
          9,
          1,
          44,
          37,
          43,
          48,
          49
        ],
        "total_demand": 140,
        "total_distance": 170.86730510858433
      },
      {
        "vehicle_id": 4,
        "customer_sequence": [
          24,
          33,
          31,
          32,
          21,
          19
        ],
        "total_demand": 129,
        "total_distance": 126.69029291872748
      },
      {
        "vehicle_id": 5,
        "customer_sequence": [
          28,
          16,
          34,
          22,
          20,
          30,
          25,
          50
        ],
        "total_demand": 145,
        "total_distance": 163.69982186196629
      },
      {
        "vehicle_id": 6,
        "customer_sequence": [
          26,
          27,
          18,
          17
        ],
        "total_demand": 32,
        "total_distance": 134.703270814569
      }
    ],
    "total_cost": 415.2455141890041,
    "computation_time": 0.0,
    "is_valid": true,
    "convergence_history": null
  }
}