{
  "instance_id": "synthetic_125c_437q_clustered6_s1304513617",
  "instance_name": "Synthetic Clustered",
  "instance_size": 125,
  "configuration": "drl_junior_ga",
  "agent_used": "junior",
  "replicate": 5,
  "seed": 971641099,
  "initial_cost": 1636.2946417090977,
  "final_cost": 1463.9115095109578,
  "improvement_gap": 10.53496893555106,
  "total_time": 284.3330829143524,
  "initialization_time": 267.36843085289,
  "evolution_time": 16.964652061462402,
  "generations_run": 100,
  "generations_to_convergence": null,
  "convergence_history": [
    1636.2946417090977,
    1636.2946417090977,
    1636.2946417090977,
    1636.2946417090977,
    1636.2946417090977,
    1636.2946417090977,
    1636.2946417090977,
    1636.2946417090977,
    1604.6360389671775,
    1604.370709850914,
    1604.370709850914,
    1602.2678897402452,
    1602.2678897402452,
    1602.0025606239817,
    1602.0025606239817,
    1602.0025606239817,
    1602.0025606239817,
    1602.0025606239817,
    1602.0025606239817,
    1601.810936003057,
    1601.810936003057,
    1601.810936003057,
    1601.1806819708363,
    1591.0837719432957,
    1585.2453520125591,
    1583.2181712317615,
    1573.121261204221,
    1573.121261204221,
    1573.121261204221,
    1573.121261204221,
    1573.121261204221,
    1573.121261204221,
    1573.121261204221,
    1573.121261204221,
    1573.121261204221,
    1560.9304443380488,
    1560.9304443380488,
    1552.9002267527035,
    1552.9002267527035,
    1550.375596179561,
    1547.1792856790935,
    1547.1792856790935,
    1542.3453785942156,
    1536.6244375206056,
    1536.6244375206056,
    1536.6244375206056,
    1536.6244375206056,
    1536.6244375206056,
    1522.0272685057594,
    1522.0272685057594,
    1522.0272685057594,
    1520.1949671745601,
    1520.1949671745601,
    1520.1949671745601,
    1520.1949671745601,
    1519.7529636075365,
    1514.9853747265042,
    1514.9853747265042,
    1514.54337115948,
    1514.54337115948,
    1514.54337115948,
    1514.4139985338402,
    1513.9719949668165,
    1513.9719949668165,
    1513.9719949668165,
    1513.9719949668165,
    1513.9719949668165,
    1512.374818902551,
    1511.5733838381184,
    1511.5733838381184,
    1498.4748156343699,
    1498.4748156343699,
    1495.682632776125,
    1488.60366796694,
    1488.60366796694,
    1480.1854534436784,
    1480.1854534436784,
    1480.1854534436784,
    1480.1854534436784,
    1480.1854534436784,
    1480.1854534436784,
    1477.1660689320884,
    1477.1660689320884,
    1475.8239662416895,
    1475.8239662416895,
    1470.7996895606443,
    1470.7996895606443,
    1470.7996895606443,
    1469.4575868702454,
    1469.4575868702454,
    1469.4575868702454,
    1466.954566020247,
    1466.954566020247,
    1466.954566020247,
    1463.9115095109578,
    1463.9115095109578,
    1463.9115095109578,
    1463.9115095109578,
    1463.9115095109578,
    1463.9115095109578,
    1463.9115095109578
  ],
  "best_solution": {
    "id": "ga_gen0_7465",
    "instance_id": "synthetic_125c_437q_clustered6_s1304513617",
    "algorithm": "drl_junior_ga",
    "routes": [
      {
        "vehicle_id": 0,
        "customer_sequence": [
          6,
          9,
          67,
          116,
          119,
          105,
          21,
          113,
          1,
          11,
          12,
          43,
          99,
          111,
          19,
          33,
          77,
          62,
          102,
          120
        ],
        "total_demand": 435,
        "total_distance": 135.99221546295593
      },
      {
        "vehicle_id": 1,
        "customer_sequence": [
          107,
          109,
          108,
          114,
          40,
          103,
          56,
          89,
          46,
          51,
          81,
          55,
          90,
          87,
          2,
          63,
          72,
          65,
          80,
          13
        ],
        "total_demand": 437,
        "total_distance": 187.26779907502882
      },
      {
        "vehicle_id": 2,
        "customer_sequence": [
          110,
          93,
          117,
          61,
          104,
          8,
          3,
          96,
          5,
          18,
          92,
          85,
          47,
          57,
          42,
          26,
          36,
          24,
          32,
          30,
          22,
          27
        ],
        "total_demand": 437,
        "total_distance": 253.11430414628998
      },
      {
        "vehicle_id": 3,
        "customer_sequence": [
          53,
          91,
          41,
          50,
          4,
          14,
          17,
          20,
          15,
          84,
          10,
          86,
          83,
          82,
          122,
          100,
          88,
          97,
          29,
          28,
          64,
          66,
          75,
          118,
          101,
          112
        ],
        "total_demand": 435,
        "total_distance": 359.24397824465893
      },
      {
        "vehicle_id": 4,
        "customer_sequence": [
          44,
          98,
          94,
          79,
          70,
          74,
          78,
          68,
          71,
          76,
          73,
          16,
          31,
          39,
          35,
          38,
          123,
          7,
          106,
          115,
          23,
          34,
          37,
          95,
          48,
          58,
          124,
          54,
          52,
          25
        ],
        "total_demand": 427,
        "total_distance": 556.4156862263173
      },
      {
        "vehicle_id": 5,
        "customer_sequence": [
          125,
          45,
          59,
          49,
          60,
          69,
          121
        ],
        "total_demand": 152,
        "total_distance": 311.445295739957
      }
    ],
    "total_cost": 1463.9115095109578,
    "computation_time": 0.0,
    "is_valid": true,
    "convergence_history": null
  }
}