{
  "instance_id": "synthetic_90c_337q_clustered5_s721456575",
  "instance_name": "Synthetic Clustered",
  "instance_size": 90,
  "configuration": "drl_junior_ga",
  "agent_used": "junior",
  "replicate": 2,
  "seed": 1418237579,
  "initial_cost": 997.6683342679123,
  "final_cost": 820.1017392373359,
  "improvement_gap": 17.798158860166144,
  "total_time": 153.69924807548523,
  "initialization_time": 146.59379959106445,
  "evolution_time": 7.105448484420776,
  "generations_run": 100,
  "generations_to_convergence": 73,
  "convergence_history": [
    997.6683342679123,
    997.6683342679123,
    997.6683342679123,
    997.6683342679123,
    997.6683342679123,
    997.6683342679123,
    997.6683342679123,
    997.6683342679123,
    997.6683342679123,
    997.6683342679123,
    997.6683342679123,
    997.6683342679123,
    997.6683342679123,
    997.6683342679123,
    993.7700719703878,
    993.7700719703878,
    993.7700719703878,
    992.3888844275411,
    984.4765194545039,
    970.8005992887813,
    970.8005992887813,
    961.5070467728974,
    961.5070467728974,
    961.5070467728974,
    957.140383877686,
    957.140383877686,
    948.9630058656405,
    948.9630058656405,
    944.5963429704291,
    944.5963429704291,
    922.5698297219624,
    922.5698297219624,
    915.1818273869135,
    915.1818273869135,
    872.6574983585856,
    872.6574983585856,
    865.2694960235367,
    865.2694960235367,
    865.2694960235367,
    865.2694960235367,
    865.2694960235367,
    865.2694960235367,
    865.2694960235367,
    865.2694960235367,
    865.2694960235367,
    865.2694960235367,
    865.2694960235367,
    865.1474597316388,
    865.1474597316388,
    865.1474597316388,
    865.1474597316388,
    865.1474597316388,
    864.0418657848167,
    864.0418657848167,
    864.0418657848167,
    864.0418657848167,
    829.2967901227548,
    829.2967901227548,
    829.2967901227548,
    829.0487843121422,
    829.0487843121422,
    829.0487843121422,
    825.9948454559969,
    825.9948454559969,
    825.9948454559969,
    825.9948454559969,
    825.9948454559969,
    824.454101607818,
    824.454101607818,
    824.454101607818,
    824.454101607818,
    824.454101607818,
    824.454101607818,
    820.152777441896,
    820.152777441896,
    820.152777441896,
    820.152777441896,
    820.152777441896,
    820.152777441896,
    820.152777441896,
    820.152777441896,
    820.152777441896,
    820.152777441896,
    820.152777441896,
    820.152777441896,
    820.152777441896,
    820.152777441896,
    820.152777441896,
    820.152777441896,
    820.152777441896,
    820.152777441896,
    820.152777441896,
    820.152777441896,
    820.152777441896,
    820.152777441896,
    820.1017392373359,
    820.1017392373359,
    820.1017392373359,
    820.1017392373359,
    820.1017392373359,
    820.1017392373359
  ],
  "best_solution": {
    "id": "ga_gen0_6205",
    "instance_id": "synthetic_90c_337q_clustered5_s721456575",
    "algorithm": "drl_junior_ga",
    "routes": [
      {
        "vehicle_id": 0,
        "customer_sequence": [
          80,
          25,
          34,
          27,
          36,
          31,
          32,
          26,
          40,
          87,
          42,
          77,
          84,
          4,
          85,
          37,
          41
        ],
        "total_demand": 336,
        "total_distance": 131.70663566720205
      },
      {
        "vehicle_id": 1,
        "customer_sequence": [
          90,
          51,
          39,
          48,
          43,
          15,
          18,
          5,
          47,
          83,
          74,
          73,
          89,
          86,
          60,
          71
        ],
        "total_demand": 337,
        "total_distance": 169.31465958356915
      },
      {
        "vehicle_id": 2,
        "customer_sequence": [
          68,
          55,
          64,
          7,
          46,
          8,
          78,
          11,
          10,
          2,
          16,
          14,
          62,
          61,
          59,
          58,
          70,
          69,
          21,
          56,
          23
        ],
        "total_demand": 334,
        "total_distance": 323.53831137989334
      },
      {
        "vehicle_id": 3,
        "customer_sequence": [
          35,
          19,
          29,
          22,
          30,
          33,
          75,
          57,
          82,
          81,
          88,
          79,
          53,
          49,
          54,
          50,
          52
        ],
        "total_demand": 332,
        "total_distance": 187.692843472278
      },
      {
        "vehicle_id": 4,
        "customer_sequence": [
          76,
          24,
          20,
          28,
          67,
          66,
          72,
          65,
          63,
          9,
          6,
          13,
          12,
          1,
          17,
          3,
          44,
          45,
          38
        ],
        "total_demand": 275,
        "total_distance": 222.44940604049205
      }
    ],
    "total_cost": 820.1017392373359,
    "computation_time": 0.0,
    "is_valid": true,
    "convergence_history": null
  }
}