{
  "instance_id": "synthetic_140c_490q_clustered6_s373271577",
  "instance_name": "Synthetic Clustered",
  "instance_size": 140,
  "configuration": "drl_junior_ga",
  "agent_used": "junior",
  "replicate": 5,
  "seed": 1369415536,
  "initial_cost": 1596.5965211290534,
  "final_cost": 1289.4044014075453,
  "improvement_gap": 19.240435241852673,
  "total_time": 350.4427709579468,
  "initialization_time": 330.03868412971497,
  "evolution_time": 20.40408682823181,
  "generations_run": 100,
  "generations_to_convergence": null,
  "convergence_history": [
    1596.5965211290534,
    1596.5965211290534,
    1596.5965211290534,
    1596.5965211290534,
    1596.5965211290534,
    1596.5965211290534,
    1596.5965211290534,
    1596.5965211290534,
    1518.224743805939,
    1518.224743805939,
    1518.224743805939,
    1510.2816402014112,
    1474.542962132119,
    1474.542962132119,
    1474.542962132119,
    1474.4966635872831,
    1474.3038557855398,
    1474.3038557855398,
    1470.500817614586,
    1470.500817614586,
    1470.2154127231706,
    1464.2492134995853,
    1459.001765462024,
    1455.7010217584032,
    1455.7010217584032,
    1452.7501613470235,
    1444.4410759524205,
    1423.5466548727693,
    1423.5466548727693,
    1423.5466548727693,
    1423.5466548727693,
    1423.5466548727693,
    1423.5466548727693,
    1423.5466548727693,
    1382.4631231537228,
    1382.4631231537228,
    1382.4631231537228,
    1382.4631231537228,
    1381.2822853711634,
    1381.2822853711634,
    1381.2822853711634,
    1380.5964711658967,
    1380.5964711658967,
    1377.5300882022154,
    1377.5300882022154,
    1377.5300882022154,
    1377.5300882022154,
    1376.3059003534888,
    1376.3059003534888,
    1376.3059003534888,
    1376.0106840994633,
    1376.0106840994633,
    1375.2580596476714,
    1375.2580596476714,
    1363.823450487368,
    1363.5282342333426,
    1363.5282342333426,
    1363.5282342333426,
    1363.3117600221226,
    1363.3117600221226,
    1363.3117600221226,
    1359.9890441444713,
    1359.9890441444713,
    1345.3458872714377,
    1345.3458872714377,
    1345.3458872714377,
    1345.3458872714377,
    1329.0677449103232,
    1329.0677449103232,
    1314.4245880372896,
    1312.1906623031077,
    1302.67088089498,
    1302.67088089498,
    1300.436955160798,
    1300.436955160798,
    1300.436955160798,
    1300.436955160798,
    1292.90601032929,
    1292.90601032929,
    1292.90601032929,
    1292.90601032929,
    1292.90601032929,
    1292.8054340863907,
    1292.8054340863907,
    1292.8054340863907,
    1292.8054340863907,
    1292.8054340863907,
    1292.8054340863907,
    1292.8054340863907,
    1292.8054340863907,
    1292.8054340863907,
    1292.8054340863907,
    1292.8054340863907,
    1292.8054340863907,
    1292.8054340863907,
    1292.8054340863907,
    1292.8054340863907,
    1292.8054340863907,
    1292.8054340863907,
    1292.8054340863907,
    1289.4044014075453
  ],
  "best_solution": {
    "id": "ga_gen0_1909",
    "instance_id": "synthetic_140c_490q_clustered6_s373271577",
    "algorithm": "drl_junior_ga",
    "routes": [
      {
        "vehicle_id": 0,
        "customer_sequence": [
          26,
          81,
          25,
          34,
          13,
          40,
          80,
          73,
          92,
          131,
          59,
          105,
          123,
          127,
          49,
          63,
          117,
          24,
          2,
          11,
          3,
          15,
          28,
          19,
          27,
          36
        ],
        "total_demand": 490,
        "total_distance": 234.88251754363398
      },
      {
        "vehicle_id": 1,
        "customer_sequence": [
          30,
          22,
          43,
          32,
          37,
          76,
          71,
          88,
          44,
          135,
          136,
          108,
          48,
          66,
          134,
          93,
          69,
          140,
          138,
          132,
          114,
          98,
          122,
          116,
          96,
          47
        ],
        "total_demand": 490,
        "total_distance": 219.0423410434139
      },
      {
        "vehicle_id": 2,
        "customer_sequence": [
          104,
          107,
          72,
          77,
          6,
          35,
          12,
          16,
          100,
          23,
          21,
          1,
          50,
          94,
          99,
          101,
          126,
          65,
          14,
          56,
          68,
          120,
          119,
          137,
          62,
          118,
          82,
          83
        ],
        "total_demand": 488,
        "total_distance": 255.31944576562336
      },
      {
        "vehicle_id": 3,
        "customer_sequence": [
          17,
          121,
          130,
          61,
          102,
          111,
          113,
          8,
          10,
          110,
          128,
          95,
          125,
          133,
          124,
          55,
          54,
          91,
          78,
          5,
          18,
          42,
          41,
          39,
          70,
          79,
          85
        ],
        "total_demand": 472,
        "total_distance": 360.8243882625644
      },
      {
        "vehicle_id": 4,
        "customer_sequence": [
          74,
          75,
          86,
          4,
          33,
          29,
          31,
          64,
          60,
          58,
          52,
          7,
          87,
          20,
          45,
          139,
          38,
          46,
          53,
          9,
          103,
          97,
          57,
          67,
          106,
          115,
          109,
          112,
          129,
          51
        ],
        "total_demand": 481,
        "total_distance": 374.83475584595163
      },
      {
        "vehicle_id": 5,
        "customer_sequence": [
          84,
          89,
          90
        ],
        "total_demand": 43,
        "total_distance": 84.93503167396881
      }
    ],
    "total_cost": 1289.4044014075453,
    "computation_time": 0.0,
    "is_valid": true,
    "convergence_history": null
  }
}