{
  "instance_id": "synthetic_30c_90q_random_s618647013",
  "instance_name": "Synthetic Random",
  "instance_size": 30,
  "configuration": "drl_junior_ga",
  "agent_used": "junior",
  "replicate": 2,
  "seed": 1667816310,
  "initial_cost": 616.2422139584062,
  "final_cost": 480.78850510078405,
  "improvement_gap": 21.980595582302108,
  "total_time": 21.539939641952515,
  "initialization_time": 20.6862633228302,
  "evolution_time": 0.8536763191223145,
  "generations_run": 100,
  "generations_to_convergence": 23,
  "convergence_history": [
    616.2422139584062,
    616.2422139584062,
    616.2422139584062,
    616.2422139584062,
    612.6339867775365,
    611.4054656895001,
    611.4054656895001,
    611.4054656895001,
    611.4054656895001,
    594.6303656793687,
    594.6303656793687,
    584.366897377082,
    584.366897377082,
    584.366897377082,
    574.0312485933792,
    574.0312485933792,
    574.0312485933792,
    483.59899113555275,
    483.59899113555275,
    483.59899113555275,
    481.21636027682587,
    481.21636027682587,
    481.21636027682587,
    480.78850510078405,
    480.78850510078405,
    480.78850510078405,
    480.78850510078405,
    480.78850510078405,
    480.78850510078405,
    480.78850510078405,
    480.78850510078405,
    480.78850510078405,
    480.78850510078405,
    480.78850510078405,
    480.78850510078405,
    480.78850510078405,
    480.78850510078405,
    480.78850510078405,
    480.78850510078405,
    480.78850510078405,
    480.78850510078405,
    480.78850510078405,
    480.78850510078405,
    480.78850510078405,
    480.78850510078405,
    480.78850510078405,
    480.78850510078405,
    480.78850510078405,
    480.78850510078405,
    480.78850510078405,
    480.78850510078405,
    480.78850510078405,
    480.78850510078405,
    480.78850510078405,
    480.78850510078405,
    480.78850510078405,
    480.78850510078405,
    480.78850510078405,
    480.78850510078405,
    480.78850510078405,
    480.78850510078405,
    480.78850510078405,
    480.78850510078405,
    480.78850510078405,
    480.78850510078405,
    480.78850510078405,
    480.78850510078405,
    480.78850510078405,
    480.78850510078405,
    480.78850510078405,
    480.78850510078405,
    480.78850510078405,
    480.78850510078405,
    480.78850510078405,
    480.78850510078405,
    480.78850510078405,
    480.78850510078405,
    480.78850510078405,
    480.78850510078405,
    480.78850510078405,
    480.78850510078405,
    480.78850510078405,
    480.78850510078405,
    480.78850510078405,
    480.78850510078405,
    480.78850510078405,
    480.78850510078405,
    480.78850510078405,
    480.78850510078405,
    480.78850510078405,
    480.78850510078405,
    480.78850510078405,
    480.78850510078405,
    480.78850510078405,
    480.78850510078405,
    480.78850510078405,
    480.78850510078405,
    480.78850510078405,
    480.78850510078405,
    480.78850510078405,
    480.78850510078405
  ],
  "best_solution": {
    "id": "ga_gen0_2722",
    "instance_id": "synthetic_30c_90q_random_s618647013",
    "algorithm": "drl_junior_ga",
    "routes": [
      {
        "vehicle_id": 0,
        "customer_sequence": [
          21,
          8,
          5,
          26
        ],
        "total_demand": 70,
        "total_distance": 139.35870664651378
      },
      {
        "vehicle_id": 1,
        "customer_sequence": [
          9,
          25,
          17,
          6
        ],
        "total_demand": 86,
        "total_distance": 179.0325671179274
      },
      {
        "vehicle_id": 2,
        "customer_sequence": [
          12,
          4,
          16,
          19,
          2
        ],
        "total_demand": 90,
        "total_distance": 160.66528648498007
      },
      {
        "vehicle_id": 3,
        "customer_sequence": [
          11,
          24,
          10,
          23
        ],
        "total_demand": 87,
        "total_distance": 129.70309768107614
      },
      {
        "vehicle_id": 4,
        "customer_sequence": [
          20,
          28,
          3,
          30,
          15,
          27
        ],
        "total_demand": 81,
        "total_distance": 134.19539903694377
      },
      {
        "vehicle_id": 5,
        "customer_sequence": [
          18,
          29,
          22,
          13
        ],
        "total_demand": 84,
        "total_distance": 138.2652626063329
      },
      {
        "vehicle_id": 6,
        "customer_sequence": [
          1,
          7,
          14
        ],
        "total_demand": 47,
        "total_distance": 187.4666184766756
      }
    ],
    "total_cost": 480.78850510078405,
    "computation_time": 0.0,
    "is_valid": true,
    "convergence_history": null
  }
}