{
  "instance_id": "synthetic_20c_60q_clustered4_s861695935",
  "instance_name": "Synthetic Clustered",
  "instance_size": 20,
  "configuration": "drl_junior_ga",
  "agent_used": "junior",
  "replicate": 5,
  "seed": 1281871088,
  "initial_cost": 235.024992092614,
  "final_cost": 173.6230265126635,
  "improvement_gap": 26.125717538905157,
  "total_time": 11.81214427947998,
  "initialization_time": 11.322435855865479,
  "evolution_time": 0.48970842361450195,
  "generations_run": 100,
  "generations_to_convergence": 17,
  "convergence_history": [
    235.024992092614,
    235.024992092614,
    235.024992092614,
    235.024992092614,
    235.024992092614,
    225.7906945400077,
    225.7906945400077,
    225.7906945400077,
    204.43098509348133,
    204.43098509348133,
    199.93339564657495,
    190.0424749381872,
    190.0424749381872,
    190.0424749381872,
    178.43617332986452,
    178.43617332986452,
    173.93858388295808,
    173.6230265126635,
    173.6230265126635,
    173.6230265126635,
    173.6230265126635,
    173.6230265126635,
    173.6230265126635,
    173.6230265126635,
    173.6230265126635,
    173.6230265126635,
    173.6230265126635,
    173.6230265126635,
    173.6230265126635,
    173.6230265126635,
    173.6230265126635,
    173.6230265126635,
    173.6230265126635,
    173.6230265126635,
    173.6230265126635,
    173.6230265126635,
    173.6230265126635,
    173.6230265126635,
    173.6230265126635,
    173.6230265126635,
    173.6230265126635,
    173.6230265126635,
    173.6230265126635,
    173.6230265126635,
    173.6230265126635,
    173.6230265126635,
    173.6230265126635,
    173.6230265126635,
    173.6230265126635,
    173.6230265126635,
    173.6230265126635,
    173.6230265126635,
    173.6230265126635,
    173.6230265126635,
    173.6230265126635,
    173.6230265126635,
    173.6230265126635,
    173.6230265126635,
    173.6230265126635,
    173.6230265126635,
    173.6230265126635,
    173.6230265126635,
    173.6230265126635,
    173.6230265126635,
    173.6230265126635,
    173.6230265126635,
    173.6230265126635,
    173.6230265126635,
    173.6230265126635,
    173.6230265126635,
    173.6230265126635,
    173.6230265126635,
    173.6230265126635,
    173.6230265126635,
    173.6230265126635,
    173.6230265126635,
    173.6230265126635,
    173.6230265126635,
    173.6230265126635,
    173.6230265126635,
    173.6230265126635,
    173.6230265126635,
    173.6230265126635,
    173.6230265126635,
    173.6230265126635,
    173.6230265126635,
    173.6230265126635,
    173.6230265126635,
    173.6230265126635,
    173.6230265126635,
    173.6230265126635,
    173.6230265126635,
    173.6230265126635,
    173.6230265126635,
    173.6230265126635,
    173.6230265126635,
    173.6230265126635,
    173.6230265126635,
    173.6230265126635,
    173.6230265126635,
    173.6230265126635
  ],
  "best_solution": {
    "id": "ga_gen0_8293",
    "instance_id": "synthetic_20c_60q_clustered4_s861695935",
    "algorithm": "drl_junior_ga",
    "routes": [
      {
        "vehicle_id": 0,
        "customer_sequence": [
          12,
          3,
          14
        ],
        "total_demand": 53,
        "total_distance": 48.4808411480294
      },
      {
        "vehicle_id": 1,
        "customer_sequence": [
          5,
          18,
          17,
          20
        ],
        "total_demand": 50,
        "total_distance": 126.93794202187954
      },
      {
        "vehicle_id": 2,
        "customer_sequence": [
          7,
          10,
          8,
          6
        ],
        "total_demand": 46,
        "total_distance": 115.96750786573682
      },
      {
        "vehicle_id": 3,
        "customer_sequence": [
          11,
          13,
          2
        ],
        "total_demand": 55,
        "total_distance": 64.19462238304095
      },
      {
        "vehicle_id": 4,
        "customer_sequence": [
          15,
          4,
          1
        ],
        "total_demand": 60,
        "total_distance": 93.05743707039221
      },
      {
        "vehicle_id": 5,
        "customer_sequence": [
          16,
          19
        ],
        "total_demand": 43,
        "total_distance": 69.60337302372099
      },
      {
        "vehicle_id": 6,
        "customer_sequence": [
          9
        ],
        "total_demand": 26,
        "total_distance": 66.49314738771785
      }
    ],
    "total_cost": 173.6230265126635,
    "computation_time": 0.0,
    "is_valid": true,
    "convergence_history": null
  }
}