{
  "instance_id": "synthetic_140c_490q_clustered6_s3918580",
  "instance_name": "Synthetic Clustered",
  "instance_size": 140,
  "configuration": "drl_junior_ga",
  "agent_used": "junior",
  "replicate": 2,
  "seed": 959072099,
  "initial_cost": 1548.2874690378258,
  "final_cost": 1303.4829108633808,
  "improvement_gap": 15.811311727955621,
  "total_time": 355.7163906097412,
  "initialization_time": 334.74425530433655,
  "evolution_time": 20.972135305404663,
  "generations_run": 100,
  "generations_to_convergence": null,
  "convergence_history": [
    1548.2874690378258,
    1548.2874690378258,
    1509.264564098763,
    1509.264564098763,
    1509.264564098763,
    1509.264564098763,
    1509.264564098763,
    1500.2358714775937,
    1471.279825259802,
    1471.279825259802,
    1463.8021975022705,
    1463.2634441893906,
    1450.752625971996,
    1450.752625971996,
    1450.752625971996,
    1436.5618600757914,
    1435.9599575525897,
    1435.6046064468094,
    1421.7691916563854,
    1419.9476003609518,
    1419.9476003609518,
    1419.9476003609518,
    1417.7584442569107,
    1367.6550138151379,
    1367.6550138151379,
    1356.2771019563384,
    1355.417476407862,
    1353.5958851124287,
    1352.4251290518616,
    1352.4251290518616,
    1352.4251290518616,
    1349.7439122079518,
    1346.9118877049416,
    1346.1103507823057,
    1345.496536677564,
    1345.496536677564,
    1342.6645121745537,
    1342.6645121745537,
    1342.6645121745537,
    1342.6645121745537,
    1342.6645121745537,
    1342.6645121745537,
    1340.284335160547,
    1339.1618760472434,
    1337.813633372734,
    1337.813633372734,
    1336.7816990332365,
    1336.7816990332365,
    1335.4334563587272,
    1335.4334563587272,
    1334.7201563883964,
    1334.7201563883964,
    1334.7201563883964,
    1334.7201563883964,
    1334.7201563883964,
    1334.7201563883964,
    1334.7201563883964,
    1334.4349712647238,
    1334.4349712647238,
    1329.3480243632991,
    1329.3480243632991,
    1320.6393617386695,
    1315.9500591594056,
    1315.9500591594056,
    1315.9500591594056,
    1314.4655285294507,
    1314.4655285294507,
    1314.4655285294507,
    1314.4655285294507,
    1313.4325250761653,
    1313.4325250761653,
    1312.7121462660516,
    1312.7121462660516,
    1312.7121462660516,
    1307.5342602030537,
    1307.5342602030537,
    1307.5342602030537,
    1307.5342602030537,
    1307.5342602030537,
    1305.2901200620436,
    1305.2901200620436,
    1305.2901200620436,
    1305.2901200620436,
    1305.2901200620436,
    1304.033771059861,
    1304.033771059861,
    1304.033771059861,
    1304.033771059861,
    1304.033771059861,
    1304.033771059861,
    1304.033771059861,
    1304.033771059861,
    1304.033771059861,
    1304.033771059861,
    1304.033771059861,
    1304.033771059861,
    1303.4829108633808,
    1303.4829108633808,
    1303.4829108633808,
    1303.4829108633808,
    1303.4829108633808
  ],
  "best_solution": {
    "id": "ga_gen0_3393",
    "instance_id": "synthetic_140c_490q_clustered6_s3918580",
    "algorithm": "drl_junior_ga",
    "routes": [
      {
        "vehicle_id": 0,
        "customer_sequence": [
          139,
          125,
          76,
          59,
          137,
          82,
          98,
          120,
          112,
          115,
          124,
          80,
          81,
          23,
          84,
          75,
          91,
          15,
          33,
          5,
          66,
          50,
          36,
          67,
          31,
          32,
          41
        ],
        "total_demand": 488,
        "total_distance": 227.27137597509446
      },
      {
        "vehicle_id": 1,
        "customer_sequence": [
          49,
          56,
          69,
          89,
          28,
          27,
          44,
          60,
          42,
          40,
          57,
          51,
          58,
          61,
          25,
          38,
          45,
          43,
          30,
          14,
          12,
          8,
          9,
          3,
          79
        ],
        "total_demand": 490,
        "total_distance": 331.96278797340216
      },
      {
        "vehicle_id": 2,
        "customer_sequence": [
          133,
          99,
          118,
          127,
          117,
          126,
          17,
          22,
          70,
          6,
          13,
          46,
          26,
          34,
          35,
          39,
          24,
          37,
          21,
          2,
          29,
          19,
          20,
          83,
          77,
          4,
          96
        ],
        "total_demand": 489,
        "total_distance": 234.02074290339425
      },
      {
        "vehicle_id": 3,
        "customer_sequence": [
          68,
          62,
          64,
          140,
          63,
          52,
          48,
          55,
          105,
          103,
          78,
          90,
          73,
          110,
          87,
          102,
          16,
          109,
          121,
          111,
          122,
          93,
          106,
          108,
          104,
          107
        ],
        "total_demand": 490,
        "total_distance": 307.18231085939266
      },
      {
        "vehicle_id": 4,
        "customer_sequence": [
          54,
          18,
          74,
          1,
          92,
          113,
          114,
          95,
          116,
          97,
          136,
          128,
          100,
          138,
          10,
          7,
          94,
          86,
          88,
          11,
          85,
          72,
          129,
          132,
          119,
          135,
          123,
          131,
          130,
          101,
          71,
          53,
          47,
          65
        ],
        "total_demand": 476,
        "total_distance": 425.566377117698
      },
      {
        "vehicle_id": 5,
        "customer_sequence": [
          134
        ],
        "total_demand": 15,
        "total_distance": 67.6989446491494
      }
    ],
    "total_cost": 1303.4829108633808,
    "computation_time": 0.0,
    "is_valid": true,
    "convergence_history": null
  }
}