{
  "instance_id": "synthetic_60c_300q_clustered5_s1382882660",
  "instance_name": "Synthetic Clustered",
  "instance_size": 60,
  "configuration": "drl_junior_ga",
  "agent_used": "junior",
  "replicate": 4,
  "seed": 1688567918,
  "initial_cost": 849.4747350034843,
  "final_cost": 689.617620237029,
  "improvement_gap": 18.818348348618,
  "total_time": 73.66601061820984,
  "initialization_time": 70.62035465240479,
  "evolution_time": 3.0456559658050537,
  "generations_run": 100,
  "generations_to_convergence": 49,
  "convergence_history": [
    849.4747350034843,
    849.4747350034843,
    849.4747350034843,
    849.4747350034843,
    844.8036606978314,
    810.8316251316627,
    810.8316251316627,
    810.8316251316627,
    810.8316251316627,
    810.8316251316627,
    806.0903256893903,
    806.0903256893903,
    803.2934798941368,
    801.88119810998,
    799.4681206904731,
    794.7268212482007,
    794.0364027454963,
    791.9299754529472,
    786.6557313934163,
    786.4982575079704,
    780.6578279894195,
    776.9255554725847,
    776.9255554725847,
    776.9255554725847,
    776.413430833189,
    774.1321542508407,
    774.1321542508407,
    774.1321542508407,
    738.5609494905707,
    738.5609494905707,
    738.5609494905707,
    738.5609494905707,
    738.5609494905707,
    738.5609494905707,
    738.5609494905707,
    734.3518219111604,
    734.3518219111604,
    734.3518219111604,
    732.1309756057642,
    732.1309756057642,
    727.9218480263539,
    727.9218480263539,
    725.7944074390315,
    721.5852798596212,
    721.5852798596212,
    721.5852798596212,
    721.5852798596212,
    721.5852798596212,
    721.5852798596212,
    702.07481819765,
    702.07481819765,
    702.07481819765,
    702.07481819765,
    702.07481819765,
    702.07481819765,
    702.07481819765,
    702.07481819765,
    702.07481819765,
    702.07481819765,
    702.07481819765,
    702.07481819765,
    702.07481819765,
    702.07481819765,
    702.07481819765,
    702.07481819765,
    702.07481819765,
    702.07481819765,
    702.07481819765,
    702.07481819765,
    702.07481819765,
    702.07481819765,
    702.07481819765,
    702.07481819765,
    702.07481819765,
    702.07481819765,
    694.6581691832545,
    694.6581691832545,
    694.6581691832545,
    691.4378307929682,
    691.4378307929682,
    691.4378307929682,
    691.4378307929682,
    691.4378307929682,
    691.4378307929682,
    691.4378307929682,
    691.2707317158157,
    691.2707317158157,
    691.2707317158157,
    691.2707317158157,
    691.2707317158157,
    691.2707317158157,
    691.2707317158157,
    691.2707317158157,
    691.2707317158157,
    691.2707317158157,
    691.2707317158157,
    691.2707317158157,
    691.2707317158157,
    689.617620237029,
    689.617620237029,
    689.617620237029
  ],
  "best_solution": {
    "id": "ga_gen0_8720",
    "instance_id": "synthetic_60c_300q_clustered5_s1382882660",
    "algorithm": "drl_junior_ga",
    "routes": [
      {
        "vehicle_id": 0,
        "customer_sequence": [
          4,
          49,
          34,
          33,
          8,
          29,
          1,
          57,
          24,
          55,
          54,
          50,
          59,
          58,
          60
        ],
        "total_demand": 299,
        "total_distance": 182.01780872476363
      },
      {
        "vehicle_id": 1,
        "customer_sequence": [
          45,
          38,
          39,
          10,
          5,
          26,
          31,
          32,
          35,
          7,
          25,
          9,
          30,
          2,
          12,
          14,
          56
        ],
        "total_demand": 300,
        "total_distance": 265.23089901086416
      },
      {
        "vehicle_id": 2,
        "customer_sequence": [
          23,
          18,
          51,
          52,
          13,
          15,
          16,
          20,
          19,
          17,
          21,
          40,
          47,
          48,
          42,
          43,
          41,
          6,
          28,
          3
        ],
        "total_demand": 299,
        "total_distance": 223.11909871874474
      },
      {
        "vehicle_id": 3,
        "customer_sequence": [
          44,
          37,
          46,
          11,
          27,
          36,
          22,
          53
        ],
        "total_demand": 152,
        "total_distance": 243.42650241455155
      }
    ],
    "total_cost": 689.617620237029,
    "computation_time": 0.0,
    "is_valid": true,
    "convergence_history": null
  }
}