{
  "instance_id": "synthetic_20c_60q_random_s651100647",
  "instance_name": "Synthetic Random",
  "instance_size": 20,
  "configuration": "drl_junior_ga",
  "agent_used": "junior",
  "replicate": 1,
  "seed": 1395483539,
  "initial_cost": 310.81847846169296,
  "final_cost": 239.63510831435786,
  "improvement_gap": 22.901910626304073,
  "total_time": 10.988708019256592,
  "initialization_time": 10.56758713722229,
  "evolution_time": 0.42112088203430176,
  "generations_run": 100,
  "generations_to_convergence": 4,
  "convergence_history": [
    310.81847846169296,
    310.81847846169296,
    252.79774182755165,
    252.79774182755165,
    239.63510831435786,
    239.63510831435786,
    239.63510831435786,
    239.63510831435786,
    239.63510831435786,
    239.63510831435786,
    239.63510831435786,
    239.63510831435786,
    239.63510831435786,
    239.63510831435786,
    239.63510831435786,
    239.63510831435786,
    239.63510831435786,
    239.63510831435786,
    239.63510831435786,
    239.63510831435786,
    239.63510831435786,
    239.63510831435786,
    239.63510831435786,
    239.63510831435786,
    239.63510831435786,
    239.63510831435786,
    239.63510831435786,
    239.63510831435786,
    239.63510831435786,
    239.63510831435786,
    239.63510831435786,
    239.63510831435786,
    239.63510831435786,
    239.63510831435786,
    239.63510831435786,
    239.63510831435786,
    239.63510831435786,
    239.63510831435786,
    239.63510831435786,
    239.63510831435786,
    239.63510831435786,
    239.63510831435786,
    239.63510831435786,
    239.63510831435786,
    239.63510831435786,
    239.63510831435786,
    239.63510831435786,
    239.63510831435786,
    239.63510831435786,
    239.63510831435786,
    239.63510831435786,
    239.63510831435786,
    239.63510831435786,
    239.63510831435786,
    239.63510831435786,
    239.63510831435786,
    239.63510831435786,
    239.63510831435786,
    239.63510831435786,
    239.63510831435786,
    239.63510831435786,
    239.63510831435786,
    239.63510831435786,
    239.63510831435786,
    239.63510831435786,
    239.63510831435786,
    239.63510831435786,
    239.63510831435786,
    239.63510831435786,
    239.63510831435786,
    239.63510831435786,
    239.63510831435786,
    239.63510831435786,
    239.63510831435786,
    239.63510831435786,
    239.63510831435786,
    239.63510831435786,
    239.63510831435786,
    239.63510831435786,
    239.63510831435786,
    239.63510831435786,
    239.63510831435786,
    239.63510831435786,
    239.63510831435786,
    239.63510831435786,
    239.63510831435786,
    239.63510831435786,
    239.63510831435786,
    239.63510831435786,
    239.63510831435786,
    239.63510831435786,
    239.63510831435786,
    239.63510831435786,
    239.63510831435786,
    239.63510831435786,
    239.63510831435786,
    239.63510831435786,
    239.63510831435786,
    239.63510831435786,
    239.63510831435786,
    239.63510831435786
  ],
  "best_solution": {
    "id": "ga_gen0_2923",
    "instance_id": "synthetic_20c_60q_random_s651100647",
    "algorithm": "drl_junior_ga",
    "routes": [
      {
        "vehicle_id": 0,
        "customer_sequence": [
          6,
          17
        ],
        "total_demand": 37,
        "total_distance": 48.72396281590517
      },
      {
        "vehicle_id": 1,
        "customer_sequence": [
          18,
          9
        ],
        "total_demand": 57,
        "total_distance": 110.46088803278407
      },
      {
        "vehicle_id": 2,
        "customer_sequence": [
          19,
          14,
          7
        ],
        "total_demand": 35,
        "total_distance": 71.91998801688376
      },
      {
        "vehicle_id": 3,
        "customer_sequence": [
          2,
          11,
          3
        ],
        "total_demand": 39,
        "total_distance": 146.30432137723278
      },
      {
        "vehicle_id": 4,
        "customer_sequence": [
          13,
          16
        ],
        "total_demand": 39,
        "total_distance": 71.32320489859924
      },
      {
        "vehicle_id": 5,
        "customer_sequence": [
          8,
          5,
          15
        ],
        "total_demand": 54,
        "total_distance": 138.3690208069254
      },
      {
        "vehicle_id": 6,
        "customer_sequence": [
          12,
          4
        ],
        "total_demand": 43,
        "total_distance": 108.73386090809767
      },
      {
        "vehicle_id": 7,
        "customer_sequence": [
          1,
          20,
          10
        ],
        "total_demand": 48,
        "total_distance": 134.83087766743944
      }
    ],
    "total_cost": 239.63510831435786,
    "computation_time": 0.0,
    "is_valid": true,
    "convergence_history": null
  }
}