{
  "instance_id": "synthetic_140c_490q_random_s189978609",
  "instance_name": "Synthetic Random",
  "instance_size": 140,
  "configuration": "drl_junior_ga",
  "agent_used": "junior",
  "replicate": 5,
  "seed": 967841797,
  "initial_cost": 2670.1732911547297,
  "final_cost": 1986.3810617546656,
  "improvement_gap": 25.608533785623884,
  "total_time": 353.6549184322357,
  "initialization_time": 333.0053336620331,
  "evolution_time": 20.649584770202637,
  "generations_run": 100,
  "generations_to_convergence": null,
  "convergence_history": [
    2670.1732911547297,
    2670.1732911547297,
    2651.378414374303,
    2651.378414374303,
    2651.378414374303,
    2651.378414374303,
    2557.9436734668493,
    2557.9436734668493,
    2557.9436734668493,
    2542.386164933602,
    2540.6078251126396,
    2520.596752744122,
    2520.596752744122,
    2508.251041121075,
    2508.251041121075,
    2500.9213006521413,
    2500.9213006521413,
    2490.7289665031076,
    2483.168627798716,
    2483.168627798716,
    2450.925263719201,
    2450.925263719201,
    2450.925263719201,
    2371.34658761026,
    2364.5243241723515,
    2341.035779513652,
    2341.035779513652,
    2331.4596499779486,
    2331.4596499779486,
    2223.522034850422,
    2223.522034850422,
    2208.2626324533553,
    2208.2626324533553,
    2208.2626324533553,
    2208.2626324533553,
    2208.2626324533553,
    2208.2626324533553,
    2205.5231526040398,
    2205.5231526040398,
    2191.767997029017,
    2189.0285171797013,
    2189.0285171797013,
    2189.0285171797013,
    2182.86332857807,
    2182.86332857807,
    2182.86332857807,
    2182.0291051483077,
    2179.9361885217854,
    2176.84965789092,
    2172.7405156089467,
    2170.075357267424,
    2159.114072531249,
    2152.339771907753,
    2152.339771907753,
    2152.339771907753,
    2149.5732790507946,
    2149.5732790507946,
    2149.5732790507946,
    2138.1938743127744,
    2138.1938743127744,
    2091.479947879155,
    2091.479947879155,
    2091.479947879155,
    2080.100543141135,
    2080.100543141135,
    2080.100543141135,
    2080.100543141135,
    2080.100543141135,
    2080.100543141135,
    2080.100543141135,
    2075.4307446596536,
    2075.4307446596536,
    2075.4307446596536,
    2067.0872130404364,
    2067.0872130404364,
    2035.431352734723,
    2035.431352734723,
    2033.663017293931,
    2033.663017293931,
    2024.578444992497,
    2022.3084312569852,
    2022.3084312569852,
    2010.7535738833792,
    2001.054925472815,
    2001.054925472815,
    2001.054925472815,
    1997.451290405318,
    1997.451290405318,
    1997.451290405318,
    1997.451290405318,
    1997.451290405318,
    1997.451290405318,
    1997.451290405318,
    1992.2545602686037,
    1991.7223774490415,
    1991.7223774490415,
    1991.7223774490415,
    1986.5256473123268,
    1986.5256473123268,
    1986.5256473123268,
    1986.3810617546656
  ],
  "best_solution": {
    "id": "ga_gen0_7805",
    "instance_id": "synthetic_140c_490q_random_s189978609",
    "algorithm": "drl_junior_ga",
    "routes": [
      {
        "vehicle_id": 0,
        "customer_sequence": [
          115,
          112,
          89,
          67,
          44,
          77,
          132,
          6,
          140,
          58,
          108,
          40,
          113,
          25,
          28,
          128,
          54,
          99,
          138,
          101,
          94,
          66,
          136,
          122
        ],
        "total_demand": 490,
        "total_distance": 302.10763912536544
      },
      {
        "vehicle_id": 1,
        "customer_sequence": [
          110,
          131,
          100,
          55,
          47,
          78,
          83,
          30,
          88,
          125,
          12,
          72,
          20,
          9,
          114,
          126,
          76,
          127,
          33,
          92,
          130,
          102,
          71,
          8,
          19,
          104,
          87,
          62,
          27
        ],
        "total_demand": 485,
        "total_distance": 509.48749965026167
      },
      {
        "vehicle_id": 2,
        "customer_sequence": [
          107,
          52,
          51,
          57,
          97,
          2,
          64,
          29,
          61,
          109,
          42,
          111,
          65,
          31,
          35,
          7,
          21,
          15,
          68,
          69,
          37,
          34,
          135,
          85,
          22,
          26,
          123,
          3
        ],
        "total_demand": 489,
        "total_distance": 463.7077095077206
      },
      {
        "vehicle_id": 3,
        "customer_sequence": [
          133,
          18,
          14,
          53,
          45,
          117,
          49,
          95,
          105,
          5,
          137,
          120,
          32,
          23,
          74,
          129,
          16,
          82,
          10,
          39,
          91,
          56,
          63,
          84,
          70,
          81,
          46
        ],
        "total_demand": 476,
        "total_distance": 610.9299188715245
      },
      {
        "vehicle_id": 4,
        "customer_sequence": [
          119,
          90,
          73,
          75,
          60,
          41,
          59,
          103,
          36,
          48,
          118,
          86,
          134,
          17,
          93,
          98,
          106,
          11,
          121,
          79,
          24,
          1,
          13,
          50,
          139,
          43,
          80
        ],
        "total_demand": 484,
        "total_distance": 486.5845175393776
      },
      {
        "vehicle_id": 5,
        "customer_sequence": [
          4,
          124,
          38,
          116,
          96
        ],
        "total_demand": 62,
        "total_distance": 136.18193619881848
      }
    ],
    "total_cost": 1986.3810617546656,
    "computation_time": 0.0,
    "is_valid": true,
    "convergence_history": null
  }
}