{
  "instance_id": "synthetic_110c_481q_random_s1671223154",
  "instance_name": "Synthetic Random",
  "instance_size": 110,
  "configuration": "drl_junior_ga",
  "agent_used": "junior",
  "replicate": 4,
  "seed": 1285923197,
  "initial_cost": 1939.0907557906708,
  "final_cost": 1451.9041101936377,
  "improvement_gap": 25.124489100995223,
  "total_time": 229.672260761261,
  "initialization_time": 215.73328948020935,
  "evolution_time": 13.938971281051636,
  "generations_run": 100,
  "generations_to_convergence": null,
  "convergence_history": [
    1939.0907557906708,
    1939.0907557906708,
    1939.0907557906708,
    1939.0907557906708,
    1927.2026426577827,
    1927.2026426577827,
    1903.185808994704,
    1903.185808994704,
    1885.4649766462499,
    1849.3848220567675,
    1836.3770753006174,
    1832.4466537913431,
    1832.4466537913431,
    1832.4466537913431,
    1818.4693564694444,
    1798.9754329978732,
    1783.4907133633847,
    1783.4907133633847,
    1783.4907133633847,
    1783.4907133633847,
    1776.5116102685513,
    1776.5116102685513,
    1761.00061340585,
    1752.0651181698245,
    1710.224048883581,
    1710.224048883581,
    1710.224048883581,
    1710.224048883581,
    1710.224048883581,
    1707.8321255684923,
    1707.8321255684923,
    1707.8321255684923,
    1707.8321255684923,
    1705.8676338324199,
    1705.8676338324199,
    1705.8676338324199,
    1703.3893369143643,
    1698.4609052324709,
    1698.4609052324709,
    1696.4805669395946,
    1691.4657616547343,
    1691.4657616547343,
    1689.0738383396456,
    1683.1659196189053,
    1680.7739963038166,
    1680.7739963038166,
    1675.8297180651198,
    1675.8297180651198,
    1662.1896495681176,
    1654.3296550607438,
    1642.431594339038,
    1640.01536659855,
    1628.0634933534893,
    1628.0634933534893,
    1624.1493306556886,
    1618.3421287927872,
    1615.5566989552826,
    1615.5566989552826,
    1610.393306179164,
    1610.393306179164,
    1610.393306179164,
    1603.5243233783349,
    1591.3923917510401,
    1591.3923917510401,
    1589.8321922583982,
    1585.574932219493,
    1562.8693286583764,
    1555.4940929475779,
    1536.8250500613908,
    1536.8250500613908,
    1536.3187971514217,
    1535.264850568749,
    1535.264850568749,
    1535.264850568749,
    1535.264850568749,
    1534.7585976587798,
    1534.7585976587798,
    1526.298273340788,
    1519.5486032306478,
    1519.5486032306478,
    1519.5486032306478,
    1500.7653681606682,
    1495.4330326259096,
    1495.4330326259096,
    1495.4330326259096,
    1476.64979755593,
    1476.64979755593,
    1476.64979755593,
    1476.64979755593,
    1476.64979755593,
    1476.64979755593,
    1476.64979755593,
    1476.64979755593,
    1476.64979755593,
    1476.64979755593,
    1476.64979755593,
    1476.64979755593,
    1476.64979755593,
    1476.64979755593,
    1456.8302240600847,
    1451.9041101936377
  ],
  "best_solution": {
    "id": "ga_gen0_2780",
    "instance_id": "synthetic_110c_481q_random_s1671223154",
    "algorithm": "drl_junior_ga",
    "routes": [
      {
        "vehicle_id": 0,
        "customer_sequence": [
          57,
          32,
          46,
          72,
          44,
          22,
          13,
          75,
          83,
          64,
          48,
          88,
          104,
          34,
          37,
          28,
          79,
          93,
          98,
          20,
          80,
          5,
          30,
          103
        ],
        "total_demand": 474,
        "total_distance": 431.5209982474557
      },
      {
        "vehicle_id": 1,
        "customer_sequence": [
          21,
          54,
          92,
          62,
          89,
          86,
          23,
          58,
          50,
          49,
          76,
          27,
          84,
          8,
          45,
          97,
          25,
          55,
          69,
          42,
          11,
          53,
          24,
          110,
          61
        ],
        "total_demand": 475,
        "total_distance": 321.1465354674232
      },
      {
        "vehicle_id": 2,
        "customer_sequence": [
          94,
          51,
          85,
          102,
          31,
          47,
          14,
          105,
          91,
          2,
          26,
          29,
          12,
          63,
          1,
          16,
          18,
          73,
          106,
          95,
          109,
          9,
          43,
          33,
          52,
          19,
          10,
          60,
          107,
          65,
          36
        ],
        "total_demand": 481,
        "total_distance": 393.52531253412315
      },
      {
        "vehicle_id": 3,
        "customer_sequence": [
          40,
          82,
          108,
          96,
          6,
          78,
          7,
          67,
          41,
          74,
          99,
          3,
          17,
          71,
          81,
          4,
          100,
          39,
          56,
          59,
          66,
          77,
          90,
          68,
          35,
          15,
          38,
          70,
          87,
          101
        ],
        "total_demand": 429,
        "total_distance": 606.0709593854006
      }
    ],
    "total_cost": 1451.9041101936377,
    "computation_time": 0.0,
    "is_valid": true,
    "convergence_history": null
  }
}