{
  "instance_id": "synthetic_50c_150q_random_s1019194482",
  "instance_name": "Synthetic Random",
  "instance_size": 50,
  "configuration": "drl_junior_ga",
  "agent_used": "junior",
  "replicate": 3,
  "seed": 1021072240,
  "initial_cost": 832.8120988435959,
  "final_cost": 551.1585766326324,
  "improvement_gap": 33.81957618075608,
  "total_time": 52.65826630592346,
  "initialization_time": 50.18228578567505,
  "evolution_time": 2.475980520248413,
  "generations_run": 100,
  "generations_to_convergence": 72,
  "convergence_history": [
    832.8120988435959,
    832.8120988435959,
    708.8932369236935,
    708.8932369236935,
    641.3364576532408,
    639.2848770486348,
    639.2848770486348,
    632.4020721336948,
    632.4020721336948,
    632.4020721336948,
    632.4020721336948,
    632.4020721336948,
    624.715137972093,
    607.8521656467922,
    607.7308277647775,
    607.7308277647775,
    601.1107915595001,
    601.1107915595001,
    599.828164455114,
    599.828164455114,
    599.828164455114,
    599.828164455114,
    599.828164455114,
    599.828164455114,
    599.5469637602482,
    599.5469637602482,
    599.5469637602482,
    599.5469637602482,
    599.5469637602482,
    598.6029394068895,
    598.6029394068895,
    581.0429231580148,
    581.0429231580148,
    581.0429231580148,
    581.0429231580148,
    579.7008900718301,
    574.5767469516779,
    574.2806637282036,
    574.2806637282036,
    567.8144875218668,
    563.5074852549876,
    563.5074852549876,
    563.5074852549876,
    563.5074852549876,
    562.9446913340219,
    562.9446913340219,
    562.9446913340219,
    562.9446913340219,
    562.9446913340219,
    562.9446913340219,
    555.8377288658805,
    555.8377288658805,
    555.8377288658805,
    555.8377288658805,
    555.8377288658805,
    554.8448425158754,
    554.8448425158754,
    554.8448425158754,
    554.8448425158754,
    554.8448425158754,
    554.8448425158754,
    554.8448425158754,
    554.8448425158754,
    554.8448425158754,
    554.8448425158754,
    554.8448425158754,
    554.8448425158754,
    554.8448425158754,
    554.8448425158754,
    554.8448425158754,
    554.8448425158754,
    554.8448425158754,
    551.1585766326324,
    551.1585766326324,
    551.1585766326324,
    551.1585766326324,
    551.1585766326324,
    551.1585766326324,
    551.1585766326324,
    551.1585766326324,
    551.1585766326324,
    551.1585766326324,
    551.1585766326324,
    551.1585766326324,
    551.1585766326324,
    551.1585766326324,
    551.1585766326324,
    551.1585766326324,
    551.1585766326324,
    551.1585766326324,
    551.1585766326324,
    551.1585766326324,
    551.1585766326324,
    551.1585766326324,
    551.1585766326324,
    551.1585766326324,
    551.1585766326324,
    551.1585766326324,
    551.1585766326324,
    551.1585766326324,
    551.1585766326324
  ],
  "best_solution": {
    "id": "ga_gen0_1499",
    "instance_id": "synthetic_50c_150q_random_s1019194482",
    "algorithm": "drl_junior_ga",
    "routes": [
      {
        "vehicle_id": 0,
        "customer_sequence": [
          10,
          49,
          4,
          1,
          31,
          33,
          43,
          39,
          2,
          12,
          15,
          19
        ],
        "total_demand": 150,
        "total_distance": 176.0905707267677
      },
      {
        "vehicle_id": 1,
        "customer_sequence": [
          21,
          9,
          11,
          50,
          29,
          27,
          37
        ],
        "total_demand": 148,
        "total_distance": 146.48065602586556
      },
      {
        "vehicle_id": 2,
        "customer_sequence": [
          24,
          17,
          30,
          13,
          48,
          6,
          22,
          47
        ],
        "total_demand": 150,
        "total_distance": 156.43013270848536
      },
      {
        "vehicle_id": 3,
        "customer_sequence": [
          38,
          44,
          46,
          32,
          18,
          41,
          45,
          34,
          26,
          5
        ],
        "total_demand": 142,
        "total_distance": 173.48345876092964
      },
      {
        "vehicle_id": 4,
        "customer_sequence": [
          35,
          20,
          8,
          23,
          25,
          42,
          7,
          14
        ],
        "total_demand": 146,
        "total_distance": 222.8467977531231
      },
      {
        "vehicle_id": 5,
        "customer_sequence": [
          16,
          40,
          3,
          36,
          28
        ],
        "total_demand": 44,
        "total_distance": 144.80655717692795
      }
    ],
    "total_cost": 551.1585766326324,
    "computation_time": 0.0,
    "is_valid": true,
    "convergence_history": null
  }
}