{
  "instance_id": "synthetic_50c_150q_clustered4_s1394648208",
  "instance_name": "Synthetic Clustered",
  "instance_size": 50,
  "configuration": "drl_junior_ga",
  "agent_used": "junior",
  "replicate": 2,
  "seed": 494613128,
  "initial_cost": 607.1999096348422,
  "final_cost": 489.56327721601986,
  "improvement_gap": 19.37362482309437,
  "total_time": 51.5171160697937,
  "initialization_time": 49.337642431259155,
  "evolution_time": 2.179473638534546,
  "generations_run": 100,
  "generations_to_convergence": 67,
  "convergence_history": [
    607.1999096348422,
    577.3445223687203,
    577.3445223687203,
    577.3445223687203,
    577.3445223687203,
    577.3445223687203,
    572.3250204333559,
    572.3250204333559,
    564.1571803946588,
    564.1571803946588,
    564.1571803946588,
    564.1571803946588,
    559.8588157509902,
    559.8588157509902,
    556.7886813057976,
    548.7095602271393,
    548.7095602271393,
    544.4111955834707,
    541.3410611382781,
    533.1558050426777,
    532.626081249086,
    524.4408251534855,
    524.4408251534855,
    521.370690708293,
    521.370690708293,
    521.370690708293,
    521.370690708293,
    510.2854755732719,
    510.2854755732719,
    510.2854755732719,
    510.2854755732719,
    510.2854755732719,
    510.2854755732719,
    510.2854755732719,
    510.2854755732719,
    510.2854755732719,
    510.2854755732719,
    506.4375308520474,
    506.4375308520474,
    506.4375308520474,
    506.4375308520474,
    506.4375308520474,
    506.4375308520474,
    506.4375308520474,
    506.4375308520474,
    506.00755707178746,
    506.00755707178746,
    506.00755707178746,
    506.00755707178746,
    505.48365452542873,
    505.48365452542873,
    505.48365452542873,
    505.48365452542873,
    505.48365452542873,
    505.48365452542873,
    505.48365452542873,
    505.48365452542873,
    505.48365452542873,
    505.48365452542873,
    505.48365452542873,
    505.48365452542873,
    505.48365452542873,
    505.48365452542873,
    505.48365452542873,
    505.48365452542873,
    505.48365452542873,
    505.48365452542873,
    505.2501019321818,
    505.2501019321818,
    505.2501019321818,
    505.2501019321818,
    505.2501019321818,
    505.2501019321818,
    505.2501019321818,
    505.2501019321818,
    505.2501019321818,
    505.2501019321818,
    505.2501019321818,
    505.2501019321818,
    505.2501019321818,
    505.2501019321818,
    505.2501019321818,
    505.2501019321818,
    505.2501019321818,
    505.2501019321818,
    505.2501019321818,
    505.2501019321818,
    505.2501019321818,
    505.2501019321818,
    505.2501019321818,
    489.56327721601986,
    489.56327721601986,
    489.56327721601986,
    489.56327721601986,
    489.56327721601986,
    489.56327721601986,
    489.56327721601986,
    489.56327721601986,
    489.56327721601986,
    489.56327721601986,
    489.56327721601986
  ],
  "best_solution": {
    "id": "ga_gen0_5597",
    "instance_id": "synthetic_50c_150q_clustered4_s1394648208",
    "algorithm": "drl_junior_ga",
    "routes": [
      {
        "vehicle_id": 0,
        "customer_sequence": [
          7,
          11,
          42,
          3,
          25,
          32,
          26
        ],
        "total_demand": 149,
        "total_distance": 43.83380595336474
      },
      {
        "vehicle_id": 1,
        "customer_sequence": [
          47,
          30,
          33,
          1,
          13,
          21,
          17
        ],
        "total_demand": 150,
        "total_distance": 96.61334639541019
      },
      {
        "vehicle_id": 2,
        "customer_sequence": [
          45,
          43,
          38,
          41,
          39,
          48,
          10,
          19,
          24
        ],
        "total_demand": 150,
        "total_distance": 119.23432129861732
      },
      {
        "vehicle_id": 3,
        "customer_sequence": [
          12,
          9,
          5,
          6,
          2,
          23,
          18,
          40
        ],
        "total_demand": 147,
        "total_distance": 124.299751354057
      },
      {
        "vehicle_id": 4,
        "customer_sequence": [
          35,
          15,
          16,
          22,
          31,
          34,
          28,
          29,
          46,
          27,
          36,
          37
        ],
        "total_demand": 149,
        "total_distance": 129.717044356425
      },
      {
        "vehicle_id": 5,
        "customer_sequence": [
          20,
          4,
          14,
          8,
          44,
          49,
          50
        ],
        "total_demand": 109,
        "total_distance": 244.2841963517577
      }
    ],
    "total_cost": 489.56327721601986,
    "computation_time": 0.0,
    "is_valid": true,
    "convergence_history": null
  }
}