{
  "instance_id": "synthetic_40c_120q_clustered4_s367137374",
  "instance_name": "Synthetic Clustered",
  "instance_size": 40,
  "configuration": "drl_junior_ga",
  "agent_used": "junior",
  "replicate": 5,
  "seed": 9988078,
  "initial_cost": 529.2736910236964,
  "final_cost": 460.4254186793339,
  "improvement_gap": 13.008066244743697,
  "total_time": 36.63190460205078,
  "initialization_time": 34.86328196525574,
  "evolution_time": 1.768622636795044,
  "generations_run": 100,
  "generations_to_convergence": 29,
  "convergence_history": [
    529.2736910236964,
    529.2736910236964,
    529.2736910236964,
    529.2736910236964,
    526.9972122852067,
    526.9972122852067,
    509.448194979855,
    509.448194979855,
    507.1717162413653,
    507.1717162413653,
    504.38344913579056,
    504.38344913579056,
    504.38344913579056,
    504.38344913579056,
    504.38344913579056,
    469.4406425791751,
    469.4406425791751,
    469.4406425791751,
    469.4406425791751,
    469.4406425791751,
    469.4406425791751,
    469.4406425791751,
    469.4406425791751,
    467.43345921218065,
    467.43345921218065,
    467.43345921218065,
    467.43345921218065,
    467.43345921218065,
    467.43345921218065,
    460.4254186793339,
    460.4254186793339,
    460.4254186793339,
    460.4254186793339,
    460.4254186793339,
    460.4254186793339,
    460.4254186793339,
    460.4254186793339,
    460.4254186793339,
    460.4254186793339,
    460.4254186793339,
    460.4254186793339,
    460.4254186793339,
    460.4254186793339,
    460.4254186793339,
    460.4254186793339,
    460.4254186793339,
    460.4254186793339,
    460.4254186793339,
    460.4254186793339,
    460.4254186793339,
    460.4254186793339,
    460.4254186793339,
    460.4254186793339,
    460.4254186793339,
    460.4254186793339,
    460.4254186793339,
    460.4254186793339,
    460.4254186793339,
    460.4254186793339,
    460.4254186793339,
    460.4254186793339,
    460.4254186793339,
    460.4254186793339,
    460.4254186793339,
    460.4254186793339,
    460.4254186793339,
    460.4254186793339,
    460.4254186793339,
    460.4254186793339,
    460.4254186793339,
    460.4254186793339,
    460.4254186793339,
    460.4254186793339,
    460.4254186793339,
    460.4254186793339,
    460.4254186793339,
    460.4254186793339,
    460.4254186793339,
    460.4254186793339,
    460.4254186793339,
    460.4254186793339,
    460.4254186793339,
    460.4254186793339,
    460.4254186793339,
    460.4254186793339,
    460.4254186793339,
    460.4254186793339,
    460.4254186793339,
    460.4254186793339,
    460.4254186793339,
    460.4254186793339,
    460.4254186793339,
    460.4254186793339,
    460.4254186793339,
    460.4254186793339,
    460.4254186793339,
    460.4254186793339,
    460.4254186793339,
    460.4254186793339,
    460.4254186793339,
    460.4254186793339
  ],
  "best_solution": {
    "id": "ga_gen0_8398",
    "instance_id": "synthetic_40c_120q_clustered4_s367137374",
    "algorithm": "drl_junior_ga",
    "routes": [
      {
        "vehicle_id": 0,
        "customer_sequence": [
          6,
          7,
          11,
          15,
          37,
          14
        ],
        "total_demand": 119,
        "total_distance": 130.45523377152284
      },
      {
        "vehicle_id": 1,
        "customer_sequence": [
          23,
          28,
          21,
          33,
          13,
          38,
          17
        ],
        "total_demand": 117,
        "total_distance": 132.90648031455294
      },
      {
        "vehicle_id": 2,
        "customer_sequence": [
          1,
          18,
          16,
          34,
          12,
          31,
          32,
          20
        ],
        "total_demand": 119,
        "total_distance": 153.9787268312807
      },
      {
        "vehicle_id": 3,
        "customer_sequence": [
          35,
          40,
          39,
          26,
          19,
          36,
          22,
          30,
          9
        ],
        "total_demand": 120,
        "total_distance": 165.5050940740497
      },
      {
        "vehicle_id": 4,
        "customer_sequence": [
          29,
          5,
          27,
          10,
          4
        ],
        "total_demand": 119,
        "total_distance": 111.07801249595832
      },
      {
        "vehicle_id": 5,
        "customer_sequence": [
          8,
          2,
          3,
          25,
          24
        ],
        "total_demand": 61,
        "total_distance": 154.7832204556113
      }
    ],
    "total_cost": 460.4254186793339,
    "computation_time": 0.0,
    "is_valid": true,
    "convergence_history": null
  }
}