{
  "instance_id": "synthetic_100c_300q_random_s770394334",
  "instance_name": "Synthetic Random",
  "instance_size": 100,
  "configuration": "drl_junior_ga",
  "agent_used": "junior",
  "replicate": 4,
  "seed": 506322797,
  "initial_cost": 2043.7578106100082,
  "final_cost": 1566.166502750638,
  "improvement_gap": 23.368292729206576,
  "total_time": 187.0285520553589,
  "initialization_time": 175.76082682609558,
  "evolution_time": 11.267725229263306,
  "generations_run": 100,
  "generations_to_convergence": null,
  "convergence_history": [
    2043.7578106100082,
    2007.1629256861588,
    2007.1629256861588,
    2007.1629256861588,
    2007.1629256861588,
    1990.2424612583613,
    1990.2424612583613,
    1949.4585244065745,
    1916.0552181363523,
    1891.2889724841154,
    1891.2889724841154,
    1891.2889724841154,
    1884.8353988442805,
    1865.9278678152343,
    1831.8317813356027,
    1766.6852751562874,
    1742.871220730068,
    1742.871220730068,
    1742.871220730068,
    1742.871220730068,
    1742.871220730068,
    1731.621489950189,
    1731.621489950189,
    1731.621489950189,
    1728.0893087690022,
    1725.0744182311423,
    1713.8246874512633,
    1713.8246874512633,
    1713.8246874512633,
    1709.493288900633,
    1709.493288900633,
    1706.3551500346773,
    1706.3551500346773,
    1689.2409031638356,
    1689.2409031638356,
    1689.2409031638356,
    1689.2409031638356,
    1685.1499384571046,
    1685.1499384571046,
    1685.1499384571046,
    1677.9340053813596,
    1677.9340053813596,
    1677.9340053813596,
    1676.2284564203935,
    1647.3833733019178,
    1647.3833733019178,
    1644.0367621107396,
    1642.3312131497735,
    1642.3312131497735,
    1642.3312131497735,
    1642.3312131497735,
    1638.986473782771,
    1638.986473782771,
    1624.9426860164979,
    1624.9426860164979,
    1604.5147229857075,
    1604.5147229857075,
    1604.5147229857075,
    1599.7793005365565,
    1599.7793005365565,
    1599.7793005365565,
    1599.7793005365565,
    1599.7793005365565,
    1599.7793005365565,
    1594.0839814587455,
    1594.0839814587455,
    1594.0839814587455,
    1594.0839814587455,
    1592.9000075076094,
    1592.9000075076094,
    1592.9000075076094,
    1592.9000075076094,
    1592.9000075076094,
    1592.9000075076094,
    1592.9000075076094,
    1592.9000075076094,
    1592.9000075076094,
    1592.9000075076094,
    1590.6418355047347,
    1590.6418355047347,
    1590.6418355047347,
    1590.6418355047347,
    1588.6567458023173,
    1588.6567458023173,
    1588.6567458023173,
    1582.9470277209891,
    1582.9470277209891,
    1582.9470277209891,
    1575.9730173877354,
    1575.9730173877354,
    1571.1554233814745,
    1571.1554233814745,
    1566.166502750638,
    1566.166502750638,
    1566.166502750638,
    1566.166502750638,
    1566.166502750638,
    1566.166502750638,
    1566.166502750638,
    1566.166502750638,
    1566.166502750638
  ],
  "best_solution": {
    "id": "ga_gen0_7926",
    "instance_id": "synthetic_100c_300q_random_s770394334",
    "algorithm": "drl_junior_ga",
    "routes": [
      {
        "vehicle_id": 0,
        "customer_sequence": [
          44,
          23,
          40,
          83,
          65,
          80,
          17,
          30,
          57,
          1,
          35,
          18,
          5,
          85,
          99
        ],
        "total_demand": 300,
        "total_distance": 326.47260861578627
      },
      {
        "vehicle_id": 1,
        "customer_sequence": [
          2,
          69,
          19,
          74,
          81,
          49,
          71,
          16,
          73,
          68,
          31,
          95,
          56,
          38
        ],
        "total_demand": 290,
        "total_distance": 317.34842409271357
      },
      {
        "vehicle_id": 2,
        "customer_sequence": [
          72,
          94,
          34,
          53,
          78,
          97,
          82,
          92,
          28,
          22,
          61,
          62,
          55,
          70,
          67,
          47
        ],
        "total_demand": 300,
        "total_distance": 188.31576362266378
      },
      {
        "vehicle_id": 3,
        "customer_sequence": [
          32,
          86,
          88,
          46,
          45,
          7,
          50,
          77,
          41,
          64,
          75,
          8,
          59,
          60,
          11,
          91,
          51,
          39
        ],
        "total_demand": 292,
        "total_distance": 337.6615969263196
      },
      {
        "vehicle_id": 4,
        "customer_sequence": [
          43,
          79,
          9,
          10,
          13,
          98,
          76,
          24,
          54,
          21,
          12,
          37,
          63,
          93,
          33
        ],
        "total_demand": 279,
        "total_distance": 414.02770676024824
      },
      {
        "vehicle_id": 5,
        "customer_sequence": [
          87,
          52,
          42,
          27,
          25,
          4,
          6,
          15,
          14,
          66,
          26,
          84,
          100,
          3,
          90,
          20,
          58,
          96
        ],
        "total_demand": 288,
        "total_distance": 418.8129990892868
      },
      {
        "vehicle_id": 6,
        "customer_sequence": [
          29,
          48,
          89,
          36
        ],
        "total_demand": 81,
        "total_distance": 131.1328302853433
      }
    ],
    "total_cost": 1566.166502750638,
    "computation_time": 0.0,
    "is_valid": true,
    "convergence_history": null
  }
}