{
  "instance_id": "synthetic_90c_337q_random_s1069724591",
  "instance_name": "Synthetic Random",
  "instance_size": 90,
  "configuration": "drl_junior_ga",
  "agent_used": "junior",
  "replicate": 5,
  "seed": 55444255,
  "initial_cost": 1759.437236601013,
  "final_cost": 1087.1119474105815,
  "improvement_gap": 38.21251904894715,
  "total_time": 154.8921618461609,
  "initialization_time": 145.7771828174591,
  "evolution_time": 9.114979028701782,
  "generations_run": 100,
  "generations_to_convergence": null,
  "convergence_history": [
    1759.437236601013,
    1759.437236601013,
    1759.437236601013,
    1727.9712733391739,
    1727.9712733391739,
    1727.9712733391739,
    1672.7322473285226,
    1667.3100668324246,
    1625.6430965033146,
    1625.5550648071937,
    1548.6058556918817,
    1535.1344999730616,
    1508.876839885186,
    1430.523235638785,
    1430.523235638785,
    1430.523235638785,
    1425.8607385119276,
    1417.3504610301384,
    1399.8774563883467,
    1385.3564902960438,
    1385.3564902960438,
    1381.1883588100397,
    1357.3595732745016,
    1357.3595732745016,
    1350.5344851419009,
    1347.5722612987815,
    1345.9303235630814,
    1342.9147302149452,
    1333.127418239225,
    1321.2590264650994,
    1321.2590264650994,
    1319.4972053533963,
    1312.23297515809,
    1312.23297515809,
    1312.23297515809,
    1248.3330673693945,
    1239.1001925819191,
    1238.4671794079818,
    1238.4671794079818,
    1231.2029492126755,
    1231.2029492126755,
    1225.5586328199302,
    1225.5586328199302,
    1201.3400772794935,
    1195.6957608867483,
    1195.6957608867483,
    1195.6957608867483,
    1195.6957608867483,
    1190.9173044715094,
    1190.9173044715094,
    1185.892656385797,
    1185.892656385797,
    1185.0369779886305,
    1185.0369779886305,
    1185.0369779886305,
    1182.3230780935744,
    1182.3230780935744,
    1179.436141522171,
    1179.436141522171,
    1176.769952595317,
    1174.8892564506518,
    1172.0023198792483,
    1170.1216237345834,
    1170.1216237345834,
    1169.5402528098828,
    1161.897076672756,
    1161.897076672756,
    1161.897076672756,
    1112.511425522448,
    1112.511425522448,
    1112.511425522448,
    1112.511425522448,
    1112.4854473980688,
    1111.6569874629376,
    1111.6569874629376,
    1111.6569874629376,
    1110.5511214409134,
    1109.1949203935721,
    1109.1949203935721,
    1108.4994729653004,
    1106.063384020314,
    1106.063384020314,
    1106.063384020314,
    1106.063384020314,
    1101.1662449593873,
    1101.1662449593873,
    1101.1662449593873,
    1101.1662449593873,
    1101.1662449593873,
    1101.1662449593873,
    1101.1662449593873,
    1101.1662449593873,
    1101.1662449593873,
    1101.1662449593873,
    1101.1662449593873,
    1101.1662449593873,
    1101.1662449593873,
    1101.1662449593873,
    1101.1662449593873,
    1101.1662449593873,
    1087.1119474105815
  ],
  "best_solution": {
    "id": "ga_gen0_3461",
    "instance_id": "synthetic_90c_337q_random_s1069724591",
    "algorithm": "drl_junior_ga",
    "routes": [
      {
        "vehicle_id": 0,
        "customer_sequence": [
          64,
          68,
          77,
          32,
          63,
          35,
          8,
          9,
          12,
          57,
          38,
          43,
          18,
          86,
          36,
          80,
          1,
          6
        ],
        "total_demand": 337,
        "total_distance": 254.99748532382074
      },
      {
        "vehicle_id": 1,
        "customer_sequence": [
          83,
          49,
          11,
          79,
          66,
          75,
          61,
          52,
          41,
          54,
          3,
          53,
          59,
          25,
          60,
          69,
          82,
          45,
          74,
          27,
          7
        ],
        "total_demand": 335,
        "total_distance": 325.57298112604684
      },
      {
        "vehicle_id": 2,
        "customer_sequence": [
          70,
          13,
          44,
          47,
          30,
          65,
          87,
          51,
          76,
          39,
          19,
          42,
          29,
          48,
          21,
          78,
          20,
          67
        ],
        "total_demand": 329,
        "total_distance": 285.6284379003605
      },
      {
        "vehicle_id": 3,
        "customer_sequence": [
          71,
          31,
          72,
          81,
          84,
          90,
          26,
          22,
          17,
          88,
          58,
          89,
          56,
          4,
          14,
          37,
          40,
          2,
          50,
          28
        ],
        "total_demand": 327,
        "total_distance": 389.9751180862583
      },
      {
        "vehicle_id": 4,
        "customer_sequence": [
          23,
          15,
          16,
          62,
          73,
          55,
          24,
          85,
          10,
          46,
          5,
          34,
          33
        ],
        "total_demand": 193,
        "total_distance": 281.37558772562585
      }
    ],
    "total_cost": 1087.1119474105815,
    "computation_time": 0.0,
    "is_valid": true,
    "convergence_history": null
  }
}