{
  "instance_id": "synthetic_150c_525q_random_s2090336853",
  "instance_name": "Synthetic Random",
  "instance_size": 150,
  "configuration": "drl_junior_ga",
  "agent_used": "junior",
  "replicate": 5,
  "seed": 522849623,
  "initial_cost": 2451.1340929004086,
  "final_cost": 1921.7442406980963,
  "improvement_gap": 21.597751576940016,
  "total_time": 401.11491894721985,
  "initialization_time": 377.551394701004,
  "evolution_time": 23.56352424621582,
  "generations_run": 100,
  "generations_to_convergence": null,
  "convergence_history": [
    2451.1340929004086,
    2451.1340929004086,
    2451.1340929004086,
    2451.1340929004086,
    2451.1340929004086,
    2451.1340929004086,
    2451.1340929004086,
    2409.193091980719,
    2396.5382054593924,
    2396.5382054593924,
    2396.5382054593924,
    2396.5382054593924,
    2380.826108569891,
    2380.826108569891,
    2380.826108569891,
    2372.3453279804007,
    2372.3453279804007,
    2372.3453279804007,
    2372.3453279804007,
    2372.3453279804007,
    2372.3453279804007,
    2370.6120747463888,
    2370.6120747463888,
    2330.706488801989,
    2330.219785879858,
    2330.219785879858,
    2328.973235567977,
    2328.973235567977,
    2328.973235567977,
    2328.486532645846,
    2320.722756923891,
    2320.2360540017603,
    2315.9387084712557,
    2315.9387084712557,
    2315.9387084712557,
    2315.9387084712557,
    2313.6124004113726,
    2210.8464759537496,
    2210.8464759537496,
    2210.8464759537496,
    2204.7986468146287,
    2204.7986468146287,
    2204.7986468146287,
    2203.335777574044,
    2135.113020239007,
    2135.113020239007,
    2133.2587832440295,
    2130.7137954883096,
    2130.7137954883096,
    2113.0385688814918,
    2113.0385688814918,
    2113.0385688814918,
    2113.0385688814918,
    2108.422559162261,
    2104.023334411564,
    2104.023334411564,
    2104.023334411564,
    2104.023334411564,
    2104.023334411564,
    2062.685976639418,
    2062.685976639418,
    2062.685976639418,
    2062.685976639418,
    2053.4271818358907,
    2052.253749590926,
    2052.253749590926,
    2027.5653257146878,
    2027.5653257146878,
    2027.5653257146878,
    2027.5653257146878,
    2027.5653257146878,
    2027.5653257146878,
    2027.5653257146878,
    2027.5653257146878,
    2027.5653257146878,
    2027.5653257146878,
    2027.5653257146878,
    2027.5653257146878,
    2027.5653257146878,
    1995.6907764920343,
    1995.6907764920343,
    1988.5310415333024,
    1988.5310415333024,
    1988.5310415333024,
    1981.7406766701415,
    1945.8119049112142,
    1945.8119049112142,
    1945.8119049112142,
    1945.8119049112142,
    1945.8119049112142,
    1945.8119049112142,
    1941.1141368730437,
    1941.1141368730437,
    1941.1141368730437,
    1941.1141368730437,
    1941.1141368730437,
    1941.1141368730437,
    1926.2343281233711,
    1926.2343281233711,
    1926.2343281233711,
    1921.7442406980963
  ],
  "best_solution": {
    "id": "ga_gen0_3711",
    "instance_id": "synthetic_150c_525q_random_s2090336853",
    "algorithm": "drl_junior_ga",
    "routes": [
      {
        "vehicle_id": 0,
        "customer_sequence": [
          130,
          16,
          25,
          136,
          105,
          139,
          1,
          33,
          14,
          82,
          21,
          60,
          79,
          5,
          140,
          102,
          92,
          50,
          107,
          106,
          93,
          113,
          52,
          61,
          119,
          41,
          112
        ],
        "total_demand": 524,
        "total_distance": 465.39597113111563
      },
      {
        "vehicle_id": 1,
        "customer_sequence": [
          72,
          89,
          101,
          54,
          81,
          91,
          22,
          135,
          74,
          70,
          64,
          148,
          53,
          10,
          80,
          6,
          87,
          12,
          117,
          17,
          128,
          147,
          99,
          69,
          4,
          78,
          48,
          137
        ],
        "total_demand": 524,
        "total_distance": 318.4474863176879
      },
      {
        "vehicle_id": 2,
        "customer_sequence": [
          9,
          20,
          83,
          94,
          124,
          7,
          68,
          86,
          149,
          3,
          132,
          27,
          103,
          34,
          36,
          73,
          109,
          90,
          43,
          75,
          39,
          142,
          67,
          111,
          11,
          129,
          150
        ],
        "total_demand": 521,
        "total_distance": 351.40283036923705
      },
      {
        "vehicle_id": 3,
        "customer_sequence": [
          42,
          24,
          98,
          38,
          121,
          47,
          104,
          28,
          118,
          143,
          123,
          15,
          59,
          29,
          114,
          146,
          18,
          8,
          46,
          65,
          51,
          49,
          30,
          100,
          115,
          77,
          85,
          35,
          13,
          141,
          66
        ],
        "total_demand": 523,
        "total_distance": 480.52585127472497
      },
      {
        "vehicle_id": 4,
        "customer_sequence": [
          134,
          116,
          126,
          62,
          56,
          133,
          138,
          76,
          144,
          58,
          45,
          63,
          88,
          44,
          55,
          97,
          95,
          37,
          31,
          125,
          57,
          127,
          26,
          145,
          2,
          122,
          96,
          32,
          71,
          108,
          131
        ],
        "total_demand": 525,
        "total_distance": 461.2228914870247
      },
      {
        "vehicle_id": 5,
        "customer_sequence": [
          84,
          120,
          40,
          19,
          110,
          23
        ],
        "total_demand": 111,
        "total_distance": 248.65934527281294
      }
    ],
    "total_cost": 1921.7442406980963,
    "computation_time": 0.0,
    "is_valid": true,
    "convergence_history": null
  }
}