{
  "instance_id": "synthetic_50c_150q_random_s1989569460",
  "instance_name": "Synthetic Random",
  "instance_size": 50,
  "configuration": "drl_junior_ga",
  "agent_used": "junior",
  "replicate": 1,
  "seed": 1916688528,
  "initial_cost": 809.4714891211521,
  "final_cost": 742.2299735358099,
  "improvement_gap": 8.306841746624913,
  "total_time": 52.61616778373718,
  "initialization_time": 50.49393892288208,
  "evolution_time": 2.1222288608551025,
  "generations_run": 100,
  "generations_to_convergence": 48,
  "convergence_history": [
    809.4714891211521,
    809.4714891211521,
    809.4714891211521,
    809.4714891211521,
    809.4714891211521,
    809.4714891211521,
    809.4714891211521,
    809.4714891211521,
    809.4714891211521,
    804.3801460629209,
    804.3801460629209,
    804.3801460629209,
    804.3801460629209,
    804.3801460629209,
    804.3801460629209,
    804.3801460629209,
    802.8674816019925,
    802.8674816019925,
    802.8674816019925,
    794.473617138504,
    794.473617138504,
    792.9609526775757,
    792.9609526775757,
    792.9609526775757,
    792.9609526775757,
    791.7704336142847,
    791.7704336142847,
    791.7704336142847,
    791.7704336142847,
    791.7704336142847,
    790.4510178808767,
    790.4510178808767,
    790.4510178808767,
    790.4510178808767,
    790.4510178808767,
    790.4510178808767,
    790.4510178808767,
    788.6885080811475,
    788.6885080811475,
    788.6885080811475,
    788.5075082346702,
    788.5075082346702,
    787.3309153899238,
    787.3309153899238,
    787.3309153899238,
    787.1499155434467,
    787.1499155434467,
    787.1499155434467,
    758.6866038815822,
    758.6866038815822,
    758.6866038815822,
    758.6866038815822,
    758.6866038815822,
    758.6866038815822,
    758.6866038815822,
    758.6866038815822,
    758.6866038815822,
    758.6866038815822,
    758.6866038815822,
    758.6866038815822,
    758.6866038815822,
    758.6866038815822,
    758.6866038815822,
    758.6866038815822,
    758.6866038815822,
    758.6866038815822,
    758.6866038815822,
    758.6866038815822,
    757.5860718057829,
    757.5860718057829,
    757.5860718057829,
    757.5860718057829,
    757.5860718057829,
    757.5860718057829,
    757.5860718057829,
    757.5860718057829,
    757.5860718057829,
    757.5860718057829,
    757.5860718057829,
    753.2808742631225,
    753.2808742631225,
    753.2808742631225,
    753.2808742631225,
    753.2808742631225,
    753.2808742631225,
    753.2808742631225,
    742.2544658675961,
    742.2544658675961,
    742.2544658675961,
    742.2544658675961,
    742.2544658675961,
    742.2544658675961,
    742.2544658675961,
    742.2299735358099,
    742.2299735358099,
    742.2299735358099,
    742.2299735358099,
    742.2299735358099,
    742.2299735358099,
    742.2299735358099,
    742.2299735358099
  ],
  "best_solution": {
    "id": "ga_gen0_1652",
    "instance_id": "synthetic_50c_150q_random_s1989569460",
    "algorithm": "drl_junior_ga",
    "routes": [
      {
        "vehicle_id": 0,
        "customer_sequence": [
          11,
          23,
          4,
          2,
          26,
          5,
          20,
          32,
          16,
          50
        ],
        "total_demand": 150,
        "total_distance": 232.82096680907324
      },
      {
        "vehicle_id": 1,
        "customer_sequence": [
          45,
          1,
          10,
          8,
          47,
          17,
          29,
          48,
          22,
          13
        ],
        "total_demand": 145,
        "total_distance": 225.42847136595626
      },
      {
        "vehicle_id": 2,
        "customer_sequence": [
          25,
          28,
          31,
          39,
          49,
          44,
          7,
          40,
          34,
          18,
          19
        ],
        "total_demand": 149,
        "total_distance": 229.83978746386674
      },
      {
        "vehicle_id": 3,
        "customer_sequence": [
          12,
          42,
          36,
          30,
          6,
          15,
          41,
          43,
          14
        ],
        "total_demand": 150,
        "total_distance": 239.30864562017632
      },
      {
        "vehicle_id": 4,
        "customer_sequence": [
          38,
          21,
          27,
          33,
          9,
          46,
          3,
          35,
          24,
          37
        ],
        "total_demand": 150,
        "total_distance": 243.19736452253687
      }
    ],
    "total_cost": 742.2299735358099,
    "computation_time": 0.0,
    "is_valid": true,
    "convergence_history": null
  }
}