{
  "instance_id": "synthetic_90c_337q_clustered5_s905692967",
  "instance_name": "Synthetic Clustered",
  "instance_size": 90,
  "configuration": "drl_junior_ga",
  "agent_used": "junior",
  "replicate": 2,
  "seed": 1700579579,
  "initial_cost": 941.4760402016263,
  "final_cost": 721.082812679035,
  "improvement_gap": 23.40932940528067,
  "total_time": 152.52785778045654,
  "initialization_time": 145.84401512145996,
  "evolution_time": 6.683842658996582,
  "generations_run": 100,
  "generations_to_convergence": null,
  "convergence_history": [
    941.4760402016263,
    941.4760402016263,
    941.4760402016263,
    941.4760402016263,
    928.1360773495077,
    928.1360773495077,
    928.1360773495077,
    928.1360773495077,
    920.395805481763,
    920.395805481763,
    920.395805481763,
    915.4724643896757,
    915.4724643896757,
    913.4156639294429,
    913.4156639294429,
    890.559974602088,
    890.559974602088,
    890.559974602088,
    886.8171076593552,
    886.8171076593552,
    886.6064182283646,
    886.6064182283646,
    886.6064182283646,
    886.6064182283646,
    867.4270539395324,
    867.4270539395324,
    861.8176545240796,
    861.8176545240796,
    858.4924990920451,
    842.6382902352473,
    842.6382902352473,
    831.9016950020259,
    830.9895981672048,
    830.9895981672048,
    821.6532432743468,
    821.6532432743468,
    820.7411464395257,
    817.4791935593987,
    804.6204753134166,
    804.6204753134166,
    797.5326843728662,
    787.9108421094796,
    787.9108421094796,
    787.7909150818898,
    787.7909150818898,
    787.5802256508991,
    766.3529045392565,
    766.3529045392565,
    766.3529045392565,
    765.895899850317,
    765.895899850317,
    761.5132802160223,
    761.5132802160223,
    759.059121045392,
    747.2845883685613,
    747.2845883685613,
    747.2845883685613,
    740.4478095636364,
    740.4478095636364,
    740.4478095636364,
    740.4478095636364,
    739.6597250448249,
    733.1210288745528,
    732.2307915413696,
    732.2307915413696,
    732.2307915413696,
    732.1401240221421,
    732.1401240221421,
    728.9198174069093,
    728.9198174069093,
    728.9198174069093,
    728.9198174069093,
    728.9198174069093,
    728.9198174069093,
    728.9198174069093,
    728.9198174069093,
    728.9198174069093,
    728.7648959157468,
    728.7648959157468,
    728.7648959157468,
    728.7648959157468,
    728.4377603339369,
    728.4377603339369,
    728.4377603339369,
    728.4377603339369,
    727.7903865607686,
    727.7903865607686,
    724.1688859719497,
    724.1688859719497,
    724.1688859719497,
    723.2709800236432,
    722.461394796203,
    722.461394796203,
    721.5634888478967,
    721.5483874729582,
    721.5483874729582,
    721.5483874729582,
    721.5483874729582,
    721.5483874729582,
    721.082812679035,
    721.082812679035
  ],
  "best_solution": {
    "id": "ga_gen0_8626",
    "instance_id": "synthetic_90c_337q_clustered5_s905692967",
    "algorithm": "drl_junior_ga",
    "routes": [
      {
        "vehicle_id": 0,
        "customer_sequence": [
          66,
          62,
          23,
          86,
          89,
          36,
          30,
          13,
          9,
          16,
          50,
          18,
          65,
          3,
          60,
          6,
          37,
          42
        ],
        "total_demand": 335,
        "total_distance": 185.0509788120292
      },
      {
        "vehicle_id": 1,
        "customer_sequence": [
          31,
          29,
          90,
          24,
          34,
          25,
          32,
          55,
          4,
          71,
          64,
          8,
          11,
          57,
          51,
          47,
          49,
          54
        ],
        "total_demand": 335,
        "total_distance": 133.60928942370978
      },
      {
        "vehicle_id": 2,
        "customer_sequence": [
          21,
          61,
          41,
          69,
          70,
          28,
          68,
          56,
          72,
          53,
          14,
          58,
          67,
          1,
          7,
          46,
          2,
          40,
          39,
          52,
          43,
          15
        ],
        "total_demand": 336,
        "total_distance": 216.17588486507282
      },
      {
        "vehicle_id": 3,
        "customer_sequence": [
          19,
          48,
          22,
          76,
          87,
          83,
          84,
          75,
          79,
          82,
          26,
          17,
          63,
          10,
          45,
          12,
          35,
          5,
          44
        ],
        "total_demand": 337,
        "total_distance": 177.33779580979103
      },
      {
        "vehicle_id": 4,
        "customer_sequence": [
          38,
          20,
          33,
          27,
          73,
          80,
          81,
          78,
          88,
          85,
          77,
          74,
          59
        ],
        "total_demand": 191,
        "total_distance": 180.9534149190319
      }
    ],
    "total_cost": 721.082812679035,
    "computation_time": 0.0,
    "is_valid": true,
    "convergence_history": null
  }
}