{
  "instance_id": "synthetic_20c_60q_random_s1706379186",
  "instance_name": "Synthetic Random",
  "instance_size": 20,
  "configuration": "drl_junior_ga",
  "agent_used": "junior",
  "replicate": 4,
  "seed": 1984536935,
  "initial_cost": 321.1409013218514,
  "final_cost": 195.40690780155637,
  "improvement_gap": 39.1522826904826,
  "total_time": 10.945148706436157,
  "initialization_time": 10.524048328399658,
  "evolution_time": 0.421100378036499,
  "generations_run": 100,
  "generations_to_convergence": 15,
  "convergence_history": [
    321.1409013218514,
    316.2538503198395,
    316.2538503198395,
    316.2538503198395,
    291.1196634620627,
    291.1196634620627,
    291.1196634620627,
    291.1196634620627,
    285.8397736028344,
    285.8397736028344,
    252.76585159738045,
    252.76585159738045,
    252.2415304122094,
    209.0218062973088,
    209.0218062973088,
    195.40690780155637,
    195.40690780155637,
    195.40690780155637,
    195.40690780155637,
    195.40690780155637,
    195.40690780155637,
    195.40690780155637,
    195.40690780155637,
    195.40690780155637,
    195.40690780155637,
    195.40690780155637,
    195.40690780155637,
    195.40690780155637,
    195.40690780155637,
    195.40690780155637,
    195.40690780155637,
    195.40690780155637,
    195.40690780155637,
    195.40690780155637,
    195.40690780155637,
    195.40690780155637,
    195.40690780155637,
    195.40690780155637,
    195.40690780155637,
    195.40690780155637,
    195.40690780155637,
    195.40690780155637,
    195.40690780155637,
    195.40690780155637,
    195.40690780155637,
    195.40690780155637,
    195.40690780155637,
    195.40690780155637,
    195.40690780155637,
    195.40690780155637,
    195.40690780155637,
    195.40690780155637,
    195.40690780155637,
    195.40690780155637,
    195.40690780155637,
    195.40690780155637,
    195.40690780155637,
    195.40690780155637,
    195.40690780155637,
    195.40690780155637,
    195.40690780155637,
    195.40690780155637,
    195.40690780155637,
    195.40690780155637,
    195.40690780155637,
    195.40690780155637,
    195.40690780155637,
    195.40690780155637,
    195.40690780155637,
    195.40690780155637,
    195.40690780155637,
    195.40690780155637,
    195.40690780155637,
    195.40690780155637,
    195.40690780155637,
    195.40690780155637,
    195.40690780155637,
    195.40690780155637,
    195.40690780155637,
    195.40690780155637,
    195.40690780155637,
    195.40690780155637,
    195.40690780155637,
    195.40690780155637,
    195.40690780155637,
    195.40690780155637,
    195.40690780155637,
    195.40690780155637,
    195.40690780155637,
    195.40690780155637,
    195.40690780155637,
    195.40690780155637,
    195.40690780155637,
    195.40690780155637,
    195.40690780155637,
    195.40690780155637,
    195.40690780155637,
    195.40690780155637,
    195.40690780155637,
    195.40690780155637,
    195.40690780155637
  ],
  "best_solution": {
    "id": "ga_gen0_9073",
    "instance_id": "synthetic_20c_60q_random_s1706379186",
    "algorithm": "drl_junior_ga",
    "routes": [
      {
        "vehicle_id": 0,
        "customer_sequence": [
          15,
          17,
          20
        ],
        "total_demand": 56,
        "total_distance": 107.51306827847807
      },
      {
        "vehicle_id": 1,
        "customer_sequence": [
          13,
          6,
          5
        ],
        "total_demand": 51,
        "total_distance": 96.22873003366678
      },
      {
        "vehicle_id": 2,
        "customer_sequence": [
          14,
          16,
          11
        ],
        "total_demand": 42,
        "total_distance": 128.6868113630828
      },
      {
        "vehicle_id": 3,
        "customer_sequence": [
          1,
          19
        ],
        "total_demand": 43,
        "total_distance": 107.22227404832736
      },
      {
        "vehicle_id": 4,
        "customer_sequence": [
          3,
          7
        ],
        "total_demand": 35,
        "total_distance": 124.34188225857085
      },
      {
        "vehicle_id": 5,
        "customer_sequence": [
          18,
          10
        ],
        "total_demand": 45,
        "total_distance": 132.97133893110708
      },
      {
        "vehicle_id": 6,
        "customer_sequence": [
          2,
          4,
          8
        ],
        "total_demand": 49,
        "total_distance": 118.57267135023602
      },
      {
        "vehicle_id": 7,
        "customer_sequence": [
          9,
          12
        ],
        "total_demand": 28,
        "total_distance": 118.0882173265088
      }
    ],
    "total_cost": 195.40690780155637,
    "computation_time": 0.0,
    "is_valid": true,
    "convergence_history": null
  }
}