{
  "instance_id": "synthetic_150c_525q_random_s377631396",
  "instance_name": "Synthetic Random",
  "instance_size": 150,
  "configuration": "drl_junior_ga",
  "agent_used": "junior",
  "replicate": 3,
  "seed": 1958777725,
  "initial_cost": 2624.297597789081,
  "final_cost": 2165.950683960258,
  "improvement_gap": 17.465508264572243,
  "total_time": 397.42986607551575,
  "initialization_time": 373.80310893058777,
  "evolution_time": 23.62675714492798,
  "generations_run": 100,
  "generations_to_convergence": null,
  "convergence_history": [
    2624.297597789081,
    2624.297597789081,
    2624.297597789081,
    2624.297597789081,
    2624.297597789081,
    2624.297597789081,
    2575.064465686385,
    2575.064465686385,
    2550.840791003955,
    2527.278606010087,
    2504.435635432124,
    2504.435635432124,
    2494.4977755120813,
    2476.980700746772,
    2476.980700746772,
    2476.980700746772,
    2476.980700746772,
    2473.2367846633892,
    2473.2367846633892,
    2464.009899627974,
    2464.009899627974,
    2464.009899627974,
    2464.009899627974,
    2464.009899627974,
    2462.8632773602376,
    2446.78452767924,
    2437.4314420561495,
    2437.4314420561495,
    2423.569398473883,
    2422.596742601038,
    2422.206397573911,
    2422.206397573911,
    2410.0720487096896,
    2407.220565173581,
    2407.220565173581,
    2407.220565173581,
    2405.8349833790785,
    2405.8349833790785,
    2405.8349833790785,
    2403.9988646923453,
    2403.9988646923453,
    2402.1596039465526,
    2402.1596039465526,
    2399.4217090544885,
    2397.6101641928176,
    2397.6101641928176,
    2397.6101641928176,
    2397.6101641928176,
    2365.606719944293,
    2365.606719944293,
    2365.606719944293,
    2365.606719944293,
    2365.606719944293,
    2358.5058136282673,
    2303.364279002031,
    2303.364279002031,
    2296.2633726860054,
    2296.2633726860054,
    2292.3084749319605,
    2292.3084749319605,
    2292.3084749319605,
    2292.3084749319605,
    2292.3084749319605,
    2281.757547321218,
    2281.757547321218,
    2281.757547321218,
    2218.733170406709,
    2218.733170406709,
    2218.733170406709,
    2218.733170406709,
    2218.733170406709,
    2218.733170406709,
    2218.733170406709,
    2218.733170406709,
    2218.733170406709,
    2218.733170406709,
    2217.7540604031096,
    2217.7540604031096,
    2217.7540604031096,
    2217.7540604031096,
    2217.7540604031096,
    2216.740211060206,
    2216.740211060206,
    2211.8275023879146,
    2211.8275023879146,
    2210.8136530450115,
    2188.984620108612,
    2188.984620108612,
    2188.984620108612,
    2185.315658399036,
    2169.837214637273,
    2166.168252927697,
    2166.168252927697,
    2166.168252927697,
    2166.168252927697,
    2165.950683960258,
    2165.950683960258,
    2165.950683960258,
    2165.950683960258,
    2165.950683960258,
    2165.950683960258
  ],
  "best_solution": {
    "id": "ga_gen0_1583",
    "instance_id": "synthetic_150c_525q_random_s377631396",
    "algorithm": "drl_junior_ga",
    "routes": [
      {
        "vehicle_id": 0,
        "customer_sequence": [
          63,
          18,
          57,
          3,
          73,
          69,
          148,
          33,
          104,
          14,
          61,
          129,
          40,
          27,
          80,
          127,
          30,
          112,
          70,
          110,
          11,
          88,
          102,
          79,
          123,
          145
        ],
        "total_demand": 524,
        "total_distance": 305.72593715707734
      },
      {
        "vehicle_id": 1,
        "customer_sequence": [
          21,
          53,
          105,
          23,
          130,
          140,
          8,
          144,
          107,
          136,
          65,
          19,
          49,
          50,
          81,
          139,
          37,
          35,
          117,
          82,
          7,
          100,
          56,
          5,
          76,
          135
        ],
        "total_demand": 501,
        "total_distance": 371.46718833979253
      },
      {
        "vehicle_id": 2,
        "customer_sequence": [
          149,
          84,
          13,
          93,
          134,
          48,
          26,
          10,
          74,
          34,
          118,
          64,
          25,
          6,
          12,
          52,
          38,
          78,
          106,
          111,
          24,
          124,
          60,
          17,
          137,
          1,
          120
        ],
        "total_demand": 513,
        "total_distance": 573.3240246502447
      },
      {
        "vehicle_id": 3,
        "customer_sequence": [
          54,
          119,
          15,
          39,
          22,
          103,
          41,
          29,
          71,
          62,
          101,
          47,
          59,
          83,
          128,
          125,
          109,
          121,
          126,
          36,
          42,
          9,
          114,
          51,
          55,
          4,
          147,
          138,
          99,
          32,
          89
        ],
        "total_demand": 525,
        "total_distance": 545.5996255279318
      },
      {
        "vehicle_id": 4,
        "customer_sequence": [
          66,
          43,
          75,
          97,
          142,
          20,
          31,
          91,
          87,
          122,
          44,
          68,
          90,
          85,
          133,
          92,
          28,
          45,
          131,
          67,
          115,
          143,
          116,
          2,
          150,
          46,
          58,
          77,
          98,
          146
        ],
        "total_demand": 519,
        "total_distance": 509.73847833480636
      },
      {
        "vehicle_id": 5,
        "customer_sequence": [
          94,
          113,
          72,
          16,
          86,
          141,
          96,
          108,
          95,
          132
        ],
        "total_demand": 174,
        "total_distance": 234.50656157325727
      }
    ],
    "total_cost": 2165.950683960258,
    "computation_time": 0.0,
    "is_valid": true,
    "convergence_history": null
  }
}