{
  "instance_id": "synthetic_60c_300q_clustered5_s1602549446",
  "instance_name": "Synthetic Clustered",
  "instance_size": 60,
  "configuration": "drl_junior_ga",
  "agent_used": "junior",
  "replicate": 2,
  "seed": 1436468812,
  "initial_cost": 798.998418963127,
  "final_cost": 587.9933184411724,
  "improvement_gap": 26.408700632446724,
  "total_time": 73.88064885139465,
  "initialization_time": 70.75088620185852,
  "evolution_time": 3.129762649536133,
  "generations_run": 100,
  "generations_to_convergence": 69,
  "convergence_history": [
    798.998418963127,
    798.998418963127,
    798.998418963127,
    798.998418963127,
    798.998418963127,
    722.6625691844156,
    722.6625691844156,
    722.6625691844156,
    719.0244894633583,
    719.0244894633583,
    719.0244894633583,
    719.0244894633583,
    719.0244894633583,
    687.7936456581955,
    674.5488545522478,
    641.3584368022484,
    641.3584368022484,
    641.3584368022484,
    641.3584368022484,
    641.3584368022484,
    641.3584368022484,
    641.3584368022484,
    641.3584368022484,
    641.3584368022484,
    640.8232639181329,
    640.8232639181329,
    640.8232639181329,
    639.6056363141608,
    639.6056363141608,
    639.6056363141608,
    631.6282519081825,
    631.6282519081825,
    631.6282519081825,
    631.6282519081825,
    631.6282519081825,
    631.6282519081825,
    631.6282519081825,
    624.1912369731333,
    624.1912369731333,
    618.9511517413023,
    618.9511517413023,
    618.9511517413023,
    613.984726063127,
    613.984726063127,
    613.984726063127,
    608.744640831296,
    608.744640831296,
    608.744640831296,
    599.9089383741244,
    599.9089383741244,
    594.6688531422934,
    594.6688531422934,
    594.6688531422934,
    594.6688531422934,
    594.0081507104192,
    594.0081507104192,
    594.0081507104192,
    594.0081507104192,
    594.0081507104192,
    594.0081507104192,
    594.0081507104192,
    594.0081507104192,
    594.0081507104192,
    594.0081507104192,
    594.0081507104192,
    592.9213373798793,
    592.9213373798793,
    592.9213373798793,
    592.9213373798793,
    592.7578800497538,
    592.7578800497538,
    592.7578800497538,
    592.7578800497538,
    592.7578800497538,
    592.7578800497538,
    592.7578800497538,
    592.7578800497538,
    592.7578800497538,
    592.7578800497538,
    592.7578800497538,
    592.7578800497538,
    592.7578800497538,
    592.7578800497538,
    592.7578800497538,
    592.7578800497538,
    592.7578800497538,
    592.7578800497538,
    592.7578800497538,
    592.7578800497538,
    592.7578800497538,
    592.7578800497538,
    592.7578800497538,
    587.9933184411724,
    587.9933184411724,
    587.9933184411724,
    587.9933184411724,
    587.9933184411724,
    587.9933184411724,
    587.9933184411724,
    587.9933184411724,
    587.9933184411724
  ],
  "best_solution": {
    "id": "ga_gen0_1040",
    "instance_id": "synthetic_60c_300q_clustered5_s1602549446",
    "algorithm": "drl_junior_ga",
    "routes": [
      {
        "vehicle_id": 0,
        "customer_sequence": [
          55,
          45,
          22,
          47,
          23,
          39,
          15,
          14,
          19,
          46,
          37,
          43,
          48,
          1,
          11,
          7,
          8
        ],
        "total_demand": 296,
        "total_distance": 128.52536063005357
      },
      {
        "vehicle_id": 1,
        "customer_sequence": [
          60,
          52,
          50,
          51,
          29,
          16,
          54,
          28,
          33,
          35,
          38,
          4,
          44,
          5,
          3,
          6
        ],
        "total_demand": 299,
        "total_distance": 194.520297928997
      },
      {
        "vehicle_id": 2,
        "customer_sequence": [
          57,
          56,
          58,
          59,
          53,
          49,
          27,
          36,
          34,
          20,
          13,
          21,
          18,
          17,
          24,
          42
        ],
        "total_demand": 298,
        "total_distance": 204.45828195112784
      },
      {
        "vehicle_id": 3,
        "customer_sequence": [
          31,
          25,
          32,
          30,
          26,
          40,
          41,
          9,
          2,
          10,
          12
        ],
        "total_demand": 171,
        "total_distance": 263.09501519715616
      }
    ],
    "total_cost": 587.9933184411724,
    "computation_time": 0.0,
    "is_valid": true,
    "convergence_history": null
  }
}