{
  "instance_id": "synthetic_60c_300q_clustered5_s1865702916",
  "instance_name": "Synthetic Clustered",
  "instance_size": 60,
  "configuration": "drl_junior_ga",
  "agent_used": "junior",
  "replicate": 2,
  "seed": 1111908417,
  "initial_cost": 889.2146505417588,
  "final_cost": 697.1321645786497,
  "improvement_gap": 21.60136316311048,
  "total_time": 74.55549883842468,
  "initialization_time": 71.43396949768066,
  "evolution_time": 3.1215293407440186,
  "generations_run": 100,
  "generations_to_convergence": null,
  "convergence_history": [
    889.2146505417588,
    889.2146505417588,
    889.2146505417588,
    889.2146505417588,
    881.791754567774,
    881.791754567774,
    822.3702942527561,
    798.8420232654834,
    752.6643328228457,
    752.6643328228457,
    752.6643328228457,
    750.8591600987387,
    750.8591600987387,
    750.8591600987387,
    750.8591600987387,
    738.5253414068471,
    738.5253414068471,
    738.5253414068471,
    738.5253414068471,
    735.213368304636,
    734.835131938277,
    734.835131938277,
    734.835131938277,
    724.0466119546456,
    720.7346388524345,
    720.7346388524345,
    720.7346388524345,
    720.7346388524345,
    720.7346388524345,
    719.3511117532232,
    719.3511117532232,
    719.3511117532232,
    719.3511117532232,
    719.3511117532232,
    719.3511117532232,
    719.3511117532232,
    719.3511117532232,
    717.5224202000938,
    717.5224202000938,
    715.470518314855,
    715.470518314855,
    715.470518314855,
    715.470518314855,
    715.470518314855,
    715.470518314855,
    715.470518314855,
    715.2264623361809,
    715.2264623361809,
    715.2264623361809,
    711.6194092325754,
    711.6194092325754,
    711.3753532539014,
    711.3753532539014,
    711.3753532539014,
    710.8907365528507,
    708.6391385443811,
    708.6391385443811,
    708.6391385443811,
    708.6391385443811,
    708.6391385443811,
    708.6391385443811,
    707.7757642427082,
    707.7757642427082,
    707.7757642427082,
    707.7757642427082,
    707.7757642427082,
    707.7757642427082,
    707.7757642427082,
    707.7514340165471,
    707.7514340165471,
    707.6007338708866,
    707.6007338708866,
    707.6007338708866,
    707.6007338708866,
    707.6007338708866,
    704.9184902251286,
    704.9184902251286,
    704.9184902251286,
    704.9184902251286,
    703.2705398370708,
    703.2705398370708,
    703.2705398370708,
    703.2705398370708,
    703.2705398370708,
    702.9575177859518,
    702.9575177859518,
    702.9575177859518,
    702.9575177859518,
    702.9575177859518,
    702.9575177859518,
    701.307932887691,
    701.307932887691,
    701.307932887691,
    701.307932887691,
    700.3481508676657,
    698.1225170557711,
    698.1225170557711,
    697.162735035746,
    697.162735035746,
    697.162735035746,
    697.1321645786497
  ],
  "best_solution": {
    "id": "ga_gen0_6047",
    "instance_id": "synthetic_60c_300q_clustered5_s1865702916",
    "algorithm": "drl_junior_ga",
    "routes": [
      {
        "vehicle_id": 0,
        "customer_sequence": [
          31,
          6,
          60,
          55,
          47,
          43,
          57,
          26,
          25,
          29,
          36,
          17,
          13,
          23
        ],
        "total_demand": 300,
        "total_distance": 298.5444080707686
      },
      {
        "vehicle_id": 1,
        "customer_sequence": [
          34,
          30,
          49,
          27,
          52,
          35,
          37,
          48,
          56,
          45,
          53,
          41,
          42,
          44,
          38,
          46
        ],
        "total_demand": 299,
        "total_distance": 163.1147002744105
      },
      {
        "vehicle_id": 2,
        "customer_sequence": [
          2,
          1,
          16,
          4,
          9,
          7,
          20,
          14,
          24,
          5,
          12,
          8,
          19,
          22,
          3
        ],
        "total_demand": 296,
        "total_distance": 185.37185460881255
      },
      {
        "vehicle_id": 3,
        "customer_sequence": [
          18,
          15,
          11,
          21,
          10,
          28,
          32,
          33,
          50,
          58,
          51,
          54,
          59,
          39,
          40
        ],
        "total_demand": 209,
        "total_distance": 286.65396690864435
      }
    ],
    "total_cost": 697.1321645786497,
    "computation_time": 0.0,
    "is_valid": true,
    "convergence_history": null
  }
}