{
  "instance_id": "synthetic_40c_120q_clustered4_s367137374",
  "instance_name": "Synthetic Clustered",
  "instance_size": 40,
  "configuration": "drl_junior_ga",
  "agent_used": "junior",
  "replicate": 3,
  "seed": 1325929486,
  "initial_cost": 533.5750433488097,
  "final_cost": 469.9698558613674,
  "improvement_gap": 11.920570176641894,
  "total_time": 36.87094497680664,
  "initialization_time": 34.99066948890686,
  "evolution_time": 1.8802754878997803,
  "generations_run": 100,
  "generations_to_convergence": 41,
  "convergence_history": [
    533.5750433488097,
    533.5750433488097,
    533.5750433488097,
    533.5750433488097,
    533.5750433488097,
    533.5750433488097,
    533.5750433488097,
    529.705234222518,
    529.705234222518,
    529.705234222518,
    515.4259681545765,
    515.4259681545765,
    515.4259681545765,
    515.4259681545765,
    514.4173888252038,
    514.4173888252038,
    513.7210459808528,
    507.2340368130921,
    500.10914572167366,
    500.10914572167366,
    499.100566392301,
    496.32935967987663,
    496.29179911754323,
    496.29179911754323,
    495.2832197881706,
    495.2832197881706,
    495.2832197881706,
    493.5506009576071,
    493.5506009576071,
    493.5506009576071,
    493.5506009576071,
    493.5506009576071,
    492.6208794797835,
    479.01811869601823,
    479.01811869601823,
    479.01811869601823,
    478.08839721819464,
    478.08839721819464,
    476.2278935069517,
    476.2278935069517,
    470.899577339191,
    469.9698558613674,
    469.9698558613674,
    469.9698558613674,
    469.9698558613674,
    469.9698558613674,
    469.9698558613674,
    469.9698558613674,
    469.9698558613674,
    469.9698558613674,
    469.9698558613674,
    469.9698558613674,
    469.9698558613674,
    469.9698558613674,
    469.9698558613674,
    469.9698558613674,
    469.9698558613674,
    469.9698558613674,
    469.9698558613674,
    469.9698558613674,
    469.9698558613674,
    469.9698558613674,
    469.9698558613674,
    469.9698558613674,
    469.9698558613674,
    469.9698558613674,
    469.9698558613674,
    469.9698558613674,
    469.9698558613674,
    469.9698558613674,
    469.9698558613674,
    469.9698558613674,
    469.9698558613674,
    469.9698558613674,
    469.9698558613674,
    469.9698558613674,
    469.9698558613674,
    469.9698558613674,
    469.9698558613674,
    469.9698558613674,
    469.9698558613674,
    469.9698558613674,
    469.9698558613674,
    469.9698558613674,
    469.9698558613674,
    469.9698558613674,
    469.9698558613674,
    469.9698558613674,
    469.9698558613674,
    469.9698558613674,
    469.9698558613674,
    469.9698558613674,
    469.9698558613674,
    469.9698558613674,
    469.9698558613674,
    469.9698558613674,
    469.9698558613674,
    469.9698558613674,
    469.9698558613674,
    469.9698558613674,
    469.9698558613674
  ],
  "best_solution": {
    "id": "ga_gen0_3201",
    "instance_id": "synthetic_40c_120q_clustered4_s367137374",
    "algorithm": "drl_junior_ga",
    "routes": [
      {
        "vehicle_id": 0,
        "customer_sequence": [
          6,
          8,
          2,
          7,
          33,
          26,
          14
        ],
        "total_demand": 120,
        "total_distance": 159.424771924001
      },
      {
        "vehicle_id": 1,
        "customer_sequence": [
          1,
          30,
          5,
          10,
          9,
          4,
          3
        ],
        "total_demand": 120,
        "total_distance": 127.84403174430264
      },
      {
        "vehicle_id": 2,
        "customer_sequence": [
          24,
          27,
          28,
          21,
          40,
          13
        ],
        "total_demand": 118,
        "total_distance": 150.87563594578302
      },
      {
        "vehicle_id": 3,
        "customer_sequence": [
          20,
          32,
          37,
          15,
          11,
          16
        ],
        "total_demand": 119,
        "total_distance": 136.66455217930476
      },
      {
        "vehicle_id": 4,
        "customer_sequence": [
          36,
          19,
          34,
          18,
          12,
          17,
          31,
          38,
          35,
          39
        ],
        "total_demand": 120,
        "total_distance": 117.33217477733987
      },
      {
        "vehicle_id": 5,
        "customer_sequence": [
          22,
          29,
          25,
          23
        ],
        "total_demand": 58,
        "total_distance": 114.61443021101402
      }
    ],
    "total_cost": 469.9698558613674,
    "computation_time": 0.0,
    "is_valid": true,
    "convergence_history": null
  }
}