{
  "instance_id": "synthetic_100c_300q_random_s1779751512",
  "instance_name": "Synthetic Random",
  "instance_size": 100,
  "configuration": "drl_junior_ga",
  "agent_used": "junior",
  "replicate": 4,
  "seed": 646659161,
  "initial_cost": 2006.6499829275767,
  "final_cost": 1501.9999707883794,
  "improvement_gap": 25.14888079299931,
  "total_time": 181.98332047462463,
  "initialization_time": 171.36578059196472,
  "evolution_time": 10.617539882659912,
  "generations_run": 100,
  "generations_to_convergence": null,
  "convergence_history": [
    2006.6499829275767,
    2006.6499829275767,
    2006.6499829275767,
    2006.6499829275767,
    2006.6499829275767,
    2006.6499829275767,
    2003.2628555987071,
    1967.4951410518988,
    1929.1200990530788,
    1929.1200990530788,
    1929.1200990530788,
    1925.7329717242092,
    1925.7329717242092,
    1925.7329717242092,
    1922.8003959983885,
    1921.0047210536209,
    1918.0721453278002,
    1836.8006161745038,
    1832.0723655039155,
    1827.47096267477,
    1824.2787157021485,
    1824.2787157021485,
    1822.846405803597,
    1818.4232191985925,
    1818.4232191985925,
    1818.4232191985925,
    1813.2897501329821,
    1809.3054419641753,
    1778.4572367895762,
    1778.4572367895762,
    1778.4572367895762,
    1772.5208668340229,
    1772.5208668340229,
    1758.3677237074214,
    1758.3677237074214,
    1758.3677237074214,
    1755.7333714704025,
    1755.7333714704025,
    1755.7333714704025,
    1755.7333714704025,
    1755.7333714704025,
    1755.7333714704025,
    1755.7333714704025,
    1738.0318491289531,
    1738.0318491289531,
    1738.0318491289531,
    1738.0318491289531,
    1725.9062696230837,
    1708.4305520710554,
    1708.4305520710554,
    1706.8272600893736,
    1678.536404884964,
    1665.1251026877583,
    1656.5361315478062,
    1652.3581015644202,
    1652.3581015644202,
    1652.3581015644202,
    1652.3581015644202,
    1652.3581015644202,
    1652.3581015644202,
    1617.0212306871772,
    1617.0212306871772,
    1617.0212306871772,
    1617.0212306871772,
    1582.0658408770598,
    1582.0658408770598,
    1582.0658408770598,
    1568.1477425524142,
    1568.1477425524142,
    1568.1477425524142,
    1567.9672854758617,
    1567.9672854758617,
    1567.9672854758617,
    1567.9672854758617,
    1563.4408970662873,
    1563.4408970662873,
    1563.4408970662873,
    1560.7507171273778,
    1560.3085961413194,
    1556.2243287178035,
    1556.2243287178035,
    1556.2243287178035,
    1556.2243287178035,
    1556.2243287178035,
    1539.6731698868643,
    1539.6731698868643,
    1539.6731698868643,
    1534.1104084397361,
    1534.1104084397361,
    1530.9290011608723,
    1530.9290011608723,
    1530.9290011608723,
    1530.9290011608723,
    1530.9290011608723,
    1530.9290011608723,
    1521.579707788123,
    1511.3492641611288,
    1511.3492641611288,
    1501.9999707883794,
    1501.9999707883794,
    1501.9999707883794
  ],
  "best_solution": {
    "id": "ga_gen0_6995",
    "instance_id": "synthetic_100c_300q_random_s1779751512",
    "algorithm": "drl_junior_ga",
    "routes": [
      {
        "vehicle_id": 0,
        "customer_sequence": [
          86,
          96,
          4,
          41,
          45,
          94,
          100,
          56,
          17,
          40,
          20,
          99,
          66,
          24,
          90
        ],
        "total_demand": 299,
        "total_distance": 372.11649834621386
      },
      {
        "vehicle_id": 1,
        "customer_sequence": [
          97,
          43,
          23,
          70,
          85,
          69,
          14,
          10,
          78,
          27,
          48,
          34,
          16,
          25,
          54
        ],
        "total_demand": 299,
        "total_distance": 324.38520492365865
      },
      {
        "vehicle_id": 2,
        "customer_sequence": [
          83,
          75,
          26,
          32,
          28,
          72,
          51,
          81,
          36,
          12,
          3,
          84,
          11,
          64,
          68,
          79,
          9,
          87,
          61
        ],
        "total_demand": 296,
        "total_distance": 374.16335183869427
      },
      {
        "vehicle_id": 3,
        "customer_sequence": [
          1,
          93,
          71,
          57,
          15,
          49,
          8,
          37,
          82,
          73,
          76,
          5,
          30,
          50,
          29,
          31,
          59,
          33
        ],
        "total_demand": 297,
        "total_distance": 243.6782635593588
      },
      {
        "vehicle_id": 4,
        "customer_sequence": [
          42,
          19,
          44,
          65,
          77,
          91,
          38,
          46,
          22,
          55,
          89,
          92,
          35,
          52,
          21,
          80,
          63,
          95,
          39,
          7,
          47,
          6
        ],
        "total_demand": 300,
        "total_distance": 295.5793493766504
      },
      {
        "vehicle_id": 5,
        "customer_sequence": [
          53,
          13,
          2,
          88,
          62,
          60,
          18,
          58,
          67,
          74,
          98
        ],
        "total_demand": 216,
        "total_distance": 298.4485126126175
      }
    ],
    "total_cost": 1501.9999707883794,
    "computation_time": 0.0,
    "is_valid": true,
    "convergence_history": null
  }
}