{
  "instance_id": "synthetic_140c_490q_clustered6_s1599123032",
  "instance_name": "Synthetic Clustered",
  "instance_size": 140,
  "configuration": "drl_junior_ga",
  "agent_used": "junior",
  "replicate": 2,
  "seed": 792518014,
  "initial_cost": 1785.7122809538578,
  "final_cost": 1403.1078026230873,
  "improvement_gap": 21.425874840620914,
  "total_time": 351.8321087360382,
  "initialization_time": 331.08769178390503,
  "evolution_time": 20.74441695213318,
  "generations_run": 100,
  "generations_to_convergence": null,
  "convergence_history": [
    1785.7122809538578,
    1785.7122809538578,
    1760.559624381143,
    1760.559624381143,
    1760.559624381143,
    1760.559624381143,
    1760.559624381143,
    1760.231698066248,
    1668.5757649992013,
    1668.5757649992013,
    1668.5757649992013,
    1668.2478386843063,
    1668.2478386843063,
    1668.2478386843063,
    1667.8649146687994,
    1667.8649146687994,
    1667.8649146687994,
    1667.8649146687994,
    1664.8571119805101,
    1620.1930809367152,
    1620.1930809367152,
    1620.1930809367152,
    1603.3021316444165,
    1574.9847272441052,
    1574.9847272441052,
    1556.2473561365896,
    1555.228958360297,
    1555.228958360297,
    1553.8930978624387,
    1550.82518101191,
    1539.5426945508227,
    1539.5426945508227,
    1536.1700385003792,
    1536.1700385003792,
    1528.6684905386269,
    1512.2285381035456,
    1511.059047210795,
    1508.704788936644,
    1490.4747150490025,
    1490.4747150490025,
    1490.4747150490025,
    1490.4747150490025,
    1490.105327912858,
    1489.2752137704056,
    1480.081134080856,
    1479.7117469447114,
    1479.7117469447114,
    1479.3970064108275,
    1479.3970064108275,
    1479.3970064108275,
    1477.5899889154507,
    1477.5899889154507,
    1477.5899889154507,
    1477.5899889154507,
    1477.5899889154507,
    1471.330200833647,
    1471.330200833647,
    1471.330200833647,
    1471.330200833647,
    1471.330200833647,
    1471.330200833647,
    1471.330200833647,
    1471.330200833647,
    1470.7676119325538,
    1470.7676119325538,
    1470.7676119325538,
    1465.813313514278,
    1465.813313514278,
    1465.813313514278,
    1465.813313514278,
    1440.449957291189,
    1440.449957291189,
    1440.449957291189,
    1440.449957291189,
    1431.7369393123347,
    1430.4357506263646,
    1430.4357506263646,
    1430.4357506263646,
    1430.4357506263646,
    1418.8344901052228,
    1418.8344901052228,
    1417.5333014192527,
    1417.5333014192527,
    1417.5333014192527,
    1416.635065294795,
    1416.635065294795,
    1405.1255947990917,
    1404.5002070960068,
    1404.5002070960068,
    1404.5002070960068,
    1404.5002070960068,
    1404.5002070960068,
    1404.0279092399621,
    1404.0279092399621,
    1404.0279092399621,
    1404.0279092399621,
    1403.7436827016124,
    1403.7436827016124,
    1403.1078026230873,
    1403.1078026230873,
    1403.1078026230873
  ],
  "best_solution": {
    "id": "ga_gen0_8362",
    "instance_id": "synthetic_140c_490q_clustered6_s1599123032",
    "algorithm": "drl_junior_ga",
    "routes": [
      {
        "vehicle_id": 0,
        "customer_sequence": [
          28,
          39,
          29,
          19,
          5,
          7,
          64,
          51,
          60,
          53,
          54,
          52,
          74,
          84,
          58,
          49,
          50,
          72,
          56,
          69,
          63,
          92,
          75,
          91,
          121,
          68,
          127,
          25,
          44
        ],
        "total_demand": 490,
        "total_distance": 264.3240349252923
      },
      {
        "vehicle_id": 1,
        "customer_sequence": [
          138,
          99,
          47,
          103,
          71,
          48,
          67,
          55,
          86,
          82,
          65,
          62,
          81,
          66,
          77,
          80,
          59,
          18,
          119,
          128,
          126,
          109,
          107,
          111,
          131,
          100
        ],
        "total_demand": 489,
        "total_distance": 214.3660698408941
      },
      {
        "vehicle_id": 2,
        "customer_sequence": [
          134,
          2,
          139,
          23,
          22,
          11,
          21,
          17,
          12,
          30,
          34,
          26,
          129,
          117,
          10,
          37,
          6,
          35,
          43,
          125,
          137,
          42,
          123,
          116,
          85,
          89,
          76
        ],
        "total_demand": 490,
        "total_distance": 311.7202616720057
      },
      {
        "vehicle_id": 3,
        "customer_sequence": [
          118,
          102,
          136,
          135,
          133,
          122,
          93,
          46,
          32,
          33,
          124,
          57,
          13,
          120,
          97,
          105,
          94,
          106,
          24,
          140,
          41,
          36,
          61,
          78,
          73,
          132,
          114,
          112,
          104
        ],
        "total_demand": 488,
        "total_distance": 365.8110358612304
      },
      {
        "vehicle_id": 4,
        "customer_sequence": [
          113,
          96,
          101,
          79,
          87,
          88,
          90,
          83,
          110,
          115,
          98,
          95,
          108,
          45,
          27,
          31,
          40,
          38,
          8,
          16,
          4,
          1,
          14,
          15,
          3,
          20,
          9,
          130,
          70
        ],
        "total_demand": 484,
        "total_distance": 428.67818451005206
      }
    ],
    "total_cost": 1403.1078026230873,
    "computation_time": 0.0,
    "is_valid": true,
    "convergence_history": null
  }
}