{
  "instance_id": "synthetic_75c_281q_random_s1136794130",
  "instance_name": "Synthetic Random",
  "instance_size": 75,
  "configuration": "drl_junior_ga",
  "agent_used": "junior",
  "replicate": 4,
  "seed": 4432641,
  "initial_cost": 1522.1637099783625,
  "final_cost": 1175.7779051170603,
  "improvement_gap": 22.75614656890132,
  "total_time": 109.41292357444763,
  "initialization_time": 103.30639314651489,
  "evolution_time": 6.106530427932739,
  "generations_run": 100,
  "generations_to_convergence": null,
  "convergence_history": [
    1522.1637099783625,
    1522.1637099783625,
    1522.1637099783625,
    1522.1637099783625,
    1522.1637099783625,
    1517.2371320972577,
    1448.338082317427,
    1437.6194884102667,
    1421.500280866448,
    1415.305718608569,
    1388.7195284673858,
    1388.7195284673858,
    1378.2641435465061,
    1354.1306199749604,
    1354.1306199749604,
    1341.8861593191068,
    1315.3942572419373,
    1315.3942572419373,
    1303.1497965860838,
    1303.1497965860838,
    1303.1497965860838,
    1296.6232177721272,
    1296.6232177721272,
    1291.0462863328405,
    1291.0462863328405,
    1291.0462863328405,
    1291.0462863328405,
    1286.775617579387,
    1286.775617579387,
    1270.6429331467652,
    1266.3722643933115,
    1266.3722643933115,
    1266.3722643933115,
    1258.9225011625776,
    1258.9225011625776,
    1258.9225011625776,
    1258.9225011625776,
    1255.6199558496921,
    1255.6199558496921,
    1255.6199558496921,
    1255.6199558496921,
    1238.816779771294,
    1237.1361710015017,
    1237.1361710015017,
    1220.3329949231033,
    1220.3329949231033,
    1215.1619210813928,
    1215.1619210813928,
    1215.1619210813928,
    1215.1619210813928,
    1211.0823839752732,
    1211.0823839752732,
    1211.0823839752732,
    1209.7647565109462,
    1209.3998218277386,
    1209.3998218277386,
    1208.0821943634119,
    1208.0821943634119,
    1208.0821943634119,
    1207.317716027764,
    1207.317716027764,
    1207.317716027764,
    1207.317716027764,
    1207.317716027764,
    1201.989299871931,
    1201.989299871931,
    1201.989299871931,
    1201.989299871931,
    1201.989299871931,
    1201.751739766188,
    1201.751739766188,
    1201.751739766188,
    1201.751739766188,
    1201.751739766188,
    1201.751739766188,
    1201.751739766188,
    1201.751739766188,
    1197.8056066336158,
    1184.075240900018,
    1184.075240900018,
    1180.1291077674457,
    1180.1291077674457,
    1180.1291077674457,
    1180.1291077674457,
    1180.1291077674457,
    1180.1291077674457,
    1179.7230396905034,
    1179.7230396905034,
    1179.7230396905034,
    1179.7230396905034,
    1179.7230396905034,
    1179.7230396905034,
    1179.7230396905034,
    1179.7230396905034,
    1179.7230396905034,
    1179.7230396905034,
    1175.7779051170603,
    1175.7779051170603,
    1175.7779051170603,
    1175.7779051170603,
    1175.7779051170603
  ],
  "best_solution": {
    "id": "ga_gen0_7541",
    "instance_id": "synthetic_75c_281q_random_s1136794130",
    "algorithm": "drl_junior_ga",
    "routes": [
      {
        "vehicle_id": 0,
        "customer_sequence": [
          71,
          61,
          38,
          1,
          18,
          69,
          29,
          52,
          43,
          20,
          54,
          14,
          73,
          66,
          24
        ],
        "total_demand": 274,
        "total_distance": 276.68064511795023
      },
      {
        "vehicle_id": 1,
        "customer_sequence": [
          72,
          7,
          3,
          8,
          59,
          75,
          41,
          34,
          63,
          10,
          40,
          55,
          15,
          33,
          9
        ],
        "total_demand": 281,
        "total_distance": 215.60412508353042
      },
      {
        "vehicle_id": 2,
        "customer_sequence": [
          47,
          39,
          26,
          44,
          49,
          65,
          19,
          37,
          31,
          56,
          74,
          4,
          51,
          27,
          6,
          32
        ],
        "total_demand": 263,
        "total_distance": 359.63489822711324
      },
      {
        "vehicle_id": 3,
        "customer_sequence": [
          30,
          21,
          2,
          11,
          53,
          35,
          42,
          67,
          12,
          5,
          25,
          36,
          28,
          23
        ],
        "total_demand": 280,
        "total_distance": 266.4285605976604
      },
      {
        "vehicle_id": 4,
        "customer_sequence": [
          50,
          64,
          46,
          16,
          60,
          62,
          57,
          22,
          45,
          48,
          17,
          70,
          13,
          58,
          68
        ],
        "total_demand": 232,
        "total_distance": 408.09681044219997
      }
    ],
    "total_cost": 1175.7779051170603,
    "computation_time": 0.0,
    "is_valid": true,
    "convergence_history": null
  }
}