{
  "instance_id": "synthetic_140c_490q_random_s158679892",
  "instance_name": "Synthetic Random",
  "instance_size": 140,
  "configuration": "drl_junior_ga",
  "agent_used": "junior",
  "replicate": 4,
  "seed": 1403758740,
  "initial_cost": 2703.5685451120503,
  "final_cost": 2096.2753644701293,
  "improvement_gap": 22.46265151071846,
  "total_time": 349.660267829895,
  "initialization_time": 328.9205768108368,
  "evolution_time": 20.739691019058228,
  "generations_run": 100,
  "generations_to_convergence": null,
  "convergence_history": [
    2703.5685451120503,
    2703.5685451120503,
    2703.5685451120503,
    2703.5685451120503,
    2703.5685451120503,
    2697.3058978180197,
    2697.3058978180197,
    2697.3058978180197,
    2697.3058978180197,
    2688.987485987726,
    2688.987485987726,
    2637.711490813986,
    2637.711490813986,
    2614.6010750727964,
    2614.6010750727964,
    2614.6010750727964,
    2581.609281623209,
    2563.967697773696,
    2556.697401325736,
    2556.697401325736,
    2554.1462298225797,
    2522.53948598489,
    2520.118820700108,
    2520.118820700108,
    2503.3165666257937,
    2489.5501446794183,
    2482.6913273632713,
    2470.387648257109,
    2431.8891984844176,
    2431.8891984844176,
    2431.8891984844176,
    2428.154458307935,
    2428.154458307935,
    2428.154458307935,
    2416.4348366382787,
    2414.5871373599975,
    2414.5871373599975,
    2405.135174594514,
    2405.135174594514,
    2403.287475316233,
    2363.7356398790057,
    2363.7356398790057,
    2360.3942497475764,
    2352.1649610653203,
    2327.074135036038,
    2301.790884546444,
    2301.790884546444,
    2301.790884546444,
    2301.790884546444,
    2292.3150731074343,
    2292.3150731074343,
    2292.3150731074343,
    2286.64186835991,
    2286.64186835991,
    2286.64186835991,
    2282.25491249495,
    2277.127022410322,
    2277.127022410322,
    2277.127022410322,
    2257.2852479410976,
    2257.2852479410976,
    2252.4118099002426,
    2252.4118099002426,
    2243.533005875591,
    2243.533005875591,
    2239.1622552574167,
    2237.17519737003,
    2237.17519737003,
    2237.17519737003,
    2237.17519737003,
    2237.17519737003,
    2237.17519737003,
    2221.9028828355717,
    2176.0449841175173,
    2176.0449841175173,
    2176.0449841175173,
    2176.0449841175173,
    2176.0449841175173,
    2171.6966728790394,
    2171.6966728790394,
    2171.6966728790394,
    2171.6966728790394,
    2171.6966728790394,
    2171.6966728790394,
    2171.6966728790394,
    2171.6966728790394,
    2171.6966728790394,
    2171.6966728790394,
    2171.6966728790394,
    2171.6966728790394,
    2171.6966728790394,
    2171.6966728790394,
    2155.594622757397,
    2155.594622757397,
    2148.7545287458224,
    2148.7545287458224,
    2103.115458481703,
    2103.115458481703,
    2096.2753644701293,
    2096.2753644701293,
    2096.2753644701293
  ],
  "best_solution": {
    "id": "ga_gen0_4878",
    "instance_id": "synthetic_140c_490q_random_s158679892",
    "algorithm": "drl_junior_ga",
    "routes": [
      {
        "vehicle_id": 0,
        "customer_sequence": [
          125,
          140,
          66,
          37,
          133,
          75,
          112,
          45,
          135,
          82,
          106,
          65,
          8,
          95,
          122,
          19,
          139,
          17,
          67,
          87,
          129,
          7,
          130,
          88
        ],
        "total_demand": 490,
        "total_distance": 242.282967330316
      },
      {
        "vehicle_id": 1,
        "customer_sequence": [
          73,
          118,
          109,
          57,
          121,
          103,
          24,
          12,
          54,
          91,
          96,
          76,
          2,
          89,
          43,
          62,
          42,
          25,
          83,
          113,
          78,
          39,
          115,
          116,
          71,
          38
        ],
        "total_demand": 489,
        "total_distance": 299.69095756616156
      },
      {
        "vehicle_id": 2,
        "customer_sequence": [
          132,
          77,
          23,
          50,
          72,
          27,
          123,
          98,
          126,
          101,
          18,
          92,
          35,
          107,
          94,
          14,
          28,
          110,
          3,
          120,
          90,
          41,
          137,
          6,
          93,
          44,
          63
        ],
        "total_demand": 490,
        "total_distance": 527.4582786998478
      },
      {
        "vehicle_id": 3,
        "customer_sequence": [
          56,
          47,
          131,
          128,
          85,
          104,
          108,
          61,
          21,
          48,
          80,
          74,
          59,
          127,
          69,
          36,
          70,
          68,
          26,
          34,
          1,
          32,
          30,
          31,
          134,
          46,
          79,
          58,
          64
        ],
        "total_demand": 490,
        "total_distance": 589.6150326343727
      },
      {
        "vehicle_id": 4,
        "customer_sequence": [
          86,
          97,
          9,
          81,
          22,
          10,
          52,
          16,
          102,
          119,
          40,
          124,
          60,
          99,
          53,
          13,
          105,
          20,
          33,
          5,
          49,
          11,
          117,
          114,
          136,
          111,
          29,
          15,
          4,
          55,
          51,
          138
        ],
        "total_demand": 490,
        "total_distance": 781.7164462529544
      },
      {
        "vehicle_id": 5,
        "customer_sequence": [
          100,
          84
        ],
        "total_demand": 52,
        "total_distance": 90.21663366324208
      }
    ],
    "total_cost": 2096.2753644701293,
    "computation_time": 0.0,
    "is_valid": true,
    "convergence_history": null
  }
}