{
  "instance_id": "synthetic_150c_525q_clustered6_s2010231941",
  "instance_name": "Synthetic Clustered",
  "instance_size": 150,
  "configuration": "drl_junior_ga",
  "agent_used": "junior",
  "replicate": 1,
  "seed": 653343770,
  "initial_cost": 1633.6771811333183,
  "final_cost": 1360.716560315018,
  "improvement_gap": 16.708357316280903,
  "total_time": 398.5715162754059,
  "initialization_time": 375.38432931900024,
  "evolution_time": 23.18718695640564,
  "generations_run": 100,
  "generations_to_convergence": null,
  "convergence_history": [
    1633.6771811333183,
    1633.6771811333183,
    1623.2172099994498,
    1616.0602144939985,
    1616.0602144939985,
    1596.5480325452047,
    1572.6863883724873,
    1564.6843138017512,
    1556.9080863142995,
    1556.9080863142995,
    1556.9080863142995,
    1556.9080863142995,
    1556.9080863142995,
    1556.9080863142995,
    1550.117873757646,
    1550.117873757646,
    1535.9629540999395,
    1534.7025426666514,
    1527.912330109998,
    1527.912330109998,
    1521.0655070201296,
    1521.0655070201296,
    1521.0655070201296,
    1521.0655070201296,
    1521.0655070201296,
    1516.0167296555492,
    1516.0167296555492,
    1516.0167296555492,
    1516.0167296555492,
    1516.0167296555492,
    1516.0167296555492,
    1513.849842087478,
    1513.849842087478,
    1513.849842087478,
    1513.849842087478,
    1513.849842087478,
    1513.849842087478,
    1513.849842087478,
    1513.849842087478,
    1506.4081595966773,
    1506.4081595966773,
    1506.4081595966773,
    1506.4081595966773,
    1506.4081595966773,
    1503.0141066269398,
    1503.0141066269398,
    1501.1231185802421,
    1501.1231185802421,
    1501.1231185802421,
    1494.1570876324247,
    1494.1570876324247,
    1492.266099585727,
    1492.266099585727,
    1488.579452460502,
    1485.9885786144084,
    1485.9885786144084,
    1485.9885786144084,
    1470.8926320803835,
    1470.8926320803835,
    1454.3767303710829,
    1450.8825609742664,
    1450.8825609742664,
    1450.8825609742664,
    1450.8825609742664,
    1449.147901991701,
    1449.147901991701,
    1449.147901991701,
    1449.147901991701,
    1449.147901991701,
    1449.147901991701,
    1448.7707062526779,
    1448.7707062526779,
    1446.2559611239917,
    1446.242270674983,
    1446.242270674983,
    1446.242270674983,
    1446.242270674983,
    1433.2348439977459,
    1433.2348439977459,
    1433.2348439977459,
    1428.3914243970057,
    1428.3914243970057,
    1428.3914243970057,
    1428.3914243970057,
    1428.3914243970057,
    1428.3914243970057,
    1422.188824657054,
    1422.188824657054,
    1393.3448697079093,
    1393.3448697079093,
    1393.3448697079093,
    1390.3408860752525,
    1369.8757881779961,
    1366.8718045453393,
    1366.8718045453393,
    1366.8718045453393,
    1366.8718045453393,
    1366.8718045453393,
    1366.8718045453393,
    1360.716560315018,
    1360.716560315018
  ],
  "best_solution": {
    "id": "ga_gen0_5812",
    "instance_id": "synthetic_150c_525q_clustered6_s2010231941",
    "algorithm": "drl_junior_ga",
    "routes": [
      {
        "vehicle_id": 0,
        "customer_sequence": [
          47,
          76,
          109,
          25,
          124,
          20,
          105,
          91,
          88,
          94,
          4,
          43,
          96,
          78,
          93,
          86,
          84,
          85,
          98,
          77,
          58,
          64,
          65,
          61,
          74,
          132,
          107
        ],
        "total_demand": 514,
        "total_distance": 252.99878800928343
      },
      {
        "vehicle_id": 1,
        "customer_sequence": [
          45,
          111,
          116,
          139,
          136,
          137,
          127,
          131,
          14,
          150,
          13,
          15,
          19,
          92,
          81,
          95,
          18,
          100,
          9,
          37,
          2,
          79,
          26,
          17
        ],
        "total_demand": 517,
        "total_distance": 246.5055102613482
      },
      {
        "vehicle_id": 2,
        "customer_sequence": [
          75,
          68,
          128,
          21,
          1,
          60,
          51,
          53,
          119,
          106,
          148,
          62,
          69,
          70,
          71,
          56,
          11,
          24,
          57,
          30,
          38,
          126,
          8,
          29,
          33,
          48,
          121,
          50,
          120,
          41,
          125
        ],
        "total_demand": 500,
        "total_distance": 390.17777578207995
      },
      {
        "vehicle_id": 3,
        "customer_sequence": [
          35,
          49,
          34,
          117,
          66,
          140,
          141,
          55,
          122,
          108,
          102,
          113,
          118,
          147,
          145,
          143,
          115,
          144,
          112,
          12,
          146,
          123,
          42,
          31,
          40,
          7,
          46,
          44
        ],
        "total_demand": 524,
        "total_distance": 310.10820519775643
      },
      {
        "vehicle_id": 4,
        "customer_sequence": [
          39,
          28,
          36,
          104,
          27,
          73,
          133,
          52,
          32,
          101,
          16,
          22,
          149,
          103,
          63,
          67,
          23,
          54,
          72,
          138,
          135,
          110,
          130,
          6,
          129,
          89,
          80,
          97,
          90,
          82,
          114,
          87,
          5,
          99,
          142,
          10,
          134,
          3,
          83
        ],
        "total_demand": 502,
        "total_distance": 372.17951196616906
      },
      {
        "vehicle_id": 5,
        "customer_sequence": [
          59
        ],
        "total_demand": 26,
        "total_distance": 101.5846535854702
      }
    ],
    "total_cost": 1360.716560315018,
    "computation_time": 0.0,
    "is_valid": true,
    "convergence_history": null
  }
}