{
  "instance_id": "synthetic_75c_281q_clustered5_s407233915",
  "instance_name": "Synthetic Clustered",
  "instance_size": 75,
  "configuration": "drl_junior_ga",
  "agent_used": "junior",
  "replicate": 5,
  "seed": 743029846,
  "initial_cost": 775.9550867943228,
  "final_cost": 602.0454026923953,
  "improvement_gap": 22.412338943532767,
  "total_time": 108.80598664283752,
  "initialization_time": 104.07039380073547,
  "evolution_time": 4.735592842102051,
  "generations_run": 100,
  "generations_to_convergence": null,
  "convergence_history": [
    775.9550867943228,
    775.9550867943228,
    775.9550867943228,
    775.9550867943228,
    772.5654796137549,
    771.6056722757075,
    764.6390320439327,
    752.5065262638482,
    752.5065262638482,
    717.050006232987,
    717.050006232987,
    717.050006232987,
    717.050006232987,
    711.9326735467434,
    711.9326735467434,
    677.8037223773151,
    674.4141151967472,
    674.4141151967472,
    674.4141151967472,
    654.3093189610574,
    654.3093189610574,
    654.3093189610574,
    654.3093189610574,
    654.3093189610574,
    652.4677227065913,
    652.4677227065913,
    652.4677227065913,
    652.4677227065913,
    652.4677227065913,
    652.4677227065913,
    652.4677227065913,
    652.4677227065913,
    652.4677227065913,
    623.4520770628449,
    623.4520770628449,
    623.4520770628449,
    623.4520770628449,
    623.4520770628449,
    623.4520770628449,
    623.4520770628449,
    623.4520770628449,
    623.4520770628449,
    623.4520770628449,
    622.7056097844832,
    622.7056097844832,
    622.7056097844832,
    622.7056097844832,
    622.7056097844832,
    622.7056097844832,
    622.0982243103515,
    622.0982243103515,
    622.0982243103515,
    622.0982243103515,
    622.0982243103515,
    621.009416555755,
    621.009416555755,
    621.009416555755,
    621.009416555755,
    621.009416555755,
    621.009416555755,
    621.009416555755,
    620.8622385687559,
    620.8622385687559,
    620.8622385687559,
    620.8622385687559,
    620.8622385687559,
    620.8622385687559,
    620.8622385687559,
    620.8622385687559,
    620.8622385687559,
    620.8622385687559,
    620.8622385687559,
    620.8622385687559,
    620.8622385687559,
    620.8622385687559,
    620.8622385687559,
    620.8622385687559,
    617.4244127153281,
    617.4244127153281,
    617.4244127153281,
    617.4244127153281,
    617.4244127153281,
    617.4244127153281,
    617.4244127153281,
    617.4244127153281,
    617.4244127153281,
    617.4244127153281,
    617.4244127153281,
    617.4244127153281,
    617.4244127153281,
    617.4244127153281,
    603.4269256524599,
    603.4269256524599,
    603.4269256524599,
    603.4269256524599,
    603.4269256524599,
    603.4269256524599,
    603.4269256524599,
    602.4448113958704,
    602.4448113958704,
    602.0454026923953
  ],
  "best_solution": {
    "id": "ga_gen0_8434",
    "instance_id": "synthetic_75c_281q_clustered5_s407233915",
    "algorithm": "drl_junior_ga",
    "routes": [
      {
        "vehicle_id": 0,
        "customer_sequence": [
          33,
          31,
          11,
          14,
          7,
          6,
          30,
          63,
          24,
          38,
          68,
          23
        ],
        "total_demand": 281,
        "total_distance": 85.9203916773447
      },
      {
        "vehicle_id": 1,
        "customer_sequence": [
          5,
          44,
          59,
          57,
          50,
          52,
          54,
          53,
          47,
          48,
          46,
          56,
          13
        ],
        "total_demand": 278,
        "total_distance": 151.64930796762127
      },
      {
        "vehicle_id": 2,
        "customer_sequence": [
          35,
          62,
          45,
          41,
          40,
          4,
          66,
          37,
          65,
          3,
          69,
          42
        ],
        "total_demand": 280,
        "total_distance": 77.29889968998005
      },
      {
        "vehicle_id": 3,
        "customer_sequence": [
          71,
          29,
          55,
          51,
          75,
          73,
          32,
          39,
          43,
          21,
          1,
          27,
          67,
          28,
          2,
          15,
          74,
          70
        ],
        "total_demand": 278,
        "total_distance": 220.95738958709163
      },
      {
        "vehicle_id": 4,
        "customer_sequence": [
          60,
          58,
          49,
          9,
          8,
          34,
          36,
          10,
          64,
          72,
          20,
          61,
          12,
          17,
          19,
          22,
          26,
          18,
          25,
          16
        ],
        "total_demand": 240,
        "total_distance": 260.9103341154474
      }
    ],
    "total_cost": 602.0454026923953,
    "computation_time": 0.0,
    "is_valid": true,
    "convergence_history": null
  }
}