{
  "instance_id": "synthetic_50c_150q_random_s2054244932",
  "instance_name": "Synthetic Random",
  "instance_size": 50,
  "configuration": "drl_junior_ga",
  "agent_used": "junior",
  "replicate": 2,
  "seed": 2076753987,
  "initial_cost": 1071.8915425594255,
  "final_cost": 915.7781545130734,
  "improvement_gap": 14.564289561758265,
  "total_time": 52.06136918067932,
  "initialization_time": 49.83456349372864,
  "evolution_time": 2.2268056869506836,
  "generations_run": 100,
  "generations_to_convergence": null,
  "convergence_history": [
    1071.8915425594255,
    1071.8915425594255,
    1071.8915425594255,
    1071.8915425594255,
    1071.8915425594255,
    1071.8915425594255,
    1071.8915425594255,
    1071.8915425594255,
    1071.8915425594255,
    1053.7708576953985,
    1053.7708576953985,
    1049.0522495114033,
    1049.0522495114033,
    1016.6916237844001,
    1016.6916237844001,
    1016.6916237844001,
    1016.6916237844001,
    1016.6916237844001,
    1016.6916237844001,
    1016.6916237844001,
    1016.6916237844001,
    977.9732742722682,
    977.9732742722682,
    977.9732742722682,
    977.9732742722682,
    977.9732742722682,
    977.9732742722682,
    962.2504428192184,
    947.0512750683307,
    947.0512750683307,
    947.0512750683307,
    926.2404032277511,
    926.2404032277511,
    926.2404032277511,
    926.2404032277511,
    926.2404032277511,
    926.2404032277511,
    926.2404032277511,
    926.2404032277511,
    926.2404032277511,
    926.2404032277511,
    926.2404032277511,
    926.2404032277511,
    926.2404032277511,
    926.2404032277511,
    926.2404032277511,
    926.2404032277511,
    926.2404032277511,
    926.2404032277511,
    918.7029715593487,
    918.7029715593487,
    918.7029715593487,
    918.7029715593487,
    918.7029715593487,
    918.5619382700571,
    918.5619382700571,
    918.5619382700571,
    918.5619382700571,
    918.5619382700571,
    918.5619382700571,
    918.5619382700571,
    918.1683277677718,
    918.1683277677718,
    918.1683277677718,
    918.1683277677718,
    918.1683277677718,
    918.1683277677718,
    918.1683277677718,
    918.1683277677718,
    918.1683277677718,
    918.1683277677718,
    918.1683277677718,
    918.1683277677718,
    918.1683277677718,
    918.1683277677718,
    918.1683277677718,
    918.1683277677718,
    916.3077752676427,
    916.3077752676427,
    916.3077752676427,
    916.3077752676427,
    916.3077752676427,
    916.3077752676427,
    916.3077752676427,
    916.3077752676427,
    916.3077752676427,
    916.3077752676427,
    916.3077752676427,
    916.3077752676427,
    916.3077752676427,
    915.7781545130734,
    915.7781545130734,
    915.7781545130734,
    915.7781545130734,
    915.7781545130734,
    915.7781545130734,
    915.7781545130734,
    915.7781545130734,
    915.7781545130734,
    915.7781545130734,
    915.7781545130734
  ],
  "best_solution": {
    "id": "ga_gen0_7116",
    "instance_id": "synthetic_50c_150q_random_s2054244932",
    "algorithm": "drl_junior_ga",
    "routes": [
      {
        "vehicle_id": 0,
        "customer_sequence": [
          46,
          45,
          22,
          10,
          44,
          11,
          14,
          26
        ],
        "total_demand": 150,
        "total_distance": 261.38089567766656
      },
      {
        "vehicle_id": 1,
        "customer_sequence": [
          35,
          41,
          5,
          13,
          37,
          43,
          20,
          4,
          8
        ],
        "total_demand": 148,
        "total_distance": 213.65352833354956
      },
      {
        "vehicle_id": 2,
        "customer_sequence": [
          7,
          12,
          39,
          15,
          19,
          33,
          1
        ],
        "total_demand": 146,
        "total_distance": 254.85923256291935
      },
      {
        "vehicle_id": 3,
        "customer_sequence": [
          6,
          34,
          3,
          50,
          36,
          30,
          18,
          49,
          24,
          17
        ],
        "total_demand": 146,
        "total_distance": 187.17852971000892
      },
      {
        "vehicle_id": 4,
        "customer_sequence": [
          47,
          16,
          25,
          2,
          21,
          32,
          23,
          38,
          48,
          31,
          28
        ],
        "total_demand": 142,
        "total_distance": 257.4770196706058
      },
      {
        "vehicle_id": 5,
        "customer_sequence": [
          9,
          40,
          27,
          29,
          42
        ],
        "total_demand": 110,
        "total_distance": 156.48869098463996
      }
    ],
    "total_cost": 915.7781545130734,
    "computation_time": 0.0,
    "is_valid": true,
    "convergence_history": null
  }
}