{
  "instance_id": "synthetic_110c_481q_clustered6_s1964921483",
  "instance_name": "Synthetic Clustered",
  "instance_size": 110,
  "configuration": "drl_junior_ga",
  "agent_used": "junior",
  "replicate": 3,
  "seed": 1426562494,
  "initial_cost": 1274.894622344228,
  "final_cost": 1028.1414120348782,
  "improvement_gap": 19.354792622438822,
  "total_time": 225.40929412841797,
  "initialization_time": 212.47485160827637,
  "evolution_time": 12.934442520141602,
  "generations_run": 100,
  "generations_to_convergence": null,
  "convergence_history": [
    1274.894622344228,
    1274.894622344228,
    1274.894622344228,
    1274.894622344228,
    1274.894622344228,
    1274.894622344228,
    1274.894622344228,
    1226.8922588981673,
    1226.8922588981673,
    1225.4719569499089,
    1225.4719569499089,
    1225.4719569499089,
    1215.573863359103,
    1215.573863359103,
    1213.3113945022287,
    1211.9751440009188,
    1210.3702926599058,
    1205.3683856844834,
    1205.0787545081234,
    1176.8625883629072,
    1171.8669084391593,
    1158.3680651694756,
    1154.9772365867407,
    1154.9772365867407,
    1154.9772365867407,
    1153.215288355805,
    1153.215288355805,
    1145.5430016160874,
    1143.7810533851516,
    1143.7810533851516,
    1138.7860214226796,
    1138.7860214226796,
    1135.5646877586908,
    1135.5646877586908,
    1133.5761192059817,
    1133.5761192059817,
    1133.5761192059817,
    1133.5761192059817,
    1131.9917190177714,
    1125.2493124993323,
    1125.2493124993323,
    1125.2493124993323,
    1120.6417854813017,
    1120.6417854813017,
    1120.6417854813017,
    1120.6417854813017,
    1111.898394551513,
    1111.898394551513,
    1103.6023258108635,
    1103.6023258108635,
    1103.6023258108635,
    1103.6023258108635,
    1092.0663160501101,
    1092.0663160501101,
    1092.0663160501101,
    1092.0663160501101,
    1092.0663160501101,
    1092.0663160501101,
    1092.0663160501101,
    1088.8844339832062,
    1088.8844339832062,
    1088.8844339832062,
    1087.0147034422484,
    1087.0147034422484,
    1087.0147034422484,
    1087.0147034422484,
    1087.0147034422484,
    1087.0147034422484,
    1084.9149053734086,
    1080.027435368348,
    1080.027435368348,
    1080.027435368348,
    1064.507776511533,
    1059.0394037508133,
    1051.091395788054,
    1051.091395788054,
    1051.091395788054,
    1043.0310143275167,
    1043.0310143275167,
    1043.0310143275167,
    1043.0310143275167,
    1040.9985863809131,
    1040.9985863809131,
    1040.9985863809131,
    1040.8919482228366,
    1040.8919482228366,
    1035.6736985948426,
    1035.6736985948426,
    1032.431838380572,
    1032.431838380572,
    1032.431838380572,
    1032.431838380572,
    1032.431838380572,
    1028.1414120348782,
    1028.1414120348782,
    1028.1414120348782,
    1028.1414120348782,
    1028.1414120348782,
    1028.1414120348782,
    1028.1414120348782,
    1028.1414120348782
  ],
  "best_solution": {
    "id": "ga_gen0_1741",
    "instance_id": "synthetic_110c_481q_clustered6_s1964921483",
    "algorithm": "drl_junior_ga",
    "routes": [
      {
        "vehicle_id": 0,
        "customer_sequence": [
          97,
          88,
          76,
          79,
          77,
          83,
          28,
          25,
          94,
          104,
          26,
          92,
          105,
          96,
          101,
          19,
          98,
          21,
          30,
          93,
          27,
          23,
          24,
          22
        ],
        "total_demand": 481,
        "total_distance": 220.35770662637887
      },
      {
        "vehicle_id": 1,
        "customer_sequence": [
          72,
          56,
          53,
          16,
          66,
          70,
          17,
          58,
          14,
          9,
          45,
          43,
          59,
          46,
          12,
          74,
          95,
          99,
          73,
          84,
          82,
          85
        ],
        "total_demand": 481,
        "total_distance": 187.4277341335717
      },
      {
        "vehicle_id": 2,
        "customer_sequence": [
          90,
          86,
          89,
          81,
          100,
          1,
          38,
          63,
          7,
          55,
          42,
          40,
          11,
          50,
          48,
          3,
          37,
          18,
          6,
          5,
          10,
          35,
          57,
          13,
          4,
          20,
          39,
          67,
          44
        ],
        "total_demand": 481,
        "total_distance": 266.81732589936394
      },
      {
        "vehicle_id": 3,
        "customer_sequence": [
          71,
          65,
          106,
          87,
          80,
          33,
          31,
          61,
          29,
          2,
          102,
          68,
          69,
          15,
          62,
          64,
          47,
          41,
          110,
          49,
          51,
          8,
          54,
          52,
          108,
          107,
          36,
          75,
          91,
          109
        ],
        "total_demand": 481,
        "total_distance": 461.2054649029865
      },
      {
        "vehicle_id": 4,
        "customer_sequence": [
          78,
          60,
          32,
          34,
          103
        ],
        "total_demand": 88,
        "total_distance": 163.8365235797354
      }
    ],
    "total_cost": 1028.1414120348782,
    "computation_time": 0.0,
    "is_valid": true,
    "convergence_history": null
  }
}