{
  "instance_id": "synthetic_40c_120q_random_s1921601310",
  "instance_name": "Synthetic Random",
  "instance_size": 40,
  "configuration": "drl_junior_ga",
  "agent_used": "junior",
  "replicate": 1,
  "seed": 1561723115,
  "initial_cost": 792.8033360389834,
  "final_cost": 607.0643139199924,
  "improvement_gap": 23.428133267826954,
  "total_time": 34.64569020271301,
  "initialization_time": 33.263142585754395,
  "evolution_time": 1.3825476169586182,
  "generations_run": 100,
  "generations_to_convergence": 57,
  "convergence_history": [
    792.8033360389834,
    792.8033360389834,
    792.8033360389834,
    767.744027495771,
    767.744027495771,
    762.5963016579344,
    757.7085456504019,
    713.2575585111226,
    713.2575585111226,
    713.2575585111226,
    713.2575585111226,
    713.2575585111226,
    713.2575585111226,
    708.3887124939168,
    708.3887124939168,
    708.3887124939168,
    708.3887124939168,
    708.3887124939168,
    701.3372929940891,
    701.3372929940891,
    697.2896580161588,
    690.0268945835523,
    682.94161273402,
    656.9156880954624,
    656.9156880954624,
    655.9032500802956,
    633.7832850259773,
    633.7832850259773,
    633.7832850259773,
    633.7832850259773,
    628.8955290184447,
    628.8955290184447,
    625.0408581844571,
    620.1531021769243,
    620.1531021769243,
    616.1431712708887,
    616.1431712708887,
    613.5056428660357,
    613.5056428660357,
    613.5056428660357,
    613.5056428660357,
    613.5056428660357,
    612.2502866807893,
    612.2502866807893,
    610.149926321084,
    610.149926321084,
    610.149926321084,
    610.149926321084,
    610.149926321084,
    610.149926321084,
    610.149926321084,
    610.149926321084,
    610.149926321084,
    610.149926321084,
    610.149926321084,
    610.149926321084,
    610.149926321084,
    607.0643139199924,
    607.0643139199924,
    607.0643139199924,
    607.0643139199924,
    607.0643139199924,
    607.0643139199924,
    607.0643139199924,
    607.0643139199924,
    607.0643139199924,
    607.0643139199924,
    607.0643139199924,
    607.0643139199924,
    607.0643139199924,
    607.0643139199924,
    607.0643139199924,
    607.0643139199924,
    607.0643139199924,
    607.0643139199924,
    607.0643139199924,
    607.0643139199924,
    607.0643139199924,
    607.0643139199924,
    607.0643139199924,
    607.0643139199924,
    607.0643139199924,
    607.0643139199924,
    607.0643139199924,
    607.0643139199924,
    607.0643139199924,
    607.0643139199924,
    607.0643139199924,
    607.0643139199924,
    607.0643139199924,
    607.0643139199924,
    607.0643139199924,
    607.0643139199924,
    607.0643139199924,
    607.0643139199924,
    607.0643139199924,
    607.0643139199924,
    607.0643139199924,
    607.0643139199924,
    607.0643139199924,
    607.0643139199924
  ],
  "best_solution": {
    "id": "ga_gen0_8326",
    "instance_id": "synthetic_40c_120q_random_s1921601310",
    "algorithm": "drl_junior_ga",
    "routes": [
      {
        "vehicle_id": 0,
        "customer_sequence": [
          17,
          39,
          18,
          8,
          10,
          40
        ],
        "total_demand": 100,
        "total_distance": 172.0364534575649
      },
      {
        "vehicle_id": 1,
        "customer_sequence": [
          5,
          36,
          26,
          6,
          25,
          28,
          23
        ],
        "total_demand": 111,
        "total_distance": 117.68773110112235
      },
      {
        "vehicle_id": 2,
        "customer_sequence": [
          35,
          29,
          22,
          33,
          19,
          4,
          21
        ],
        "total_demand": 112,
        "total_distance": 184.67215727981164
      },
      {
        "vehicle_id": 3,
        "customer_sequence": [
          9,
          7,
          11,
          14,
          31
        ],
        "total_demand": 105,
        "total_distance": 131.2423961788681
      },
      {
        "vehicle_id": 4,
        "customer_sequence": [
          27,
          34,
          20,
          13,
          32
        ],
        "total_demand": 108,
        "total_distance": 116.52982099980187
      },
      {
        "vehicle_id": 5,
        "customer_sequence": [
          2,
          38,
          1,
          30,
          16,
          12
        ],
        "total_demand": 109,
        "total_distance": 183.66834378483742
      },
      {
        "vehicle_id": 6,
        "customer_sequence": [
          15,
          3,
          37,
          24
        ],
        "total_demand": 63,
        "total_distance": 216.36702943048408
      }
    ],
    "total_cost": 607.0643139199924,
    "computation_time": 0.0,
    "is_valid": true,
    "convergence_history": null
  }
}