{
  "instance_id": "synthetic_30c_90q_random_s1155944711",
  "instance_name": "Synthetic Random",
  "instance_size": 30,
  "configuration": "drl_junior_ga",
  "agent_used": "junior",
  "replicate": 5,
  "seed": 1542152913,
  "initial_cost": 518.610271967285,
  "final_cost": 493.8135251376115,
  "improvement_gap": 4.781383665157665,
  "total_time": 21.2687668800354,
  "initialization_time": 20.430655479431152,
  "evolution_time": 0.838111400604248,
  "generations_run": 100,
  "generations_to_convergence": 9,
  "convergence_history": [
    518.610271967285,
    518.610271967285,
    518.610271967285,
    518.610271967285,
    518.610271967285,
    518.610271967285,
    506.39565950810845,
    506.39565950810845,
    506.39565950810845,
    498.29379026647626,
    498.29379026647626,
    498.29379026647626,
    498.29379026647626,
    498.29379026647626,
    498.29379026647626,
    498.29379026647626,
    498.29379026647626,
    498.29379026647626,
    498.29379026647626,
    498.29379026647626,
    498.29379026647626,
    498.29379026647626,
    498.29379026647626,
    498.29379026647626,
    498.29379026647626,
    498.29379026647626,
    498.29379026647626,
    498.29379026647626,
    498.29379026647626,
    498.29379026647626,
    498.29379026647626,
    498.29379026647626,
    498.29379026647626,
    498.29379026647626,
    498.29379026647626,
    493.8135251376115,
    493.8135251376115,
    493.8135251376115,
    493.8135251376115,
    493.8135251376115,
    493.8135251376115,
    493.8135251376115,
    493.8135251376115,
    493.8135251376115,
    493.8135251376115,
    493.8135251376115,
    493.8135251376115,
    493.8135251376115,
    493.8135251376115,
    493.8135251376115,
    493.8135251376115,
    493.8135251376115,
    493.8135251376115,
    493.8135251376115,
    493.8135251376115,
    493.8135251376115,
    493.8135251376115,
    493.8135251376115,
    493.8135251376115,
    493.8135251376115,
    493.8135251376115,
    493.8135251376115,
    493.8135251376115,
    493.8135251376115,
    493.8135251376115,
    493.8135251376115,
    493.8135251376115,
    493.8135251376115,
    493.8135251376115,
    493.8135251376115,
    493.8135251376115,
    493.8135251376115,
    493.8135251376115,
    493.8135251376115,
    493.8135251376115,
    493.8135251376115,
    493.8135251376115,
    493.8135251376115,
    493.8135251376115,
    493.8135251376115,
    493.8135251376115,
    493.8135251376115,
    493.8135251376115,
    493.8135251376115,
    493.8135251376115,
    493.8135251376115,
    493.8135251376115,
    493.8135251376115,
    493.8135251376115,
    493.8135251376115,
    493.8135251376115,
    493.8135251376115,
    493.8135251376115,
    493.8135251376115,
    493.8135251376115,
    493.8135251376115,
    493.8135251376115,
    493.8135251376115,
    493.8135251376115,
    493.8135251376115,
    493.8135251376115
  ],
  "best_solution": {
    "id": "ga_gen0_4109",
    "instance_id": "synthetic_30c_90q_random_s1155944711",
    "algorithm": "drl_junior_ga",
    "routes": [
      {
        "vehicle_id": 0,
        "customer_sequence": [
          10,
          29,
          4,
          3,
          18,
          30
        ],
        "total_demand": 90,
        "total_distance": 256.66520332285535
      },
      {
        "vehicle_id": 1,
        "customer_sequence": [
          13,
          25,
          11,
          24,
          9
        ],
        "total_demand": 90,
        "total_distance": 134.95187648063572
      },
      {
        "vehicle_id": 2,
        "customer_sequence": [
          16,
          15,
          20,
          6,
          28
        ],
        "total_demand": 80,
        "total_distance": 142.99221105060383
      },
      {
        "vehicle_id": 3,
        "customer_sequence": [
          2,
          12,
          5,
          1
        ],
        "total_demand": 87,
        "total_distance": 95.0082021068454
      },
      {
        "vehicle_id": 4,
        "customer_sequence": [
          8,
          19,
          22,
          7
        ],
        "total_demand": 90,
        "total_distance": 110.16980952817798
      },
      {
        "vehicle_id": 5,
        "customer_sequence": [
          14,
          27,
          21,
          23
        ],
        "total_demand": 81,
        "total_distance": 209.2965237246977
      },
      {
        "vehicle_id": 6,
        "customer_sequence": [
          17,
          26
        ],
        "total_demand": 38,
        "total_distance": 107.14455797565307
      }
    ],
    "total_cost": 493.8135251376115,
    "computation_time": 0.0,
    "is_valid": true,
    "convergence_history": null
  }
}