{
  "instance_id": "synthetic_100c_300q_clustered5_s2030798714",
  "instance_name": "Synthetic Clustered",
  "instance_size": 100,
  "configuration": "drl_junior_ga",
  "agent_used": "junior",
  "replicate": 2,
  "seed": 1922567946,
  "initial_cost": 1187.571795778093,
  "final_cost": 925.8027831178655,
  "improvement_gap": 22.042373656130607,
  "total_time": 187.84770345687866,
  "initialization_time": 176.53395104408264,
  "evolution_time": 11.31375241279602,
  "generations_run": 100,
  "generations_to_convergence": null,
  "convergence_history": [
    1187.571795778093,
    1187.571795778093,
    1187.200277937357,
    1187.200277937357,
    1187.200277937357,
    1184.467848985018,
    1156.3483732518478,
    1145.1223131290267,
    1112.695123633747,
    1112.3528609171717,
    1112.3528609171717,
    1112.3528609171717,
    1112.3528609171717,
    1082.336039693286,
    1075.7746111382291,
    1075.7746111382291,
    1075.7746111382291,
    1074.2255765919567,
    1037.7310923380537,
    1037.7310923380537,
    1037.7310923380537,
    1035.8368887093661,
    1033.8703491775298,
    1030.1941319442249,
    1028.3687894929144,
    1023.8367351423813,
    1023.8367351423813,
    1020.8318290990856,
    1020.8318290990856,
    1018.4105497072924,
    1018.4105497072924,
    1016.3686359259295,
    1014.474432297242,
    1014.474432297242,
    1014.474432297242,
    1013.9473565341364,
    1013.9473565341364,
    1013.9473565341364,
    1013.9473565341364,
    1011.5913451313096,
    1011.5913451313096,
    1011.5913451313096,
    1009.6518914601838,
    1009.6518914601838,
    1006.8514923948453,
    997.9666421688132,
    997.9666421688132,
    997.9666421688132,
    996.0271884976875,
    996.0271884976875,
    996.0271884976875,
    996.0271884976875,
    996.0271884976875,
    996.0271884976875,
    996.0271884976875,
    996.0271884976875,
    996.0271884976875,
    996.0271884976875,
    996.0271884976875,
    996.0271884976875,
    975.548519866868,
    975.548519866868,
    975.548519866868,
    975.548519866868,
    975.548519866868,
    975.548519866868,
    975.548519866868,
    975.548519866868,
    975.548519866868,
    973.7135522828162,
    961.8261183588404,
    961.8261183588404,
    959.9911507747886,
    959.9911507747886,
    959.9911507747886,
    959.9911507747886,
    959.9911507747886,
    959.4695014037978,
    959.4695014037978,
    959.4695014037978,
    959.3935859407184,
    959.3935859407184,
    946.4791562271115,
    946.4791562271115,
    946.4032407640319,
    937.7030687736038,
    937.7030687736038,
    937.6271533105242,
    936.1545753903675,
    933.3588414221152,
    927.2753610380222,
    925.8027831178655,
    925.8027831178655,
    925.8027831178655,
    925.8027831178655,
    925.8027831178655,
    925.8027831178655,
    925.8027831178655,
    925.8027831178655,
    925.8027831178655,
    925.8027831178655
  ],
  "best_solution": {
    "id": "ga_gen0_8958",
    "instance_id": "synthetic_100c_300q_clustered5_s2030798714",
    "algorithm": "drl_junior_ga",
    "routes": [
      {
        "vehicle_id": 0,
        "customer_sequence": [
          97,
          95,
          90,
          43,
          91,
          89,
          81,
          41,
          71,
          79,
          67,
          60,
          99,
          44,
          53,
          51
        ],
        "total_demand": 285,
        "total_distance": 119.60021293395407
      },
      {
        "vehicle_id": 1,
        "customer_sequence": [
          70,
          73,
          66,
          72,
          62,
          94,
          84,
          92,
          93,
          86,
          85,
          48,
          87,
          98,
          82,
          37
        ],
        "total_demand": 297,
        "total_distance": 167.11094409791338
      },
      {
        "vehicle_id": 2,
        "customer_sequence": [
          36,
          35,
          25,
          13,
          20,
          10,
          2,
          12,
          16,
          19,
          5,
          14,
          32,
          77
        ],
        "total_demand": 297,
        "total_distance": 119.27047045325276
      },
      {
        "vehicle_id": 3,
        "customer_sequence": [
          40,
          56,
          45,
          50,
          88,
          100,
          23,
          21,
          28,
          22,
          24,
          27,
          57,
          38,
          59,
          49,
          33,
          68
        ],
        "total_demand": 294,
        "total_distance": 221.97458931884634
      },
      {
        "vehicle_id": 4,
        "customer_sequence": [
          65,
          4,
          76,
          74,
          63,
          75,
          69,
          61,
          58,
          55,
          46,
          54,
          83,
          96,
          8
        ],
        "total_demand": 297,
        "total_distance": 283.9001327082628
      },
      {
        "vehicle_id": 5,
        "customer_sequence": [
          7,
          11,
          9,
          17,
          3,
          18,
          6,
          1,
          80,
          15,
          34,
          29,
          78,
          64,
          30,
          31,
          26,
          39,
          42,
          52,
          47
        ],
        "total_demand": 263,
        "total_distance": 251.76931388343627
      }
    ],
    "total_cost": 925.8027831178655,
    "computation_time": 0.0,
    "is_valid": true,
    "convergence_history": null
  }
}