{
  "instance_id": "synthetic_40c_120q_clustered4_s1938856732",
  "instance_name": "Synthetic Clustered",
  "instance_size": 40,
  "configuration": "drl_junior_ga",
  "agent_used": "junior",
  "replicate": 3,
  "seed": 1079382697,
  "initial_cost": 500.6341700701416,
  "final_cost": 404.3584127752928,
  "improvement_gap": 19.230760313735683,
  "total_time": 35.50743246078491,
  "initialization_time": 33.81429123878479,
  "evolution_time": 1.693141222000122,
  "generations_run": 100,
  "generations_to_convergence": 79,
  "convergence_history": [
    500.6341700701416,
    500.6341700701416,
    495.5919234201443,
    495.5919234201443,
    495.5919234201443,
    485.7204283219227,
    485.7204283219227,
    485.7204283219227,
    485.7204283219227,
    473.27207796449835,
    473.27207796449835,
    473.27207796449835,
    473.27207796449835,
    473.27207796449835,
    473.27207796449835,
    473.27207796449835,
    473.27207796449835,
    473.27207796449835,
    473.27207796449835,
    473.27207796449835,
    457.1685564679703,
    457.1685564679703,
    457.1685564679703,
    450.93861657179394,
    445.01639688278914,
    445.01639688278914,
    445.01639688278914,
    445.01639688278914,
    445.01639688278914,
    445.01639688278914,
    445.01639688278914,
    445.01639688278914,
    445.01639688278914,
    445.01639688278914,
    441.6470024106146,
    441.6470024106146,
    441.6470024106146,
    439.440469271954,
    436.638050505311,
    436.638050505311,
    433.26865603313655,
    433.26865603313655,
    433.26865603313655,
    433.26865603313655,
    418.3161644502634,
    418.3161644502634,
    418.3161644502634,
    418.3161644502634,
    418.3161644502634,
    418.01748856050875,
    418.01748856050875,
    418.01748856050875,
    418.01748856050875,
    418.01748856050875,
    418.01748856050875,
    418.01748856050875,
    418.01748856050875,
    417.2893294249473,
    417.2893294249473,
    417.2893294249473,
    417.2893294249473,
    417.2893294249473,
    417.2893294249473,
    417.2893294249473,
    406.5946971353945,
    406.5946971353945,
    406.5946971353945,
    406.5946971353945,
    406.5946971353945,
    406.5946971353945,
    406.5946971353945,
    406.5946971353945,
    406.5946971353945,
    406.5946971353945,
    406.5946971353945,
    406.5946971353945,
    406.5946971353945,
    406.5946971353945,
    406.5946971353945,
    404.3584127752928,
    404.3584127752928,
    404.3584127752928,
    404.3584127752928,
    404.3584127752928,
    404.3584127752928,
    404.3584127752928,
    404.3584127752928,
    404.3584127752928,
    404.3584127752928,
    404.3584127752928,
    404.3584127752928,
    404.3584127752928,
    404.3584127752928,
    404.3584127752928,
    404.3584127752928,
    404.3584127752928,
    404.3584127752928,
    404.3584127752928,
    404.3584127752928,
    404.3584127752928,
    404.3584127752928
  ],
  "best_solution": {
    "id": "ga_gen0_7398",
    "instance_id": "synthetic_40c_120q_clustered4_s1938856732",
    "algorithm": "drl_junior_ga",
    "routes": [
      {
        "vehicle_id": 0,
        "customer_sequence": [
          27,
          30,
          24,
          29,
          32,
          35
        ],
        "total_demand": 119,
        "total_distance": 125.96376323112831
      },
      {
        "vehicle_id": 1,
        "customer_sequence": [
          21,
          9,
          3,
          16,
          13,
          20
        ],
        "total_demand": 117,
        "total_distance": 92.21748086026975
      },
      {
        "vehicle_id": 2,
        "customer_sequence": [
          36,
          26,
          28,
          12,
          14,
          19
        ],
        "total_demand": 116,
        "total_distance": 191.0054526908021
      },
      {
        "vehicle_id": 3,
        "customer_sequence": [
          40,
          31,
          37,
          39,
          34,
          33,
          38
        ],
        "total_demand": 118,
        "total_distance": 121.46527372384057
      },
      {
        "vehicle_id": 4,
        "customer_sequence": [
          23,
          22,
          4,
          10,
          5,
          2
        ],
        "total_demand": 119,
        "total_distance": 104.89130508099272
      },
      {
        "vehicle_id": 5,
        "customer_sequence": [
          17,
          11,
          18,
          15,
          6,
          1,
          7,
          8
        ],
        "total_demand": 117,
        "total_distance": 135.81247095804986
      },
      {
        "vehicle_id": 6,
        "customer_sequence": [
          25
        ],
        "total_demand": 24,
        "total_distance": 88.67593476638025
      }
    ],
    "total_cost": 404.3584127752928,
    "computation_time": 0.0,
    "is_valid": true,
    "convergence_history": null
  }
}