{
  "instance_id": "synthetic_50c_150q_clustered4_s1394648208",
  "instance_name": "Synthetic Clustered",
  "instance_size": 50,
  "configuration": "drl_junior_ga",
  "agent_used": "junior",
  "replicate": 5,
  "seed": 178525571,
  "initial_cost": 602.1817799450033,
  "final_cost": 478.2022801995577,
  "improvement_gap": 20.588384417205138,
  "total_time": 52.101364850997925,
  "initialization_time": 50.018911600112915,
  "evolution_time": 2.0824532508850098,
  "generations_run": 100,
  "generations_to_convergence": 37,
  "convergence_history": [
    602.1817799450033,
    602.1817799450033,
    601.1794919527691,
    572.3140529244363,
    572.3140529244363,
    562.555229777373,
    562.555229777373,
    561.9342183189171,
    561.9342183189171,
    549.9910754586923,
    549.9910754586923,
    523.5080188064505,
    519.837479987156,
    518.7208395381027,
    518.7208395381027,
    518.7208395381027,
    503.5178329579067,
    499.810161199575,
    499.810161199575,
    499.810161199575,
    499.810161199575,
    499.810161199575,
    499.810161199575,
    499.810161199575,
    499.810161199575,
    499.810161199575,
    499.810161199575,
    498.46204344436586,
    498.46204344436586,
    497.6231500636563,
    496.2750323084471,
    496.2750323084471,
    496.2750323084471,
    496.2750323084471,
    491.9546718535658,
    491.9546718535658,
    491.9546718535658,
    491.2400067671502,
    491.2400067671502,
    491.2400067671502,
    491.2400067671502,
    491.2400067671502,
    491.2400067671502,
    491.2400067671502,
    491.2400067671502,
    491.2400067671502,
    491.2400067671502,
    491.2400067671502,
    491.2400067671502,
    491.2400067671502,
    491.2400067671502,
    491.2400067671502,
    491.2400067671502,
    491.2400067671502,
    491.2400067671502,
    491.2400067671502,
    491.2400067671502,
    491.2400067671502,
    491.2400067671502,
    491.2400067671502,
    491.2400067671502,
    491.2400067671502,
    491.2400067671502,
    491.2400067671502,
    482.59162803905036,
    482.59162803905036,
    482.59162803905036,
    482.59162803905036,
    482.59162803905036,
    482.59162803905036,
    482.59162803905036,
    482.59162803905036,
    482.59162803905036,
    482.59162803905036,
    482.59162803905036,
    482.59162803905036,
    482.59162803905036,
    481.3603087025595,
    481.3603087025595,
    481.3603087025595,
    481.3603087025595,
    481.3603087025595,
    481.3603087025595,
    481.3603087025595,
    481.3603087025595,
    481.3603087025595,
    481.3603087025595,
    481.3603087025595,
    481.3603087025595,
    479.37304194727113,
    479.37304194727113,
    479.37304194727113,
    479.37304194727113,
    479.37304194727113,
    479.37304194727113,
    479.37304194727113,
    479.37304194727113,
    478.2022801995577,
    478.2022801995577,
    478.2022801995577,
    478.2022801995577
  ],
  "best_solution": {
    "id": "ga_gen0_1229",
    "instance_id": "synthetic_50c_150q_clustered4_s1394648208",
    "algorithm": "drl_junior_ga",
    "routes": [
      {
        "vehicle_id": 0,
        "customer_sequence": [
          19,
          21,
          28,
          31,
          13,
          25,
          47,
          46
        ],
        "total_demand": 148,
        "total_distance": 107.53728344323056
      },
      {
        "vehicle_id": 1,
        "customer_sequence": [
          30,
          3,
          33,
          10,
          20,
          23,
          34
        ],
        "total_demand": 126,
        "total_distance": 74.2322426364583
      },
      {
        "vehicle_id": 2,
        "customer_sequence": [
          17,
          15,
          16,
          24,
          4,
          18
        ],
        "total_demand": 139,
        "total_distance": 116.54129704697954
      },
      {
        "vehicle_id": 3,
        "customer_sequence": [
          5,
          6,
          7,
          1,
          22,
          35,
          42,
          37,
          45,
          43
        ],
        "total_demand": 146,
        "total_distance": 147.48943760050827
      },
      {
        "vehicle_id": 4,
        "customer_sequence": [
          38,
          41,
          26,
          11,
          9,
          12,
          8,
          14
        ],
        "total_demand": 136,
        "total_distance": 173.31449549280572
      },
      {
        "vehicle_id": 5,
        "customer_sequence": [
          39,
          32,
          27,
          36,
          40,
          29,
          44,
          49,
          50
        ],
        "total_demand": 140,
        "total_distance": 140.7588860157913
      },
      {
        "vehicle_id": 6,
        "customer_sequence": [
          48,
          2
        ],
        "total_demand": 19,
        "total_distance": 29.29171274758071
      }
    ],
    "total_cost": 478.2022801995577,
    "computation_time": 0.0,
    "is_valid": true,
    "convergence_history": null
  }
}