{
  "instance_id": "synthetic_75c_281q_random_s768260675",
  "instance_name": "Synthetic Random",
  "instance_size": 75,
  "configuration": "drl_junior_ga",
  "agent_used": "junior",
  "replicate": 4,
  "seed": 413639290,
  "initial_cost": 1351.9688363678388,
  "final_cost": 1087.9560163189778,
  "improvement_gap": 19.528025568854847,
  "total_time": 108.44423198699951,
  "initialization_time": 102.35466265678406,
  "evolution_time": 6.089569330215454,
  "generations_run": 100,
  "generations_to_convergence": null,
  "convergence_history": [
    1351.9688363678388,
    1351.9688363678388,
    1351.9688363678388,
    1351.9688363678388,
    1337.934919517572,
    1337.934919517572,
    1337.934919517572,
    1337.934919517572,
    1337.934919517572,
    1337.934919517572,
    1334.2705764362704,
    1320.8125987846527,
    1320.8125987846527,
    1317.0499602097473,
    1303.6643078742907,
    1303.6643078742907,
    1303.6643078742907,
    1299.901669299385,
    1299.901669299385,
    1299.901669299385,
    1299.901669299385,
    1299.901669299385,
    1299.901669299385,
    1299.901669299385,
    1299.901669299385,
    1299.901669299385,
    1299.901669299385,
    1299.901669299385,
    1270.0564284685697,
    1270.0564284685697,
    1248.2706874188063,
    1248.2706874188063,
    1234.5357241011604,
    1234.18106913515,
    1221.31868375158,
    1221.31868375158,
    1220.9640287855696,
    1212.2228673471036,
    1212.2228673471036,
    1199.0058269975234,
    1195.6193669701152,
    1195.6193669701152,
    1195.6193669701152,
    1182.402326620535,
    1182.402326620535,
    1182.402326620535,
    1182.402326620535,
    1182.402326620535,
    1175.8941205765666,
    1175.8941205765666,
    1175.8941205765666,
    1175.8030407045023,
    1172.780999353248,
    1172.780999353248,
    1164.9531852146165,
    1164.9531852146165,
    1164.9531852146165,
    1164.9531852146165,
    1163.0190274431102,
    1161.2430600741568,
    1161.2430600741568,
    1161.2430600741568,
    1149.2214457561174,
    1149.2214457561174,
    1149.2214457561174,
    1146.4275419200378,
    1146.4275419200378,
    1146.4275419200378,
    1146.4275419200378,
    1146.4275419200378,
    1146.4275419200378,
    1146.4275419200378,
    1146.4275419200378,
    1146.4275419200378,
    1146.4275419200378,
    1146.4275419200378,
    1146.4275419200378,
    1146.4275419200378,
    1146.4275419200378,
    1119.8306932347282,
    1119.8306932347282,
    1119.8306932347282,
    1119.8306932347282,
    1119.8306932347282,
    1119.8306932347282,
    1119.8306932347282,
    1119.8306932347282,
    1119.8306932347282,
    1101.4338953469035,
    1101.4338953469035,
    1101.4338953469035,
    1101.4338953469035,
    1101.4338953469035,
    1097.7731802617225,
    1097.7731802617225,
    1091.6167314041588,
    1087.9560163189778,
    1087.9560163189778,
    1087.9560163189778,
    1087.9560163189778,
    1087.9560163189778
  ],
  "best_solution": {
    "id": "ga_gen0_6581",
    "instance_id": "synthetic_75c_281q_random_s768260675",
    "algorithm": "drl_junior_ga",
    "routes": [
      {
        "vehicle_id": 0,
        "customer_sequence": [
          26,
          52,
          15,
          10,
          64,
          73,
          56,
          20,
          14,
          44,
          19,
          48,
          60,
          18,
          29
        ],
        "total_demand": 281,
        "total_distance": 196.62412970649058
      },
      {
        "vehicle_id": 1,
        "customer_sequence": [
          71,
          22,
          34,
          3,
          5,
          38,
          53,
          28,
          36,
          40,
          27,
          46
        ],
        "total_demand": 262,
        "total_distance": 213.1273201553124
      },
      {
        "vehicle_id": 2,
        "customer_sequence": [
          32,
          16,
          35,
          65,
          62,
          12,
          11,
          67,
          49,
          30,
          23,
          54,
          55
        ],
        "total_demand": 275,
        "total_distance": 281.7919909884377
      },
      {
        "vehicle_id": 3,
        "customer_sequence": [
          70,
          57,
          13,
          4,
          8,
          7,
          31,
          2,
          75,
          74,
          33,
          6,
          63,
          47,
          41,
          61
        ],
        "total_demand": 260,
        "total_distance": 350.64856688516153
      },
      {
        "vehicle_id": 4,
        "customer_sequence": [
          17,
          42,
          9,
          72,
          51,
          68,
          69,
          50,
          43,
          39,
          21,
          1,
          25,
          59,
          66,
          37,
          45
        ],
        "total_demand": 268,
        "total_distance": 425.5113581456666
      },
      {
        "vehicle_id": 5,
        "customer_sequence": [
          24,
          58
        ],
        "total_demand": 24,
        "total_distance": 105.34562081073639
      }
    ],
    "total_cost": 1087.9560163189778,
    "computation_time": 0.0,
    "is_valid": true,
    "convergence_history": null
  }
}