{
  "instance_id": "synthetic_75c_281q_random_s768260675",
  "instance_name": "Synthetic Random",
  "instance_size": 75,
  "configuration": "drl_junior_ga",
  "agent_used": "junior",
  "replicate": 2,
  "seed": 367563564,
  "initial_cost": 1552.7102658160816,
  "final_cost": 1194.448229155366,
  "improvement_gap": 23.073334706936986,
  "total_time": 108.78023314476013,
  "initialization_time": 102.73026704788208,
  "evolution_time": 6.049966096878052,
  "generations_run": 100,
  "generations_to_convergence": null,
  "convergence_history": [
    1552.7102658160816,
    1552.7102658160816,
    1552.7102658160816,
    1552.7102658160816,
    1552.7102658160816,
    1552.7102658160816,
    1552.7102658160816,
    1549.5011430301197,
    1549.5011430301197,
    1522.307876224122,
    1522.307876224122,
    1522.307876224122,
    1517.3098804702408,
    1508.460354710555,
    1508.124397084917,
    1508.124397084917,
    1411.3591210204622,
    1411.3591210204622,
    1365.540308543581,
    1334.1644127228888,
    1334.1644127228888,
    1313.3755784337745,
    1313.3755784337745,
    1307.797866209609,
    1304.9564562141634,
    1304.8146827436099,
    1299.378743989998,
    1293.5358957368405,
    1280.4685307956436,
    1280.4685307956436,
    1280.4685307956436,
    1280.4685307956436,
    1280.4685307956436,
    1280.4685307956436,
    1280.4685307956436,
    1280.4685307956436,
    1280.4685307956436,
    1276.024579767082,
    1276.024579767082,
    1275.6301447841406,
    1273.3368791982055,
    1273.3368791982055,
    1273.3368791982055,
    1272.9424442152638,
    1272.9424442152638,
    1272.9424442152638,
    1269.8228361499896,
    1267.1351355811128,
    1267.1351355811128,
    1263.2708824257593,
    1259.9114823638147,
    1253.2314834122283,
    1247.424174778077,
    1247.424174778077,
    1247.424174778077,
    1247.424174778077,
    1247.424174778077,
    1247.424174778077,
    1247.424174778077,
    1237.7914780147253,
    1237.7914780147253,
    1237.7914780147253,
    1220.696773421246,
    1220.696773421246,
    1220.696773421246,
    1220.696773421246,
    1220.696773421246,
    1220.696773421246,
    1220.696773421246,
    1220.696773421246,
    1220.696773421246,
    1220.696773421246,
    1220.696773421246,
    1220.696773421246,
    1220.696773421246,
    1220.696773421246,
    1218.1742636113104,
    1218.1742636113104,
    1218.1742636113104,
    1211.2077077060896,
    1211.2077077060896,
    1211.2077077060896,
    1211.2077077060896,
    1211.2077077060896,
    1211.2077077060896,
    1211.2077077060896,
    1211.2077077060896,
    1211.2077077060896,
    1211.2077077060896,
    1211.2077077060896,
    1211.2077077060896,
    1211.2077077060896,
    1211.2077077060896,
    1211.2077077060896,
    1211.2077077060896,
    1211.2077077060896,
    1205.8120440292903,
    1205.8120440292903,
    1194.448229155366,
    1194.448229155366,
    1194.448229155366
  ],
  "best_solution": {
    "id": "ga_gen0_8463",
    "instance_id": "synthetic_75c_281q_random_s768260675",
    "algorithm": "drl_junior_ga",
    "routes": [
      {
        "vehicle_id": 0,
        "customer_sequence": [
          3,
          5,
          38,
          55,
          36,
          61,
          41,
          47,
          63,
          6,
          4,
          53,
          8,
          37,
          66,
          25
        ],
        "total_demand": 281,
        "total_distance": 407.00764371430256
      },
      {
        "vehicle_id": 1,
        "customer_sequence": [
          7,
          31,
          30,
          49,
          67,
          34,
          11,
          2,
          22,
          71,
          17,
          19
        ],
        "total_demand": 281,
        "total_distance": 238.7774163074745
      },
      {
        "vehicle_id": 2,
        "customer_sequence": [
          42,
          51,
          68,
          39,
          29,
          9,
          33,
          24,
          26,
          52,
          15,
          10,
          64,
          59,
          73,
          56
        ],
        "total_demand": 278,
        "total_distance": 248.52490496695603
      },
      {
        "vehicle_id": 3,
        "customer_sequence": [
          65,
          16,
          32,
          35,
          23,
          54,
          46,
          27,
          40,
          43,
          50,
          69,
          72,
          75
        ],
        "total_demand": 279,
        "total_distance": 330.57175885159677
      },
      {
        "vehicle_id": 4,
        "customer_sequence": [
          21,
          14,
          44,
          60,
          13,
          57,
          28,
          70,
          18,
          48,
          20,
          1,
          58,
          74,
          12,
          62,
          45
        ],
        "total_demand": 251,
        "total_distance": 305.75597259350025
      }
    ],
    "total_cost": 1194.448229155366,
    "computation_time": 0.0,
    "is_valid": true,
    "convergence_history": null
  }
}