{
  "instance_id": "synthetic_110c_481q_random_s2142269742",
  "instance_name": "Synthetic Random",
  "instance_size": 110,
  "configuration": "drl_junior_ga",
  "agent_used": "junior",
  "replicate": 2,
  "seed": 28618190,
  "initial_cost": 1908.373372981554,
  "final_cost": 1541.5771652100398,
  "improvement_gap": 19.22035870781664,
  "total_time": 217.8611810207367,
  "initialization_time": 204.84495878219604,
  "evolution_time": 13.01622223854065,
  "generations_run": 100,
  "generations_to_convergence": null,
  "convergence_history": [
    1908.373372981554,
    1908.373372981554,
    1908.373372981554,
    1908.373372981554,
    1908.373372981554,
    1908.373372981554,
    1891.7461985413865,
    1885.340937391969,
    1870.3370188223385,
    1870.3370188223385,
    1845.4833815989716,
    1845.4833815989716,
    1845.4833815989716,
    1845.4833815989716,
    1825.1588659157574,
    1792.4129707847883,
    1792.4129707847883,
    1792.4129707847883,
    1792.4129707847883,
    1790.4986865501864,
    1771.9808635303211,
    1770.0665792957193,
    1770.0665792957193,
    1765.2623977760334,
    1763.3481135414315,
    1761.465373074804,
    1761.465373074804,
    1752.8741581278196,
    1752.8741581278196,
    1743.8738974214239,
    1743.8738974214239,
    1743.8738974214239,
    1743.8738974214239,
    1742.0800645823028,
    1728.7288068261523,
    1728.7288068261523,
    1722.022033561713,
    1722.022033561713,
    1722.022033561713,
    1722.022033561713,
    1722.022033561713,
    1720.5112506301004,
    1720.5112506301004,
    1720.5112506301004,
    1720.5112506301004,
    1720.5112506301004,
    1720.5112506301004,
    1720.5112506301004,
    1720.5112506301004,
    1720.5112506301004,
    1719.4521405348887,
    1719.4521405348887,
    1719.4521405348887,
    1719.4521405348887,
    1719.4521405348887,
    1719.4521405348887,
    1719.4521405348887,
    1719.4521405348887,
    1710.5227833793244,
    1710.5227833793244,
    1710.5227833793244,
    1710.5227833793244,
    1710.5227833793244,
    1710.5227833793244,
    1706.205928782605,
    1706.205928782605,
    1706.205928782605,
    1706.205928782605,
    1705.9690116626334,
    1705.9690116626334,
    1705.9690116626334,
    1705.9690116626334,
    1705.9690116626334,
    1705.9690116626334,
    1705.9690116626334,
    1705.9690116626334,
    1694.143111505955,
    1694.143111505955,
    1694.143111505955,
    1694.143111505955,
    1694.143111505955,
    1694.143111505955,
    1694.143111505955,
    1694.143111505955,
    1678.2092289827392,
    1646.2927436083423,
    1646.2927436083423,
    1646.2927436083423,
    1646.2927436083423,
    1646.2927436083423,
    1646.2927436083423,
    1646.2927436083423,
    1643.8603409559923,
    1643.8603409559923,
    1623.2452237794525,
    1608.6599112668525,
    1606.2275086145025,
    1580.0789757956748,
    1580.0789757956748,
    1567.7256980288676,
    1541.5771652100398
  ],
  "best_solution": {
    "id": "ga_gen0_9070",
    "instance_id": "synthetic_110c_481q_random_s2142269742",
    "algorithm": "drl_junior_ga",
    "routes": [
      {
        "vehicle_id": 0,
        "customer_sequence": [
          46,
          28,
          17,
          55,
          49,
          84,
          35,
          101,
          102,
          90,
          109,
          43,
          64,
          54,
          60,
          16,
          36,
          42,
          26,
          47,
          11,
          106,
          52,
          80,
          96
        ],
        "total_demand": 465,
        "total_distance": 363.74031923798896
      },
      {
        "vehicle_id": 1,
        "customer_sequence": [
          87,
          39,
          95,
          76,
          56,
          97,
          78,
          3,
          20,
          108,
          104,
          93,
          23,
          15,
          103,
          4,
          7,
          63,
          32,
          86,
          40,
          82,
          94,
          30,
          14,
          65
        ],
        "total_demand": 464,
        "total_distance": 504.41264819658903
      },
      {
        "vehicle_id": 2,
        "customer_sequence": [
          44,
          70,
          45,
          77,
          53,
          62,
          22,
          34,
          18,
          110,
          9,
          1,
          85,
          105,
          72,
          68,
          2,
          25,
          29,
          27,
          6,
          74,
          91,
          38,
          51,
          81,
          59,
          100,
          41
        ],
        "total_demand": 468,
        "total_distance": 435.5160394173834
      },
      {
        "vehicle_id": 3,
        "customer_sequence": [
          89,
          50,
          71,
          19,
          98,
          61,
          31,
          10,
          88,
          79,
          66,
          73,
          48,
          33,
          107,
          92,
          67,
          99,
          37,
          83,
          69,
          21,
          5,
          12,
          8,
          24
        ],
        "total_demand": 481,
        "total_distance": 421.4851228129296
      },
      {
        "vehicle_id": 4,
        "customer_sequence": [
          13,
          58,
          75,
          57
        ],
        "total_demand": 57,
        "total_distance": 167.69793304230643
      }
    ],
    "total_cost": 1541.5771652100398,
    "computation_time": 0.0,
    "is_valid": true,
    "convergence_history": null
  }
}