{
  "instance_id": "synthetic_20c_60q_random_s948417114",
  "instance_name": "Synthetic Random",
  "instance_size": 20,
  "configuration": "drl_junior_ga",
  "agent_used": "junior",
  "replicate": 5,
  "seed": 1920866822,
  "initial_cost": 407.8972506837976,
  "final_cost": 319.79192212535247,
  "improvement_gap": 21.59988291432356,
  "total_time": 11.409339427947998,
  "initialization_time": 10.97080135345459,
  "evolution_time": 0.4385380744934082,
  "generations_run": 100,
  "generations_to_convergence": 11,
  "convergence_history": [
    407.8972506837976,
    407.8972506837976,
    407.8972506837976,
    380.8969421020189,
    370.55079115467146,
    341.39523939467534,
    321.6426843866717,
    321.6426843866717,
    321.6426843866717,
    321.6426843866717,
    321.6426843866717,
    319.79192212535247,
    319.79192212535247,
    319.79192212535247,
    319.79192212535247,
    319.79192212535247,
    319.79192212535247,
    319.79192212535247,
    319.79192212535247,
    319.79192212535247,
    319.79192212535247,
    319.79192212535247,
    319.79192212535247,
    319.79192212535247,
    319.79192212535247,
    319.79192212535247,
    319.79192212535247,
    319.79192212535247,
    319.79192212535247,
    319.79192212535247,
    319.79192212535247,
    319.79192212535247,
    319.79192212535247,
    319.79192212535247,
    319.79192212535247,
    319.79192212535247,
    319.79192212535247,
    319.79192212535247,
    319.79192212535247,
    319.79192212535247,
    319.79192212535247,
    319.79192212535247,
    319.79192212535247,
    319.79192212535247,
    319.79192212535247,
    319.79192212535247,
    319.79192212535247,
    319.79192212535247,
    319.79192212535247,
    319.79192212535247,
    319.79192212535247,
    319.79192212535247,
    319.79192212535247,
    319.79192212535247,
    319.79192212535247,
    319.79192212535247,
    319.79192212535247,
    319.79192212535247,
    319.79192212535247,
    319.79192212535247,
    319.79192212535247,
    319.79192212535247,
    319.79192212535247,
    319.79192212535247,
    319.79192212535247,
    319.79192212535247,
    319.79192212535247,
    319.79192212535247,
    319.79192212535247,
    319.79192212535247,
    319.79192212535247,
    319.79192212535247,
    319.79192212535247,
    319.79192212535247,
    319.79192212535247,
    319.79192212535247,
    319.79192212535247,
    319.79192212535247,
    319.79192212535247,
    319.79192212535247,
    319.79192212535247,
    319.79192212535247,
    319.79192212535247,
    319.79192212535247,
    319.79192212535247,
    319.79192212535247,
    319.79192212535247,
    319.79192212535247,
    319.79192212535247,
    319.79192212535247,
    319.79192212535247,
    319.79192212535247,
    319.79192212535247,
    319.79192212535247,
    319.79192212535247,
    319.79192212535247,
    319.79192212535247,
    319.79192212535247,
    319.79192212535247,
    319.79192212535247,
    319.79192212535247
  ],
  "best_solution": {
    "id": "ga_gen0_8081",
    "instance_id": "synthetic_20c_60q_random_s948417114",
    "algorithm": "drl_junior_ga",
    "routes": [
      {
        "vehicle_id": 0,
        "customer_sequence": [
          20,
          5,
          9,
          11
        ],
        "total_demand": 60,
        "total_distance": 128.33339607792632
      },
      {
        "vehicle_id": 1,
        "customer_sequence": [
          15,
          3,
          19,
          1,
          16
        ],
        "total_demand": 60,
        "total_distance": 178.63640051069547
      },
      {
        "vehicle_id": 2,
        "customer_sequence": [
          10,
          4,
          2
        ],
        "total_demand": 56,
        "total_distance": 134.65036957751548
      },
      {
        "vehicle_id": 3,
        "customer_sequence": [
          13,
          18,
          8,
          6
        ],
        "total_demand": 54,
        "total_distance": 161.52076024076638
      },
      {
        "vehicle_id": 4,
        "customer_sequence": [
          14,
          7
        ],
        "total_demand": 53,
        "total_distance": 93.97951302414694
      },
      {
        "vehicle_id": 5,
        "customer_sequence": [
          12,
          17
        ],
        "total_demand": 37,
        "total_distance": 118.00352971684649
      }
    ],
    "total_cost": 319.79192212535247,
    "computation_time": 0.0,
    "is_valid": true,
    "convergence_history": null
  }
}