{
  "instance_id": "synthetic_110c_481q_random_s598206558",
  "instance_name": "Synthetic Random",
  "instance_size": 110,
  "configuration": "drl_junior_ga",
  "agent_used": "junior",
  "replicate": 2,
  "seed": 1571580289,
  "initial_cost": 2108.777055384227,
  "final_cost": 1646.2524672823145,
  "improvement_gap": 21.93330902007746,
  "total_time": 221.1945924758911,
  "initialization_time": 208.1765651702881,
  "evolution_time": 13.018027305603027,
  "generations_run": 100,
  "generations_to_convergence": null,
  "convergence_history": [
    2108.777055384227,
    2054.062720845842,
    2054.062720845842,
    2054.062720845842,
    2054.062720845842,
    2054.062720845842,
    2054.062720845842,
    2054.062720845842,
    2054.062720845842,
    2054.062720845842,
    1977.758363914486,
    1977.758363914486,
    1972.3854531143716,
    1948.298505085529,
    1948.298505085529,
    1922.3376653316986,
    1922.2561292729629,
    1886.0404398936573,
    1880.8158873766683,
    1870.2883485164803,
    1868.8585318098762,
    1868.8585318098762,
    1868.8585318098762,
    1868.7769957511405,
    1868.7769957511405,
    1867.9573249509367,
    1867.9573249509367,
    1867.9573249509367,
    1832.5731553052342,
    1832.5731553052342,
    1832.5731553052342,
    1832.5731553052342,
    1831.0621486822056,
    1823.2805732867673,
    1823.2805732867673,
    1823.2805732867673,
    1823.2805732867673,
    1823.2805732867673,
    1789.3530778689274,
    1789.3530778689274,
    1789.3530778689274,
    1783.1155703481136,
    1783.1155703481136,
    1783.1155703481136,
    1783.1155703481136,
    1783.1155703481136,
    1783.1155703481136,
    1783.1155703481136,
    1783.1155703481136,
    1770.6090571683076,
    1770.6090571683076,
    1750.9315313305515,
    1750.9315313305515,
    1750.9315313305515,
    1750.9315313305515,
    1750.9315313305515,
    1750.9315313305515,
    1750.9315313305515,
    1750.9315313305515,
    1713.0990858150185,
    1713.0990858150185,
    1712.9038828969558,
    1704.0155142715842,
    1704.0155142715842,
    1704.0155142715842,
    1701.2156811648686,
    1697.319941251126,
    1695.5066103803088,
    1695.5066103803088,
    1694.5201081444104,
    1692.1550701690057,
    1692.1550701690057,
    1688.3346935647467,
    1688.3346935647467,
    1688.3346935647467,
    1684.1495767057447,
    1676.5809588563818,
    1676.5809588563818,
    1676.5809588563818,
    1676.5809588563818,
    1660.6260948288386,
    1660.6260948288386,
    1660.6260948288386,
    1660.6260948288386,
    1656.480118661795,
    1656.480118661795,
    1656.480118661795,
    1655.4775897878687,
    1655.4775897878687,
    1655.4775897878687,
    1655.4775897878687,
    1655.4775897878687,
    1655.4775897878687,
    1655.4775897878687,
    1654.7611673090323,
    1651.1540066201528,
    1651.1540066201528,
    1650.4375841413164,
    1646.9688897611509,
    1646.2524672823145,
    1646.2524672823145
  ],
  "best_solution": {
    "id": "ga_gen0_9147",
    "instance_id": "synthetic_110c_481q_random_s598206558",
    "algorithm": "drl_junior_ga",
    "routes": [
      {
        "vehicle_id": 0,
        "customer_sequence": [
          83,
          72,
          6,
          104,
          13,
          27,
          61,
          57,
          32,
          10,
          79,
          60,
          103,
          36,
          24,
          53,
          92,
          76,
          20,
          37,
          1,
          98,
          39,
          43
        ],
        "total_demand": 475,
        "total_distance": 449.5498204235537
      },
      {
        "vehicle_id": 1,
        "customer_sequence": [
          54,
          97,
          17,
          81,
          46,
          82,
          66,
          102,
          45,
          25,
          70,
          101,
          42,
          52,
          47,
          91,
          21,
          107,
          74,
          22,
          51,
          8,
          63,
          87,
          71,
          89,
          56,
          80,
          62,
          88
        ],
        "total_demand": 477,
        "total_distance": 451.93971709692676
      },
      {
        "vehicle_id": 2,
        "customer_sequence": [
          50,
          94,
          65,
          29,
          109,
          5,
          67,
          34,
          26,
          23,
          73,
          11,
          44,
          2,
          105,
          78,
          96,
          48,
          55,
          95,
          93,
          14,
          16,
          59,
          99,
          108
        ],
        "total_demand": 465,
        "total_distance": 373.05962917679835
      },
      {
        "vehicle_id": 3,
        "customer_sequence": [
          69,
          77,
          49,
          3,
          33,
          100,
          4,
          12,
          35,
          85,
          19,
          7,
          40,
          9,
          90,
          38,
          28,
          18,
          41,
          30,
          84,
          64,
          58,
          31,
          110
        ],
        "total_demand": 477,
        "total_distance": 563.1519893782671
      },
      {
        "vehicle_id": 4,
        "customer_sequence": [
          106,
          15,
          86,
          75,
          68
        ],
        "total_demand": 88,
        "total_distance": 215.6133040992782
      }
    ],
    "total_cost": 1646.2524672823145,
    "computation_time": 0.0,
    "is_valid": true,
    "convergence_history": null
  }
}