{
  "instance_id": "synthetic_150c_525q_clustered6_s181653072",
  "instance_name": "Synthetic Clustered",
  "instance_size": 150,
  "configuration": "drl_junior_ga",
  "agent_used": "junior",
  "replicate": 3,
  "seed": 2025853109,
  "initial_cost": 1889.8022067261513,
  "final_cost": 1396.0449038353543,
  "improvement_gap": 26.127459325289422,
  "total_time": 398.4875988960266,
  "initialization_time": 374.9620552062988,
  "evolution_time": 23.525543689727783,
  "generations_run": 100,
  "generations_to_convergence": null,
  "convergence_history": [
    1889.8022067261513,
    1889.8022067261513,
    1889.8022067261513,
    1889.8022067261513,
    1889.8022067261513,
    1889.8022067261513,
    1889.8022067261513,
    1887.798791184678,
    1862.695924412088,
    1782.2179542885883,
    1782.2179542885883,
    1782.2179542885883,
    1780.214538747115,
    1778.1147500278246,
    1776.111334486351,
    1763.6364579104838,
    1715.4575310668085,
    1715.4575310668085,
    1703.7365738039975,
    1692.6205913910649,
    1692.6205913910649,
    1690.6171758495914,
    1664.418389053454,
    1664.418389053454,
    1664.418389053454,
    1664.418389053454,
    1662.501744368452,
    1660.4321582231603,
    1642.98232058075,
    1627.7452878584918,
    1608.2258640707898,
    1608.2258640707898,
    1585.0965751432275,
    1585.0965751432275,
    1583.028251121127,
    1583.028251121127,
    1583.028251121127,
    1582.0432995559534,
    1571.1022592556926,
    1571.1022592556926,
    1567.116028425399,
    1567.116028425399,
    1565.394208766004,
    1551.955212449724,
    1551.955212449724,
    1551.2228143295845,
    1544.2857113646185,
    1544.2857113646185,
    1540.7571594833973,
    1521.3009130716566,
    1521.3009130716566,
    1519.6703426909237,
    1519.6297993304322,
    1515.2619823672837,
    1515.2619823672837,
    1510.9037655130992,
    1510.7092784415781,
    1504.4760856941361,
    1504.4760856941361,
    1491.6836330859965,
    1491.4891460144754,
    1479.859613948107,
    1478.5538440969538,
    1478.5538440969538,
    1474.3093926559595,
    1474.2327718843221,
    1468.3635609972953,
    1468.3635609972953,
    1460.52304036232,
    1460.52304036232,
    1460.52304036232,
    1460.52304036232,
    1458.9020127723854,
    1458.9020127723854,
    1458.548419100408,
    1457.2630662372433,
    1452.4743329534224,
    1452.4743329534224,
    1452.4743329534224,
    1451.1829270969508,
    1450.4382989169303,
    1445.9619338260889,
    1444.6705279696173,
    1444.6705279696173,
    1443.3169978603196,
    1443.3169978603196,
    1434.617161867267,
    1426.6653083696883,
    1426.6653083696883,
    1426.6653083696883,
    1423.8797200277443,
    1423.8797200277443,
    1421.6379871602817,
    1421.6379871602817,
    1421.6379871602817,
    1420.8550382897063,
    1416.4987756647788,
    1416.4987756647788,
    1416.1892605697742,
    1411.1285447952441,
    1396.0449038353543
  ],
  "best_solution": {
    "id": "ga_gen0_7567",
    "instance_id": "synthetic_150c_525q_clustered6_s181653072",
    "algorithm": "drl_junior_ga",
    "routes": [
      {
        "vehicle_id": 0,
        "customer_sequence": [
          97,
          95,
          27,
          78,
          90,
          88,
          91,
          45,
          98,
          110,
          133,
          145,
          109,
          139,
          124,
          105,
          126,
          83,
          85,
          3,
          93,
          20,
          7,
          50,
          17,
          41,
          86
        ],
        "total_demand": 525,
        "total_distance": 200.57318144658592
      },
      {
        "vehicle_id": 1,
        "customer_sequence": [
          65,
          56,
          5,
          64,
          14,
          96,
          28,
          79,
          128,
          125,
          142,
          143,
          111,
          127,
          102,
          138,
          107,
          121,
          112,
          120,
          129,
          72,
          63,
          55,
          62
        ],
        "total_demand": 522,
        "total_distance": 305.13161080024514
      },
      {
        "vehicle_id": 2,
        "customer_sequence": [
          94,
          100,
          82,
          1,
          39,
          54,
          71,
          58,
          68,
          11,
          74,
          8,
          9,
          67,
          61,
          69,
          60,
          66,
          51,
          52,
          13,
          18,
          49,
          26,
          42,
          89,
          38,
          48,
          30,
          92,
          131
        ],
        "total_demand": 525,
        "total_distance": 319.5346303251164
      },
      {
        "vehicle_id": 3,
        "customer_sequence": [
          76,
          99,
          77,
          43,
          44,
          47,
          33,
          40,
          35,
          31,
          81,
          32,
          80,
          37,
          87,
          46,
          101,
          15,
          16,
          24,
          53,
          6,
          57,
          130,
          123,
          113
        ],
        "total_demand": 521,
        "total_distance": 336.43680345985405
      },
      {
        "vehicle_id": 4,
        "customer_sequence": [
          29,
          36,
          23,
          73,
          19,
          25,
          12,
          75,
          70,
          114,
          122,
          108,
          134,
          106,
          116,
          144,
          115,
          104,
          140,
          150,
          117,
          137,
          132,
          141,
          149,
          136,
          148,
          84,
          103,
          119
        ],
        "total_demand": 525,
        "total_distance": 283.1144039174537
      },
      {
        "vehicle_id": 5,
        "customer_sequence": [
          34,
          146,
          147,
          135,
          118,
          59,
          22,
          10,
          21,
          2,
          4
        ],
        "total_demand": 133,
        "total_distance": 239.12970964980678
      }
    ],
    "total_cost": 1396.0449038353543,
    "computation_time": 0.0,
    "is_valid": true,
    "convergence_history": null
  }
}