{
  "instance_id": "synthetic_40c_120q_random_s434612283",
  "instance_name": "Synthetic Random",
  "instance_size": 40,
  "configuration": "drl_junior_ga",
  "agent_used": "junior",
  "replicate": 4,
  "seed": 1938425619,
  "initial_cost": 807.5263166403208,
  "final_cost": 622.8264983283927,
  "improvement_gap": 22.8722971011476,
  "total_time": 35.91015887260437,
  "initialization_time": 34.46307039260864,
  "evolution_time": 1.4470884799957275,
  "generations_run": 100,
  "generations_to_convergence": 49,
  "convergence_history": [
    807.5263166403208,
    807.2133917142057,
    807.2133917142057,
    807.2133917142057,
    807.2133917142057,
    795.9840643476741,
    763.7544732920868,
    751.053429520649,
    751.053429520649,
    743.7134990298953,
    738.0812782923193,
    735.5018745304172,
    735.5018745304172,
    725.3436110617687,
    725.3436110617687,
    719.7113903241927,
    719.7113903241927,
    699.4054394212932,
    670.9878232276754,
    670.9878232276754,
    645.0496515872,
    645.0496515872,
    643.3554489340138,
    643.3554489340138,
    643.3554489340138,
    643.3554489340138,
    643.3554489340138,
    639.5495192833284,
    639.5495192833284,
    639.5495192833284,
    638.6784315168773,
    638.6784315168773,
    638.6784315168773,
    638.6784315168773,
    638.6784315168773,
    638.6784315168773,
    638.6784315168773,
    638.6784315168773,
    638.6784315168773,
    638.6784315168773,
    638.6784315168773,
    638.6784315168773,
    638.6784315168773,
    638.6784315168773,
    638.6784315168773,
    626.6250449595059,
    626.6250449595059,
    626.6250449595059,
    626.6250449595059,
    622.8264983283927,
    622.8264983283927,
    622.8264983283927,
    622.8264983283927,
    622.8264983283927,
    622.8264983283927,
    622.8264983283927,
    622.8264983283927,
    622.8264983283927,
    622.8264983283927,
    622.8264983283927,
    622.8264983283927,
    622.8264983283927,
    622.8264983283927,
    622.8264983283927,
    622.8264983283927,
    622.8264983283927,
    622.8264983283927,
    622.8264983283927,
    622.8264983283927,
    622.8264983283927,
    622.8264983283927,
    622.8264983283927,
    622.8264983283927,
    622.8264983283927,
    622.8264983283927,
    622.8264983283927,
    622.8264983283927,
    622.8264983283927,
    622.8264983283927,
    622.8264983283927,
    622.8264983283927,
    622.8264983283927,
    622.8264983283927,
    622.8264983283927,
    622.8264983283927,
    622.8264983283927,
    622.8264983283927,
    622.8264983283927,
    622.8264983283927,
    622.8264983283927,
    622.8264983283927,
    622.8264983283927,
    622.8264983283927,
    622.8264983283927,
    622.8264983283927,
    622.8264983283927,
    622.8264983283927,
    622.8264983283927,
    622.8264983283927,
    622.8264983283927,
    622.8264983283927
  ],
  "best_solution": {
    "id": "ga_gen0_2326",
    "instance_id": "synthetic_40c_120q_random_s434612283",
    "algorithm": "drl_junior_ga",
    "routes": [
      {
        "vehicle_id": 0,
        "customer_sequence": [
          11,
          5,
          17,
          26,
          19,
          8,
          14
        ],
        "total_demand": 120,
        "total_distance": 148.78017427110407
      },
      {
        "vehicle_id": 1,
        "customer_sequence": [
          31,
          30,
          29,
          24,
          22,
          25,
          10
        ],
        "total_demand": 116,
        "total_distance": 107.00207816490348
      },
      {
        "vehicle_id": 2,
        "customer_sequence": [
          36,
          33,
          23,
          35,
          27,
          38,
          13
        ],
        "total_demand": 114,
        "total_distance": 223.42533246826548
      },
      {
        "vehicle_id": 3,
        "customer_sequence": [
          16,
          28,
          40,
          6,
          9,
          3,
          34
        ],
        "total_demand": 118,
        "total_distance": 192.99488034147205
      },
      {
        "vehicle_id": 4,
        "customer_sequence": [
          39,
          2,
          12,
          21,
          1,
          4,
          18,
          20
        ],
        "total_demand": 115,
        "total_distance": 266.062587514479
      },
      {
        "vehicle_id": 5,
        "customer_sequence": [
          7,
          37,
          32,
          15
        ],
        "total_demand": 73,
        "total_distance": 127.22792189675276
      }
    ],
    "total_cost": 622.8264983283927,
    "computation_time": 0.0,
    "is_valid": true,
    "convergence_history": null
  }
}