{
  "instance_id": "synthetic_125c_437q_random_s730903354",
  "instance_name": "Synthetic Random",
  "instance_size": 125,
  "configuration": "drl_junior_ga",
  "agent_used": "junior",
  "replicate": 3,
  "seed": 111379344,
  "initial_cost": 2417.6166775591482,
  "final_cost": 1876.1874719519335,
  "improvement_gap": 22.395163411672335,
  "total_time": 286.11866307258606,
  "initialization_time": 269.4821152687073,
  "evolution_time": 16.636547803878784,
  "generations_run": 100,
  "generations_to_convergence": null,
  "convergence_history": [
    2417.6166775591482,
    2417.6166775591482,
    2417.6166775591482,
    2417.6166775591482,
    2417.6166775591482,
    2403.574546634394,
    2403.574546634394,
    2403.574546634394,
    2392.522435741608,
    2392.522435741608,
    2392.522435741608,
    2367.8640845591335,
    2356.8119736663475,
    2333.162092458226,
    2333.162092458226,
    2333.162092458226,
    2333.162092458226,
    2333.162092458226,
    2333.162092458226,
    2333.162092458226,
    2295.6581456717176,
    2295.6581456717176,
    2295.6581456717176,
    2295.6581456717176,
    2256.225904297438,
    2256.225904297438,
    2235.654487214732,
    2235.654487214732,
    2146.9640409934655,
    2146.9640409934655,
    2146.9640409934655,
    2141.9081805560386,
    2110.0549563521854,
    2099.7763428970493,
    2099.7763428970493,
    2099.7763428970493,
    2099.7763428970493,
    2099.7763428970493,
    2088.141980443499,
    2087.3717792593416,
    2087.3717792593416,
    2085.8503046909436,
    2075.7374168057913,
    2075.7374168057913,
    2074.2159422373934,
    2066.132115566487,
    2066.132115566487,
    2065.5442580327826,
    2060.1357803907936,
    2060.1357803907936,
    2053.217025596492,
    2051.3975219173053,
    2051.3975219173053,
    2048.329320396031,
    2035.690005502309,
    2020.610599867507,
    2020.610599867507,
    2020.610599867507,
    2020.610599867507,
    2020.610599867507,
    2016.7904260131054,
    2016.7904260131054,
    2010.0078082139557,
    2010.0078082139557,
    2010.0078082139557,
    2010.0078082139557,
    2010.0078082139557,
    2010.0078082139557,
    2003.059511042633,
    1994.274684761554,
    1994.274684761554,
    1994.274684761554,
    1991.546878042871,
    1991.546878042871,
    1985.9532879414005,
    1985.9532879414005,
    1983.9596317105957,
    1983.9596317105957,
    1983.9596317105957,
    1975.3317253055745,
    1950.8973731916305,
    1950.8973731916305,
    1942.2694667866094,
    1942.2694667866094,
    1940.3428352008955,
    1931.7149287958744,
    1931.7149287958744,
    1921.6687407905008,
    1921.6687407905008,
    1919.3374409540988,
    1916.1773961982442,
    1916.1773961982442,
    1907.927070984867,
    1907.927070984867,
    1902.4357263926104,
    1902.4357263926104,
    1902.4357263926104,
    1876.1874719519335,
    1876.1874719519335,
    1876.1874719519335,
    1876.1874719519335
  ],
  "best_solution": {
    "id": "ga_gen0_6427",
    "instance_id": "synthetic_125c_437q_random_s730903354",
    "algorithm": "drl_junior_ga",
    "routes": [
      {
        "vehicle_id": 0,
        "customer_sequence": [
          6,
          53,
          117,
          26,
          124,
          81,
          48,
          15,
          113,
          10,
          76,
          97,
          2,
          115,
          36,
          46,
          23,
          37,
          116,
          52,
          24,
          94,
          11,
          33,
          18,
          41,
          38
        ],
        "total_demand": 436,
        "total_distance": 467.7588346042779
      },
      {
        "vehicle_id": 1,
        "customer_sequence": [
          29,
          34,
          118,
          14,
          74,
          104,
          63,
          123,
          1,
          30,
          49,
          22,
          69,
          98,
          90,
          27,
          47,
          44,
          28,
          114,
          16,
          58,
          61
        ],
        "total_demand": 436,
        "total_distance": 309.9315995012644
      },
      {
        "vehicle_id": 2,
        "customer_sequence": [
          119,
          5,
          108,
          35,
          17,
          70,
          56,
          87,
          39,
          100,
          77,
          25,
          112,
          86,
          102,
          78,
          111,
          13,
          12,
          20,
          66,
          55,
          42,
          88,
          65,
          96,
          79,
          8
        ],
        "total_demand": 435,
        "total_distance": 412.82451276265397
      },
      {
        "vehicle_id": 3,
        "customer_sequence": [
          19,
          67,
          84,
          122,
          59,
          92,
          89,
          40,
          109,
          50,
          83,
          73,
          31,
          64,
          107,
          105,
          3,
          68,
          62,
          9,
          93,
          57,
          103,
          120
        ],
        "total_demand": 436,
        "total_distance": 583.2187240691431
      },
      {
        "vehicle_id": 4,
        "customer_sequence": [
          60,
          95,
          4,
          101,
          43,
          71,
          32,
          82,
          72,
          51,
          45,
          21,
          7,
          91,
          54,
          125,
          121,
          85,
          80,
          99,
          75,
          106,
          110
        ],
        "total_demand": 333,
        "total_distance": 472.2113528454338
      }
    ],
    "total_cost": 1876.1874719519335,
    "computation_time": 0.0,
    "is_valid": true,
    "convergence_history": null
  }
}