{
  "instance_id": "synthetic_20c_60q_random_s651100647",
  "instance_name": "Synthetic Random",
  "instance_size": 20,
  "configuration": "drl_junior_ga",
  "agent_used": "junior",
  "replicate": 4,
  "seed": 1427540764,
  "initial_cost": 359.3770231563303,
  "final_cost": 258.0084421630796,
  "improvement_gap": 28.206750699572407,
  "total_time": 10.599910259246826,
  "initialization_time": 10.19562816619873,
  "evolution_time": 0.4042820930480957,
  "generations_run": 100,
  "generations_to_convergence": 8,
  "convergence_history": [
    359.3770231563303,
    359.3770231563303,
    288.94094345448906,
    288.94094345448906,
    288.94094345448906,
    288.94094345448906,
    267.41654459863474,
    262.30299894599506,
    258.0084421630796,
    258.0084421630796,
    258.0084421630796,
    258.0084421630796,
    258.0084421630796,
    258.0084421630796,
    258.0084421630796,
    258.0084421630796,
    258.0084421630796,
    258.0084421630796,
    258.0084421630796,
    258.0084421630796,
    258.0084421630796,
    258.0084421630796,
    258.0084421630796,
    258.0084421630796,
    258.0084421630796,
    258.0084421630796,
    258.0084421630796,
    258.0084421630796,
    258.0084421630796,
    258.0084421630796,
    258.0084421630796,
    258.0084421630796,
    258.0084421630796,
    258.0084421630796,
    258.0084421630796,
    258.0084421630796,
    258.0084421630796,
    258.0084421630796,
    258.0084421630796,
    258.0084421630796,
    258.0084421630796,
    258.0084421630796,
    258.0084421630796,
    258.0084421630796,
    258.0084421630796,
    258.0084421630796,
    258.0084421630796,
    258.0084421630796,
    258.0084421630796,
    258.0084421630796,
    258.0084421630796,
    258.0084421630796,
    258.0084421630796,
    258.0084421630796,
    258.0084421630796,
    258.0084421630796,
    258.0084421630796,
    258.0084421630796,
    258.0084421630796,
    258.0084421630796,
    258.0084421630796,
    258.0084421630796,
    258.0084421630796,
    258.0084421630796,
    258.0084421630796,
    258.0084421630796,
    258.0084421630796,
    258.0084421630796,
    258.0084421630796,
    258.0084421630796,
    258.0084421630796,
    258.0084421630796,
    258.0084421630796,
    258.0084421630796,
    258.0084421630796,
    258.0084421630796,
    258.0084421630796,
    258.0084421630796,
    258.0084421630796,
    258.0084421630796,
    258.0084421630796,
    258.0084421630796,
    258.0084421630796,
    258.0084421630796,
    258.0084421630796,
    258.0084421630796,
    258.0084421630796,
    258.0084421630796,
    258.0084421630796,
    258.0084421630796,
    258.0084421630796,
    258.0084421630796,
    258.0084421630796,
    258.0084421630796,
    258.0084421630796,
    258.0084421630796,
    258.0084421630796,
    258.0084421630796,
    258.0084421630796,
    258.0084421630796,
    258.0084421630796
  ],
  "best_solution": {
    "id": "ga_gen0_2722",
    "instance_id": "synthetic_20c_60q_random_s651100647",
    "algorithm": "drl_junior_ga",
    "routes": [
      {
        "vehicle_id": 0,
        "customer_sequence": [
          7,
          6,
          17
        ],
        "total_demand": 51,
        "total_distance": 54.212217846766904
      },
      {
        "vehicle_id": 1,
        "customer_sequence": [
          9,
          18
        ],
        "total_demand": 57,
        "total_distance": 110.46088803278407
      },
      {
        "vehicle_id": 2,
        "customer_sequence": [
          13,
          14,
          16,
          20
        ],
        "total_demand": 54,
        "total_distance": 132.40180930069974
      },
      {
        "vehicle_id": 3,
        "customer_sequence": [
          4,
          15
        ],
        "total_demand": 34,
        "total_distance": 86.6722128443607
      },
      {
        "vehicle_id": 4,
        "customer_sequence": [
          1,
          10,
          19
        ],
        "total_demand": 54,
        "total_distance": 123.34013733502941
      },
      {
        "vehicle_id": 5,
        "customer_sequence": [
          2,
          11,
          3
        ],
        "total_demand": 39,
        "total_distance": 146.30432137723278
      },
      {
        "vehicle_id": 6,
        "customer_sequence": [
          8,
          12
        ],
        "total_demand": 47,
        "total_distance": 140.34234509508275
      },
      {
        "vehicle_id": 7,
        "customer_sequence": [
          5
        ],
        "total_demand": 16,
        "total_distance": 106.46771230591843
      }
    ],
    "total_cost": 258.0084421630796,
    "computation_time": 0.0,
    "is_valid": true,
    "convergence_history": null
  }
}