{
  "instance_id": "synthetic_110c_481q_random_s1671223154",
  "instance_name": "Synthetic Random",
  "instance_size": 110,
  "configuration": "drl_junior_ga",
  "agent_used": "junior",
  "replicate": 5,
  "seed": 654590740,
  "initial_cost": 2081.75957023818,
  "final_cost": 1674.6054106882966,
  "improvement_gap": 19.55817402598993,
  "total_time": 229.70798778533936,
  "initialization_time": 215.66710686683655,
  "evolution_time": 14.040880918502808,
  "generations_run": 100,
  "generations_to_convergence": null,
  "convergence_history": [
    2081.75957023818,
    2081.75957023818,
    2081.75957023818,
    2081.75957023818,
    2081.75957023818,
    2081.75957023818,
    2035.1252539414597,
    2035.1252539414597,
    2035.1252539414597,
    2011.4220139372699,
    2011.4220139372699,
    1970.227017031452,
    1950.1926508063066,
    1950.1926508063066,
    1950.1926508063066,
    1950.1926508063066,
    1945.4626785427379,
    1945.4626785427379,
    1945.4626785427379,
    1945.4626785427379,
    1945.4626785427379,
    1940.2142431623586,
    1930.0252229508035,
    1927.332628486822,
    1927.332628486822,
    1926.3022451786767,
    1926.3022451786767,
    1926.3022451786767,
    1881.2046106478026,
    1881.2046106478026,
    1881.2046106478026,
    1881.2046106478026,
    1861.6235992056145,
    1861.6235992056145,
    1852.2716623267952,
    1852.2716623267952,
    1825.1276759707566,
    1825.1276759707566,
    1824.8779432023293,
    1802.5523978653696,
    1802.5523978653696,
    1801.6235497871446,
    1801.6235497871446,
    1798.7786380502832,
    1798.7786380502832,
    1797.8497899720583,
    1797.8497899720583,
    1797.8497899720583,
    1797.8497899720583,
    1789.3093903270135,
    1789.3093903270135,
    1789.3093903270135,
    1789.3093903270135,
    1789.3093903270135,
    1789.3093903270135,
    1789.3093903270135,
    1789.3093903270135,
    1789.3093903270135,
    1789.3093903270135,
    1788.3297685854818,
    1788.3297685854818,
    1788.3297685854818,
    1788.3297685854818,
    1787.8574212184085,
    1783.5256065861636,
    1783.5256065861636,
    1783.5256065861636,
    1783.5256065861636,
    1783.0894906618028,
    1783.0894906618028,
    1765.1851950260761,
    1765.1851950260761,
    1765.1851950260761,
    1765.1851950260761,
    1764.3939338449486,
    1764.3939338449486,
    1761.569356070699,
    1759.4840796092926,
    1759.4840796092926,
    1759.4840796092926,
    1741.8764905621842,
    1739.7912141007778,
    1739.7912141007778,
    1736.1753751454007,
    1736.1753751454007,
    1735.3841139642727,
    1735.3841139642727,
    1735.2901615217984,
    1735.2901615217984,
    1735.2901615217984,
    1735.2901615217984,
    1735.2901615217984,
    1715.0626674861426,
    1715.0626674861426,
    1715.0626674861426,
    1715.0626674861426,
    1714.6001097664414,
    1714.6001097664414,
    1713.5243883515084,
    1674.6054106882966,
    1674.6054106882966
  ],
  "best_solution": {
    "id": "ga_gen0_1944",
    "instance_id": "synthetic_110c_481q_random_s1671223154",
    "algorithm": "drl_junior_ga",
    "routes": [
      {
        "vehicle_id": 0,
        "customer_sequence": [
          104,
          34,
          97,
          25,
          93,
          31,
          82,
          21,
          54,
          79,
          50,
          58,
          51,
          85,
          102,
          107,
          65,
          60,
          30,
          5,
          76,
          80,
          20,
          98,
          8
        ],
        "total_demand": 477,
        "total_distance": 357.5515153985229
      },
      {
        "vehicle_id": 1,
        "customer_sequence": [
          57,
          75,
          83,
          64,
          48,
          99,
          74,
          96,
          91,
          105,
          62,
          66,
          77,
          55,
          69,
          42,
          11,
          88,
          92,
          59,
          45,
          84,
          23,
          95,
          73,
          29,
          100,
          56
        ],
        "total_demand": 477,
        "total_distance": 422.69057505701846
      },
      {
        "vehicle_id": 2,
        "customer_sequence": [
          89,
          9,
          43,
          94,
          33,
          39,
          63,
          1,
          16,
          12,
          15,
          67,
          78,
          7,
          110,
          47,
          6,
          35,
          53,
          24,
          70,
          61,
          101,
          87,
          68,
          90,
          13,
          44,
          72
        ],
        "total_demand": 480,
        "total_distance": 600.7968766500217
      },
      {
        "vehicle_id": 3,
        "customer_sequence": [
          103,
          86,
          27,
          40,
          38,
          4,
          46,
          22,
          32,
          3,
          28,
          37,
          17,
          108,
          41,
          14,
          2,
          26,
          71,
          81,
          18,
          106,
          109,
          19,
          52,
          10,
          49,
          36
        ],
        "total_demand": 425,
        "total_distance": 587.0757129677723
      }
    ],
    "total_cost": 1674.6054106882966,
    "computation_time": 0.0,
    "is_valid": true,
    "convergence_history": null
  }
}