{
  "instance_id": "synthetic_90c_337q_clustered5_s1163966456",
  "instance_name": "Synthetic Clustered",
  "instance_size": 90,
  "configuration": "drl_junior_ga",
  "agent_used": "junior",
  "replicate": 5,
  "seed": 1515954542,
  "initial_cost": 924.5525510229312,
  "final_cost": 673.1006928793715,
  "improvement_gap": 27.19714069961211,
  "total_time": 153.40876650810242,
  "initialization_time": 146.73278141021729,
  "evolution_time": 6.675985097885132,
  "generations_run": 100,
  "generations_to_convergence": null,
  "convergence_history": [
    924.5525510229312,
    924.5525510229312,
    924.5525510229312,
    924.5525510229312,
    924.5525510229312,
    924.5525510229312,
    924.5525510229312,
    924.5313990235114,
    924.5313990235114,
    924.5313990235114,
    921.2721590300772,
    921.2510070306577,
    920.0282818525565,
    918.0128434237371,
    912.037274896442,
    912.037274896442,
    910.1679398616304,
    899.2005282643402,
    899.2005282643402,
    862.2475857233845,
    852.6701546976229,
    841.0241121272293,
    835.2259759636233,
    835.2259759636233,
    832.892275920136,
    832.892275920136,
    832.892275920136,
    832.892275920136,
    832.892275920136,
    831.810185773159,
    831.810185773159,
    821.466843224445,
    821.466843224445,
    816.6799762782962,
    816.6799762782962,
    815.5978861313192,
    815.5978861313192,
    814.2528811557896,
    814.2528811557896,
    814.2528811557896,
    814.2528811557896,
    811.742024707821,
    788.0138953692807,
    788.0138953692807,
    786.6688903937511,
    786.6688903937511,
    781.0503850510713,
    781.0503850510713,
    779.3308389583135,
    779.3308389583135,
    779.2784936829969,
    734.9028539595165,
    728.7036761726117,
    728.7036761726117,
    724.8120041247644,
    724.8120041247644,
    724.8120041247644,
    724.8120041247644,
    724.8120041247644,
    724.8120041247644,
    724.781535872803,
    724.781535872803,
    723.0632680250944,
    723.0632680250944,
    723.0632680250944,
    720.7721167261288,
    714.2742250946467,
    712.492708143513,
    709.4335958220403,
    708.2671402869638,
    705.512785209807,
    705.512785209807,
    704.4095787781556,
    702.2815749056538,
    702.2815749056538,
    694.9004203292444,
    694.9004203292444,
    694.4400380938613,
    694.4400380938613,
    694.4400380938613,
    684.5579391636841,
    684.5579391636841,
    684.5579391636841,
    684.5579391636841,
    678.5869126398239,
    678.5869126398239,
    678.5869126398239,
    673.7526532570945,
    673.7526532570945,
    673.7526532570945,
    673.7526532570945,
    673.7526532570945,
    673.7526532570945,
    673.7526532570945,
    673.5415508797806,
    673.3117952566855,
    673.1006928793715,
    673.1006928793715,
    673.1006928793715,
    673.1006928793715,
    673.1006928793715
  ],
  "best_solution": {
    "id": "ga_gen0_7689",
    "instance_id": "synthetic_90c_337q_clustered5_s1163966456",
    "algorithm": "drl_junior_ga",
    "routes": [
      {
        "vehicle_id": 0,
        "customer_sequence": [
          27,
          3,
          61,
          58,
          53,
          63,
          72,
          57,
          68,
          2,
          65,
          19,
          55,
          34,
          28,
          33,
          21,
          22,
          81
        ],
        "total_demand": 336,
        "total_distance": 120.63448182913798
      },
      {
        "vehicle_id": 1,
        "customer_sequence": [
          35,
          25,
          50,
          49,
          41,
          40,
          46,
          48,
          76,
          54,
          87,
          84,
          56,
          42,
          66,
          18,
          60
        ],
        "total_demand": 333,
        "total_distance": 172.14193646659533
      },
      {
        "vehicle_id": 2,
        "customer_sequence": [
          78,
          74,
          32,
          37,
          75,
          77,
          31,
          89,
          30,
          85,
          36,
          45,
          88,
          73,
          51,
          39,
          79,
          86
        ],
        "total_demand": 337,
        "total_distance": 144.74239712592288
      },
      {
        "vehicle_id": 3,
        "customer_sequence": [
          38,
          62,
          67,
          5,
          64,
          69,
          4,
          59,
          70,
          10,
          15,
          14,
          16,
          8,
          12,
          7,
          20,
          82,
          90,
          44,
          47,
          83,
          52
        ],
        "total_demand": 335,
        "total_distance": 233.11722766416128
      },
      {
        "vehicle_id": 4,
        "customer_sequence": [
          23,
          26,
          43,
          80,
          24,
          71,
          29,
          17,
          1,
          13,
          11,
          6,
          9
        ],
        "total_demand": 215,
        "total_distance": 221.0397515704815
      }
    ],
    "total_cost": 673.1006928793715,
    "computation_time": 0.0,
    "is_valid": true,
    "convergence_history": null
  }
}