{
  "instance_id": "synthetic_50c_150q_random_s1989569460",
  "instance_name": "Synthetic Random",
  "instance_size": 50,
  "configuration": "drl_junior_ga",
  "agent_used": "junior",
  "replicate": 4,
  "seed": 464724528,
  "initial_cost": 914.7078073902409,
  "final_cost": 676.328211701364,
  "improvement_gap": 26.06073696572016,
  "total_time": 52.60014891624451,
  "initialization_time": 50.50377655029297,
  "evolution_time": 2.096372365951538,
  "generations_run": 100,
  "generations_to_convergence": null,
  "convergence_history": [
    914.7078073902409,
    914.7078073902409,
    914.7078073902409,
    914.7078073902409,
    914.7078073902409,
    910.0731178490759,
    907.3183110240757,
    906.2221535777743,
    900.3832716380393,
    883.6974085507562,
    883.6974085507562,
    883.6974085507562,
    872.8928041626483,
    870.2576041764352,
    870.2576041764352,
    870.2576041764352,
    861.176297864317,
    861.176297864317,
    846.7629254503138,
    824.095003868077,
    824.095003868077,
    824.095003868077,
    821.3818718529343,
    821.3818718529343,
    821.3818718529343,
    821.3818718529343,
    788.1304544667377,
    788.1304544667377,
    788.0578014181721,
    778.8409831154785,
    769.523943373955,
    766.883464407378,
    766.883464407378,
    766.883464407378,
    766.883464407378,
    742.9219267589823,
    742.9219267589823,
    742.9219267589823,
    742.9219267589823,
    742.9219267589823,
    742.9219267589823,
    742.6021518410356,
    742.6021518410356,
    735.7950796245842,
    735.7950796245842,
    735.7950796245842,
    735.4753047066375,
    735.4753047066375,
    735.4753047066375,
    735.4753047066375,
    734.0569448638247,
    717.5535204775873,
    717.5535204775873,
    717.5535204775873,
    717.5535204775873,
    717.5535204775873,
    717.5535204775873,
    717.5535204775873,
    707.455042839492,
    707.455042839492,
    707.455042839492,
    706.1820714084573,
    706.1820714084573,
    706.1820714084573,
    706.1820714084573,
    706.1820714084573,
    706.1820714084573,
    706.1820714084573,
    706.1820714084573,
    706.1820714084573,
    706.1820714084573,
    706.1820714084573,
    706.1820714084573,
    706.1820714084573,
    706.1820714084573,
    706.1820714084573,
    706.1820714084573,
    706.1820714084573,
    706.1820714084573,
    703.0267741525832,
    703.0267741525832,
    703.0267741525832,
    703.0267741525832,
    703.0267741525832,
    687.4171258456698,
    687.4171258456698,
    687.4171258456698,
    687.4171258456698,
    687.4171258456698,
    687.4171258456698,
    687.4171258456698,
    685.6931543735042,
    685.6931543735042,
    685.6931543735042,
    685.6931543735042,
    676.328211701364,
    676.328211701364,
    676.328211701364,
    676.328211701364,
    676.328211701364,
    676.328211701364
  ],
  "best_solution": {
    "id": "ga_gen0_4089",
    "instance_id": "synthetic_50c_150q_random_s1989569460",
    "algorithm": "drl_junior_ga",
    "routes": [
      {
        "vehicle_id": 0,
        "customer_sequence": [
          31,
          45,
          17,
          29,
          48,
          38,
          21,
          27,
          22,
          20
        ],
        "total_demand": 138,
        "total_distance": 183.23752824627388
      },
      {
        "vehicle_id": 1,
        "customer_sequence": [
          25,
          28,
          49,
          39,
          50,
          30,
          36,
          6,
          12,
          41
        ],
        "total_demand": 150,
        "total_distance": 223.555013194249
      },
      {
        "vehicle_id": 2,
        "customer_sequence": [
          26,
          2,
          11,
          4,
          23,
          42,
          40,
          16,
          13
        ],
        "total_demand": 145,
        "total_distance": 239.93236022778416
      },
      {
        "vehicle_id": 3,
        "customer_sequence": [
          34,
          18,
          19,
          10,
          35,
          24,
          37,
          14
        ],
        "total_demand": 142,
        "total_distance": 190.30247492168996
      },
      {
        "vehicle_id": 4,
        "customer_sequence": [
          32,
          5,
          44,
          7,
          1,
          3,
          8,
          47,
          46,
          9,
          33
        ],
        "total_demand": 135,
        "total_distance": 234.94555077081435
      },
      {
        "vehicle_id": 5,
        "customer_sequence": [
          43,
          15
        ],
        "total_demand": 34,
        "total_distance": 105.52307084436595
      }
    ],
    "total_cost": 676.328211701364,
    "computation_time": 0.0,
    "is_valid": true,
    "convergence_history": null
  }
}