{
  "instance_id": "synthetic_90c_337q_random_s429643669",
  "instance_name": "Synthetic Random",
  "instance_size": 90,
  "configuration": "drl_junior_ga",
  "agent_used": "junior",
  "replicate": 1,
  "seed": 1711157004,
  "initial_cost": 1849.6179217941483,
  "final_cost": 1509.7895707218424,
  "improvement_gap": 18.372894589098102,
  "total_time": 152.1546654701233,
  "initialization_time": 143.3960304260254,
  "evolution_time": 8.7586350440979,
  "generations_run": 100,
  "generations_to_convergence": null,
  "convergence_history": [
    1849.6179217941483,
    1849.6179217941483,
    1849.6179217941483,
    1849.6179217941483,
    1849.6179217941483,
    1849.6179217941483,
    1849.6179217941483,
    1795.345903004365,
    1795.345903004365,
    1795.345903004365,
    1795.345903004365,
    1735.7548514214059,
    1735.7548514214059,
    1687.623176483632,
    1672.4360389316532,
    1672.4360389316532,
    1666.2826257517058,
    1666.2826257517058,
    1651.0954881997272,
    1647.3197009401604,
    1641.4310844625843,
    1640.9284589164731,
    1629.9560067733537,
    1611.366311703218,
    1611.366311703218,
    1611.366311703218,
    1611.366311703218,
    1606.7439976583287,
    1605.5216105588188,
    1605.5216105588188,
    1605.5216105588188,
    1605.5216105588188,
    1597.691891214849,
    1597.691891214849,
    1597.691891214849,
    1597.691891214849,
    1597.691891214849,
    1597.691891214849,
    1597.691891214849,
    1597.691891214849,
    1597.691891214849,
    1597.691891214849,
    1597.691891214849,
    1596.0932965340926,
    1596.0932965340926,
    1588.0435560505398,
    1567.2561524399812,
    1567.2561524399812,
    1567.2561524399812,
    1567.2561524399812,
    1565.0385927385446,
    1565.0385927385446,
    1565.0385927385446,
    1565.0385927385446,
    1564.7007876553112,
    1564.7007876553112,
    1564.7007876553112,
    1564.7007876553112,
    1564.7007876553112,
    1564.3732706491624,
    1564.3732706491624,
    1553.2767219849552,
    1553.2767219849552,
    1552.9492049788064,
    1546.6975558689749,
    1546.4687265548255,
    1546.3700388628263,
    1540.1769188146704,
    1539.4273414052327,
    1539.4273414052327,
    1533.5977526986903,
    1533.5977526986903,
    1530.1710775424162,
    1529.4418253427634,
    1529.4418253427634,
    1529.4418253427634,
    1529.4418253427634,
    1522.244984693254,
    1522.244984693254,
    1522.244984693254,
    1522.244984693254,
    1522.244984693254,
    1522.244984693254,
    1522.244984693254,
    1522.244984693254,
    1522.244984693254,
    1522.244984693254,
    1522.244984693254,
    1522.244984693254,
    1522.244984693254,
    1522.244984693254,
    1520.1392172552705,
    1520.1392172552705,
    1520.1392172552705,
    1520.1392172552705,
    1520.1392172552705,
    1520.1392172552705,
    1517.6052869344198,
    1517.6052869344198,
    1517.6052869344198,
    1509.7895707218424
  ],
  "best_solution": {
    "id": "ga_gen0_8525",
    "instance_id": "synthetic_90c_337q_random_s429643669",
    "algorithm": "drl_junior_ga",
    "routes": [
      {
        "vehicle_id": 0,
        "customer_sequence": [
          19,
          59,
          67,
          88,
          9,
          53,
          21,
          87,
          13,
          71,
          70,
          17,
          76,
          30,
          52,
          57,
          8,
          65
        ],
        "total_demand": 330,
        "total_distance": 333.15298009154697
      },
      {
        "vehicle_id": 1,
        "customer_sequence": [
          33,
          77,
          56,
          26,
          90,
          49,
          48,
          62,
          15,
          68,
          34,
          41,
          50,
          5,
          43,
          32,
          64,
          24,
          37,
          54
        ],
        "total_demand": 332,
        "total_distance": 359.68330062538723
      },
      {
        "vehicle_id": 2,
        "customer_sequence": [
          36,
          39,
          11,
          73,
          1,
          89,
          10,
          16,
          25,
          28,
          18,
          46,
          85,
          74,
          82,
          14,
          3,
          60,
          2,
          23
        ],
        "total_demand": 337,
        "total_distance": 366.8896297163799
      },
      {
        "vehicle_id": 3,
        "customer_sequence": [
          45,
          81,
          31,
          69,
          47,
          72,
          51,
          84,
          80,
          63,
          66,
          78,
          12,
          7,
          38,
          83
        ],
        "total_demand": 331,
        "total_distance": 371.502677591732
      },
      {
        "vehicle_id": 4,
        "customer_sequence": [
          27,
          6,
          55,
          75,
          40,
          20,
          42,
          29,
          79,
          22,
          35,
          4,
          86,
          44,
          58,
          61
        ],
        "total_demand": 251,
        "total_distance": 415.4206967224362
      }
    ],
    "total_cost": 1509.7895707218424,
    "computation_time": 0.0,
    "is_valid": true,
    "convergence_history": null
  }
}