{
  "instance_id": "synthetic_40c_120q_random_s434612283",
  "instance_name": "Synthetic Random",
  "instance_size": 40,
  "configuration": "drl_junior_ga",
  "agent_used": "junior",
  "replicate": 3,
  "seed": 1162046084,
  "initial_cost": 825.8513429697434,
  "final_cost": 641.9274638855306,
  "improvement_gap": 22.270821577019724,
  "total_time": 36.132564067840576,
  "initialization_time": 34.560784339904785,
  "evolution_time": 1.571779727935791,
  "generations_run": 100,
  "generations_to_convergence": 37,
  "convergence_history": [
    825.8513429697434,
    825.8513429697434,
    825.8513429697434,
    785.2390953228945,
    759.2976585658303,
    759.2976585658303,
    759.2976585658303,
    759.2976585658303,
    758.2532020357596,
    750.901102852232,
    749.8566463221614,
    736.8007455458962,
    736.8007455458962,
    736.8007455458962,
    732.9213971608797,
    724.8714062455326,
    724.8714062455326,
    714.0097841529655,
    705.9597932376186,
    705.9597932376186,
    698.1399149619742,
    697.0954584319037,
    691.7204027354651,
    690.6759462053944,
    690.6093524184478,
    690.6093524184478,
    690.5081854531575,
    690.5081854531575,
    661.3510150008638,
    661.2498480355735,
    661.2498480355735,
    657.3614806338958,
    657.3614806338958,
    657.3614806338958,
    657.3614806338958,
    657.3614806338958,
    657.3614806338958,
    656.6553915027248,
    656.6553915027248,
    656.6553915027248,
    656.6553915027248,
    656.6553915027248,
    656.6553915027248,
    656.6553915027248,
    656.6553915027248,
    656.6553915027248,
    656.6553915027248,
    656.6553915027248,
    656.6553915027248,
    656.6553915027248,
    656.6553915027248,
    656.6553915027248,
    656.6553915027248,
    656.6553915027248,
    656.6553915027248,
    656.6553915027248,
    656.6553915027248,
    656.6553915027248,
    656.6553915027248,
    641.9274638855306,
    641.9274638855306,
    641.9274638855306,
    641.9274638855306,
    641.9274638855306,
    641.9274638855306,
    641.9274638855306,
    641.9274638855306,
    641.9274638855306,
    641.9274638855306,
    641.9274638855306,
    641.9274638855306,
    641.9274638855306,
    641.9274638855306,
    641.9274638855306,
    641.9274638855306,
    641.9274638855306,
    641.9274638855306,
    641.9274638855306,
    641.9274638855306,
    641.9274638855306,
    641.9274638855306,
    641.9274638855306,
    641.9274638855306,
    641.9274638855306,
    641.9274638855306,
    641.9274638855306,
    641.9274638855306,
    641.9274638855306,
    641.9274638855306,
    641.9274638855306,
    641.9274638855306,
    641.9274638855306,
    641.9274638855306,
    641.9274638855306,
    641.9274638855306,
    641.9274638855306,
    641.9274638855306,
    641.9274638855306,
    641.9274638855306,
    641.9274638855306,
    641.9274638855306
  ],
  "best_solution": {
    "id": "ga_gen0_3235",
    "instance_id": "synthetic_40c_120q_random_s434612283",
    "algorithm": "drl_junior_ga",
    "routes": [
      {
        "vehicle_id": 0,
        "customer_sequence": [
          11,
          29,
          30,
          1,
          21,
          12
        ],
        "total_demand": 117,
        "total_distance": 113.6484732358161
      },
      {
        "vehicle_id": 1,
        "customer_sequence": [
          5,
          40,
          4,
          9,
          3,
          34,
          6
        ],
        "total_demand": 113,
        "total_distance": 148.93807969053748
      },
      {
        "vehicle_id": 2,
        "customer_sequence": [
          35,
          10,
          27,
          39,
          2,
          25,
          8
        ],
        "total_demand": 110,
        "total_distance": 235.93614952589127
      },
      {
        "vehicle_id": 3,
        "customer_sequence": [
          33,
          23,
          7,
          32
        ],
        "total_demand": 102,
        "total_distance": 164.05863937626722
      },
      {
        "vehicle_id": 4,
        "customer_sequence": [
          19,
          15,
          26,
          31,
          24,
          22,
          38
        ],
        "total_demand": 116,
        "total_distance": 182.19806500325384
      },
      {
        "vehicle_id": 5,
        "customer_sequence": [
          36,
          14,
          37,
          17,
          13,
          18,
          16,
          28,
          20
        ],
        "total_demand": 98,
        "total_distance": 287.1035439070728
      }
    ],
    "total_cost": 641.9274638855306,
    "computation_time": 0.0,
    "is_valid": true,
    "convergence_history": null
  }
}