{
  "instance_id": "synthetic_60c_300q_clustered5_s316884001",
  "instance_name": "Synthetic Clustered",
  "instance_size": 60,
  "configuration": "drl_junior_ga",
  "agent_used": "junior",
  "replicate": 3,
  "seed": 1785581611,
  "initial_cost": 799.928353627317,
  "final_cost": 622.4973679618925,
  "improvement_gap": 22.180859680851977,
  "total_time": 73.66268062591553,
  "initialization_time": 70.65444731712341,
  "evolution_time": 3.0082333087921143,
  "generations_run": 100,
  "generations_to_convergence": null,
  "convergence_history": [
    799.928353627317,
    799.928353627317,
    799.928353627317,
    799.928353627317,
    799.928353627317,
    799.928353627317,
    782.1621623796498,
    779.1616082309783,
    769.5733671931708,
    769.5733671931708,
    760.1771123995101,
    748.8066217968321,
    748.8066217968321,
    747.3945767853447,
    746.2625742317293,
    739.1542161350059,
    739.1542161350059,
    739.0271643180816,
    730.3600919840416,
    729.3747586562554,
    720.019654371273,
    716.8860524503851,
    710.9246284655305,
    705.7489053529728,
    702.5258535560613,
    699.7874813681183,
    691.456082637267,
    691.456082637267,
    683.0704581016068,
    680.7904051852272,
    672.4047806495672,
    672.4047806495672,
    672.4047806495672,
    672.0490880877755,
    672.0490880877755,
    672.0490880877755,
    672.0490880877755,
    670.8773495581436,
    670.8773495581436,
    670.8773495581436,
    669.5050405226727,
    669.5050405226727,
    668.3333019930409,
    668.3333019930409,
    665.3681426299712,
    665.3681426299712,
    665.3681426299712,
    665.3681426299712,
    665.3681426299712,
    665.3681426299712,
    665.3681426299712,
    665.3681426299712,
    656.9866702731974,
    656.9866702731974,
    656.9866702731974,
    656.9866702731974,
    656.9866702731974,
    656.9866702731974,
    656.3826087693392,
    656.3826087693392,
    656.3826087693392,
    641.7214333028402,
    641.1173717989819,
    641.1173717989819,
    640.6079949521226,
    640.6079949521226,
    640.6079949521226,
    640.6079949521226,
    640.6079949521226,
    640.6079949521226,
    640.6079949521226,
    640.6079949521226,
    624.7314639579728,
    624.7314639579728,
    624.7314639579728,
    624.7314639579728,
    624.7314639579728,
    624.7314639579728,
    624.7314639579728,
    624.7314639579728,
    624.7314639579728,
    624.7314639579728,
    624.7314639579728,
    624.7314639579728,
    622.4973679618925,
    622.4973679618925,
    622.4973679618925,
    622.4973679618925,
    622.4973679618925,
    622.4973679618925,
    622.4973679618925,
    622.4973679618925,
    622.4973679618925,
    622.4973679618925,
    622.4973679618925,
    622.4973679618925,
    622.4973679618925,
    622.4973679618925,
    622.4973679618925,
    622.4973679618925,
    622.4973679618925
  ],
  "best_solution": {
    "id": "ga_gen0_2838",
    "instance_id": "synthetic_60c_300q_clustered5_s316884001",
    "algorithm": "drl_junior_ga",
    "routes": [
      {
        "vehicle_id": 0,
        "customer_sequence": [
          33,
          36,
          28,
          25,
          4,
          8,
          27,
          10,
          35,
          34,
          30,
          11,
          56,
          54,
          15
        ],
        "total_demand": 296,
        "total_distance": 190.9644330160275
      },
      {
        "vehicle_id": 1,
        "customer_sequence": [
          32,
          26,
          22,
          51,
          55,
          53,
          50,
          20,
          18,
          2,
          47,
          45,
          43,
          44,
          40
        ],
        "total_demand": 299,
        "total_distance": 153.50300267132388
      },
      {
        "vehicle_id": 2,
        "customer_sequence": [
          60,
          13,
          23,
          24,
          14,
          16,
          37,
          42,
          46,
          48,
          41,
          38,
          39,
          7,
          9,
          12,
          5,
          21
        ],
        "total_demand": 297,
        "total_distance": 217.71399274931485
      },
      {
        "vehicle_id": 3,
        "customer_sequence": [
          3,
          6,
          1,
          17,
          57,
          59,
          19,
          58,
          49,
          52,
          29,
          31
        ],
        "total_demand": 218,
        "total_distance": 248.61012216780483
      }
    ],
    "total_cost": 622.4973679618925,
    "computation_time": 0.0,
    "is_valid": true,
    "convergence_history": null
  }
}