{
  "instance_id": "synthetic_60c_300q_random_s1191810689",
  "instance_name": "Synthetic Random",
  "instance_size": 60,
  "configuration": "drl_junior_ga",
  "agent_used": "junior",
  "replicate": 4,
  "seed": 1610427894,
  "initial_cost": 1092.9784931058682,
  "final_cost": 937.3574982286485,
  "improvement_gap": 14.238248589411715,
  "total_time": 76.88313698768616,
  "initialization_time": 72.2912425994873,
  "evolution_time": 4.5918943881988525,
  "generations_run": 100,
  "generations_to_convergence": null,
  "convergence_history": [
    1092.9784931058682,
    1092.9784931058682,
    1092.9784931058682,
    1092.9784931058682,
    1092.9784931058682,
    1092.9784931058682,
    1092.9784931058682,
    1092.9784931058682,
    1084.1353538987923,
    1084.1353538987923,
    1084.1353538987923,
    1084.1353538987923,
    1084.1353538987923,
    1084.1353538987923,
    1084.1353538987923,
    1084.1353538987923,
    1084.1353538987923,
    1084.1353538987923,
    1075.71595468535,
    1075.71595468535,
    1050.59674542582,
    1042.1773462123776,
    1042.1773462123776,
    1042.1773462123776,
    1042.1773462123776,
    1042.1773462123776,
    1042.1773462123776,
    1022.36642874639,
    1022.36642874639,
    1022.36642874639,
    1022.36642874639,
    1022.36642874639,
    1022.36642874639,
    1013.2371327787862,
    1013.2371327787862,
    1008.5518604694039,
    1008.5518604694039,
    1008.5518604694039,
    1008.5518604694039,
    1008.5518604694039,
    1006.7632103545552,
    1006.7632103545552,
    1006.7632103545552,
    975.9243222590571,
    975.9243222590571,
    974.1356721442082,
    974.1356721442082,
    974.1356721442082,
    974.1356721442082,
    974.1356721442082,
    974.1356721442082,
    974.1356721442082,
    974.1356721442082,
    974.1356721442082,
    974.1356721442082,
    974.1356721442082,
    974.1356721442082,
    974.1356721442082,
    974.1356721442082,
    957.697050566095,
    957.697050566095,
    957.697050566095,
    957.697050566095,
    957.697050566095,
    957.697050566095,
    957.697050566095,
    957.697050566095,
    957.697050566095,
    957.697050566095,
    957.697050566095,
    957.4997241656395,
    957.4997241656395,
    957.4997241656395,
    957.4997241656395,
    957.4997241656395,
    957.4997241656395,
    957.4997241656395,
    957.4997241656395,
    957.4997241656395,
    957.4997241656395,
    957.4997241656395,
    957.4997241656395,
    957.4997241656395,
    957.4997241656395,
    957.1116932322029,
    957.1116932322029,
    957.1116932322029,
    957.1116932322029,
    957.1116932322029,
    957.1116932322029,
    944.2828507683871,
    943.6195661627521,
    943.6195661627521,
    943.6195661627521,
    943.6195661627521,
    937.3574982286485,
    937.3574982286485,
    937.3574982286485,
    937.3574982286485,
    937.3574982286485,
    937.3574982286485
  ],
  "best_solution": {
    "id": "ga_gen0_1618",
    "instance_id": "synthetic_60c_300q_random_s1191810689",
    "algorithm": "drl_junior_ga",
    "routes": [
      {
        "vehicle_id": 0,
        "customer_sequence": [
          55,
          5,
          41,
          11,
          22,
          28,
          19,
          51,
          17,
          8,
          38,
          50,
          16,
          10,
          30,
          7
        ],
        "total_demand": 299,
        "total_distance": 289.3920986933322
      },
      {
        "vehicle_id": 1,
        "customer_sequence": [
          33,
          47,
          45,
          57,
          29,
          42,
          34,
          18,
          20,
          6,
          2,
          3,
          4,
          40,
          58
        ],
        "total_demand": 296,
        "total_distance": 374.6879686563661
      },
      {
        "vehicle_id": 2,
        "customer_sequence": [
          48,
          37,
          1,
          39,
          46,
          26,
          43,
          21,
          13,
          56,
          35,
          32,
          9,
          52,
          53,
          23
        ],
        "total_demand": 300,
        "total_distance": 200.5524177491045
      },
      {
        "vehicle_id": 3,
        "customer_sequence": [
          15,
          60,
          36,
          49,
          14,
          12,
          59,
          24,
          27,
          31,
          44,
          54,
          25
        ],
        "total_demand": 216,
        "total_distance": 370.50747010163445
      }
    ],
    "total_cost": 937.3574982286485,
    "computation_time": 0.0,
    "is_valid": true,
    "convergence_history": null
  }
}