{
  "instance_id": "synthetic_125c_437q_clustered6_s1304513617",
  "instance_name": "Synthetic Clustered",
  "instance_size": 125,
  "configuration": "drl_junior_ga",
  "agent_used": "junior",
  "replicate": 3,
  "seed": 1033300002,
  "initial_cost": 1634.583658223029,
  "final_cost": 1292.7605895972822,
  "improvement_gap": 20.911934785726775,
  "total_time": 280.98832416534424,
  "initialization_time": 264.60679626464844,
  "evolution_time": 16.3815279006958,
  "generations_run": 100,
  "generations_to_convergence": null,
  "convergence_history": [
    1634.583658223029,
    1634.583658223029,
    1634.583658223029,
    1634.583658223029,
    1634.583658223029,
    1634.583658223029,
    1615.6539210802619,
    1594.4797457225557,
    1565.9288705221943,
    1565.9288705221943,
    1565.9288705221943,
    1565.9288705221943,
    1559.0378518570453,
    1559.0378518570453,
    1559.0378518570453,
    1559.0378518570453,
    1536.9494233994017,
    1536.9494233994017,
    1536.9494233994017,
    1522.5913457214565,
    1500.5029172638128,
    1500.5029172638128,
    1494.3433849565638,
    1494.3433849565638,
    1491.9027934368519,
    1489.3630228673462,
    1489.3630228673462,
    1489.3630228673462,
    1487.9076950261722,
    1481.341152559721,
    1481.341152559721,
    1481.341152559721,
    1481.341152559721,
    1480.3948245140998,
    1472.2863236283595,
    1472.2863236283595,
    1472.2863236283595,
    1442.4513376787936,
    1442.4513376787936,
    1441.602551158623,
    1441.602551158623,
    1441.602551158623,
    1427.4756327976756,
    1427.4756327976756,
    1426.626846277505,
    1426.626846277505,
    1426.626846277505,
    1426.626846277505,
    1426.626846277505,
    1380.0303095140694,
    1380.0303095140694,
    1379.6728590406115,
    1376.0720076522562,
    1376.0720076522562,
    1375.7145571787985,
    1375.7145571787985,
    1375.7145571787985,
    1374.4626982881864,
    1374.4626982881864,
    1374.4626982881864,
    1374.1647669804643,
    1374.1647669804643,
    1373.3844266246497,
    1373.3844266246497,
    1373.0864953169275,
    1373.0864953169275,
    1370.004290543609,
    1370.004290543609,
    1369.7063592358868,
    1369.7063592358868,
    1369.7063592358868,
    1332.60532481218,
    1332.60532481218,
    1332.60532481218,
    1332.60532481218,
    1332.60532481218,
    1332.60532481218,
    1331.5637036417145,
    1330.545098289188,
    1330.545098289188,
    1329.5034771187225,
    1327.9495804152607,
    1327.9495804152607,
    1327.9495804152607,
    1310.2145021320425,
    1309.172880961577,
    1309.172880961577,
    1307.7054633676178,
    1306.6638421971522,
    1306.6638421971522,
    1303.6988992959937,
    1303.6988992959937,
    1303.5819549670014,
    1303.5819549670014,
    1303.5819549670014,
    1303.5819549670014,
    1302.1266271258273,
    1302.1266271258273,
    1292.7605895972822,
    1292.7605895972822,
    1292.7605895972822
  ],
  "best_solution": {
    "id": "ga_gen0_9267",
    "instance_id": "synthetic_125c_437q_clustered6_s1304513617",
    "algorithm": "drl_junior_ga",
    "routes": [
      {
        "vehicle_id": 0,
        "customer_sequence": [
          107,
          52,
          56,
          89,
          27,
          30,
          16,
          9,
          2,
          118,
          101,
          5,
          8,
          3,
          96,
          11,
          12,
          43,
          99
        ],
        "total_demand": 435,
        "total_distance": 185.3804416651863
      },
      {
        "vehicle_id": 1,
        "customer_sequence": [
          22,
          31,
          61,
          104,
          33,
          6,
          67,
          119,
          116,
          21,
          113,
          105,
          32,
          24,
          39,
          35,
          36,
          29,
          34,
          23
        ],
        "total_demand": 435,
        "total_distance": 165.1531034627526
      },
      {
        "vehicle_id": 2,
        "customer_sequence": [
          109,
          102,
          77,
          62,
          120,
          17,
          14,
          4,
          80,
          65,
          72,
          66,
          1,
          106,
          91,
          86,
          95,
          44,
          93,
          110,
          40,
          28,
          38,
          123,
          125
        ],
        "total_demand": 434,
        "total_distance": 382.24663586374277
      },
      {
        "vehicle_id": 3,
        "customer_sequence": [
          98,
          41,
          122,
          46,
          54,
          124,
          58,
          87,
          97,
          88,
          100,
          92,
          57,
          42,
          47,
          85,
          19,
          18,
          15,
          111,
          20,
          84,
          10,
          53
        ],
        "total_demand": 437,
        "total_distance": 202.8712862145016
      },
      {
        "vehicle_id": 4,
        "customer_sequence": [
          83,
          81,
          51,
          49,
          59,
          45,
          82,
          55,
          60,
          108,
          26,
          115,
          37,
          71,
          74,
          79,
          70,
          78,
          68,
          73,
          64,
          76,
          75,
          103,
          114,
          112,
          63,
          69
        ],
        "total_demand": 435,
        "total_distance": 432.6833871424477
      },
      {
        "vehicle_id": 5,
        "customer_sequence": [
          117,
          94,
          90,
          48,
          50,
          7,
          25,
          13,
          121
        ],
        "total_demand": 147,
        "total_distance": 264.3223920769941
      }
    ],
    "total_cost": 1292.7605895972822,
    "computation_time": 0.0,
    "is_valid": true,
    "convergence_history": null
  }
}