{
  "instance_id": "synthetic_75c_281q_random_s455467924",
  "instance_name": "Synthetic Random",
  "instance_size": 75,
  "configuration": "drl_junior_ga",
  "agent_used": "junior",
  "replicate": 3,
  "seed": 375411283,
  "initial_cost": 1363.7189960165435,
  "final_cost": 1057.5950858895494,
  "improvement_gap": 22.44772647599612,
  "total_time": 112.91973567008972,
  "initialization_time": 106.30309057235718,
  "evolution_time": 6.616645097732544,
  "generations_run": 100,
  "generations_to_convergence": null,
  "convergence_history": [
    1363.7189960165435,
    1363.7189960165435,
    1363.7189960165435,
    1340.0138551957434,
    1340.0138551957434,
    1335.258696083917,
    1334.0586657510935,
    1319.9511542660694,
    1313.9472588040578,
    1312.7472284712342,
    1312.7472284712342,
    1305.4467756424854,
    1303.80142260084,
    1294.9372898335325,
    1294.9372898335325,
    1281.2840064004129,
    1281.2840064004129,
    1281.2840064004129,
    1281.2840064004129,
    1281.2840064004129,
    1272.1738873746403,
    1272.1738873746403,
    1268.457146085552,
    1201.7424586468587,
    1201.7424586468587,
    1201.7424586468587,
    1192.9014426426074,
    1192.9014426426074,
    1191.6273881937675,
    1182.6116512294625,
    1182.6116512294625,
    1181.3470111964762,
    1181.3470111964762,
    1174.9606794525425,
    1174.9606794525425,
    1174.9606794525425,
    1166.3946465524796,
    1155.4085599059724,
    1154.143919872986,
    1153.228858749843,
    1153.228858749843,
    1139.374881528301,
    1139.374881528301,
    1139.374881528301,
    1138.285449458897,
    1138.285449458897,
    1138.285449458897,
    1138.285449458897,
    1138.285449458897,
    1138.285449458897,
    1138.285449458897,
    1138.285449458897,
    1134.1198092639866,
    1134.1198092639866,
    1134.1198092639866,
    1134.1198092639866,
    1134.1198092639866,
    1134.1198092639866,
    1134.1198092639866,
    1130.4596480673492,
    1130.4596480673492,
    1130.4596480673492,
    1130.4596480673492,
    1130.4596480673492,
    1130.4596480673492,
    1130.4596480673492,
    1130.4596480673492,
    1124.4387343738108,
    1124.4387343738108,
    1107.7517573702348,
    1106.1586494698433,
    1106.1586494698433,
    1106.1586494698433,
    1083.450758772729,
    1083.450758772729,
    1083.450758772729,
    1083.450758772729,
    1083.450758772729,
    1081.0101527261372,
    1081.0101527261372,
    1081.0101527261372,
    1081.0101527261372,
    1080.1422365844269,
    1080.1422365844269,
    1078.9776890042244,
    1078.9776890042244,
    1068.3727571649226,
    1068.3727571649226,
    1067.391770883341,
    1067.391770883341,
    1067.391770883341,
    1067.391770883341,
    1067.391770883341,
    1067.391770883341,
    1067.391770883341,
    1065.4946370102048,
    1065.4946370102048,
    1065.4946370102048,
    1065.4946370102048,
    1057.5950858895494,
    1057.5950858895494
  ],
  "best_solution": {
    "id": "ga_gen0_3919",
    "instance_id": "synthetic_75c_281q_random_s455467924",
    "algorithm": "drl_junior_ga",
    "routes": [
      {
        "vehicle_id": 0,
        "customer_sequence": [
          58,
          61,
          73,
          55,
          6,
          54,
          48,
          22,
          38,
          36,
          64,
          28,
          34,
          12,
          65,
          21
        ],
        "total_demand": 280,
        "total_distance": 276.90267228818294
      },
      {
        "vehicle_id": 1,
        "customer_sequence": [
          18,
          17,
          14,
          10,
          49,
          3,
          41,
          37,
          25,
          67,
          50,
          26,
          66,
          45,
          27,
          35,
          57
        ],
        "total_demand": 280,
        "total_distance": 320.33995878698585
      },
      {
        "vehicle_id": 2,
        "customer_sequence": [
          40,
          75,
          30,
          69,
          23,
          11,
          59,
          7,
          62,
          20,
          39,
          43,
          24,
          31,
          60,
          33,
          2
        ],
        "total_demand": 281,
        "total_distance": 225.7772266696527
      },
      {
        "vehicle_id": 3,
        "customer_sequence": [
          71,
          4,
          9,
          8,
          44,
          32,
          47,
          42,
          51,
          63,
          15,
          68,
          72,
          16,
          53,
          1,
          74,
          13
        ],
        "total_demand": 279,
        "total_distance": 314.83771494284827
      },
      {
        "vehicle_id": 4,
        "customer_sequence": [
          70,
          29,
          46,
          52,
          19,
          56,
          5
        ],
        "total_demand": 117,
        "total_distance": 241.31382127413386
      }
    ],
    "total_cost": 1057.5950858895494,
    "computation_time": 0.0,
    "is_valid": true,
    "convergence_history": null
  }
}