{
  "instance_id": "synthetic_100c_300q_clustered5_s1449289238",
  "instance_name": "Synthetic Clustered",
  "instance_size": 100,
  "configuration": "drl_junior_ga",
  "agent_used": "junior",
  "replicate": 2,
  "seed": 1327213481,
  "initial_cost": 1298.2700032618432,
  "final_cost": 1132.182096185097,
  "improvement_gap": 12.793017373848127,
  "total_time": 185.11523914337158,
  "initialization_time": 174.49601125717163,
  "evolution_time": 10.619227886199951,
  "generations_run": 100,
  "generations_to_convergence": null,
  "convergence_history": [
    1298.2700032618432,
    1298.2700032618432,
    1298.2700032618432,
    1298.2700032618432,
    1298.2700032618432,
    1298.2700032618432,
    1298.2700032618432,
    1298.2700032618432,
    1265.5556276098926,
    1265.5556276098926,
    1265.5556276098926,
    1261.6654086762196,
    1261.6654086762196,
    1261.6654086762196,
    1261.6654086762196,
    1260.444082657461,
    1260.444082657461,
    1251.032113612877,
    1251.032113612877,
    1249.8107875941187,
    1249.8107875941187,
    1249.8107875941187,
    1249.8107875941187,
    1229.2984745933118,
    1229.2984745933118,
    1227.3587863380546,
    1227.3587863380546,
    1227.3587863380546,
    1220.8562851374595,
    1219.795600151115,
    1219.795600151115,
    1219.795600151115,
    1218.9165968822024,
    1218.793760605842,
    1217.9147573369294,
    1215.2789814678483,
    1215.2789814678483,
    1215.2789814678483,
    1215.2789814678483,
    1211.6816445122474,
    1211.6816445122474,
    1211.6816445122474,
    1211.6816445122474,
    1189.7105613858505,
    1189.7105613858505,
    1189.7105613858505,
    1187.3103849206166,
    1187.2860907481586,
    1170.4670164034196,
    1170.4670164034196,
    1170.4670164034196,
    1170.4670164034196,
    1170.4670164034196,
    1170.4670164034196,
    1170.4670164034196,
    1170.4670164034196,
    1168.986590502159,
    1168.7875457353746,
    1165.4310629214795,
    1165.4310629214795,
    1163.7515922534344,
    1163.7515922534344,
    1159.047729020109,
    1159.047729020109,
    1147.209978901689,
    1147.209978901689,
    1147.209978901689,
    1147.209978901689,
    1147.209978901689,
    1147.209978901689,
    1147.209978901689,
    1147.209978901689,
    1147.209978901689,
    1147.209978901689,
    1147.209978901689,
    1147.209978901689,
    1147.209978901689,
    1147.209978901689,
    1147.209978901689,
    1134.4627346233153,
    1134.4627346233153,
    1134.4627346233153,
    1134.4627346233153,
    1132.182096185097,
    1132.182096185097,
    1132.182096185097,
    1132.182096185097,
    1132.182096185097,
    1132.182096185097,
    1132.182096185097,
    1132.182096185097,
    1132.182096185097,
    1132.182096185097,
    1132.182096185097,
    1132.182096185097,
    1132.182096185097,
    1132.182096185097,
    1132.182096185097,
    1132.182096185097,
    1132.182096185097,
    1132.182096185097
  ],
  "best_solution": {
    "id": "ga_gen0_5242",
    "instance_id": "synthetic_100c_300q_clustered5_s1449289238",
    "algorithm": "drl_junior_ga",
    "routes": [
      {
        "vehicle_id": 0,
        "customer_sequence": [
          45,
          52,
          51,
          57,
          62,
          61,
          69,
          68,
          78,
          71,
          58,
          49,
          54,
          36,
          44,
          13
        ],
        "total_demand": 299,
        "total_distance": 212.79744872965705
      },
      {
        "vehicle_id": 1,
        "customer_sequence": [
          50,
          56,
          77,
          47,
          26,
          91,
          92,
          100,
          86,
          90,
          85,
          89,
          27,
          96,
          25,
          22
        ],
        "total_demand": 299,
        "total_distance": 165.20858964813266
      },
      {
        "vehicle_id": 2,
        "customer_sequence": [
          46,
          80,
          31,
          18,
          40,
          7,
          6,
          60,
          74,
          65,
          79,
          73,
          76,
          75,
          93,
          82
        ],
        "total_demand": 296,
        "total_distance": 272.7670422325783
      },
      {
        "vehicle_id": 3,
        "customer_sequence": [
          98,
          87,
          20,
          9,
          3,
          15,
          5,
          8,
          30,
          28,
          66,
          70,
          43,
          41,
          67,
          53,
          48
        ],
        "total_demand": 299,
        "total_distance": 281.1843285564069
      },
      {
        "vehicle_id": 4,
        "customer_sequence": [
          83,
          95,
          88,
          99,
          94,
          21,
          39,
          34,
          32,
          37,
          24,
          1,
          23,
          35,
          33,
          38,
          29,
          4,
          2
        ],
        "total_demand": 294,
        "total_distance": 178.29366670910488
      },
      {
        "vehicle_id": 5,
        "customer_sequence": [
          11,
          17,
          19,
          16,
          10,
          14,
          12,
          42,
          55,
          59,
          63,
          72,
          64,
          81,
          84,
          97
        ],
        "total_demand": 268,
        "total_distance": 328.73577756321396
      }
    ],
    "total_cost": 1132.182096185097,
    "computation_time": 0.0,
    "is_valid": true,
    "convergence_history": null
  }
}