{
  "instance_id": "synthetic_125c_437q_clustered6_s283318841",
  "instance_name": "Synthetic Clustered",
  "instance_size": 125,
  "configuration": "drl_junior_ga",
  "agent_used": "junior",
  "replicate": 2,
  "seed": 1048088025,
  "initial_cost": 1670.086475513725,
  "final_cost": 1422.0798115577527,
  "improvement_gap": 14.84992948521929,
  "total_time": 289.1260712146759,
  "initialization_time": 272.0957074165344,
  "evolution_time": 17.03036379814148,
  "generations_run": 100,
  "generations_to_convergence": null,
  "convergence_history": [
    1670.086475513725,
    1670.086475513725,
    1670.086475513725,
    1670.086475513725,
    1670.086475513725,
    1670.086475513725,
    1668.338873108509,
    1668.338873108509,
    1668.338873108509,
    1668.338873108509,
    1665.126740265278,
    1665.126740265278,
    1665.126740265278,
    1639.5362331513688,
    1639.5362331513688,
    1636.4407563329644,
    1636.4407563329644,
    1636.4407563329644,
    1636.4407563329644,
    1636.4407563329644,
    1636.4407563329644,
    1621.4816508407266,
    1621.4816508407266,
    1615.2736667815825,
    1600.3145612893445,
    1600.3145612893445,
    1600.0685946455083,
    1600.0685946455083,
    1596.3674231609111,
    1596.3674231609111,
    1551.1288942416834,
    1542.9948635965895,
    1542.9948635965895,
    1542.9948635965895,
    1539.0477254681562,
    1539.0477254681562,
    1539.0477254681562,
    1539.0477254681562,
    1539.0477254681562,
    1539.0477254681562,
    1480.8774852362308,
    1480.8774852362308,
    1480.8774852362308,
    1480.8774852362308,
    1480.8774852362308,
    1480.8774852362308,
    1480.8774852362308,
    1480.8774852362308,
    1480.8774852362308,
    1480.4311017610537,
    1480.4311017610537,
    1479.7328789684216,
    1479.7328789684216,
    1479.7328789684216,
    1479.292473295378,
    1478.5233902606392,
    1471.739444284973,
    1471.739444284973,
    1471.739444284973,
    1471.739444284973,
    1470.7453938686672,
    1470.7453938686672,
    1469.50660231312,
    1469.50660231312,
    1469.50660231312,
    1459.1559802480922,
    1459.1559802480922,
    1457.6202764758498,
    1457.6202764758498,
    1457.6202764758498,
    1457.6202764758498,
    1456.626226059544,
    1449.3462484031254,
    1449.3462484031254,
    1449.3462484031254,
    1446.5705004334059,
    1445.5764500171001,
    1445.5764500171001,
    1445.5764500171001,
    1445.5764500171001,
    1445.5764500171001,
    1445.5764500171001,
    1445.5764500171001,
    1445.5764500171001,
    1445.5764500171001,
    1445.5764500171001,
    1436.2239774818815,
    1436.2239774818815,
    1436.2239774818815,
    1429.6965065715792,
    1429.6965065715792,
    1429.6965065715792,
    1429.6965065715792,
    1429.6965065715792,
    1429.6965065715792,
    1423.3693723133224,
    1423.3693723133224,
    1422.855986213856,
    1422.6854201301355,
    1422.0798115577527,
    1422.0798115577527
  ],
  "best_solution": {
    "id": "ga_gen0_6127",
    "instance_id": "synthetic_125c_437q_clustered6_s283318841",
    "algorithm": "drl_junior_ga",
    "routes": [
      {
        "vehicle_id": 0,
        "customer_sequence": [
          108,
          42,
          48,
          46,
          20,
          47,
          60,
          52,
          4,
          59,
          19,
          7,
          43,
          90,
          86,
          89,
          11,
          92,
          54
        ],
        "total_demand": 436,
        "total_distance": 150.4538218273609
      },
      {
        "vehicle_id": 1,
        "customer_sequence": [
          95,
          125,
          117,
          63,
          67,
          29,
          40,
          31,
          35,
          104,
          105,
          32,
          70,
          57,
          17,
          53,
          45,
          10,
          122,
          1,
          8,
          97
        ],
        "total_demand": 436,
        "total_distance": 401.54228902646776
      },
      {
        "vehicle_id": 2,
        "customer_sequence": [
          13,
          91,
          58,
          93,
          18,
          94,
          9,
          51,
          55,
          121,
          28,
          30,
          102,
          107,
          24,
          23,
          21,
          119,
          109,
          118,
          78,
          106,
          103,
          114
        ],
        "total_demand": 433,
        "total_distance": 201.19397205724903
      },
      {
        "vehicle_id": 3,
        "customer_sequence": [
          81,
          41,
          82,
          98,
          27,
          25,
          39,
          22,
          14,
          96,
          100,
          99,
          83,
          120,
          71,
          112,
          111,
          75,
          115,
          124,
          110,
          68,
          72,
          34
        ],
        "total_demand": 436,
        "total_distance": 400.74507564376154
      },
      {
        "vehicle_id": 4,
        "customer_sequence": [
          5,
          3,
          2,
          12,
          6,
          16,
          56,
          15,
          44,
          49,
          69,
          76,
          77,
          80,
          36,
          101,
          61,
          62,
          26,
          37,
          38,
          113,
          65,
          79,
          64,
          33,
          73,
          74,
          116,
          88,
          50,
          87,
          84,
          85
        ],
        "total_demand": 437,
        "total_distance": 529.4569554002353
      },
      {
        "vehicle_id": 5,
        "customer_sequence": [
          66,
          123
        ],
        "total_demand": 39,
        "total_distance": 122.9346726049106
      }
    ],
    "total_cost": 1422.0798115577527,
    "computation_time": 0.0,
    "is_valid": true,
    "convergence_history": null
  }
}