{
  "instance_id": "synthetic_20c_60q_clustered4_s1111526628",
  "instance_name": "Synthetic Clustered",
  "instance_size": 20,
  "configuration": "drl_junior_ga",
  "agent_used": "junior",
  "replicate": 1,
  "seed": 1112016911,
  "initial_cost": 207.58302424736505,
  "final_cost": 166.31764781121723,
  "improvement_gap": 19.8789744902137,
  "total_time": 11.951129674911499,
  "initialization_time": 11.559219121932983,
  "evolution_time": 0.3919105529785156,
  "generations_run": 100,
  "generations_to_convergence": 12,
  "convergence_history": [
    207.58302424736505,
    207.58302424736505,
    195.63624713193292,
    195.63624713193292,
    195.63624713193292,
    182.13308199629873,
    182.13308199629873,
    182.13308199629873,
    177.5013277990962,
    177.5013277990962,
    177.42928980452126,
    171.0214400029947,
    166.31764781121723,
    166.31764781121723,
    166.31764781121723,
    166.31764781121723,
    166.31764781121723,
    166.31764781121723,
    166.31764781121723,
    166.31764781121723,
    166.31764781121723,
    166.31764781121723,
    166.31764781121723,
    166.31764781121723,
    166.31764781121723,
    166.31764781121723,
    166.31764781121723,
    166.31764781121723,
    166.31764781121723,
    166.31764781121723,
    166.31764781121723,
    166.31764781121723,
    166.31764781121723,
    166.31764781121723,
    166.31764781121723,
    166.31764781121723,
    166.31764781121723,
    166.31764781121723,
    166.31764781121723,
    166.31764781121723,
    166.31764781121723,
    166.31764781121723,
    166.31764781121723,
    166.31764781121723,
    166.31764781121723,
    166.31764781121723,
    166.31764781121723,
    166.31764781121723,
    166.31764781121723,
    166.31764781121723,
    166.31764781121723,
    166.31764781121723,
    166.31764781121723,
    166.31764781121723,
    166.31764781121723,
    166.31764781121723,
    166.31764781121723,
    166.31764781121723,
    166.31764781121723,
    166.31764781121723,
    166.31764781121723,
    166.31764781121723,
    166.31764781121723,
    166.31764781121723,
    166.31764781121723,
    166.31764781121723,
    166.31764781121723,
    166.31764781121723,
    166.31764781121723,
    166.31764781121723,
    166.31764781121723,
    166.31764781121723,
    166.31764781121723,
    166.31764781121723,
    166.31764781121723,
    166.31764781121723,
    166.31764781121723,
    166.31764781121723,
    166.31764781121723,
    166.31764781121723,
    166.31764781121723,
    166.31764781121723,
    166.31764781121723,
    166.31764781121723,
    166.31764781121723,
    166.31764781121723,
    166.31764781121723,
    166.31764781121723,
    166.31764781121723,
    166.31764781121723,
    166.31764781121723,
    166.31764781121723,
    166.31764781121723,
    166.31764781121723,
    166.31764781121723,
    166.31764781121723,
    166.31764781121723,
    166.31764781121723,
    166.31764781121723,
    166.31764781121723,
    166.31764781121723
  ],
  "best_solution": {
    "id": "ga_gen0_6874",
    "instance_id": "synthetic_20c_60q_clustered4_s1111526628",
    "algorithm": "drl_junior_ga",
    "routes": [
      {
        "vehicle_id": 0,
        "customer_sequence": [
          14,
          11,
          15
        ],
        "total_demand": 60,
        "total_distance": 46.90698445051028
      },
      {
        "vehicle_id": 1,
        "customer_sequence": [
          7,
          9,
          18
        ],
        "total_demand": 58,
        "total_distance": 78.79727024179314
      },
      {
        "vehicle_id": 2,
        "customer_sequence": [
          17,
          20,
          10
        ],
        "total_demand": 41,
        "total_distance": 121.9456893183193
      },
      {
        "vehicle_id": 3,
        "customer_sequence": [
          3,
          4,
          5,
          1,
          13
        ],
        "total_demand": 56,
        "total_distance": 84.30974076254068
      },
      {
        "vehicle_id": 4,
        "customer_sequence": [
          19,
          16,
          6,
          8,
          12,
          2
        ],
        "total_demand": 51,
        "total_distance": 111.11783813937464
      }
    ],
    "total_cost": 166.31764781121723,
    "computation_time": 0.0,
    "is_valid": true,
    "convergence_history": null
  }
}