{
  "instance_id": "synthetic_60c_300q_random_s912583937",
  "instance_name": "Synthetic Random",
  "instance_size": 60,
  "configuration": "drl_junior_ga",
  "agent_used": "junior",
  "replicate": 1,
  "seed": 1297301374,
  "initial_cost": 1171.6336390407812,
  "final_cost": 890.6956805484386,
  "improvement_gap": 23.978311063375322,
  "total_time": 74.11389970779419,
  "initialization_time": 70.00515413284302,
  "evolution_time": 4.108745574951172,
  "generations_run": 100,
  "generations_to_convergence": 73,
  "convergence_history": [
    1171.6336390407812,
    1171.6336390407812,
    1171.6336390407812,
    1171.6336390407812,
    1171.6336390407812,
    1171.6336390407812,
    1171.6336390407812,
    1171.6336390407812,
    1139.8321928388666,
    1139.8321928388666,
    1139.8321928388666,
    1136.7046484386187,
    1127.9214274779592,
    1127.9214274779592,
    1124.7938830777114,
    1120.9566991788136,
    1120.9566991788136,
    1117.8291547785657,
    1114.5527041152757,
    1111.4251597150278,
    1111.4251597150278,
    1111.4251597150278,
    1111.4251597150278,
    1111.4251597150278,
    1111.4251597150278,
    1111.4251597150278,
    1111.4251597150278,
    1111.4251597150278,
    1111.4251597150278,
    1111.4251597150278,
    1111.4251597150278,
    1111.4251597150278,
    1094.6741469925012,
    1094.6741469925012,
    1094.6741469925012,
    1092.819964945023,
    1092.819964945023,
    1092.819964945023,
    1092.1070489503722,
    1092.1070489503722,
    1058.8957867265367,
    1058.182870731886,
    1058.182870731886,
    1052.688876527851,
    1052.688876527851,
    1032.1133736806519,
    1032.1133736806519,
    1032.1133736806519,
    1027.8341779116465,
    1027.8341779116465,
    955.1280884269661,
    955.1280884269661,
    955.1280884269661,
    955.1280884269661,
    954.1902112206466,
    954.1902112206466,
    954.1902112206466,
    954.1902112206466,
    954.1902112206466,
    943.0639494104373,
    943.0639494104373,
    943.0639494104373,
    943.0639494104373,
    941.5527658437821,
    941.5527658437821,
    941.5527658437821,
    941.5527658437821,
    934.9176327808563,
    934.9176327808563,
    934.9176327808563,
    928.7184369273191,
    928.7184369273191,
    928.7184369273191,
    921.0135971603991,
    921.0135971603991,
    921.0135971603991,
    921.0135971603991,
    921.0135971603991,
    921.0135971603991,
    921.0135971603991,
    921.0135971603991,
    921.0135971603991,
    921.0135971603991,
    921.0135971603991,
    921.0135971603991,
    921.0135971603991,
    921.0135971603991,
    921.0135971603991,
    921.0135971603991,
    921.0135971603991,
    921.0135971603991,
    921.0135971603991,
    921.0135971603991,
    921.0135971603991,
    921.0135971603991,
    921.0135971603991,
    921.0135971603991,
    916.4183920239509,
    916.4183920239509,
    890.6956805484386,
    890.6956805484386
  ],
  "best_solution": {
    "id": "ga_gen0_1117",
    "instance_id": "synthetic_60c_300q_random_s912583937",
    "algorithm": "drl_junior_ga",
    "routes": [
      {
        "vehicle_id": 0,
        "customer_sequence": [
          27,
          43,
          57,
          45,
          31,
          44,
          48,
          36,
          13,
          16,
          37,
          32,
          9,
          5,
          17,
          33
        ],
        "total_demand": 299,
        "total_distance": 297.2990492274346
      },
      {
        "vehicle_id": 1,
        "customer_sequence": [
          38,
          30,
          11,
          51,
          4,
          40,
          24,
          46,
          56,
          18,
          35,
          2,
          58,
          34,
          59
        ],
        "total_demand": 299,
        "total_distance": 298.9005105285567
      },
      {
        "vehicle_id": 2,
        "customer_sequence": [
          1,
          6,
          21,
          29,
          47,
          54,
          15,
          50,
          26,
          12,
          8,
          19,
          22,
          52,
          14,
          42,
          20,
          41
        ],
        "total_demand": 296,
        "total_distance": 301.01091732488686
      },
      {
        "vehicle_id": 3,
        "customer_sequence": [
          53,
          7,
          10,
          23,
          3,
          55,
          25,
          28,
          60,
          39,
          49
        ],
        "total_demand": 190,
        "total_distance": 353.21953010417417
      }
    ],
    "total_cost": 890.6956805484386,
    "computation_time": 0.0,
    "is_valid": true,
    "convergence_history": null
  }
}