{
  "instance_id": "synthetic_110c_481q_clustered6_s1227734037",
  "instance_name": "Synthetic Clustered",
  "instance_size": 110,
  "configuration": "drl_junior_ga",
  "agent_used": "junior",
  "replicate": 5,
  "seed": 2143198986,
  "initial_cost": 1194.587707840712,
  "final_cost": 944.2434505292451,
  "improvement_gap": 20.956540542676347,
  "total_time": 225.1595344543457,
  "initialization_time": 212.31475377082825,
  "evolution_time": 12.844780683517456,
  "generations_run": 100,
  "generations_to_convergence": null,
  "convergence_history": [
    1194.587707840712,
    1194.587707840712,
    1194.587707840712,
    1194.587707840712,
    1194.587707840712,
    1194.587707840712,
    1194.587707840712,
    1193.9733610275437,
    1188.043836083784,
    1176.2815874616713,
    1176.2815874616713,
    1169.7377157047433,
    1169.7377157047433,
    1169.7377157047433,
    1169.123368891575,
    1164.9876645235383,
    1164.9876645235383,
    1164.3733177103697,
    1163.0744582261675,
    1158.3244070449623,
    1155.5028252354657,
    1151.488232816162,
    1151.488232816162,
    1133.190792019446,
    1130.3692102099494,
    1130.3692102099494,
    1130.3692102099494,
    1130.3692102099494,
    1130.3692102099494,
    1130.3692102099494,
    1129.1283914009912,
    1129.1283914009912,
    1129.1283914009912,
    1110.4139794442856,
    1110.4139794442856,
    1110.4139794442856,
    1106.2398710112766,
    1098.3342564440209,
    1090.4957133694722,
    1090.4957133694722,
    1089.556377398856,
    1078.4159903692075,
    1078.2888541222046,
    1078.2888541222046,
    1074.0222017369379,
    1029.806682675335,
    1029.806682675335,
    1029.806682675335,
    1029.806682675335,
    1022.2874667954989,
    1020.1415293414643,
    1015.5669552491947,
    1013.4210177951602,
    1013.4210177951602,
    1013.4210177951602,
    1013.4210177951602,
    973.3457774054632,
    973.3457774054632,
    973.3457774054632,
    970.8522070413676,
    970.8522070413676,
    969.3394133463462,
    969.3394133463462,
    968.1857559534685,
    968.1857559534685,
    968.1857559534685,
    968.1857559534685,
    967.6454528931728,
    966.327426240889,
    966.327426240889,
    966.327426240889,
    962.6020817555848,
    962.6020817555848,
    962.6020817555848,
    962.6020817555848,
    962.061778695289,
    962.061778695289,
    962.061778695289,
    962.061778695289,
    962.061778695289,
    959.4698818994153,
    959.4698818994153,
    958.663197962527,
    958.663197962527,
    958.663197962527,
    958.3011156259794,
    958.3011156259794,
    957.6155456485034,
    957.6155456485034,
    950.0103683824442,
    950.0103683824442,
    946.4969358233142,
    946.4969358233142,
    946.4969358233142,
    946.1348534867666,
    944.6055328657927,
    944.6055328657927,
    944.2434505292451,
    944.2434505292451,
    944.2434505292451,
    944.2434505292451
  ],
  "best_solution": {
    "id": "ga_gen0_4545",
    "instance_id": "synthetic_110c_481q_clustered6_s1227734037",
    "algorithm": "drl_junior_ga",
    "routes": [
      {
        "vehicle_id": 0,
        "customer_sequence": [
          36,
          62,
          27,
          44,
          35,
          56,
          18,
          53,
          37,
          21,
          5,
          6,
          7,
          16,
          109,
          4,
          10,
          14,
          17,
          3,
          79,
          38,
          90,
          52,
          49,
          20,
          104
        ],
        "total_demand": 481,
        "total_distance": 245.88817690885872
      },
      {
        "vehicle_id": 1,
        "customer_sequence": [
          29,
          67,
          65,
          59,
          70,
          72,
          61,
          57,
          63,
          13,
          68,
          81,
          55,
          48,
          28,
          43,
          96,
          93,
          34,
          100,
          31,
          101,
          108,
          103,
          107
        ],
        "total_demand": 481,
        "total_distance": 202.37674670872525
      },
      {
        "vehicle_id": 2,
        "customer_sequence": [
          42,
          40,
          99,
          47,
          97,
          102,
          32,
          98,
          92,
          91,
          26,
          94,
          106,
          105,
          24,
          45,
          88,
          54,
          80,
          78,
          50,
          83,
          84,
          85,
          75,
          87,
          73
        ],
        "total_demand": 480,
        "total_distance": 243.3496270651311
      },
      {
        "vehicle_id": 3,
        "customer_sequence": [
          39,
          30,
          51,
          46,
          41,
          86,
          74,
          76,
          58,
          60,
          71,
          15,
          64,
          25,
          95,
          22,
          23,
          33,
          19,
          89,
          66,
          69,
          82,
          77,
          8,
          9,
          2,
          12,
          11,
          1,
          110
        ],
        "total_demand": 416,
        "total_distance": 406.13209247385777
      }
    ],
    "total_cost": 944.2434505292451,
    "computation_time": 0.0,
    "is_valid": true,
    "convergence_history": null
  }
}