{
  "instance_id": "synthetic_125c_437q_clustered6_s1470637096",
  "instance_name": "Synthetic Clustered",
  "instance_size": 125,
  "configuration": "drl_junior_ga",
  "agent_used": "junior",
  "replicate": 5,
  "seed": 158480047,
  "initial_cost": 1620.1304453850862,
  "final_cost": 1251.8392115547301,
  "improvement_gap": 22.73219634131482,
  "total_time": 284.6480543613434,
  "initialization_time": 267.64799404144287,
  "evolution_time": 17.000060319900513,
  "generations_run": 100,
  "generations_to_convergence": null,
  "convergence_history": [
    1620.1304453850862,
    1620.1304453850862,
    1615.7006245281666,
    1613.0485475208343,
    1613.0485475208343,
    1613.0485475208343,
    1611.9812997278339,
    1562.5529803999075,
    1540.3149388377315,
    1540.3149388377315,
    1540.3149388377315,
    1537.4201369050295,
    1537.4201369050295,
    1536.0950747504594,
    1526.4019842209966,
    1526.4019842209966,
    1526.4019842209966,
    1526.4019842209966,
    1525.0769220664265,
    1520.0878694379867,
    1501.2149605295065,
    1501.2149605295065,
    1501.2149605295065,
    1498.390387761025,
    1498.390387761025,
    1497.836476676295,
    1497.5576962973755,
    1491.3538607128705,
    1480.6243299911148,
    1480.6243299911148,
    1477.2458461379033,
    1477.2458461379033,
    1477.2458461379033,
    1477.197430159859,
    1476.657665415252,
    1474.6785052500768,
    1467.221925319767,
    1467.221925319767,
    1463.8566356578146,
    1463.8566356578146,
    1435.073627542422,
    1435.073627542422,
    1435.073627542422,
    1434.4854468197707,
    1433.6390820676008,
    1433.6390820676008,
    1375.3181197246538,
    1375.3181197246538,
    1374.471754972484,
    1374.471754972484,
    1374.471754972484,
    1374.471754972484,
    1374.471754972484,
    1372.4957382738937,
    1372.4957382738937,
    1372.4957382738937,
    1370.763460626728,
    1370.763460626728,
    1370.763460626728,
    1370.0952149031623,
    1368.297092520138,
    1344.9195196177002,
    1344.2512738941348,
    1344.2512738941348,
    1344.2512738941348,
    1340.2148939170463,
    1340.2148939170463,
    1340.2148939170463,
    1340.2148939170463,
    1336.6378344116742,
    1336.6378344116742,
    1336.6378344116742,
    1336.6378344116742,
    1323.5746450599427,
    1323.5746450599427,
    1323.5746450599427,
    1301.4923933470927,
    1301.4923933470927,
    1287.9152479351733,
    1282.5138945027288,
    1282.5138945027288,
    1282.5138945027288,
    1282.5138945027288,
    1277.6022465351068,
    1277.6022465351068,
    1264.1271384232398,
    1262.8472197806575,
    1257.9355718130355,
    1257.9355718130355,
    1257.9355718130355,
    1257.9355718130355,
    1257.9355718130355,
    1257.9355718130355,
    1257.9355718130355,
    1251.8392115547301,
    1251.8392115547301,
    1251.8392115547301,
    1251.8392115547301,
    1251.8392115547301,
    1251.8392115547301,
    1251.8392115547301
  ],
  "best_solution": {
    "id": "ga_gen0_3555",
    "instance_id": "synthetic_125c_437q_clustered6_s1470637096",
    "algorithm": "drl_junior_ga",
    "routes": [
      {
        "vehicle_id": 0,
        "customer_sequence": [
          100,
          83,
          119,
          103,
          81,
          92,
          24,
          33,
          38,
          39,
          85,
          3,
          11,
          110,
          107,
          114,
          48,
          67,
          63,
          80,
          78,
          65
        ],
        "total_demand": 424,
        "total_distance": 361.5630196794246
      },
      {
        "vehicle_id": 1,
        "customer_sequence": [
          98,
          89,
          87,
          44,
          55,
          47,
          82,
          54,
          72,
          59,
          58,
          45,
          53,
          73,
          49,
          46,
          51,
          64,
          77,
          115,
          108
        ],
        "total_demand": 423,
        "total_distance": 214.20819115151653
      },
      {
        "vehicle_id": 2,
        "customer_sequence": [
          120,
          104,
          105,
          6,
          12,
          4,
          118,
          117,
          97,
          86,
          93,
          96,
          84,
          32,
          25,
          21,
          22,
          26,
          31,
          29,
          88
        ],
        "total_demand": 420,
        "total_distance": 184.3633902016319
      },
      {
        "vehicle_id": 3,
        "customer_sequence": [
          30,
          23,
          91,
          1,
          17,
          20,
          18,
          14,
          2,
          41,
          19,
          10,
          43,
          57,
          79,
          68,
          66,
          69,
          16,
          101
        ],
        "total_demand": 418,
        "total_distance": 197.63508863444594
      },
      {
        "vehicle_id": 4,
        "customer_sequence": [
          123,
          40,
          95,
          116,
          8,
          113,
          111,
          106,
          121,
          122,
          50,
          60,
          42,
          52,
          56,
          62,
          71,
          74,
          76,
          61,
          70,
          9,
          102,
          5,
          15,
          13
        ],
        "total_demand": 428,
        "total_distance": 363.54509355197865
      },
      {
        "vehicle_id": 5,
        "customer_sequence": [
          34,
          90,
          125,
          37,
          94,
          99,
          35,
          36,
          28,
          27,
          124,
          109,
          112,
          7,
          75
        ],
        "total_demand": 274,
        "total_distance": 283.21149630485496
      }
    ],
    "total_cost": 1251.8392115547301,
    "computation_time": 0.0,
    "is_valid": true,
    "convergence_history": null
  }
}