{
  "instance_id": "synthetic_75c_281q_clustered5_s1741607936",
  "instance_name": "Synthetic Clustered",
  "instance_size": 75,
  "configuration": "drl_junior_ga",
  "agent_used": "junior",
  "replicate": 2,
  "seed": 299664232,
  "initial_cost": 914.3200437682161,
  "final_cost": 785.5527430480128,
  "improvement_gap": 14.0833947147774,
  "total_time": 109.80253911018372,
  "initialization_time": 105.03999209403992,
  "evolution_time": 4.762547016143799,
  "generations_run": 100,
  "generations_to_convergence": 76,
  "convergence_history": [
    914.3200437682161,
    914.3200437682161,
    914.3200437682161,
    914.3200437682161,
    914.3200437682161,
    914.3200437682161,
    914.3200437682161,
    914.3200437682161,
    913.4062140139167,
    905.0266334687589,
    905.0266334687589,
    904.7844830451265,
    898.0619051767756,
    897.1480754224762,
    889.595744993455,
    888.9827384526553,
    888.9827384526553,
    885.6055425031954,
    885.6055425031954,
    885.6055425031954,
    885.6055425031954,
    883.7125680989284,
    883.7125680989284,
    883.7125680989284,
    872.8919299382488,
    872.8919299382488,
    863.5446513545437,
    862.8823219992574,
    862.8823219992574,
    857.8087843498006,
    857.8087843498006,
    848.0948340870492,
    848.0948340870492,
    839.7625854830109,
    839.7625854830109,
    839.7625854830109,
    838.6664582329463,
    838.6664582329463,
    838.6664582329463,
    838.6664582329463,
    838.6664582329463,
    838.6664582329463,
    838.6664582329463,
    838.6664582329463,
    834.1893613700828,
    806.038665874326,
    806.038665874326,
    801.5615690114627,
    797.253064612008,
    797.253064612008,
    794.7987211592675,
    794.7987211592675,
    794.7987211592675,
    794.7987211592675,
    794.7987211592675,
    794.7987211592675,
    791.1621051436362,
    791.1621051436362,
    791.1621051436362,
    791.1621051436362,
    791.1621051436362,
    791.1621051436362,
    791.1621051436362,
    790.9199547200038,
    790.9199547200038,
    790.9199547200038,
    790.9199547200038,
    790.9199547200038,
    790.9199547200038,
    790.9199547200038,
    790.9199547200038,
    790.7706347761907,
    790.7706347761907,
    790.7706347761907,
    790.7706347761907,
    790.7706347761907,
    787.4751702701946,
    787.4751702701946,
    787.4751702701946,
    787.4751702701946,
    787.4751702701946,
    787.4751702701946,
    787.4751702701946,
    787.4751702701946,
    787.4751702701946,
    787.4751702701946,
    787.4751702701946,
    787.4751702701946,
    787.4751702701946,
    787.4751702701946,
    787.4751702701946,
    787.4751702701946,
    787.4751702701946,
    787.4751702701946,
    787.4751702701946,
    787.4751702701946,
    787.4751702701946,
    787.4751702701946,
    787.4751702701946,
    787.4751702701946,
    785.5527430480128
  ],
  "best_solution": {
    "id": "ga_gen0_3619",
    "instance_id": "synthetic_75c_281q_clustered5_s1741607936",
    "algorithm": "drl_junior_ga",
    "routes": [
      {
        "vehicle_id": 0,
        "customer_sequence": [
          64,
          47,
          75,
          18,
          28,
          1,
          30,
          2,
          37,
          32,
          42,
          39,
          45,
          35
        ],
        "total_demand": 278,
        "total_distance": 175.8679998206295
      },
      {
        "vehicle_id": 1,
        "customer_sequence": [
          13,
          16,
          41,
          22,
          9,
          24,
          29,
          65,
          54,
          48,
          59,
          60,
          62
        ],
        "total_demand": 279,
        "total_distance": 135.48846692589308
      },
      {
        "vehicle_id": 2,
        "customer_sequence": [
          27,
          43,
          44,
          40,
          11,
          72,
          69,
          63,
          58,
          73,
          56,
          15,
          67,
          70,
          71,
          5,
          74,
          26,
          23
        ],
        "total_demand": 280,
        "total_distance": 225.54206929225654
      },
      {
        "vehicle_id": 3,
        "customer_sequence": [
          31,
          33,
          36,
          4,
          25,
          61,
          7,
          19,
          10,
          55,
          12,
          57,
          3,
          68,
          46,
          14,
          50,
          52,
          53,
          49
        ],
        "total_demand": 277,
        "total_distance": 278.8386063006107
      },
      {
        "vehicle_id": 4,
        "customer_sequence": [
          20,
          8,
          66,
          17,
          6,
          21,
          38,
          34,
          51
        ],
        "total_demand": 136,
        "total_distance": 253.6580997706943
      }
    ],
    "total_cost": 785.5527430480128,
    "computation_time": 0.0,
    "is_valid": true,
    "convergence_history": null
  }
}