{
  "instance_id": "synthetic_100c_300q_clustered5_s1944457044",
  "instance_name": "Synthetic Clustered",
  "instance_size": 100,
  "configuration": "drl_junior_ga",
  "agent_used": "junior",
  "replicate": 2,
  "seed": 1287543630,
  "initial_cost": 873.0641640191545,
  "final_cost": 700.6490276083468,
  "improvement_gap": 19.748277791759758,
  "total_time": 184.4562623500824,
  "initialization_time": 173.79962396621704,
  "evolution_time": 10.656638383865356,
  "generations_run": 100,
  "generations_to_convergence": null,
  "convergence_history": [
    873.0641640191545,
    873.0641640191545,
    873.0641640191545,
    873.0641640191545,
    873.0641640191545,
    873.0641640191545,
    873.0641640191545,
    863.749311799137,
    863.749311799137,
    850.8182681370791,
    850.8182681370791,
    836.6408845459251,
    836.1916600590664,
    821.3718059536053,
    817.8335970130403,
    817.8335970130403,
    817.8335970130403,
    792.9885517306736,
    772.8785682775463,
    772.8785682775463,
    772.8785682775463,
    772.8785682775463,
    772.8785682775463,
    767.86089487204,
    767.86089487204,
    766.6512672281951,
    766.6512672281951,
    763.1506745860443,
    761.9410469421994,
    761.9410469421994,
    760.95023251246,
    760.95023251246,
    760.95023251246,
    757.203403341509,
    755.5127153192363,
    754.5219008894968,
    750.7419444965825,
    745.8718872632519,
    745.8718872632519,
    745.8718872632519,
    742.125058092301,
    725.534803000315,
    725.534803000315,
    725.0694920308548,
    725.0694920308548,
    721.7879738293641,
    721.7879738293641,
    720.7971593996247,
    720.7971593996247,
    720.7971593996247,
    718.7677594281465,
    714.6331328350612,
    714.6331328350612,
    714.6331328350612,
    714.6331328350612,
    713.854973656664,
    711.8255736851859,
    711.8255736851859,
    710.2540196085411,
    710.2540196085411,
    710.2540196085411,
    710.2540196085411,
    710.2540196085411,
    704.8738237224857,
    704.8738237224857,
    704.8738237224857,
    704.8738237224857,
    704.8738237224857,
    704.8738237224857,
    704.8738237224857,
    704.8738237224857,
    704.8738237224857,
    701.7731786668749,
    701.7731786668749,
    701.7731786668749,
    701.7731786668749,
    701.7731786668749,
    701.7731786668749,
    701.7731786668749,
    701.7731786668749,
    701.7731786668749,
    701.7731786668749,
    701.7731786668749,
    701.7731786668749,
    701.7731786668749,
    701.7731786668749,
    701.7731786668749,
    701.7731786668749,
    701.7731786668749,
    701.7731786668749,
    701.7731786668749,
    700.8171752840019,
    700.8171752840019,
    700.8171752840019,
    700.8171752840019,
    700.8171752840019,
    700.8171752840019,
    700.8171752840019,
    700.8171752840019,
    700.8171752840019,
    700.6490276083468
  ],
  "best_solution": {
    "id": "ga_gen0_3049",
    "instance_id": "synthetic_100c_300q_clustered5_s1944457044",
    "algorithm": "drl_junior_ga",
    "routes": [
      {
        "vehicle_id": 0,
        "customer_sequence": [
          49,
          5,
          45,
          96,
          89,
          72,
          98,
          71,
          80,
          67,
          70,
          74,
          61,
          78,
          63,
          65
        ],
        "total_demand": 298,
        "total_distance": 131.9253025176704
      },
      {
        "vehicle_id": 1,
        "customer_sequence": [
          7,
          50,
          1,
          4,
          60,
          54,
          21,
          51,
          43,
          39,
          53,
          6,
          46,
          42
        ],
        "total_demand": 300,
        "total_distance": 110.84937182398001
      },
      {
        "vehicle_id": 2,
        "customer_sequence": [
          30,
          18,
          81,
          8,
          13,
          35,
          85,
          29,
          44,
          77,
          92,
          64,
          82,
          87
        ],
        "total_demand": 300,
        "total_distance": 139.02317820173081
      },
      {
        "vehicle_id": 3,
        "customer_sequence": [
          58,
          14,
          59,
          52,
          17,
          20,
          16,
          57,
          3,
          9,
          34,
          28,
          38,
          48,
          56,
          47,
          86,
          94
        ],
        "total_demand": 294,
        "total_distance": 177.97959750245172
      },
      {
        "vehicle_id": 4,
        "customer_sequence": [
          2,
          15,
          62,
          95,
          84,
          99,
          69,
          88,
          73,
          12,
          11,
          41,
          33,
          27,
          32,
          19
        ],
        "total_demand": 283,
        "total_distance": 98.23027567244978
      },
      {
        "vehicle_id": 5,
        "customer_sequence": [
          37,
          25,
          40,
          10,
          55,
          90,
          31,
          75,
          97,
          76,
          23,
          100,
          36,
          79,
          83,
          93,
          26,
          91,
          68,
          22,
          24,
          66
        ],
        "total_demand": 283,
        "total_distance": 281.83575752800795
      }
    ],
    "total_cost": 700.6490276083468,
    "computation_time": 0.0,
    "is_valid": true,
    "convergence_history": null
  }
}