{
  "instance_id": "synthetic_90c_337q_random_s1069724591",
  "instance_name": "Synthetic Random",
  "instance_size": 90,
  "configuration": "drl_junior_ga",
  "agent_used": "junior",
  "replicate": 1,
  "seed": 1397529821,
  "initial_cost": 1823.0859973665524,
  "final_cost": 1429.8665098377337,
  "improvement_gap": 21.56889406735745,
  "total_time": 151.72159385681152,
  "initialization_time": 143.08063054084778,
  "evolution_time": 8.640963315963745,
  "generations_run": 100,
  "generations_to_convergence": null,
  "convergence_history": [
    1823.0859973665524,
    1823.0859973665524,
    1823.0859973665524,
    1796.052210273981,
    1796.052210273981,
    1796.052210273981,
    1796.052210273981,
    1796.052210273981,
    1769.5958936290863,
    1735.1031537907684,
    1735.1031537907684,
    1735.1031537907684,
    1734.3279640164778,
    1734.3279640164778,
    1726.941197369325,
    1726.941197369325,
    1726.941197369325,
    1721.896828384334,
    1721.896828384334,
    1721.0740931180987,
    1721.0740931180987,
    1721.0740931180987,
    1717.3599262737237,
    1717.3599262737237,
    1701.977325188889,
    1679.8990343254009,
    1676.1848674810258,
    1676.1848674810258,
    1660.8022663961908,
    1658.5560438454854,
    1658.5560438454854,
    1658.5560438454854,
    1627.3002320372348,
    1627.3002320372348,
    1627.3002320372348,
    1609.1880363962819,
    1609.1880363962819,
    1609.1880363962819,
    1609.1880363962819,
    1602.239846964389,
    1595.6600561165553,
    1595.6600561165553,
    1595.577346381145,
    1590.1791207715446,
    1590.1791207715446,
    1588.9975555333112,
    1572.3353208084668,
    1569.9033017104111,
    1569.9033017104111,
    1563.1884364308937,
    1563.1884364308937,
    1547.3332046583816,
    1540.6183393788642,
    1529.6031921191345,
    1529.6031921191345,
    1529.6031921191345,
    1529.280446846376,
    1529.280446846376,
    1529.280446846376,
    1529.280446846376,
    1529.280446846376,
    1529.280446846376,
    1529.280446846376,
    1529.280446846376,
    1503.546591187279,
    1503.546591187279,
    1503.546591187279,
    1470.6044545384575,
    1470.6044545384575,
    1470.6044545384575,
    1470.6044545384575,
    1470.6044545384575,
    1470.6044545384575,
    1470.6044545384575,
    1470.6044545384575,
    1462.631250674909,
    1462.631250674909,
    1462.631250674909,
    1462.631250674909,
    1462.0290768356367,
    1438.9801797330451,
    1438.9801797330451,
    1438.9801797330451,
    1429.8665098377337,
    1429.8665098377337,
    1429.8665098377337,
    1429.8665098377337,
    1429.8665098377337,
    1429.8665098377337,
    1429.8665098377337,
    1429.8665098377337,
    1429.8665098377337,
    1429.8665098377337,
    1429.8665098377337,
    1429.8665098377337,
    1429.8665098377337,
    1429.8665098377337,
    1429.8665098377337,
    1429.8665098377337,
    1429.8665098377337,
    1429.8665098377337
  ],
  "best_solution": {
    "id": "ga_gen0_8079",
    "instance_id": "synthetic_90c_337q_random_s1069724591",
    "algorithm": "drl_junior_ga",
    "routes": [
      {
        "vehicle_id": 0,
        "customer_sequence": [
          41,
          54,
          3,
          19,
          20,
          67,
          21,
          48,
          29,
          42,
          38,
          43,
          57,
          18,
          86,
          8,
          35,
          44,
          59
        ],
        "total_demand": 321,
        "total_distance": 355.37573318034106
      },
      {
        "vehicle_id": 1,
        "customer_sequence": [
          5,
          46,
          85,
          55,
          17,
          22,
          26,
          90,
          84,
          81,
          31,
          82,
          47,
          9,
          80,
          74,
          27
        ],
        "total_demand": 323,
        "total_distance": 255.85891040522014
      },
      {
        "vehicle_id": 2,
        "customer_sequence": [
          32,
          63,
          68,
          60,
          69,
          33,
          71,
          72,
          10,
          64,
          36,
          65,
          28,
          50,
          12,
          24,
          73,
          88,
          62,
          16,
          37,
          40,
          14,
          7
        ],
        "total_demand": 336,
        "total_distance": 491.37305395783727
      },
      {
        "vehicle_id": 3,
        "customer_sequence": [
          70,
          13,
          76,
          39,
          51,
          87,
          30,
          49,
          61,
          53,
          77,
          34,
          15,
          23,
          58,
          89,
          56
        ],
        "total_demand": 319,
        "total_distance": 410.24646369255004
      },
      {
        "vehicle_id": 4,
        "customer_sequence": [
          75,
          52,
          66,
          79,
          11,
          83,
          6,
          1,
          2,
          78,
          4,
          45,
          25
        ],
        "total_demand": 222,
        "total_distance": 353.8545309555253
      }
    ],
    "total_cost": 1429.8665098377337,
    "computation_time": 0.0,
    "is_valid": true,
    "convergence_history": null
  }
}