{
  "instance_id": "synthetic_60c_300q_clustered5_s316884001",
  "instance_name": "Synthetic Clustered",
  "instance_size": 60,
  "configuration": "drl_junior_ga",
  "agent_used": "junior",
  "replicate": 2,
  "seed": 507211019,
  "initial_cost": 813.755229643994,
  "final_cost": 665.6950206900266,
  "improvement_gap": 18.194686013722034,
  "total_time": 73.67795586585999,
  "initialization_time": 70.6714129447937,
  "evolution_time": 3.006542921066284,
  "generations_run": 100,
  "generations_to_convergence": null,
  "convergence_history": [
    813.755229643994,
    813.755229643994,
    813.755229643994,
    813.755229643994,
    813.755229643994,
    813.755229643994,
    798.1359472603067,
    798.1359472603067,
    792.6846100965479,
    780.0255604680971,
    780.0255604680971,
    761.2246415644616,
    752.8949457920953,
    752.8949457920953,
    752.8949457920953,
    752.8949457920953,
    752.8949457920953,
    747.5504701188224,
    740.044835207276,
    740.044835207276,
    737.1381590472183,
    737.1381590472183,
    737.1381590472183,
    737.1381590472183,
    737.1381590472183,
    737.1381590472183,
    731.7936833739454,
    731.7936833739454,
    731.7936833739454,
    731.7936833739454,
    731.7936833739454,
    731.7936833739454,
    731.7936833739454,
    728.3799098431421,
    728.3799098431421,
    728.3799098431421,
    728.3799098431421,
    728.3799098431421,
    728.3799098431421,
    728.3799098431421,
    721.2338394047138,
    721.2338394047138,
    721.2338394047138,
    721.2338394047138,
    719.3629242722732,
    718.1762130602624,
    718.1762130602624,
    718.1762130602624,
    716.3052979278219,
    716.3052979278219,
    716.3052979278219,
    714.7253550004734,
    714.7253550004734,
    714.7253550004734,
    712.854439868033,
    712.854439868033,
    712.854439868033,
    712.854439868033,
    712.854439868033,
    712.854439868033,
    712.854439868033,
    699.2985844160054,
    699.2985844160054,
    699.2985844160054,
    698.7751347491673,
    698.7751347491673,
    695.3242766893783,
    695.3242766893783,
    695.3242766893783,
    687.2447498717905,
    687.2447498717905,
    687.2447498717905,
    686.995588778562,
    680.2633058464003,
    680.2633058464003,
    680.2633058464003,
    680.2633058464003,
    680.2633058464003,
    680.2633058464003,
    680.2633058464003,
    680.2633058464003,
    665.6950206900266,
    665.6950206900266,
    665.6950206900266,
    665.6950206900266,
    665.6950206900266,
    665.6950206900266,
    665.6950206900266,
    665.6950206900266,
    665.6950206900266,
    665.6950206900266,
    665.6950206900266,
    665.6950206900266,
    665.6950206900266,
    665.6950206900266,
    665.6950206900266,
    665.6950206900266,
    665.6950206900266,
    665.6950206900266,
    665.6950206900266,
    665.6950206900266
  ],
  "best_solution": {
    "id": "ga_gen0_5183",
    "instance_id": "synthetic_60c_300q_clustered5_s316884001",
    "algorithm": "drl_junior_ga",
    "routes": [
      {
        "vehicle_id": 0,
        "customer_sequence": [
          2,
          18,
          48,
          38,
          44,
          46,
          43,
          59,
          58,
          19,
          50,
          53,
          55,
          51,
          31
        ],
        "total_demand": 299,
        "total_distance": 247.56305979300043
      },
      {
        "vehicle_id": 1,
        "customer_sequence": [
          28,
          33,
          11,
          47,
          16,
          37,
          15,
          12,
          9,
          7,
          3,
          6,
          8
        ],
        "total_demand": 285,
        "total_distance": 148.3158162429342
      },
      {
        "vehicle_id": 2,
        "customer_sequence": [
          21,
          4,
          1,
          27,
          10,
          35,
          34,
          30,
          29,
          25,
          26,
          60,
          23,
          20,
          13
        ],
        "total_demand": 291,
        "total_distance": 145.189467972107
      },
      {
        "vehicle_id": 3,
        "customer_sequence": [
          56,
          24,
          22,
          32,
          36,
          5,
          54,
          17,
          52,
          49,
          57,
          14,
          45,
          42,
          41,
          40,
          39
        ],
        "total_demand": 235,
        "total_distance": 287.24986817882984
      }
    ],
    "total_cost": 665.6950206900266,
    "computation_time": 0.0,
    "is_valid": true,
    "convergence_history": null
  }
}