{
  "instance_id": "synthetic_50c_150q_random_s1019194482",
  "instance_name": "Synthetic Random",
  "instance_size": 50,
  "configuration": "drl_junior_ga",
  "agent_used": "junior",
  "replicate": 4,
  "seed": 2061867624,
  "initial_cost": 871.2774652343802,
  "final_cost": 769.2778993315635,
  "improvement_gap": 11.70689820095118,
  "total_time": 53.12774395942688,
  "initialization_time": 50.49461817741394,
  "evolution_time": 2.6331257820129395,
  "generations_run": 100,
  "generations_to_convergence": null,
  "convergence_history": [
    871.2774652343802,
    871.2774652343802,
    871.2774652343802,
    871.2774652343802,
    871.2774652343802,
    871.2774652343802,
    871.2774652343802,
    863.5745386507199,
    863.5745386507199,
    863.5745386507199,
    863.5745386507199,
    863.5745386507199,
    863.5745386507199,
    863.5745386507199,
    858.8367045441998,
    858.8367045441998,
    858.8367045441998,
    858.8367045441998,
    852.2381054409194,
    852.2381054409194,
    845.2892126608212,
    845.2892126608212,
    845.2892126608212,
    835.6278436210844,
    835.6278436210844,
    835.6278436210844,
    835.6278436210844,
    831.2631909577433,
    831.2631909577433,
    831.2631909577433,
    829.207442330245,
    829.207442330245,
    827.2339800441426,
    827.2339800441426,
    825.1782314166444,
    794.5123109548073,
    794.5123109548073,
    794.5123109548073,
    792.456562327309,
    792.456562327309,
    792.456562327309,
    792.456562327309,
    792.456562327309,
    792.456562327309,
    792.456562327309,
    792.456562327309,
    792.456562327309,
    792.456562327309,
    792.456562327309,
    792.456562327309,
    792.456562327309,
    792.456562327309,
    792.456562327309,
    792.456562327309,
    792.456562327309,
    792.456562327309,
    792.456562327309,
    780.4249565593854,
    780.4249565593854,
    780.4249565593854,
    777.989275361787,
    772.3438693120097,
    772.3438693120097,
    772.3438693120097,
    772.3438693120097,
    772.3438693120097,
    772.3438693120097,
    772.3438693120097,
    772.3438693120097,
    772.3438693120097,
    771.2166156195462,
    771.2166156195462,
    771.2166156195462,
    771.2166156195462,
    771.2166156195462,
    771.2166156195462,
    771.2166156195462,
    771.2166156195462,
    771.2166156195462,
    771.2166156195462,
    771.2166156195462,
    771.2166156195462,
    771.2166156195462,
    771.2166156195462,
    771.2166156195462,
    771.2166156195462,
    771.2166156195462,
    771.2166156195462,
    770.739614887511,
    770.739614887511,
    770.739614887511,
    769.6420557766543,
    769.6420557766543,
    769.2778993315635,
    769.2778993315635,
    769.2778993315635,
    769.2778993315635,
    769.2778993315635,
    769.2778993315635,
    769.2778993315635,
    769.2778993315635
  ],
  "best_solution": {
    "id": "ga_gen0_6769",
    "instance_id": "synthetic_50c_150q_random_s1019194482",
    "algorithm": "drl_junior_ga",
    "routes": [
      {
        "vehicle_id": 0,
        "customer_sequence": [
          49,
          10,
          4,
          18,
          22,
          47,
          45
        ],
        "total_demand": 147,
        "total_distance": 144.14404511297772
      },
      {
        "vehicle_id": 1,
        "customer_sequence": [
          21,
          24,
          17,
          30,
          26,
          5,
          3,
          36,
          19,
          42,
          25
        ],
        "total_demand": 150,
        "total_distance": 260.5194883414109
      },
      {
        "vehicle_id": 2,
        "customer_sequence": [
          40,
          2,
          39,
          43,
          12,
          33,
          31,
          1,
          11,
          46,
          32,
          41
        ],
        "total_demand": 150,
        "total_distance": 265.9813639935826
      },
      {
        "vehicle_id": 3,
        "customer_sequence": [
          38,
          44,
          48,
          13,
          6,
          34,
          16,
          14,
          7,
          15,
          28
        ],
        "total_demand": 147,
        "total_distance": 240.81719410872628
      },
      {
        "vehicle_id": 4,
        "customer_sequence": [
          29,
          50,
          9,
          27,
          37,
          23,
          8
        ],
        "total_demand": 144,
        "total_distance": 207.34601712823482
      },
      {
        "vehicle_id": 5,
        "customer_sequence": [
          20,
          35
        ],
        "total_demand": 42,
        "total_distance": 128.82708701394367
      }
    ],
    "total_cost": 769.2778993315635,
    "computation_time": 0.0,
    "is_valid": true,
    "convergence_history": null
  }
}