{
  "instance_id": "synthetic_90c_337q_random_s916952474",
  "instance_name": "Synthetic Random",
  "instance_size": 90,
  "configuration": "drl_junior_ga",
  "agent_used": "junior",
  "replicate": 1,
  "seed": 180904732,
  "initial_cost": 1606.128157514146,
  "final_cost": 1250.2845314963586,
  "improvement_gap": 22.15536938027023,
  "total_time": 152.92346119880676,
  "initialization_time": 144.12704181671143,
  "evolution_time": 8.796419382095337,
  "generations_run": 100,
  "generations_to_convergence": null,
  "convergence_history": [
    1606.128157514146,
    1606.128157514146,
    1606.128157514146,
    1606.128157514146,
    1606.128157514146,
    1606.128157514146,
    1597.5201404469585,
    1597.5201404469585,
    1597.5201404469585,
    1597.5201404469585,
    1597.5201404469585,
    1597.5201404469585,
    1587.237103818536,
    1587.237103818536,
    1587.237103818536,
    1587.237103818536,
    1587.237103818536,
    1587.237103818536,
    1576.9603307678672,
    1576.9603307678672,
    1566.782623553439,
    1566.782623553439,
    1566.782623553439,
    1514.911092316092,
    1514.911092316092,
    1514.911092316092,
    1511.6107367491736,
    1504.2805443442326,
    1504.2805443442326,
    1504.2805443442326,
    1498.5581709602202,
    1498.5581709602202,
    1498.5581709602202,
    1497.462198733633,
    1495.6504228273898,
    1495.6504228273898,
    1492.404148802384,
    1488.7663458445968,
    1488.7663458445968,
    1488.7663458445968,
    1437.1188081130526,
    1437.1188081130526,
    1435.2839456309232,
    1435.2839456309232,
    1422.0529415178196,
    1420.2180790356902,
    1420.2180790356902,
    1420.2180790356902,
    1419.2904603482439,
    1410.451012801224,
    1410.451012801224,
    1407.3499369624026,
    1407.3499369624026,
    1407.3499369624026,
    1399.3705981993537,
    1399.3705981993537,
    1399.3705981993537,
    1399.3705981993537,
    1399.3705981993537,
    1392.1654914570684,
    1392.1654914570684,
    1391.1830772496335,
    1391.1830772496335,
    1391.1830772496335,
    1391.1830772496335,
    1387.2345517132603,
    1357.0125076245897,
    1357.0125076245897,
    1357.0125076245897,
    1353.0639820882166,
    1353.0639820882166,
    1353.0639820882166,
    1353.0639820882166,
    1353.0639820882166,
    1353.0639820882166,
    1353.0639820882166,
    1353.0639820882166,
    1349.1682631699737,
    1314.2020821464334,
    1314.2020821464334,
    1314.2020821464334,
    1310.3063632281905,
    1277.222924091819,
    1277.222924091819,
    1277.222924091819,
    1273.3272051735762,
    1273.3272051735762,
    1273.3272051735762,
    1273.3272051735762,
    1272.7638382489204,
    1272.7638382489204,
    1271.9313701932294,
    1271.9313701932294,
    1271.9313701932294,
    1271.2894136886364,
    1271.2894136886364,
    1271.2894136886364,
    1271.2894136886364,
    1255.1129279346596,
    1255.1129279346596,
    1250.2845314963586
  ],
  "best_solution": {
    "id": "ga_gen0_3691",
    "instance_id": "synthetic_90c_337q_random_s916952474",
    "algorithm": "drl_junior_ga",
    "routes": [
      {
        "vehicle_id": 0,
        "customer_sequence": [
          82,
          22,
          86,
          31,
          29,
          13,
          83,
          23,
          52,
          81,
          14,
          68,
          34,
          7,
          39,
          67,
          88,
          10,
          65,
          8
        ],
        "total_demand": 337,
        "total_distance": 386.5808067868788
      },
      {
        "vehicle_id": 1,
        "customer_sequence": [
          57,
          78,
          32,
          18,
          37,
          89,
          73,
          61,
          11,
          12,
          17,
          33,
          69,
          46,
          53,
          59,
          45,
          87
        ],
        "total_demand": 332,
        "total_distance": 248.20640280660368
      },
      {
        "vehicle_id": 2,
        "customer_sequence": [
          47,
          25,
          58,
          56,
          64,
          24,
          60,
          19,
          20,
          71,
          38,
          9,
          44,
          79,
          54,
          41,
          4,
          76
        ],
        "total_demand": 336,
        "total_distance": 389.34428201924896
      },
      {
        "vehicle_id": 3,
        "customer_sequence": [
          50,
          16,
          21,
          77,
          43,
          80,
          26,
          5,
          30,
          66,
          2,
          42,
          35,
          85,
          63,
          90,
          27,
          15,
          28,
          3,
          74
        ],
        "total_demand": 333,
        "total_distance": 325.80501932684786
      },
      {
        "vehicle_id": 4,
        "customer_sequence": [
          55,
          36,
          48,
          75,
          72,
          51,
          84,
          6,
          70,
          40,
          1,
          62,
          49
        ],
        "total_demand": 193,
        "total_distance": 315.44839037688035
      }
    ],
    "total_cost": 1250.2845314963586,
    "computation_time": 0.0,
    "is_valid": true,
    "convergence_history": null
  }
}