{
  "instance_id": "synthetic_50c_150q_clustered4_s483460627",
  "instance_name": "Synthetic Clustered",
  "instance_size": 50,
  "configuration": "drl_junior_ga",
  "agent_used": "junior",
  "replicate": 3,
  "seed": 147357427,
  "initial_cost": 553.6012933107787,
  "final_cost": 472.53251001315266,
  "improvement_gap": 14.64389340797944,
  "total_time": 52.48213267326355,
  "initialization_time": 49.537896394729614,
  "evolution_time": 2.9442362785339355,
  "generations_run": 100,
  "generations_to_convergence": 79,
  "convergence_history": [
    553.6012933107787,
    553.6012933107787,
    553.6012933107787,
    553.6012933107787,
    553.6012933107787,
    552.8065565760859,
    551.8690771019816,
    551.8690771019816,
    551.8690771019816,
    551.0743403672888,
    551.0743403672888,
    551.0743403672888,
    551.0743403672888,
    545.9015516209831,
    545.9015516209831,
    545.9015516209831,
    545.9015516209831,
    545.329613862204,
    545.329613862204,
    545.329613862204,
    531.8268147497758,
    531.8268147497758,
    531.8268147497758,
    528.6498803287109,
    528.6498803287109,
    526.6462232221036,
    516.7496867869793,
    516.7496867869793,
    516.7496867869793,
    500.1955203964076,
    500.1955203964076,
    500.1955203964076,
    497.7415272688471,
    497.7415272688471,
    497.7415272688471,
    497.7415272688471,
    497.7321426877173,
    496.53971737589393,
    496.53971737589393,
    496.53971737589393,
    496.53971737589393,
    482.17147735028425,
    482.17147735028425,
    482.17147735028425,
    480.817267759925,
    480.817267759925,
    480.817267759925,
    480.817267759925,
    480.5921686903513,
    480.5921686903513,
    480.5921686903513,
    480.5921686903513,
    480.5921686903513,
    480.5921686903513,
    478.41521521238667,
    478.41521521238667,
    478.41521521238667,
    478.41521521238667,
    476.3347356045675,
    476.3347356045675,
    476.3347356045675,
    476.3347356045675,
    476.3347356045675,
    476.3347356045675,
    476.3347356045675,
    476.3347356045675,
    476.023457975081,
    475.8428100512359,
    475.8428100512359,
    475.8428100512359,
    475.8428100512359,
    475.8428100512359,
    475.8428100512359,
    475.8428100512359,
    475.8428100512359,
    475.8428100512359,
    475.8428100512359,
    475.8428100512359,
    475.8428100512359,
    472.53251001315266,
    472.53251001315266,
    472.53251001315266,
    472.53251001315266,
    472.53251001315266,
    472.53251001315266,
    472.53251001315266,
    472.53251001315266,
    472.53251001315266,
    472.53251001315266,
    472.53251001315266,
    472.53251001315266,
    472.53251001315266,
    472.53251001315266,
    472.53251001315266,
    472.53251001315266,
    472.53251001315266,
    472.53251001315266,
    472.53251001315266,
    472.53251001315266,
    472.53251001315266,
    472.53251001315266
  ],
  "best_solution": {
    "id": "ga_gen0_8333",
    "instance_id": "synthetic_50c_150q_clustered4_s483460627",
    "algorithm": "drl_junior_ga",
    "routes": [
      {
        "vehicle_id": 0,
        "customer_sequence": [
          36,
          5,
          34,
          12,
          4,
          25,
          8
        ],
        "total_demand": 149,
        "total_distance": 76.48880617396509
      },
      {
        "vehicle_id": 1,
        "customer_sequence": [
          21,
          32,
          9,
          18,
          15,
          29,
          20,
          30,
          3,
          24,
          23
        ],
        "total_demand": 149,
        "total_distance": 68.40431532053235
      },
      {
        "vehicle_id": 2,
        "customer_sequence": [
          35,
          19,
          50,
          43,
          14,
          41,
          42,
          37
        ],
        "total_demand": 147,
        "total_distance": 132.12940898202305
      },
      {
        "vehicle_id": 3,
        "customer_sequence": [
          26,
          22,
          17,
          27,
          38,
          47,
          48,
          46
        ],
        "total_demand": 149,
        "total_distance": 138.6523677668286
      },
      {
        "vehicle_id": 4,
        "customer_sequence": [
          49,
          1,
          31,
          6,
          7,
          28,
          10,
          13,
          33,
          11,
          45,
          44
        ],
        "total_demand": 146,
        "total_distance": 175.7472962490998
      },
      {
        "vehicle_id": 5,
        "customer_sequence": [
          39,
          2,
          40,
          16
        ],
        "total_demand": 44,
        "total_distance": 125.56124735575614
      }
    ],
    "total_cost": 472.53251001315266,
    "computation_time": 0.0,
    "is_valid": true,
    "convergence_history": null
  }
}