{
  "instance_id": "synthetic_50c_150q_clustered4_s1394648208",
  "instance_name": "Synthetic Clustered",
  "instance_size": 50,
  "configuration": "drl_junior_ga",
  "agent_used": "junior",
  "replicate": 3,
  "seed": 835705413,
  "initial_cost": 570.4309363532186,
  "final_cost": 477.9435398270621,
  "improvement_gap": 16.21360109208506,
  "total_time": 51.81623673439026,
  "initialization_time": 49.544708013534546,
  "evolution_time": 2.271528720855713,
  "generations_run": 100,
  "generations_to_convergence": null,
  "convergence_history": [
    570.4309363532186,
    570.4309363532186,
    564.0109602910943,
    564.0109602910943,
    564.0109602910943,
    558.6775093693556,
    558.6775093693556,
    530.8469437613016,
    530.8469437613016,
    530.8469437613016,
    530.8469437613016,
    530.8469437613016,
    530.8469437613016,
    530.8469437613016,
    530.8469437613016,
    529.3383533281167,
    528.3061206104364,
    528.3061206104364,
    511.989845369008,
    511.989845369008,
    511.989845369008,
    506.5518772932174,
    506.5518772932174,
    505.9978015039391,
    505.5030915086344,
    505.5030915086344,
    504.9490157193561,
    500.18812229115315,
    500.18812229115315,
    500.18812229115315,
    499.1675209600552,
    499.1675209600552,
    499.1675209600552,
    498.6134451707769,
    497.12852343221437,
    497.12852343221437,
    497.12852343221437,
    496.8602168372618,
    496.8602168372618,
    495.37529509869927,
    495.37529509869927,
    495.37529509869927,
    495.37529509869927,
    495.37529509869927,
    495.37529509869927,
    495.37529509869927,
    495.37529509869927,
    495.37529509869927,
    494.3411053518042,
    494.3411053518042,
    494.3411053518042,
    494.3411053518042,
    494.3411053518042,
    494.3411053518042,
    494.3411053518042,
    494.3411053518042,
    494.3411053518042,
    494.3411053518042,
    494.3411053518042,
    494.3411053518042,
    494.3411053518042,
    494.3411053518042,
    494.3411053518042,
    494.3411053518042,
    492.71961944231174,
    492.71961944231174,
    492.71961944231174,
    492.71961944231174,
    492.71961944231174,
    492.71961944231174,
    492.71961944231174,
    492.71961944231174,
    486.24544227659163,
    486.24544227659163,
    486.24544227659163,
    483.490223462492,
    483.490223462492,
    483.490223462492,
    483.490223462492,
    483.490223462492,
    483.490223462492,
    483.490223462492,
    478.983220585373,
    478.983220585373,
    478.983220585373,
    478.983220585373,
    478.983220585373,
    478.983220585373,
    478.983220585373,
    478.983220585373,
    478.983220585373,
    478.983220585373,
    478.983220585373,
    478.983220585373,
    478.983220585373,
    478.983220585373,
    478.983220585373,
    477.9435398270621,
    477.9435398270621,
    477.9435398270621,
    477.9435398270621
  ],
  "best_solution": {
    "id": "ga_gen0_2779",
    "instance_id": "synthetic_50c_150q_clustered4_s1394648208",
    "algorithm": "drl_junior_ga",
    "routes": [
      {
        "vehicle_id": 0,
        "customer_sequence": [
          3,
          18,
          19,
          22,
          26,
          39,
          44
        ],
        "total_demand": 142,
        "total_distance": 150.94165651193435
      },
      {
        "vehicle_id": 1,
        "customer_sequence": [
          49,
          50,
          29,
          47,
          25,
          2,
          11,
          7
        ],
        "total_demand": 144,
        "total_distance": 155.49204947059934
      },
      {
        "vehicle_id": 2,
        "customer_sequence": [
          45,
          43,
          38,
          41,
          48,
          32,
          42,
          30,
          13
        ],
        "total_demand": 145,
        "total_distance": 86.30588456068674
      },
      {
        "vehicle_id": 3,
        "customer_sequence": [
          12,
          9,
          8,
          5,
          6,
          37,
          40,
          36,
          27,
          46
        ],
        "total_demand": 136,
        "total_distance": 139.42485915239874
      },
      {
        "vehicle_id": 4,
        "customer_sequence": [
          20,
          23,
          10,
          28,
          31,
          21,
          35
        ],
        "total_demand": 127,
        "total_distance": 92.90512831709492
      },
      {
        "vehicle_id": 5,
        "customer_sequence": [
          17,
          15,
          16,
          4,
          1,
          33,
          34
        ],
        "total_demand": 132,
        "total_distance": 131.64669963024642
      },
      {
        "vehicle_id": 6,
        "customer_sequence": [
          24,
          14
        ],
        "total_demand": 28,
        "total_distance": 87.98868452553731
      }
    ],
    "total_cost": 477.9435398270621,
    "computation_time": 0.0,
    "is_valid": true,
    "convergence_history": null
  }
}