{
  "instance_id": "synthetic_90c_337q_clustered5_s33870782",
  "instance_name": "Synthetic Clustered",
  "instance_size": 90,
  "configuration": "drl_junior_ga",
  "agent_used": "junior",
  "replicate": 1,
  "seed": 222657981,
  "initial_cost": 923.8993456413277,
  "final_cost": 778.3328016515043,
  "improvement_gap": 15.755671294341914,
  "total_time": 153.72437691688538,
  "initialization_time": 144.91715168952942,
  "evolution_time": 8.807225227355957,
  "generations_run": 100,
  "generations_to_convergence": null,
  "convergence_history": [
    923.8993456413277,
    923.8993456413277,
    923.8993456413277,
    923.8993456413277,
    889.0173408952126,
    889.0173408952126,
    889.0173408952126,
    888.7588633485377,
    888.7588633485377,
    888.7588633485377,
    886.1480345945505,
    884.3882677957307,
    884.3882677957307,
    880.3712009791973,
    880.3712009791973,
    880.3712009791973,
    880.3712009791973,
    880.3712009791973,
    878.2719579391772,
    878.2719579391772,
    878.2719579391772,
    878.2719579391772,
    877.3079550092214,
    875.2087119692013,
    875.2087119692013,
    874.9694653177338,
    874.9694653177338,
    864.7711087478119,
    864.7711087478119,
    852.6339130028133,
    852.6339130028133,
    842.4355564328915,
    842.4355564328915,
    842.4355564328915,
    837.99218444415,
    837.99218444415,
    837.99218444415,
    837.99218444415,
    833.7637182189601,
    833.7637182189601,
    833.7637182189601,
    833.7637182189601,
    824.469182137404,
    824.469182137404,
    824.469182137404,
    824.469182137404,
    824.469182137404,
    824.469182137404,
    816.5979319916396,
    816.5979319916396,
    816.5979319916396,
    815.4492804374125,
    815.4492804374125,
    815.4492804374125,
    815.4492804374125,
    815.4492804374125,
    815.4492804374125,
    812.4388141815898,
    790.418593347087,
    790.418593347087,
    790.418593347087,
    787.4081270912643,
    787.4081270912643,
    787.4081270912643,
    787.4081270912643,
    787.4081270912643,
    787.4081270912643,
    787.4081270912643,
    787.4081270912643,
    787.4081270912643,
    787.4081270912643,
    787.4081270912643,
    787.4081270912643,
    787.4081270912643,
    787.4081270912643,
    785.5621342032238,
    785.5621342032238,
    785.5621342032238,
    785.5621342032238,
    785.5621342032238,
    785.5621342032238,
    785.5621342032238,
    785.5621342032238,
    785.5621342032238,
    785.5621342032238,
    785.5621342032238,
    785.5621342032238,
    785.5621342032238,
    785.5621342032238,
    780.4726002450793,
    780.4726002450793,
    780.4726002450793,
    780.4726002450793,
    780.4726002450793,
    780.4726002450793,
    780.4726002450793,
    780.4726002450793,
    780.4726002450793,
    778.3328016515043,
    778.3328016515043,
    778.3328016515043
  ],
  "best_solution": {
    "id": "ga_gen0_7407",
    "instance_id": "synthetic_90c_337q_clustered5_s33870782",
    "algorithm": "drl_junior_ga",
    "routes": [
      {
        "vehicle_id": 0,
        "customer_sequence": [
          65,
          28,
          34,
          66,
          67,
          70,
          68,
          33,
          31,
          4,
          13,
          8,
          2
        ],
        "total_demand": 337,
        "total_distance": 114.6544695877875
      },
      {
        "vehicle_id": 1,
        "customer_sequence": [
          59,
          63,
          62,
          71,
          76,
          80,
          44,
          72,
          42,
          40,
          45,
          47,
          39,
          54,
          51,
          41,
          38,
          3
        ],
        "total_demand": 335,
        "total_distance": 155.3418417122879
      },
      {
        "vehicle_id": 2,
        "customer_sequence": [
          37,
          52,
          53,
          46,
          43,
          49,
          48,
          73,
          74,
          50,
          87,
          84,
          86,
          90,
          57,
          20
        ],
        "total_demand": 335,
        "total_distance": 175.40604719604323
      },
      {
        "vehicle_id": 3,
        "customer_sequence": [
          60,
          56,
          78,
          30,
          36,
          85,
          27,
          24,
          32,
          81,
          83,
          25,
          22,
          58,
          9,
          17,
          6,
          1
        ],
        "total_demand": 334,
        "total_distance": 154.24905406338553
      },
      {
        "vehicle_id": 4,
        "customer_sequence": [
          55,
          82,
          77,
          89,
          79,
          18,
          7,
          5,
          12,
          16,
          14,
          64,
          11,
          35,
          23,
          15,
          69,
          88,
          26,
          19,
          21,
          10
        ],
        "total_demand": 331,
        "total_distance": 293.10493080895856
      },
      {
        "vehicle_id": 5,
        "customer_sequence": [
          29,
          61,
          75
        ],
        "total_demand": 73,
        "total_distance": 141.8734809570069
      }
    ],
    "total_cost": 778.3328016515043,
    "computation_time": 0.0,
    "is_valid": true,
    "convergence_history": null
  }
}