{
  "instance_id": "synthetic_125c_437q_random_s41234086",
  "instance_name": "Synthetic Random",
  "instance_size": 125,
  "configuration": "drl_junior_ga",
  "agent_used": "junior",
  "replicate": 3,
  "seed": 1485428278,
  "initial_cost": 2321.443788348408,
  "final_cost": 1652.1173421015578,
  "improvement_gap": 28.832334842923018,
  "total_time": 284.44312858581543,
  "initialization_time": 267.94153666496277,
  "evolution_time": 16.50159192085266,
  "generations_run": 100,
  "generations_to_convergence": null,
  "convergence_history": [
    2321.443788348408,
    2321.443788348408,
    2321.443788348408,
    2321.443788348408,
    2321.443788348408,
    2321.443788348408,
    2312.2328529744827,
    2312.2328529744827,
    2312.2328529744827,
    2312.2328529744827,
    2312.2328529744827,
    2312.2328529744827,
    2301.148995657297,
    2210.1222737805388,
    2210.1222737805388,
    2210.1222737805388,
    2210.1222737805388,
    2200.720178160779,
    2185.359874055522,
    2155.7921679138944,
    2143.7372244026838,
    2110.559933784367,
    2110.559933784367,
    2108.83964324507,
    2044.1748844065114,
    2039.7913287896222,
    2032.2543177978596,
    2032.2543177978596,
    2031.7132112119468,
    1998.1379222850642,
    1998.1379222850642,
    1998.1379222850642,
    1981.1859791449888,
    1959.3616607965032,
    1948.1989176416355,
    1948.1989176416355,
    1948.1989176416355,
    1944.648116644443,
    1944.648116644443,
    1941.7289195119672,
    1931.039678306228,
    1931.039678306228,
    1925.269895725508,
    1925.269895725508,
    1886.4039542115283,
    1858.2247677337668,
    1820.2888873455913,
    1798.253029013614,
    1798.253029013614,
    1790.5608914063014,
    1790.5608914063014,
    1790.5608914063014,
    1758.2500838869998,
    1758.2500838869998,
    1756.3788362719163,
    1756.232891435518,
    1742.6905410864217,
    1741.8364000687836,
    1741.2024740874156,
    1737.9242249177341,
    1734.8399684506062,
    1731.2258257213925,
    1729.495419514794,
    1728.842118723855,
    1722.9119320448658,
    1722.4218424365017,
    1718.6223120737816,
    1717.9690112828425,
    1714.9740036571739,
    1711.548734995489,
    1699.7663003379075,
    1697.5724051529369,
    1697.2280029969565,
    1687.3436073529824,
    1687.3436073529824,
    1676.148220396611,
    1670.101961707728,
    1670.101961707728,
    1670.101961707728,
    1660.4766350459954,
    1660.4766350459954,
    1660.4766350459954,
    1660.4766350459954,
    1660.4766350459954,
    1660.4766350459954,
    1660.4766350459954,
    1660.4766350459954,
    1660.4766350459954,
    1660.4766350459954,
    1660.1391129324868,
    1660.1391129324868,
    1658.8687164360058,
    1656.0134004000347,
    1656.0134004000347,
    1656.0134004000347,
    1656.0134004000347,
    1656.0134004000347,
    1652.1173421015578,
    1652.1173421015578,
    1652.1173421015578,
    1652.1173421015578
  ],
  "best_solution": {
    "id": "ga_gen0_7904",
    "instance_id": "synthetic_125c_437q_random_s41234086",
    "algorithm": "drl_junior_ga",
    "routes": [
      {
        "vehicle_id": 0,
        "customer_sequence": [
          118,
          120,
          53,
          5,
          51,
          72,
          104,
          21,
          44,
          50,
          73,
          41,
          58,
          8,
          106,
          66,
          76,
          74,
          88,
          60,
          113,
          37,
          119,
          99
        ],
        "total_demand": 437,
        "total_distance": 294.874392867713
      },
      {
        "vehicle_id": 1,
        "customer_sequence": [
          82,
          23,
          116,
          52,
          16,
          91,
          31,
          105,
          93,
          32,
          40,
          80,
          121,
          57,
          102,
          101,
          115,
          65,
          47,
          95,
          109,
          17,
          78,
          92,
          61
        ],
        "total_demand": 434,
        "total_distance": 428.33291308839256
      },
      {
        "vehicle_id": 2,
        "customer_sequence": [
          3,
          64,
          55,
          39,
          90,
          35,
          19,
          45,
          68,
          54,
          107,
          62,
          123,
          96,
          125,
          28,
          67,
          30,
          42,
          46,
          22,
          94,
          89,
          70,
          79,
          59
        ],
        "total_demand": 436,
        "total_distance": 354.19570280268255
      },
      {
        "vehicle_id": 3,
        "customer_sequence": [
          86,
          98,
          71,
          100,
          25,
          9,
          24,
          15,
          63,
          6,
          11,
          10,
          97,
          36,
          108,
          114,
          85,
          12,
          33,
          49,
          81,
          27,
          112,
          20,
          38
        ],
        "total_demand": 435,
        "total_distance": 453.03317352354844
      },
      {
        "vehicle_id": 4,
        "customer_sequence": [
          13,
          1,
          124,
          7,
          69,
          75,
          84,
          4,
          43,
          34,
          103,
          83,
          122,
          48,
          110,
          2,
          77,
          14,
          29,
          117,
          26,
          18,
          56,
          87,
          111
        ],
        "total_demand": 389,
        "total_distance": 410.25431398794507
      }
    ],
    "total_cost": 1652.1173421015578,
    "computation_time": 0.0,
    "is_valid": true,
    "convergence_history": null
  }
}