{
  "instance_id": "synthetic_125c_437q_random_s119242644",
  "instance_name": "Synthetic Random",
  "instance_size": 125,
  "configuration": "drl_junior_ga",
  "agent_used": "junior",
  "replicate": 2,
  "seed": 387058471,
  "initial_cost": 2380.1860180684457,
  "final_cost": 1812.4825484743797,
  "improvement_gap": 23.85122277353622,
  "total_time": 284.08294463157654,
  "initialization_time": 267.16313314437866,
  "evolution_time": 16.919811487197876,
  "generations_run": 100,
  "generations_to_convergence": null,
  "convergence_history": [
    2380.1860180684457,
    2380.1860180684457,
    2380.1860180684457,
    2380.1860180684457,
    2285.498215988249,
    2285.498215988249,
    2285.498215988249,
    2285.498215988249,
    2243.4518109565743,
    2243.4518109565743,
    2243.4518109565743,
    2243.4518109565743,
    2243.4518109565743,
    2243.4518109565743,
    2243.4518109565743,
    2225.5810558565404,
    2225.5810558565404,
    2225.5810558565404,
    2191.1494164132737,
    2191.1494164132737,
    2164.1753615526372,
    2160.2638845842785,
    2132.2668919520015,
    2132.2668919520015,
    2122.817091272006,
    2108.4616995044917,
    2108.4616995044917,
    2108.4616995044917,
    2054.7652675362356,
    2054.7652675362356,
    2054.7652675362356,
    2054.7652675362356,
    2052.134251419492,
    2045.5892127298137,
    2043.5303682361146,
    2042.95819661307,
    2042.95819661307,
    2042.95819661307,
    2042.95819661307,
    2035.1400050865986,
    2035.1400050865986,
    2033.7209524269947,
    2033.7209524269947,
    2024.9862576944415,
    2024.9862576944415,
    2024.9862576944415,
    2023.5672050348376,
    2014.2532653182857,
    2012.8342126586817,
    2012.8342126586817,
    2006.6147145714726,
    2006.6147145714726,
    2005.1956619118687,
    2005.1956619118687,
    2005.1956619118687,
    1993.8744536743807,
    1993.8744536743807,
    1993.8744536743807,
    1990.7274345558176,
    1974.230211495752,
    1956.9297935980924,
    1956.9297935980924,
    1937.2855514194637,
    1937.2855514194637,
    1937.2855514194637,
    1937.2855514194637,
    1937.2855514194637,
    1932.6619859625446,
    1932.6619859625446,
    1925.5831231823367,
    1924.3511782003998,
    1924.3511782003998,
    1924.3511782003998,
    1924.3511782003998,
    1924.3511782003998,
    1924.3511782003998,
    1924.3511782003998,
    1924.3511782003998,
    1924.3511782003998,
    1924.3511782003998,
    1924.3511782003998,
    1924.3511782003998,
    1924.3511782003998,
    1924.3511782003998,
    1924.3511782003998,
    1924.3511782003998,
    1924.3511782003998,
    1869.6512452561583,
    1868.5913928734738,
    1868.5913928734738,
    1868.5913928734738,
    1868.5913928734738,
    1813.8914599292323,
    1813.8914599292323,
    1813.8914599292323,
    1813.8914599292323,
    1813.8914599292323,
    1812.4825484743797,
    1812.4825484743797,
    1812.4825484743797,
    1812.4825484743797
  ],
  "best_solution": {
    "id": "ga_gen0_7764",
    "instance_id": "synthetic_125c_437q_random_s119242644",
    "algorithm": "drl_junior_ga",
    "routes": [
      {
        "vehicle_id": 0,
        "customer_sequence": [
          64,
          49,
          39,
          66,
          42,
          56,
          15,
          122,
          108,
          120,
          21,
          19,
          125,
          75,
          20,
          95,
          119,
          34,
          48,
          14,
          57,
          85,
          115,
          52
        ],
        "total_demand": 437,
        "total_distance": 310.2705577109633
      },
      {
        "vehicle_id": 1,
        "customer_sequence": [
          78,
          63,
          13,
          80,
          31,
          79,
          105,
          65,
          24,
          10,
          72,
          18,
          47,
          114,
          35,
          8,
          109,
          86,
          111,
          2,
          91,
          5,
          93
        ],
        "total_demand": 433,
        "total_distance": 357.96044762170004
      },
      {
        "vehicle_id": 2,
        "customer_sequence": [
          6,
          62,
          17,
          69,
          36,
          99,
          97,
          107,
          88,
          1,
          70,
          41,
          40,
          90,
          22,
          83,
          43,
          9,
          7,
          26,
          124,
          98,
          102,
          58
        ],
        "total_demand": 437,
        "total_distance": 391.29198601018174
      },
      {
        "vehicle_id": 3,
        "customer_sequence": [
          96,
          25,
          45,
          60,
          59,
          53,
          92,
          76,
          32,
          87,
          103,
          121,
          30,
          54,
          101,
          67,
          28,
          116,
          94,
          55,
          73,
          106,
          4
        ],
        "total_demand": 422,
        "total_distance": 367.6628998535585
      },
      {
        "vehicle_id": 4,
        "customer_sequence": [
          44,
          27,
          100,
          112,
          81,
          37,
          84,
          113,
          118,
          33,
          50,
          89,
          68,
          74,
          110,
          123,
          51,
          12,
          38,
          23,
          61,
          3,
          29,
          16
        ],
        "total_demand": 433,
        "total_distance": 490.0161206396812
      },
      {
        "vehicle_id": 5,
        "customer_sequence": [
          71,
          82,
          104,
          117,
          46,
          11,
          77
        ],
        "total_demand": 134,
        "total_distance": 337.3380752691621
      }
    ],
    "total_cost": 1812.4825484743797,
    "computation_time": 0.0,
    "is_valid": true,
    "convergence_history": null
  }
}