{
  "instance_id": "synthetic_150c_525q_clustered6_s181653072",
  "instance_name": "Synthetic Clustered",
  "instance_size": 150,
  "configuration": "drl_junior_ga",
  "agent_used": "junior",
  "replicate": 2,
  "seed": 1252800884,
  "initial_cost": 1682.2622566047708,
  "final_cost": 1374.2816643785543,
  "improvement_gap": 18.3075255369397,
  "total_time": 400.1065402030945,
  "initialization_time": 376.4856131076813,
  "evolution_time": 23.620927095413208,
  "generations_run": 100,
  "generations_to_convergence": null,
  "convergence_history": [
    1682.2622566047708,
    1682.2622566047708,
    1682.2622566047708,
    1682.2622566047708,
    1682.2622566047708,
    1682.2622566047708,
    1682.2622566047708,
    1682.2622566047708,
    1682.2622566047708,
    1682.2622566047708,
    1682.2152020335966,
    1682.2152020335966,
    1682.2152020335966,
    1682.2152020335966,
    1682.2152020335966,
    1676.8659372083653,
    1663.4028254718182,
    1663.4028254718182,
    1658.0535606465871,
    1658.0535606465871,
    1658.0535606465871,
    1658.0535606465871,
    1658.0535606465871,
    1658.0535606465871,
    1654.0028556105892,
    1617.1628459185035,
    1617.1628459185035,
    1617.1628459185035,
    1537.0333722127693,
    1537.0333722127693,
    1537.0333722127693,
    1532.382521556051,
    1527.5424969525404,
    1527.5424969525404,
    1527.5424969525404,
    1525.1749623542562,
    1525.1749623542562,
    1505.4950785668138,
    1505.4950785668138,
    1502.6088444482891,
    1502.6088444482891,
    1502.6088444482891,
    1502.6088444482891,
    1502.6088444482891,
    1502.0671502607652,
    1484.662944571017,
    1484.1212503834934,
    1484.1212503834934,
    1483.8456943729157,
    1483.8456943729157,
    1483.304000185392,
    1483.304000185392,
    1483.304000185392,
    1425.0322999600976,
    1425.0322999600976,
    1424.0019796388915,
    1424.0019796388915,
    1424.0019796388915,
    1424.0019796388915,
    1424.0019796388915,
    1421.9048707063582,
    1421.9048707063582,
    1421.9048707063582,
    1421.9048707063582,
    1421.9048707063582,
    1421.9048707063582,
    1416.723999062749,
    1416.723999062749,
    1416.723999062749,
    1416.723999062749,
    1409.013808978311,
    1409.013808978311,
    1409.013808978311,
    1409.013808978311,
    1409.013808978311,
    1401.3513814814569,
    1401.3513814814569,
    1401.3513814814569,
    1401.3513814814569,
    1401.3513814814569,
    1400.2627913937604,
    1400.2627913937604,
    1400.2627913937604,
    1400.2627913937604,
    1376.2134055595832,
    1376.2134055595832,
    1376.2134055595832,
    1376.2134055595832,
    1376.2134055595832,
    1376.2134055595832,
    1376.2134055595832,
    1376.2134055595832,
    1375.680313385368,
    1375.680313385368,
    1375.680313385368,
    1374.2816643785543,
    1374.2816643785543,
    1374.2816643785543,
    1374.2816643785543,
    1374.2816643785543,
    1374.2816643785543
  ],
  "best_solution": {
    "id": "ga_gen0_1561",
    "instance_id": "synthetic_150c_525q_clustered6_s181653072",
    "algorithm": "drl_junior_ga",
    "routes": [
      {
        "vehicle_id": 0,
        "customer_sequence": [
          97,
          95,
          45,
          76,
          138,
          102,
          111,
          127,
          107,
          121,
          112,
          84,
          103,
          126,
          110,
          86,
          41,
          99,
          77,
          26,
          43,
          44,
          23,
          36,
          1,
          39
        ],
        "total_demand": 524,
        "total_distance": 206.7655203800982
      },
      {
        "vehicle_id": 1,
        "customer_sequence": [
          56,
          65,
          78,
          35,
          31,
          48,
          38,
          89,
          146,
          124,
          122,
          114,
          32,
          119,
          133,
          145,
          143,
          128,
          125,
          142,
          120,
          130,
          118,
          113,
          123,
          129
        ],
        "total_demand": 525,
        "total_distance": 371.72475300883707
      },
      {
        "vehicle_id": 2,
        "customer_sequence": [
          50,
          7,
          93,
          20,
          90,
          88,
          27,
          17,
          98,
          87,
          46,
          101,
          147,
          37,
          34,
          33,
          81,
          79,
          28,
          96,
          80,
          91,
          109,
          139,
          105,
          104,
          136,
          135,
          115
        ],
        "total_demand": 525,
        "total_distance": 226.2550792078333
      },
      {
        "vehicle_id": 3,
        "customer_sequence": [
          94,
          100,
          82,
          49,
          15,
          6,
          72,
          55,
          62,
          57,
          134,
          106,
          132,
          150,
          131,
          74,
          21,
          61,
          67,
          9,
          8,
          18,
          25,
          19,
          73,
          14,
          4
        ],
        "total_demand": 525,
        "total_distance": 286.2366185010838
      },
      {
        "vehicle_id": 4,
        "customer_sequence": [
          85,
          29,
          3,
          30,
          92,
          47,
          42,
          40,
          2,
          11,
          13,
          24,
          16,
          53,
          69,
          60,
          10,
          22,
          63,
          52,
          66,
          51,
          75,
          59,
          5,
          64,
          68,
          71,
          54,
          58,
          70,
          140,
          137,
          148,
          83
        ],
        "total_demand": 523,
        "total_distance": 407.39650031901994
      },
      {
        "vehicle_id": 5,
        "customer_sequence": [
          108,
          144,
          141,
          149,
          117,
          116,
          12
        ],
        "total_demand": 129,
        "total_distance": 131.75013938023193
      }
    ],
    "total_cost": 1374.2816643785543,
    "computation_time": 0.0,
    "is_valid": true,
    "convergence_history": null
  }
}