{
  "instance_id": "synthetic_150c_525q_clustered6_s1716751590",
  "instance_name": "Synthetic Clustered",
  "instance_size": 150,
  "configuration": "drl_junior_ga",
  "agent_used": "junior",
  "replicate": 3,
  "seed": 412683482,
  "initial_cost": 1937.069790608511,
  "final_cost": 1566.257910717355,
  "improvement_gap": 19.142928235676493,
  "total_time": 400.4386591911316,
  "initialization_time": 376.66808104515076,
  "evolution_time": 23.770578145980835,
  "generations_run": 100,
  "generations_to_convergence": null,
  "convergence_history": [
    1937.069790608511,
    1937.069790608511,
    1937.069790608511,
    1937.069790608511,
    1937.069790608511,
    1912.5452013121867,
    1912.5452013121867,
    1904.3201302470193,
    1904.3201302470193,
    1899.7891988505307,
    1897.8072064155322,
    1893.8536423686764,
    1893.8536423686764,
    1893.8536423686764,
    1888.714348151078,
    1888.714348151078,
    1886.732355716079,
    1882.6091306117928,
    1882.6091306117928,
    1882.6091306117928,
    1882.3015381718665,
    1858.4106608205316,
    1858.4106608205316,
    1858.4106608205316,
    1858.4106608205316,
    1858.1030683806052,
    1829.0402437100097,
    1829.0402437100097,
    1829.0402437100097,
    1829.0402437100097,
    1829.0402437100097,
    1829.0402437100097,
    1829.0402437100097,
    1829.0402437100097,
    1829.0402437100097,
    1828.189252300061,
    1828.189252300061,
    1828.189252300061,
    1827.3064544967433,
    1827.3064544967433,
    1827.3064544967433,
    1822.5726613517945,
    1822.5726613517945,
    1806.308058634832,
    1790.148145252531,
    1790.148145252531,
    1790.148145252531,
    1739.8273749455786,
    1739.8273749455786,
    1706.1954960647538,
    1706.1954960647538,
    1706.1954960647538,
    1706.1954960647538,
    1706.1954960647538,
    1706.1954960647538,
    1700.8629617095753,
    1700.8629617095753,
    1700.8629617095753,
    1700.8629617095753,
    1700.8629617095753,
    1700.8629617095753,
    1700.8629617095753,
    1689.6247804437864,
    1689.6247804437864,
    1689.6247804437864,
    1682.8887440840422,
    1682.8887440840422,
    1682.8887440840422,
    1682.8887440840422,
    1680.3722463511872,
    1680.3722463511872,
    1680.3722463511872,
    1680.3722463511872,
    1676.1490617287889,
    1676.1490617287889,
    1675.3991262392815,
    1675.3991262392815,
    1671.175941616883,
    1671.175941616883,
    1669.2342248473299,
    1669.2342248473299,
    1669.2342248473299,
    1669.2342248473299,
    1669.2342248473299,
    1668.298118458856,
    1659.960722745799,
    1657.7181100316216,
    1657.7181100316216,
    1650.719028099677,
    1598.0147346412869,
    1589.67733892823,
    1587.1720257047486,
    1587.1720257047486,
    1582.6782569962854,
    1580.172943772804,
    1578.9344391835048,
    1578.9344391835048,
    1578.9344391835048,
    1578.9344391835048,
    1566.257910717355,
    1566.257910717355
  ],
  "best_solution": {
    "id": "ga_gen0_5997",
    "instance_id": "synthetic_150c_525q_clustered6_s1716751590",
    "algorithm": "drl_junior_ga",
    "routes": [
      {
        "vehicle_id": 0,
        "customer_sequence": [
          110,
          34,
          85,
          7,
          98,
          2,
          19,
          14,
          77,
          82,
          25,
          8,
          24,
          92,
          84,
          9,
          88,
          95,
          101,
          124,
          135,
          127,
          104,
          125,
          52
        ],
        "total_demand": 522,
        "total_distance": 199.79266473000473
      },
      {
        "vehicle_id": 1,
        "customer_sequence": [
          83,
          116,
          66,
          134,
          139,
          65,
          123,
          140,
          131,
          146,
          149,
          136,
          128,
          133,
          130,
          143,
          148,
          147,
          113,
          120,
          78,
          138,
          141,
          17,
          21,
          97,
          15,
          81,
          18
        ],
        "total_demand": 525,
        "total_distance": 210.8937920090708
      },
      {
        "vehicle_id": 2,
        "customer_sequence": [
          3,
          89,
          87,
          22,
          102,
          61,
          105,
          112,
          70,
          111,
          67,
          122,
          126,
          4,
          90,
          86,
          100,
          96,
          5,
          11,
          13,
          1,
          23,
          39,
          33,
          16,
          76,
          28,
          36,
          47,
          27
        ],
        "total_demand": 525,
        "total_distance": 432.0740794205998
      },
      {
        "vehicle_id": 3,
        "customer_sequence": [
          118,
          46,
          79,
          31,
          41,
          35,
          43,
          44,
          106,
          80,
          115,
          26,
          107,
          109,
          132,
          142,
          103,
          108,
          54,
          117,
          60,
          73,
          72,
          64,
          114,
          119,
          91,
          145
        ],
        "total_demand": 523,
        "total_distance": 294.23490329051094
      },
      {
        "vehicle_id": 4,
        "customer_sequence": [
          94,
          50,
          37,
          29,
          10,
          6,
          12,
          75,
          63,
          58,
          59,
          69,
          57,
          56,
          62,
          68,
          51,
          53,
          55,
          121,
          71,
          48,
          49,
          40,
          42,
          38,
          45,
          30,
          93,
          99,
          144,
          74
        ],
        "total_demand": 519,
        "total_distance": 555.7976427031073
      },
      {
        "vehicle_id": 5,
        "customer_sequence": [
          150,
          137,
          129,
          20,
          32
        ],
        "total_demand": 76,
        "total_distance": 209.6225875049825
      }
    ],
    "total_cost": 1566.257910717355,
    "computation_time": 0.0,
    "is_valid": true,
    "convergence_history": null
  }
}