{
  "instance_id": "synthetic_75c_281q_clustered5_s445961326",
  "instance_name": "Synthetic Clustered",
  "instance_size": 75,
  "configuration": "drl_junior_ga",
  "agent_used": "junior",
  "replicate": 2,
  "seed": 1947474313,
  "initial_cost": 796.0820796431498,
  "final_cost": 601.5798291660248,
  "improvement_gap": 24.432436736210946,
  "total_time": 109.82226657867432,
  "initialization_time": 105.1191086769104,
  "evolution_time": 4.703157901763916,
  "generations_run": 100,
  "generations_to_convergence": null,
  "convergence_history": [
    796.0820796431498,
    796.0820796431498,
    790.6807537980949,
    790.6807537980949,
    790.6807537980949,
    779.770110083744,
    779.770110083744,
    702.2616152933011,
    702.2616152933011,
    702.2616152933011,
    700.0783390223719,
    699.6572402377752,
    697.473963966846,
    697.473963966846,
    697.034267738823,
    697.034267738823,
    694.4986281272396,
    694.4986281272396,
    675.2759511360803,
    675.2759511360803,
    675.2759511360803,
    672.3006152964739,
    662.5859067149835,
    659.6105708753771,
    657.4708676712847,
    657.4708676712847,
    645.9969520395022,
    645.9969520395022,
    645.9969520395022,
    645.9969520395022,
    640.8819129958035,
    640.8819129958035,
    631.7427415629867,
    631.7427415629867,
    631.7427415629867,
    631.7427415629867,
    631.7427415629867,
    631.7427415629867,
    631.7427415629867,
    631.7427415629867,
    631.7427415629867,
    631.7427415629867,
    629.2649787103043,
    629.2649787103043,
    629.2649787103043,
    629.2649787103043,
    628.4985965663052,
    628.4985965663052,
    626.6609952811449,
    626.6609952811449,
    626.6609952811449,
    626.6609952811449,
    626.6609952811449,
    626.6609952811449,
    626.6609952811449,
    626.6609952811449,
    626.6609952811449,
    626.29907800906,
    626.29907800906,
    626.29907800906,
    626.29907800906,
    621.5879615258243,
    621.5879615258243,
    621.5879615258243,
    621.5879615258243,
    621.5879615258243,
    621.5879615258243,
    617.2975399841121,
    617.2975399841121,
    617.2975399841121,
    617.2975399841121,
    617.2975399841121,
    617.2975399841121,
    617.2975399841121,
    617.2975399841121,
    606.1664253477378,
    606.1664253477378,
    606.1664253477378,
    604.4619989002714,
    604.4619989002714,
    604.4619989002714,
    603.4104014962379,
    603.4104014962379,
    603.4104014962379,
    602.9707052682149,
    602.9707052682149,
    602.9707052682149,
    602.9707052682149,
    602.9707052682149,
    602.9707052682149,
    602.9707052682149,
    602.9707052682149,
    602.9707052682149,
    602.9707052682149,
    602.9707052682149,
    602.9707052682149,
    602.9707052682149,
    602.9707052682149,
    602.9707052682149,
    601.5798291660248,
    601.5798291660248
  ],
  "best_solution": {
    "id": "ga_gen0_9244",
    "instance_id": "synthetic_75c_281q_clustered5_s445961326",
    "algorithm": "drl_junior_ga",
    "routes": [
      {
        "vehicle_id": 0,
        "customer_sequence": [
          3,
          14,
          4,
          60,
          5,
          1,
          31,
          54,
          8,
          44,
          41,
          33,
          13
        ],
        "total_demand": 279,
        "total_distance": 85.94622148437576
      },
      {
        "vehicle_id": 1,
        "customer_sequence": [
          2,
          50,
          69,
          35,
          52,
          51,
          49,
          72,
          36,
          39,
          57,
          64,
          70
        ],
        "total_demand": 279,
        "total_distance": 137.26862928114895
      },
      {
        "vehicle_id": 2,
        "customer_sequence": [
          9,
          6,
          10,
          11,
          7,
          32,
          43,
          58,
          67,
          38,
          73,
          66,
          74,
          17
        ],
        "total_demand": 272,
        "total_distance": 228.14022365241405
      },
      {
        "vehicle_id": 3,
        "customer_sequence": [
          45,
          12,
          42,
          62,
          53,
          26,
          22,
          24,
          21,
          19,
          25,
          20,
          28,
          27,
          23,
          18,
          30,
          16,
          29
        ],
        "total_demand": 281,
        "total_distance": 244.88808104997958
      },
      {
        "vehicle_id": 4,
        "customer_sequence": [
          65,
          63,
          71,
          34,
          48,
          56,
          55,
          59,
          15,
          40,
          47,
          37,
          61,
          68,
          75,
          46
        ],
        "total_demand": 230,
        "total_distance": 226.94258965595043
      }
    ],
    "total_cost": 601.5798291660248,
    "computation_time": 0.0,
    "is_valid": true,
    "convergence_history": null
  }
}