{
  "instance_id": "synthetic_75c_281q_random_s1944117774",
  "instance_name": "Synthetic Random",
  "instance_size": 75,
  "configuration": "drl_mid_ga",
  "agent_used": "mid",
  "replicate": 1,
  "seed": 595950542,
  "initial_cost": 1456.6309153670297,
  "final_cost": 1013.4141801391107,
  "improvement_gap": 30.4275249517302,
  "total_time": 111.19046425819397,
  "initialization_time": 104.81424951553345,
  "evolution_time": 6.3762147426605225,
  "generations_run": 100,
  "generations_to_convergence": null,
  "convergence_history": [
    1456.6309153670297,
    1456.6309153670297,
    1456.6309153670297,
    1456.6309153670297,
    1456.6309153670297,
    1428.7279526787206,
    1428.7279526787206,
    1361.0406152011078,
    1361.0406152011078,
    1311.1805779873732,
    1311.1805779873732,
    1294.6975838084,
    1280.0316355349323,
    1280.0316355349323,
    1280.0316355349323,
    1271.3397088821262,
    1267.2677538520147,
    1256.6737606086585,
    1253.0124375101518,
    1251.1103709196018,
    1229.1681635405034,
    1220.7326231082725,
    1214.5022152670358,
    1207.968741425355,
    1202.410545893923,
    1199.8506892067512,
    1197.8773914994406,
    1192.319195968009,
    1190.7639143376914,
    1180.6725644117773,
    1137.3314839353538,
    1131.546987946172,
    1125.6848523791223,
    1116.1446677684758,
    1116.1446677684758,
    1116.1446677684758,
    1109.7622700211714,
    1103.1333182776161,
    1096.7509205303118,
    1096.7509205303118,
    1096.7509205303118,
    1096.7509205303118,
    1089.8768660463063,
    1089.8768660463063,
    1089.8768660463063,
    1067.1995675797973,
    1067.1995675797973,
    1067.1995675797973,
    1067.1995675797973,
    1067.1995675797973,
    1067.1995675797973,
    1067.1995675797973,
    1060.1513725684385,
    1060.1513725684385,
    1060.1513725684385,
    1059.397934708305,
    1059.397934708305,
    1044.2304512089927,
    1039.862465605875,
    1039.862465605875,
    1039.862465605875,
    1039.862465605875,
    1023.941544246429,
    1023.941544246429,
    1023.941544246429,
    1023.941544246429,
    1023.941544246429,
    1023.941544246429,
    1018.7997112016587,
    1018.7997112016587,
    1018.7997112016587,
    1018.7997112016587,
    1018.7997112016587,
    1018.7997112016587,
    1018.7997112016587,
    1018.7997112016587,
    1018.7997112016587,
    1018.7997112016587,
    1018.7997112016587,
    1018.231962187143,
    1018.231962187143,
    1018.231962187143,
    1018.231962187143,
    1018.231962187143,
    1014.999701921866,
    1014.999701921866,
    1013.4141801391107,
    1013.4141801391107,
    1013.4141801391107,
    1013.4141801391107,
    1013.4141801391107,
    1013.4141801391107,
    1013.4141801391107,
    1013.4141801391107,
    1013.4141801391107,
    1013.4141801391107,
    1013.4141801391107,
    1013.4141801391107,
    1013.4141801391107,
    1013.4141801391107,
    1013.4141801391107
  ],
  "best_solution": {
    "id": "ga_gen0_2944",
    "instance_id": "synthetic_75c_281q_random_s1944117774",
    "algorithm": "drl_mid_ga",
    "routes": [
      {
        "vehicle_id": 0,
        "customer_sequence": [
          10,
          55,
          59,
          19,
          39,
          43,
          27,
          75,
          60,
          62,
          52,
          40,
          29,
          54,
          15
        ],
        "total_demand": 280,
        "total_distance": 255.67582571650655
      },
      {
        "vehicle_id": 1,
        "customer_sequence": [
          33,
          25,
          14,
          67,
          69,
          5,
          42,
          56,
          28,
          24,
          8,
          74,
          36,
          50,
          37,
          1
        ],
        "total_demand": 277,
        "total_distance": 184.37836869356468
      },
      {
        "vehicle_id": 2,
        "customer_sequence": [
          18,
          58,
          3,
          65,
          16,
          12,
          47,
          22,
          63,
          51,
          6,
          70,
          7,
          48
        ],
        "total_demand": 263,
        "total_distance": 289.65680811487283
      },
      {
        "vehicle_id": 3,
        "customer_sequence": [
          41,
          46,
          31,
          9,
          72,
          71,
          23,
          34,
          66,
          13,
          73,
          20,
          32,
          49,
          45
        ],
        "total_demand": 278,
        "total_distance": 310.5577853599452
      },
      {
        "vehicle_id": 4,
        "customer_sequence": [
          57,
          11,
          17,
          4,
          64,
          53,
          21,
          68,
          61,
          30,
          35,
          26,
          38,
          2,
          44
        ],
        "total_demand": 222,
        "total_distance": 332.43718155523555
      }
    ],
    "total_cost": 1013.4141801391107,
    "computation_time": 0.0,
    "is_valid": true,
    "convergence_history": null
  }
}