{
  "instance_id": "synthetic_125c_437q_random_s119242644",
  "instance_name": "Synthetic Random",
  "instance_size": 125,
  "configuration": "drl_mid_ga",
  "agent_used": "mid",
  "replicate": 4,
  "seed": 1480498090,
  "initial_cost": 2194.2824328688644,
  "final_cost": 1809.2199658123143,
  "improvement_gap": 17.548445965231053,
  "total_time": 272.522337436676,
  "initialization_time": 255.73736786842346,
  "evolution_time": 16.784969568252563,
  "generations_run": 100,
  "generations_to_convergence": null,
  "convergence_history": [
    2194.2824328688644,
    2194.2824328688644,
    2194.2824328688644,
    2186.9005124020405,
    2186.9005124020405,
    2186.9005124020405,
    2186.9005124020405,
    2186.9005124020405,
    2181.9776923291042,
    2181.9776923291042,
    2152.7215365196303,
    2152.7215365196303,
    2147.798716446694,
    2147.798716446694,
    2133.1804309306603,
    2133.1804309306603,
    2133.1804309306603,
    2123.91586690665,
    2123.91586690665,
    2123.91586690665,
    2123.91586690665,
    2123.91586690665,
    2122.7511924999253,
    2115.8183295514614,
    2115.8183295514614,
    2115.8183295514614,
    2114.6536551447366,
    2114.6536551447366,
    2109.696695224656,
    2109.696695224656,
    2109.078271828174,
    2094.637620342259,
    2089.5737594794145,
    2089.5737594794145,
    2089.0622370256965,
    2060.7832521645114,
    2060.7832521645114,
    2060.7832521645114,
    2060.7832521645114,
    2060.7832521645114,
    2060.7832521645114,
    2060.7832521645114,
    2060.7832521645114,
    2060.7832521645114,
    2044.2206957800263,
    2044.2206957800263,
    2044.2206957800263,
    1940.758418897093,
    1940.758418897093,
    1940.758418897093,
    1928.4015983566514,
    1928.4015983566514,
    1928.4015983566514,
    1923.9712390314871,
    1923.9712390314871,
    1899.994910068322,
    1899.994910068322,
    1899.994910068322,
    1899.994910068322,
    1899.994910068322,
    1899.994910068322,
    1899.994910068322,
    1899.994910068322,
    1899.994910068322,
    1899.994910068322,
    1899.994910068322,
    1899.994910068322,
    1899.994910068322,
    1899.994910068322,
    1899.994910068322,
    1899.994910068322,
    1899.994910068322,
    1875.8279190703104,
    1875.8279190703104,
    1840.9463325474837,
    1840.9463325474837,
    1840.9463325474837,
    1840.9463325474837,
    1839.4605642262204,
    1839.4605642262204,
    1839.4605642262204,
    1839.4605642262204,
    1839.4605642262204,
    1839.4605642262204,
    1839.4605642262204,
    1839.4605642262204,
    1837.5390532119068,
    1837.5390532119068,
    1837.5390532119068,
    1837.5390532119068,
    1832.9633940835236,
    1832.9633940835236,
    1832.9633940835236,
    1832.9633940835236,
    1832.9633940835236,
    1832.9633940835236,
    1832.9633940835236,
    1832.9633940835236,
    1832.9633940835236,
    1809.2199658123143,
    1809.2199658123143
  ],
  "best_solution": {
    "id": "ga_gen0_2923",
    "instance_id": "synthetic_125c_437q_random_s119242644",
    "algorithm": "drl_mid_ga",
    "routes": [
      {
        "vehicle_id": 0,
        "customer_sequence": [
          67,
          55,
          119,
          95,
          16,
          29,
          34,
          48,
          14,
          57,
          85,
          115,
          83,
          43,
          73,
          80,
          31,
          79,
          105,
          44,
          4,
          106,
          90,
          70,
          112
        ],
        "total_demand": 436,
        "total_distance": 360.5738454022224
      },
      {
        "vehicle_id": 1,
        "customer_sequence": [
          78,
          64,
          116,
          82,
          71,
          104,
          109,
          8,
          35,
          114,
          58,
          76,
          53,
          92,
          50,
          59,
          60,
          98,
          36,
          91,
          5
        ],
        "total_demand": 436,
        "total_distance": 460.93191458297076
      },
      {
        "vehicle_id": 2,
        "customer_sequence": [
          63,
          72,
          103,
          37,
          18,
          100,
          27,
          49,
          81,
          9,
          10,
          7,
          26,
          124,
          47,
          32,
          87,
          11,
          102,
          77,
          99,
          6,
          62,
          22
        ],
        "total_demand": 437,
        "total_distance": 299.0879531207968
      },
      {
        "vehicle_id": 3,
        "customer_sequence": [
          13,
          40,
          41,
          45,
          25,
          86,
          107,
          52,
          88,
          110,
          96,
          122,
          66,
          108,
          39,
          54,
          33,
          121,
          30,
          23,
          65,
          61,
          1,
          12,
          38,
          94,
          28
        ],
        "total_demand": 437,
        "total_distance": 483.5635287541345
      },
      {
        "vehicle_id": 4,
        "customer_sequence": [
          17,
          69,
          2,
          93,
          111,
          117,
          84,
          113,
          118,
          42,
          56,
          89,
          15,
          46,
          68,
          74,
          21,
          19,
          123,
          97,
          3,
          51
        ],
        "total_demand": 430,
        "total_distance": 502.5802804883151
      },
      {
        "vehicle_id": 5,
        "customer_sequence": [
          125,
          20,
          75,
          101,
          120,
          24
        ],
        "total_demand": 120,
        "total_distance": 109.18359087847048
      }
    ],
    "total_cost": 1809.2199658123143,
    "computation_time": 0.0,
    "is_valid": true,
    "convergence_history": null
  }
}