{
  "instance_id": "synthetic_100c_300q_random_s770394334",
  "instance_name": "Synthetic Random",
  "instance_size": 100,
  "configuration": "drl_mid_ga",
  "agent_used": "mid",
  "replicate": 5,
  "seed": 988858878,
  "initial_cost": 1689.899317897662,
  "final_cost": 1306.9765975311523,
  "improvement_gap": 22.65949907849475,
  "total_time": 179.39570593833923,
  "initialization_time": 168.0559799671173,
  "evolution_time": 11.339725971221924,
  "generations_run": 100,
  "generations_to_convergence": null,
  "convergence_history": [
    1689.899317897662,
    1689.899317897662,
    1689.899317897662,
    1689.899317897662,
    1689.899317897662,
    1689.899317897662,
    1682.1600971734556,
    1682.1600971734556,
    1682.1600971734556,
    1682.1600971734556,
    1682.1600971734556,
    1681.9036100531766,
    1679.68878034401,
    1679.68878034401,
    1679.432293223731,
    1677.8704505776425,
    1675.8174957875276,
    1675.5610086672486,
    1675.5610086672486,
    1673.0565904906277,
    1673.0565904906277,
    1672.8001033703488,
    1671.141834546777,
    1671.141834546777,
    1671.141834546777,
    1663.3663565603285,
    1662.9669015041263,
    1661.5576616232418,
    1641.9891274285048,
    1641.9891274285048,
    1626.2213723967532,
    1626.2213723967532,
    1626.2213723967532,
    1615.7371453261223,
    1615.7371453261223,
    1615.7371453261223,
    1615.7371453261223,
    1586.6975476075722,
    1586.6975476075722,
    1586.6975476075722,
    1582.6863107319596,
    1565.0560964635445,
    1565.0560964635445,
    1560.3442488845733,
    1560.3442488845733,
    1560.3442488845733,
    1559.3887283980055,
    1550.253667690426,
    1550.253667690426,
    1549.2981472038582,
    1549.2981472038582,
    1549.2981472038582,
    1544.8012233649895,
    1534.4124693302542,
    1534.4124693302542,
    1482.136842745108,
    1482.136842745108,
    1477.6399189062392,
    1475.5619278475276,
    1463.4225584113615,
    1463.4225584113615,
    1459.4113215357488,
    1440.8039105589753,
    1440.8039105589753,
    1440.8039105589753,
    1440.8039105589753,
    1432.5630084586414,
    1432.5630084586414,
    1427.924725317861,
    1427.924725317861,
    1408.6939734994896,
    1408.6939734994896,
    1407.6187142979613,
    1407.6187142979613,
    1407.6187142979613,
    1407.6187142979613,
    1407.6187142979613,
    1391.626848222711,
    1391.626848222711,
    1391.626848222711,
    1391.626848222711,
    1391.626848222711,
    1391.626848222711,
    1370.2350816977191,
    1370.2350816977191,
    1370.2350816977191,
    1370.2350816977191,
    1362.5866578834234,
    1360.7811280571411,
    1358.9223341675652,
    1356.844434229997,
    1316.1002423553796,
    1316.1002423553796,
    1316.1002423553796,
    1306.9765975311523,
    1306.9765975311523,
    1306.9765975311523,
    1306.9765975311523,
    1306.9765975311523,
    1306.9765975311523,
    1306.9765975311523
  ],
  "best_solution": {
    "id": "ga_gen0_5158",
    "instance_id": "synthetic_100c_300q_random_s770394334",
    "algorithm": "drl_mid_ga",
    "routes": [
      {
        "vehicle_id": 0,
        "customer_sequence": [
          72,
          94,
          77,
          92,
          82,
          28,
          63,
          89,
          48,
          15,
          14,
          52,
          21,
          42,
          12,
          27
        ],
        "total_demand": 299,
        "total_distance": 270.41501669917295
      },
      {
        "vehicle_id": 1,
        "customer_sequence": [
          99,
          67,
          47,
          62,
          55,
          70,
          61,
          22,
          81,
          49,
          58,
          71,
          16,
          73,
          35,
          60
        ],
        "total_demand": 296,
        "total_distance": 282.463369956718
      },
      {
        "vehicle_id": 2,
        "customer_sequence": [
          30,
          32,
          86,
          29,
          88,
          87,
          93,
          33,
          25,
          37,
          51,
          98,
          39,
          38,
          13,
          57,
          7
        ],
        "total_demand": 299,
        "total_distance": 227.2250990710664
      },
      {
        "vehicle_id": 3,
        "customer_sequence": [
          17,
          56,
          80,
          4,
          6,
          83,
          65,
          43,
          91,
          11,
          9,
          36,
          44,
          95
        ],
        "total_demand": 299,
        "total_distance": 196.10337558275154
      },
      {
        "vehicle_id": 4,
        "customer_sequence": [
          53,
          34,
          50,
          41,
          45,
          85,
          5,
          59,
          18,
          31,
          3,
          76,
          90,
          10,
          24,
          84,
          54,
          26
        ],
        "total_demand": 299,
        "total_distance": 293.97074196369834
      },
      {
        "vehicle_id": 5,
        "customer_sequence": [
          46,
          1,
          66,
          40,
          23,
          100,
          68,
          79,
          20,
          96,
          8,
          64,
          75,
          74,
          19,
          78,
          97
        ],
        "total_demand": 290,
        "total_distance": 409.96693270398544
      },
      {
        "vehicle_id": 6,
        "customer_sequence": [
          2,
          69
        ],
        "total_demand": 48,
        "total_distance": 111.39958895132807
      }
    ],
    "total_cost": 1306.9765975311523,
    "computation_time": 0.0,
    "is_valid": true,
    "convergence_history": null
  }
}