{
  "instance_id": "synthetic_100c_300q_clustered5_s2030798714",
  "instance_name": "Synthetic Clustered",
  "instance_size": 100,
  "configuration": "drl_mid_ga",
  "agent_used": "mid",
  "replicate": 2,
  "seed": 1844636581,
  "initial_cost": 1244.925361840114,
  "final_cost": 1000.3645605721563,
  "improvement_gap": 19.64461555401798,
  "total_time": 186.87294697761536,
  "initialization_time": 175.94658827781677,
  "evolution_time": 10.926358699798584,
  "generations_run": 100,
  "generations_to_convergence": null,
  "convergence_history": [
    1244.925361840114,
    1244.925361840114,
    1244.8266122678554,
    1244.8266122678554,
    1244.8266122678554,
    1244.8266122678554,
    1241.4040964610144,
    1241.3053468887558,
    1241.3053468887558,
    1241.3053468887558,
    1238.1849594775938,
    1237.1611058809212,
    1236.745867004104,
    1233.0404774139367,
    1226.2856359809145,
    1222.1413949730797,
    1222.1413949730797,
    1221.94359501834,
    1219.741566355848,
    1219.741566355848,
    1180.355891090529,
    1177.9560624732972,
    1172.0250717528224,
    1167.9974587279225,
    1167.9974587279225,
    1167.7996587731827,
    1167.7996587731827,
    1165.5913337066165,
    1165.3935337518767,
    1145.7262886403353,
    1145.7262886403353,
    1134.9871761112252,
    1134.9871761112252,
    1134.9871761112252,
    1134.9871761112252,
    1131.1881319231118,
    1128.4278417660253,
    1128.4278417660253,
    1128.4278417660253,
    1115.962447649876,
    1115.962447649876,
    1110.664668443149,
    1110.664668443149,
    1110.664668443149,
    1108.5080890068189,
    1087.699448033835,
    1087.699448033835,
    1085.5428685975053,
    1068.841133901328,
    1068.841133901328,
    1045.8759134920144,
    1045.8759134920144,
    1045.8759134920144,
    1045.8759134920144,
    1045.8759134920144,
    1045.8759134920144,
    1045.8759134920144,
    1045.8759134920144,
    1045.8759134920144,
    1045.8759134920144,
    1045.8759134920144,
    1045.8759134920144,
    1041.9726033522816,
    1041.9726033522816,
    1041.9726033522816,
    1041.9726033522816,
    1041.9726033522816,
    1041.9726033522816,
    1041.9726033522816,
    1041.9726033522816,
    1041.7953671004027,
    1033.23892198621,
    1033.23892198621,
    1033.23892198621,
    1033.23892198621,
    1033.23892198621,
    1033.0616857343311,
    1027.7556998999776,
    1026.3454499386544,
    1026.0848171627729,
    1026.0848171627729,
    1022.1840257076017,
    1019.5257415757951,
    1019.5257415757951,
    1018.8119853050073,
    1012.9796783367501,
    1012.9796783367501,
    1012.9796783367501,
    1012.9796783367501,
    1009.7378941272123,
    1009.7378941272123,
    1009.7378941272123,
    1000.3645605721563,
    1000.3645605721563,
    1000.3645605721563,
    1000.3645605721563,
    1000.3645605721563,
    1000.3645605721563,
    1000.3645605721563,
    1000.3645605721563,
    1000.3645605721563
  ],
  "best_solution": {
    "id": "ga_gen0_8081",
    "instance_id": "synthetic_100c_300q_clustered5_s2030798714",
    "algorithm": "drl_mid_ga",
    "routes": [
      {
        "vehicle_id": 0,
        "customer_sequence": [
          70,
          32,
          68,
          77,
          64,
          5,
          19,
          12,
          16,
          7,
          47,
          58,
          51,
          56,
          45
        ],
        "total_demand": 299,
        "total_distance": 151.27512683630144
      },
      {
        "vehicle_id": 1,
        "customer_sequence": [
          36,
          23,
          11,
          9,
          17,
          3,
          18,
          10,
          2,
          20,
          59,
          48,
          85,
          87,
          96,
          83,
          91,
          86
        ],
        "total_demand": 300,
        "total_distance": 251.30196021403606
      },
      {
        "vehicle_id": 2,
        "customer_sequence": [
          33,
          35,
          25,
          39,
          37,
          65,
          74,
          76,
          4,
          34,
          69,
          62,
          66,
          72,
          73
        ],
        "total_demand": 296,
        "total_distance": 162.36599021783428
      },
      {
        "vehicle_id": 3,
        "customer_sequence": [
          55,
          46,
          54,
          21,
          49,
          38,
          57,
          13,
          8,
          6,
          1,
          15,
          80,
          29,
          14,
          22,
          27,
          24,
          26
        ],
        "total_demand": 298,
        "total_distance": 281.0490133970094
      },
      {
        "vehicle_id": 4,
        "customer_sequence": [
          100,
          93,
          89,
          81,
          41,
          71,
          79,
          67,
          60,
          53,
          44,
          97,
          90,
          43,
          95,
          40
        ],
        "total_demand": 300,
        "total_distance": 171.36155009863015
      },
      {
        "vehicle_id": 5,
        "customer_sequence": [
          99,
          88,
          94,
          82,
          98,
          92,
          84,
          50,
          52,
          42,
          31,
          28,
          30,
          61,
          78,
          75,
          63
        ],
        "total_demand": 240,
        "total_distance": 238.3810880585395
      }
    ],
    "total_cost": 1000.3645605721563,
    "computation_time": 0.0,
    "is_valid": true,
    "convergence_history": null
  }
}