{
  "instance_id": "synthetic_75c_281q_clustered5_s1741607936",
  "instance_name": "Synthetic Clustered",
  "instance_size": 75,
  "configuration": "drl_mid_ga",
  "agent_used": "mid",
  "replicate": 1,
  "seed": 909857309,
  "initial_cost": 856.3793052945952,
  "final_cost": 701.4290387559047,
  "improvement_gap": 18.093649108602346,
  "total_time": 109.48578715324402,
  "initialization_time": 104.60651016235352,
  "evolution_time": 4.879276990890503,
  "generations_run": 100,
  "generations_to_convergence": null,
  "convergence_history": [
    856.3793052945952,
    856.3793052945952,
    856.3793052945952,
    856.3793052945952,
    856.3793052945952,
    852.0694868831977,
    852.0694868831977,
    848.9800330550836,
    848.9800330550836,
    845.9211936299507,
    845.9211936299507,
    842.8317398018366,
    842.8317398018366,
    842.8317398018366,
    842.1586992252,
    842.1586992252,
    835.3501560184588,
    834.6771154418223,
    834.6771154418223,
    834.6771154418223,
    832.4953447490435,
    832.4953447490435,
    821.7247863345724,
    821.7247863345724,
    814.5278413536234,
    814.5278413536234,
    813.4949462453123,
    813.4949462453123,
    810.4627617035899,
    810.4627617035899,
    807.6253249046255,
    807.6253249046255,
    807.3320032302815,
    807.3320032302815,
    802.9093323091082,
    802.9093323091082,
    802.6160106347643,
    799.9453087924684,
    799.6563997811957,
    795.2293161969511,
    792.1764429569513,
    792.1764429569513,
    788.0472041564013,
    773.1589028814203,
    766.3238691504255,
    766.3238691504255,
    744.5467775092385,
    744.5467775092385,
    739.8641364440781,
    739.5708147697342,
    739.5708147697342,
    716.1417393360578,
    716.1417393360578,
    716.1417393360578,
    716.1417393360578,
    716.1417393360578,
    714.1774651078013,
    714.1774651078013,
    714.1774651078013,
    712.6268089215091,
    712.6268089215091,
    712.6268089215091,
    711.9501705126161,
    711.9501705126161,
    707.6549970283403,
    707.6549970283403,
    707.6549970283403,
    707.6549970283403,
    704.7677973746748,
    704.7677973746748,
    704.7677973746748,
    704.7677973746748,
    704.7677973746748,
    704.662629760741,
    704.662629760741,
    704.662629760741,
    704.662629760741,
    704.3260671194635,
    704.3260671194635,
    704.2208995055295,
    704.2208995055295,
    704.2208995055295,
    704.2208995055295,
    704.2208995055295,
    703.5442610966365,
    703.5442610966365,
    703.5442610966365,
    703.5442610966365,
    703.5442610966365,
    702.7033151474468,
    701.4290387559047,
    701.4290387559047,
    701.4290387559047,
    701.4290387559047,
    701.4290387559047,
    701.4290387559047,
    701.4290387559047,
    701.4290387559047,
    701.4290387559047,
    701.4290387559047,
    701.4290387559047
  ],
  "best_solution": {
    "id": "ga_gen0_8236",
    "instance_id": "synthetic_75c_281q_clustered5_s1741607936",
    "algorithm": "drl_mid_ga",
    "routes": [
      {
        "vehicle_id": 0,
        "customer_sequence": [
          64,
          72,
          69,
          63,
          58,
          14,
          49,
          62,
          60,
          59,
          48,
          57,
          54,
          3,
          18
        ],
        "total_demand": 281,
        "total_distance": 128.93881945667678
      },
      {
        "vehicle_id": 1,
        "customer_sequence": [
          13,
          16,
          41,
          20,
          66,
          22,
          24,
          19,
          10,
          73,
          56,
          46,
          12,
          50,
          52,
          53,
          51,
          61,
          25,
          4
        ],
        "total_demand": 281,
        "total_distance": 192.06849449231035
      },
      {
        "vehicle_id": 2,
        "customer_sequence": [
          36,
          37,
          32,
          40,
          44,
          43,
          27,
          11,
          15,
          75,
          28,
          1,
          26,
          23
        ],
        "total_demand": 281,
        "total_distance": 185.17301986521193
      },
      {
        "vehicle_id": 3,
        "customer_sequence": [
          65,
          2,
          29,
          9,
          30,
          7,
          6,
          17,
          33,
          31,
          38,
          42,
          39,
          45,
          47
        ],
        "total_demand": 280,
        "total_distance": 225.37872227359378
      },
      {
        "vehicle_id": 4,
        "customer_sequence": [
          8,
          21,
          35,
          34,
          67,
          70,
          68,
          71,
          5,
          74,
          55
        ],
        "total_demand": 127,
        "total_distance": 225.08678627002908
      }
    ],
    "total_cost": 701.4290387559047,
    "computation_time": 0.0,
    "is_valid": true,
    "convergence_history": null
  }
}