{
  "instance_id": "synthetic_30c_90q_random_s1068090579",
  "instance_name": "Synthetic Random",
  "instance_size": 30,
  "configuration": "drl_mid_ga",
  "agent_used": "mid",
  "replicate": 2,
  "seed": 1641912381,
  "initial_cost": 593.7547207555967,
  "final_cost": 488.43673770883817,
  "improvement_gap": 17.73762453841776,
  "total_time": 21.84263324737549,
  "initialization_time": 20.95378828048706,
  "evolution_time": 0.8888449668884277,
  "generations_run": 100,
  "generations_to_convergence": 17,
  "convergence_history": [
    593.7547207555967,
    593.7547207555967,
    593.7547207555967,
    593.7547207555967,
    554.9715527109244,
    554.9715527109244,
    554.9715527109244,
    551.9358266236687,
    551.9358266236687,
    546.7474942918057,
    513.5319972731278,
    513.5319972731278,
    500.6244966083682,
    500.6244966083682,
    500.55019739812985,
    495.8667551524889,
    495.8667551524889,
    492.83102906523334,
    492.83102906523334,
    492.83102906523334,
    492.83102906523334,
    492.83102906523334,
    492.83102906523334,
    492.83102906523334,
    492.83102906523334,
    492.83102906523334,
    492.83102906523334,
    492.83102906523334,
    492.83102906523334,
    492.83102906523334,
    492.83102906523334,
    492.83102906523334,
    492.83102906523334,
    492.83102906523334,
    492.83102906523334,
    492.83102906523334,
    492.83102906523334,
    492.83102906523334,
    492.83102906523334,
    492.83102906523334,
    492.83102906523334,
    492.83102906523334,
    488.43673770883817,
    488.43673770883817,
    488.43673770883817,
    488.43673770883817,
    488.43673770883817,
    488.43673770883817,
    488.43673770883817,
    488.43673770883817,
    488.43673770883817,
    488.43673770883817,
    488.43673770883817,
    488.43673770883817,
    488.43673770883817,
    488.43673770883817,
    488.43673770883817,
    488.43673770883817,
    488.43673770883817,
    488.43673770883817,
    488.43673770883817,
    488.43673770883817,
    488.43673770883817,
    488.43673770883817,
    488.43673770883817,
    488.43673770883817,
    488.43673770883817,
    488.43673770883817,
    488.43673770883817,
    488.43673770883817,
    488.43673770883817,
    488.43673770883817,
    488.43673770883817,
    488.43673770883817,
    488.43673770883817,
    488.43673770883817,
    488.43673770883817,
    488.43673770883817,
    488.43673770883817,
    488.43673770883817,
    488.43673770883817,
    488.43673770883817,
    488.43673770883817,
    488.43673770883817,
    488.43673770883817,
    488.43673770883817,
    488.43673770883817,
    488.43673770883817,
    488.43673770883817,
    488.43673770883817,
    488.43673770883817,
    488.43673770883817,
    488.43673770883817,
    488.43673770883817,
    488.43673770883817,
    488.43673770883817,
    488.43673770883817,
    488.43673770883817,
    488.43673770883817,
    488.43673770883817,
    488.43673770883817
  ],
  "best_solution": {
    "id": "ga_gen0_1356",
    "instance_id": "synthetic_30c_90q_random_s1068090579",
    "algorithm": "drl_mid_ga",
    "routes": [
      {
        "vehicle_id": 0,
        "customer_sequence": [
          29,
          5,
          9,
          13,
          6,
          27
        ],
        "total_demand": 88,
        "total_distance": 237.03586594404845
      },
      {
        "vehicle_id": 1,
        "customer_sequence": [
          21,
          14,
          19
        ],
        "total_demand": 84,
        "total_distance": 141.66607427446243
      },
      {
        "vehicle_id": 2,
        "customer_sequence": [
          7,
          2,
          10,
          1
        ],
        "total_demand": 88,
        "total_distance": 154.3303720765497
      },
      {
        "vehicle_id": 3,
        "customer_sequence": [
          17,
          16,
          22,
          20,
          8,
          24
        ],
        "total_demand": 86,
        "total_distance": 151.26446278603652
      },
      {
        "vehicle_id": 4,
        "customer_sequence": [
          28,
          25,
          11,
          26,
          3,
          12
        ],
        "total_demand": 79,
        "total_distance": 178.12245908602608
      },
      {
        "vehicle_id": 5,
        "customer_sequence": [
          23,
          30,
          18,
          4
        ],
        "total_demand": 86,
        "total_distance": 163.92090130281815
      },
      {
        "vehicle_id": 6,
        "customer_sequence": [
          15
        ],
        "total_demand": 13,
        "total_distance": 103.46753843693276
      }
    ],
    "total_cost": 488.43673770883817,
    "computation_time": 0.0,
    "is_valid": true,
    "convergence_history": null
  }
}