{
  "instance_id": "synthetic_140c_490q_random_s189978609",
  "instance_name": "Synthetic Random",
  "instance_size": 140,
  "configuration": "drl_mid_ga",
  "agent_used": "mid",
  "replicate": 4,
  "seed": 1897174249,
  "initial_cost": 2325.913791589484,
  "final_cost": 2041.8617857307743,
  "improvement_gap": 12.212490715943263,
  "total_time": 337.41555857658386,
  "initialization_time": 316.2983748912811,
  "evolution_time": 21.117183685302734,
  "generations_run": 100,
  "generations_to_convergence": null,
  "convergence_history": [
    2325.913791589484,
    2325.913791589484,
    2325.913791589484,
    2325.913791589484,
    2325.913791589484,
    2325.913791589484,
    2325.913791589484,
    2322.421541343616,
    2322.421541343616,
    2322.421541343616,
    2322.421541343616,
    2322.421541343616,
    2322.421541343616,
    2322.421541343616,
    2321.340269360951,
    2321.340269360951,
    2321.340269360951,
    2316.8269549240895,
    2316.8269549240895,
    2315.7456829414245,
    2303.0813189509076,
    2303.0813189509076,
    2277.777541389584,
    2277.777541389584,
    2277.777541389584,
    2266.3791186080985,
    2266.3791186080985,
    2265.297846625433,
    2265.297846625433,
    2265.297846625433,
    2265.297846625433,
    2265.297846625433,
    2265.297846625433,
    2265.297846625433,
    2265.297846625433,
    2265.297846625433,
    2265.297846625433,
    2265.297846625433,
    2243.607985752059,
    2219.5892342919865,
    2219.5892342919865,
    2219.5892342919865,
    2194.449923674612,
    2194.449923674612,
    2194.449923674612,
    2194.449923674612,
    2193.1288770473143,
    2193.1288770473143,
    2193.1288770473143,
    2193.1288770473143,
    2191.659493279131,
    2191.659493279131,
    2191.659493279131,
    2191.659493279131,
    2189.8964151033233,
    2189.8964151033233,
    2156.005510190031,
    2156.005510190031,
    2120.89734185934,
    2119.6422682694842,
    2119.6422682694842,
    2119.6422682694842,
    2119.6422682694842,
    2115.3725433712775,
    2115.3725433712775,
    2095.198049941824,
    2095.198049941824,
    2095.198049941824,
    2095.198049941824,
    2095.198049941824,
    2081.2123582715462,
    2081.2123582715462,
    2081.2123582715462,
    2081.2123582715462,
    2081.2123582715462,
    2081.2123582715462,
    2081.2123582715462,
    2076.4447287635767,
    2076.4447287635767,
    2076.4447287635767,
    2076.4447287635767,
    2075.779444641483,
    2075.779444641483,
    2075.779444641483,
    2075.779444641483,
    2075.779444641483,
    2075.779444641483,
    2075.779444641483,
    2075.779444641483,
    2075.779444641483,
    2075.779444641483,
    2071.2557771340607,
    2071.2557771340607,
    2063.474845117186,
    2063.474845117186,
    2063.474845117186,
    2042.7865435966105,
    2042.7865435966105,
    2042.7865435966105,
    2041.8617857307743,
    2041.8617857307743
  ],
  "best_solution": {
    "id": "ga_gen0_7248",
    "instance_id": "synthetic_140c_490q_random_s189978609",
    "algorithm": "drl_mid_ga",
    "routes": [
      {
        "vehicle_id": 0,
        "customer_sequence": [
          9,
          14,
          18,
          53,
          117,
          45,
          8,
          110,
          24,
          107,
          52,
          11,
          71,
          102,
          90,
          73,
          120,
          137,
          35,
          77,
          132,
          6,
          140,
          58
        ],
        "total_demand": 489,
        "total_distance": 396.2860920470351
      },
      {
        "vehicle_id": 1,
        "customer_sequence": [
          60,
          41,
          59,
          25,
          113,
          19,
          104,
          42,
          61,
          29,
          121,
          106,
          7,
          74,
          72,
          21,
          129,
          23,
          69,
          37,
          56,
          119,
          20,
          84,
          86,
          134,
          12,
          46
        ],
        "total_demand": 490,
        "total_distance": 420.28304945490197
      },
      {
        "vehicle_id": 2,
        "customer_sequence": [
          47,
          50,
          139,
          13,
          91,
          51,
          114,
          130,
          92,
          33,
          127,
          54,
          99,
          76,
          126,
          64,
          30,
          2,
          138,
          101,
          94,
          83,
          78
        ],
        "total_demand": 486,
        "total_distance": 356.74093346750766
      },
      {
        "vehicle_id": 3,
        "customer_sequence": [
          136,
          66,
          16,
          55,
          62,
          87,
          109,
          31,
          27,
          133,
          79,
          4,
          97,
          57,
          96,
          43,
          80,
          100,
          131,
          39,
          116,
          10,
          124,
          82,
          111,
          65,
          75,
          68,
          36,
          34,
          22
        ],
        "total_demand": 489,
        "total_distance": 472.6698046141844
      },
      {
        "vehicle_id": 4,
        "customer_sequence": [
          5,
          32,
          95,
          128,
          28,
          115,
          44,
          40,
          67,
          108,
          89,
          112,
          105,
          49,
          123,
          26,
          135,
          85,
          93,
          17,
          1,
          125,
          88,
          81,
          98,
          70,
          15,
          63,
          48,
          118,
          38
        ],
        "total_demand": 488,
        "total_distance": 675.7565558287458
      },
      {
        "vehicle_id": 5,
        "customer_sequence": [
          103,
          3,
          122
        ],
        "total_demand": 44,
        "total_distance": 174.3151478442384
      }
    ],
    "total_cost": 2041.8617857307743,
    "computation_time": 0.0,
    "is_valid": true,
    "convergence_history": null
  }
}