{
  "instance_id": "synthetic_75c_281q_random_s1136794130",
  "instance_name": "Synthetic Random",
  "instance_size": 75,
  "configuration": "drl_mid_ga",
  "agent_used": "mid",
  "replicate": 4,
  "seed": 661571377,
  "initial_cost": 1333.1604408517878,
  "final_cost": 1162.153888793176,
  "improvement_gap": 12.82715469335046,
  "total_time": 105.96028542518616,
  "initialization_time": 99.61170077323914,
  "evolution_time": 6.3485846519470215,
  "generations_run": 100,
  "generations_to_convergence": 51,
  "convergence_history": [
    1333.1604408517878,
    1333.1604408517878,
    1333.1604408517878,
    1319.1399086811293,
    1319.1399086811293,
    1319.1399086811293,
    1319.1399086811293,
    1319.1399086811293,
    1319.1399086811293,
    1319.1399086811293,
    1319.1399086811293,
    1319.1399086811293,
    1311.0617121017317,
    1311.0617121017317,
    1301.6247631648607,
    1298.3217366803065,
    1298.3217366803065,
    1298.3217366803065,
    1295.3132648475857,
    1295.3132648475857,
    1295.3132648475857,
    1286.242272274887,
    1286.242272274887,
    1286.242272274887,
    1286.242272274887,
    1279.0341261512017,
    1279.0341261512017,
    1277.0024781565398,
    1248.3601305163966,
    1244.8310880553263,
    1244.8310880553263,
    1244.8310880553263,
    1244.8310880553263,
    1244.8310880553263,
    1243.6476503753884,
    1219.7149906606433,
    1219.7149906606433,
    1219.7149906606433,
    1219.7149906606433,
    1219.7149906606433,
    1198.3392715899104,
    1198.3392715899104,
    1198.3392715899104,
    1189.0910804265882,
    1189.0910804265882,
    1189.0910804265882,
    1189.0910804265882,
    1188.6213179319388,
    1173.4396986263118,
    1173.4396986263118,
    1173.4396986263118,
    1172.0919227067577,
    1172.0919227067577,
    1172.0919227067577,
    1172.0919227067577,
    1172.0919227067577,
    1172.0919227067577,
    1172.0919227067577,
    1172.0919227067577,
    1172.0919227067577,
    1172.0919227067577,
    1172.0919227067577,
    1172.0919227067577,
    1172.0919227067577,
    1172.0919227067577,
    1172.0919227067577,
    1172.0919227067577,
    1172.0919227067577,
    1172.0919227067577,
    1172.0919227067577,
    1172.0919227067577,
    1172.0919227067577,
    1170.0602747120963,
    1167.418088587267,
    1165.3864405926056,
    1165.3864405926056,
    1165.3864405926056,
    1165.3864405926056,
    1165.3864405926056,
    1165.3864405926056,
    1165.3864405926056,
    1165.3864405926056,
    1165.3864405926056,
    1165.3864405926056,
    1165.3864405926056,
    1165.3864405926056,
    1165.3864405926056,
    1163.049136167956,
    1163.049136167956,
    1162.929871771149,
    1162.929871771149,
    1162.929871771149,
    1162.929871771149,
    1162.929871771149,
    1162.929871771149,
    1162.929871771149,
    1162.929871771149,
    1162.153888793176,
    1162.153888793176,
    1162.153888793176,
    1162.153888793176
  ],
  "best_solution": {
    "id": "ga_gen0_1116",
    "instance_id": "synthetic_75c_281q_random_s1136794130",
    "algorithm": "drl_mid_ga",
    "routes": [
      {
        "vehicle_id": 0,
        "customer_sequence": [
          71,
          24,
          51,
          64,
          21,
          66,
          2,
          27,
          55,
          42,
          67,
          36,
          25,
          12,
          5,
          14,
          73
        ],
        "total_demand": 280,
        "total_distance": 250.82642312283937
      },
      {
        "vehicle_id": 1,
        "customer_sequence": [
          35,
          53,
          4,
          20,
          54,
          68,
          6,
          32,
          23,
          52,
          43,
          56,
          74,
          28,
          61
        ],
        "total_demand": 281,
        "total_distance": 386.4706947558617
      },
      {
        "vehicle_id": 2,
        "customer_sequence": [
          33,
          48,
          17,
          70,
          26,
          1,
          38,
          31,
          65,
          49,
          75,
          7,
          41
        ],
        "total_demand": 281,
        "total_distance": 283.8286514925146
      },
      {
        "vehicle_id": 3,
        "customer_sequence": [
          57,
          62,
          22,
          47,
          39,
          44,
          13,
          45,
          8,
          59,
          3,
          72,
          60,
          63,
          11,
          50
        ],
        "total_demand": 276,
        "total_distance": 289.8314033905374
      },
      {
        "vehicle_id": 4,
        "customer_sequence": [
          29,
          69,
          18,
          58,
          37,
          19,
          34,
          16,
          46,
          10,
          9,
          15,
          40,
          30
        ],
        "total_demand": 212,
        "total_distance": 311.79040935021123
      }
    ],
    "total_cost": 1162.153888793176,
    "computation_time": 0.0,
    "is_valid": true,
    "convergence_history": null
  }
}