{
  "instance_id": "synthetic_100c_300q_clustered5_s1944457044",
  "instance_name": "Synthetic Clustered",
  "instance_size": 100,
  "configuration": "drl_mid_ga",
  "agent_used": "mid",
  "replicate": 1,
  "seed": 2140199315,
  "initial_cost": 939.0730320284013,
  "final_cost": 731.5169456420616,
  "improvement_gap": 22.10223053025149,
  "total_time": 186.35882115364075,
  "initialization_time": 175.54511094093323,
  "evolution_time": 10.81371021270752,
  "generations_run": 100,
  "generations_to_convergence": null,
  "convergence_history": [
    939.0730320284013,
    939.0730320284013,
    939.0730320284013,
    939.0730320284013,
    935.5311010793482,
    928.5601850572604,
    928.5601850572604,
    903.0927368347343,
    903.0927368347343,
    884.4326514253377,
    883.6120877903184,
    861.047786364042,
    861.047786364042,
    848.0897154255107,
    848.0897154255107,
    848.0897154255107,
    842.5978612879805,
    842.5978612879805,
    842.4661656358016,
    842.4661656358016,
    842.4661656358016,
    842.031115800949,
    842.031115800949,
    842.031115800949,
    841.6028592389277,
    838.1567332617699,
    838.1567332617699,
    838.1567332617699,
    837.3361696267507,
    828.4601941245119,
    828.4601941245119,
    826.4426729025472,
    783.6438916635202,
    783.6438916635202,
    783.6438916635202,
    781.6263704415555,
    781.6263704415555,
    781.6263704415555,
    781.6263704415555,
    781.6263704415555,
    781.6263704415555,
    781.6263704415555,
    781.6263704415555,
    781.6263704415555,
    781.6263704415555,
    781.6263704415555,
    781.6263704415555,
    781.6263704415555,
    777.8051776016989,
    777.5229422173259,
    777.5229422173259,
    777.5229422173259,
    773.7017493774692,
    773.7017493774692,
    773.7017493774692,
    772.8811857424498,
    772.8811857424498,
    764.9899496001549,
    764.9899496001549,
    764.1693859651356,
    764.1693859651356,
    764.1693859651356,
    764.1693859651356,
    763.7411294031143,
    763.7411294031143,
    763.7411294031143,
    763.7411294031143,
    763.7411294031143,
    763.7411294031143,
    763.7411294031143,
    762.6373668422198,
    762.6373668422198,
    762.6373668422198,
    750.7862968867348,
    750.7862968867348,
    750.7862968867348,
    750.7862968867348,
    750.7862968867348,
    750.7862968867348,
    749.9117645843005,
    749.9117645843005,
    749.9117645843005,
    749.9117645843005,
    749.9117645843005,
    749.9117645843005,
    748.5905119594736,
    748.5905119594736,
    748.5905119594736,
    748.5905119594736,
    748.5905119594736,
    748.5905119594736,
    748.5905119594736,
    748.1229220610159,
    748.1229220610159,
    748.1229220610159,
    748.1229220610159,
    748.1229220610159,
    748.1229220610159,
    748.1229220610159,
    731.5169456420616,
    731.5169456420616
  ],
  "best_solution": {
    "id": "ga_gen0_3826",
    "instance_id": "synthetic_100c_300q_clustered5_s1944457044",
    "algorithm": "drl_mid_ga",
    "routes": [
      {
        "vehicle_id": 0,
        "customer_sequence": [
          49,
          5,
          30,
          4,
          60,
          54,
          13,
          21,
          33,
          88,
          18,
          73,
          77
        ],
        "total_demand": 298,
        "total_distance": 71.22729382968473
      },
      {
        "vehicle_id": 1,
        "customer_sequence": [
          56,
          1,
          50,
          62,
          47,
          81,
          10,
          59,
          14,
          42,
          46,
          53,
          58,
          52,
          17
        ],
        "total_demand": 298,
        "total_distance": 119.68330224866097
      },
      {
        "vehicle_id": 2,
        "customer_sequence": [
          84,
          61,
          78,
          74,
          44,
          11,
          83,
          79,
          100,
          64,
          87,
          82,
          19,
          51,
          43
        ],
        "total_demand": 300,
        "total_distance": 208.08669313335884
      },
      {
        "vehicle_id": 3,
        "customer_sequence": [
          7,
          16,
          20,
          63,
          96,
          85,
          35,
          27,
          32,
          48,
          38,
          25,
          28,
          40,
          86
        ],
        "total_demand": 296,
        "total_distance": 173.54623406841216
      },
      {
        "vehicle_id": 4,
        "customer_sequence": [
          66,
          80,
          71,
          98,
          72,
          67,
          70,
          97,
          89,
          75,
          91,
          29,
          68,
          22,
          24,
          37,
          34,
          9,
          6
        ],
        "total_demand": 300,
        "total_distance": 186.36677965611904
      },
      {
        "vehicle_id": 5,
        "customer_sequence": [
          3,
          57,
          99,
          69,
          12,
          41,
          31,
          8,
          45,
          95,
          15,
          2,
          92,
          93,
          65,
          36,
          94,
          23,
          76,
          26,
          90,
          55,
          39
        ],
        "total_demand": 266,
        "total_distance": 183.71730434652486
      }
    ],
    "total_cost": 731.5169456420616,
    "computation_time": 0.0,
    "is_valid": true,
    "convergence_history": null
  }
}