{
  "instance_id": "synthetic_150c_525q_random_s666080025",
  "instance_name": "Synthetic Random",
  "instance_size": 150,
  "configuration": "drl_mid_ga",
  "agent_used": "mid",
  "replicate": 3,
  "seed": 210373327,
  "initial_cost": 2794.2500525836053,
  "final_cost": 2265.549386304763,
  "improvement_gap": 18.92102196759369,
  "total_time": 403.06672763824463,
  "initialization_time": 379.12506103515625,
  "evolution_time": 23.94166660308838,
  "generations_run": 100,
  "generations_to_convergence": null,
  "convergence_history": [
    2794.2500525836053,
    2794.2500525836053,
    2794.2500525836053,
    2794.2500525836053,
    2794.2500525836053,
    2794.2500525836053,
    2786.2609095756334,
    2786.2609095756334,
    2786.2609095756334,
    2786.2609095756334,
    2778.4030740713465,
    2770.736197316377,
    2748.64927505522,
    2742.8865668386843,
    2725.7527420381184,
    2702.5321821247194,
    2702.5321821247194,
    2692.1624337825524,
    2692.1624337825524,
    2692.1624337825524,
    2681.1248344399087,
    2681.1248344399087,
    2675.608138457245,
    2674.179139116371,
    2661.0041186548833,
    2661.0041186548833,
    2656.097037273092,
    2651.301878319359,
    2650.5803412904284,
    2650.5803412904284,
    2604.4966875548967,
    2568.492266205458,
    2568.492266205458,
    2568.492266205458,
    2568.492266205458,
    2541.5092599307354,
    2515.007277103961,
    2513.9255188948746,
    2461.87262248037,
    2461.87262248037,
    2457.7530208074977,
    2437.3726690725684,
    2432.6800234546467,
    2432.6800234546467,
    2432.6800234546467,
    2422.527209573542,
    2422.527209573542,
    2415.864804584689,
    2406.433527732515,
    2406.433527732515,
    2406.433527732515,
    2399.963771243134,
    2399.963771243134,
    2399.963771243134,
    2395.4192061429344,
    2390.268891171546,
    2390.268891171546,
    2389.089351324597,
    2389.089351324597,
    2385.575432353896,
    2379.0981000747856,
    2374.4046412571356,
    2374.4046412571356,
    2365.4522251699063,
    2361.7454496969362,
    2361.7454496969362,
    2361.7454496969362,
    2361.7454496969362,
    2361.7454496969362,
    2361.7454496969362,
    2360.4095092805665,
    2360.4095092805665,
    2360.4095092805665,
    2360.4095092805665,
    2360.4095092805665,
    2360.4095092805665,
    2355.6262452879773,
    2355.6262452879773,
    2355.6262452879773,
    2347.141338582307,
    2347.141338582307,
    2341.148811450846,
    2341.148811450846,
    2341.148811450846,
    2328.1363580075795,
    2328.1363580075795,
    2323.3530940149903,
    2323.3530940149903,
    2295.2941715720117,
    2290.510907579423,
    2274.078061789369,
    2274.078061789369,
    2269.2947977967797,
    2269.2947977967797,
    2269.2947977967797,
    2269.2947977967797,
    2269.2947977967797,
    2265.549386304763,
    2265.549386304763,
    2265.549386304763,
    2265.549386304763
  ],
  "best_solution": {
    "id": "ga_gen0_1355",
    "instance_id": "synthetic_150c_525q_random_s666080025",
    "algorithm": "drl_mid_ga",
    "routes": [
      {
        "vehicle_id": 0,
        "customer_sequence": [
          141,
          144,
          120,
          103,
          24,
          32,
          8,
          81,
          2,
          135,
          1,
          62,
          80,
          43,
          82,
          96,
          139,
          54,
          112,
          92,
          65,
          19,
          11,
          20,
          93,
          107,
          147,
          84
        ],
        "total_demand": 523,
        "total_distance": 369.86021348728326
      },
      {
        "vehicle_id": 1,
        "customer_sequence": [
          10,
          58,
          145,
          108,
          25,
          39,
          127,
          131,
          38,
          44,
          46,
          90,
          9,
          34,
          53,
          16,
          68,
          52,
          138,
          61,
          36,
          114,
          7,
          109,
          133,
          51,
          95,
          146,
          6
        ],
        "total_demand": 516,
        "total_distance": 424.6460728784578
      },
      {
        "vehicle_id": 2,
        "customer_sequence": [
          91,
          102,
          148,
          57,
          98,
          17,
          73,
          78,
          101,
          122,
          49,
          86,
          119,
          48,
          94,
          129,
          75,
          12,
          74,
          89,
          21,
          106,
          87,
          113,
          149,
          55,
          50,
          14,
          63,
          76,
          130,
          79,
          110
        ],
        "total_demand": 525,
        "total_distance": 584.2650918018082
      },
      {
        "vehicle_id": 3,
        "customer_sequence": [
          4,
          13,
          83,
          23,
          69,
          72,
          60,
          27,
          30,
          18,
          5,
          33,
          70,
          124,
          99,
          105,
          88,
          64,
          35,
          111,
          150,
          56,
          115,
          77,
          15,
          29,
          45,
          117,
          125,
          116,
          47
        ],
        "total_demand": 525,
        "total_distance": 472.1965673072821
      },
      {
        "vehicle_id": 4,
        "customer_sequence": [
          132,
          42,
          118,
          40,
          140,
          85,
          22,
          136,
          41,
          31,
          26,
          100,
          137,
          121,
          67,
          28,
          142,
          66,
          3,
          37,
          71,
          97,
          143,
          126,
          134,
          59,
          128,
          104,
          123
        ],
        "total_demand": 505,
        "total_distance": 662.601699001661
      }
    ],
    "total_cost": 2265.549386304763,
    "computation_time": 0.0,
    "is_valid": true,
    "convergence_history": null
  }
}