{
  "instance_id": "synthetic_20c_60q_random_s651100647",
  "instance_name": "Synthetic Random",
  "instance_size": 20,
  "configuration": "drl_mid_ga",
  "agent_used": "mid",
  "replicate": 4,
  "seed": 1361420523,
  "initial_cost": 350.9084021387591,
  "final_cost": 319.3842816805993,
  "improvement_gap": 8.983575276631374,
  "total_time": 11.248814105987549,
  "initialization_time": 10.881317615509033,
  "evolution_time": 0.3674964904785156,
  "generations_run": 100,
  "generations_to_convergence": 2,
  "convergence_history": [
    350.9084021387591,
    345.692730416976,
    319.3842816805993,
    319.3842816805993,
    319.3842816805993,
    319.3842816805993,
    319.3842816805993,
    319.3842816805993,
    319.3842816805993,
    319.3842816805993,
    319.3842816805993,
    319.3842816805993,
    319.3842816805993,
    319.3842816805993,
    319.3842816805993,
    319.3842816805993,
    319.3842816805993,
    319.3842816805993,
    319.3842816805993,
    319.3842816805993,
    319.3842816805993,
    319.3842816805993,
    319.3842816805993,
    319.3842816805993,
    319.3842816805993,
    319.3842816805993,
    319.3842816805993,
    319.3842816805993,
    319.3842816805993,
    319.3842816805993,
    319.3842816805993,
    319.3842816805993,
    319.3842816805993,
    319.3842816805993,
    319.3842816805993,
    319.3842816805993,
    319.3842816805993,
    319.3842816805993,
    319.3842816805993,
    319.3842816805993,
    319.3842816805993,
    319.3842816805993,
    319.3842816805993,
    319.3842816805993,
    319.3842816805993,
    319.3842816805993,
    319.3842816805993,
    319.3842816805993,
    319.3842816805993,
    319.3842816805993,
    319.3842816805993,
    319.3842816805993,
    319.3842816805993,
    319.3842816805993,
    319.3842816805993,
    319.3842816805993,
    319.3842816805993,
    319.3842816805993,
    319.3842816805993,
    319.3842816805993,
    319.3842816805993,
    319.3842816805993,
    319.3842816805993,
    319.3842816805993,
    319.3842816805993,
    319.3842816805993,
    319.3842816805993,
    319.3842816805993,
    319.3842816805993,
    319.3842816805993,
    319.3842816805993,
    319.3842816805993,
    319.3842816805993,
    319.3842816805993,
    319.3842816805993,
    319.3842816805993,
    319.3842816805993,
    319.3842816805993,
    319.3842816805993,
    319.3842816805993,
    319.3842816805993,
    319.3842816805993,
    319.3842816805993,
    319.3842816805993,
    319.3842816805993,
    319.3842816805993,
    319.3842816805993,
    319.3842816805993,
    319.3842816805993,
    319.3842816805993,
    319.3842816805993,
    319.3842816805993,
    319.3842816805993,
    319.3842816805993,
    319.3842816805993,
    319.3842816805993,
    319.3842816805993,
    319.3842816805993,
    319.3842816805993,
    319.3842816805993,
    319.3842816805993
  ],
  "best_solution": {
    "id": "ga_gen0_2530",
    "instance_id": "synthetic_20c_60q_random_s651100647",
    "algorithm": "drl_mid_ga",
    "routes": [
      {
        "vehicle_id": 0,
        "customer_sequence": [
          6,
          19,
          9
        ],
        "total_demand": 59,
        "total_distance": 74.22052414484111
      },
      {
        "vehicle_id": 1,
        "customer_sequence": [
          18,
          7
        ],
        "total_demand": 43,
        "total_distance": 101.537533124472
      },
      {
        "vehicle_id": 2,
        "customer_sequence": [
          17,
          2,
          11,
          3
        ],
        "total_demand": 60,
        "total_distance": 173.32715255876354
      },
      {
        "vehicle_id": 3,
        "customer_sequence": [
          14,
          4,
          15,
          5
        ],
        "total_demand": 56,
        "total_distance": 141.4008776828262
      },
      {
        "vehicle_id": 4,
        "customer_sequence": [
          10,
          1
        ],
        "total_demand": 39,
        "total_distance": 117.49031688496933
      },
      {
        "vehicle_id": 5,
        "customer_sequence": [
          13,
          20,
          16
        ],
        "total_demand": 48,
        "total_distance": 119.53800681250664
      },
      {
        "vehicle_id": 6,
        "customer_sequence": [
          12,
          8
        ],
        "total_demand": 47,
        "total_distance": 140.34234509508275
      }
    ],
    "total_cost": 319.3842816805993,
    "computation_time": 0.0,
    "is_valid": true,
    "convergence_history": null
  }
}