{
  "instance_id": "synthetic_75c_281q_random_s1136794130",
  "instance_name": "Synthetic Random",
  "instance_size": 75,
  "configuration": "drl_mid_ga",
  "agent_used": "mid",
  "replicate": 5,
  "seed": 772313933,
  "initial_cost": 1266.4522366285073,
  "final_cost": 1000.4632399216158,
  "improvement_gap": 21.002686798121623,
  "total_time": 105.2416033744812,
  "initialization_time": 98.65912461280823,
  "evolution_time": 6.582478761672974,
  "generations_run": 100,
  "generations_to_convergence": null,
  "convergence_history": [
    1266.4522366285073,
    1266.4522366285073,
    1266.4522366285073,
    1266.4522366285073,
    1259.1326951533215,
    1259.1326951533215,
    1259.1326951533215,
    1259.1326951533215,
    1242.7025971138132,
    1242.7025971138132,
    1216.9184583231531,
    1216.9184583231531,
    1197.2557798805187,
    1197.2557798805187,
    1190.475683528945,
    1176.0463316173698,
    1176.0463316173698,
    1169.266235265796,
    1169.266235265796,
    1169.266235265796,
    1169.266235265796,
    1130.8033373383068,
    1130.8033373383068,
    1130.8033373383068,
    1127.7594932602715,
    1127.7594932602715,
    1127.7594932602715,
    1127.7594932602715,
    1127.7594932602715,
    1127.7594932602715,
    1127.7594932602715,
    1127.7594932602715,
    1127.7594932602715,
    1119.8673849786878,
    1119.8673849786878,
    1097.5579144729568,
    1097.5579144729568,
    1075.0037447784969,
    1075.0037447784969,
    1073.142872613269,
    1073.142872613269,
    1073.142872613269,
    1073.142872613269,
    1072.037434517187,
    1072.037434517187,
    1072.037434517187,
    1072.037434517187,
    1061.1314550513944,
    1061.1314550513944,
    1061.1314550513944,
    1032.583374165029,
    1032.583374165029,
    1018.8253648593883,
    1018.8253648593883,
    1017.7461175337879,
    1017.7461175337879,
    1017.7461175337879,
    1017.7461175337879,
    1017.7461175337879,
    1017.7461175337879,
    1017.7461175337879,
    1017.7461175337879,
    1017.7461175337879,
    1017.7461175337879,
    1017.7461175337879,
    1017.7461175337879,
    1017.7461175337879,
    1017.7461175337879,
    1017.5085574280446,
    1017.5085574280446,
    1017.5085574280446,
    1017.5085574280446,
    1017.5085574280446,
    1017.5085574280446,
    1017.5085574280446,
    1017.5085574280446,
    1017.5085574280446,
    1017.5085574280446,
    1017.5085574280446,
    1017.5085574280446,
    1017.5085574280446,
    1017.5085574280446,
    1017.5085574280446,
    1017.5085574280446,
    1017.5085574280446,
    1006.602577962252,
    1006.602577962252,
    1006.602577962252,
    1003.2667294822946,
    1003.2667294822946,
    1003.2667294822946,
    1003.2667294822946,
    1003.2667294822946,
    1000.4632399216158,
    1000.4632399216158,
    1000.4632399216158,
    1000.4632399216158,
    1000.4632399216158,
    1000.4632399216158,
    1000.4632399216158,
    1000.4632399216158
  ],
  "best_solution": {
    "id": "ga_gen0_4917",
    "instance_id": "synthetic_75c_281q_random_s1136794130",
    "algorithm": "drl_mid_ga",
    "routes": [
      {
        "vehicle_id": 0,
        "customer_sequence": [
          71,
          51,
          24,
          66,
          2,
          53,
          11,
          33,
          15,
          55,
          9,
          10,
          63,
          60,
          64
        ],
        "total_demand": 280,
        "total_distance": 171.64289901083163
      },
      {
        "vehicle_id": 1,
        "customer_sequence": [
          61,
          38,
          1,
          26,
          44,
          39,
          47,
          62,
          57,
          3,
          7,
          72,
          19,
          37,
          31
        ],
        "total_demand": 278,
        "total_distance": 242.86399044486353
      },
      {
        "vehicle_id": 2,
        "customer_sequence": [
          74,
          56,
          22,
          8,
          59,
          75,
          41,
          49,
          65,
          48,
          17,
          70,
          58,
          52,
          23,
          28
        ],
        "total_demand": 281,
        "total_distance": 260.3107130437184
      },
      {
        "vehicle_id": 3,
        "customer_sequence": [
          4,
          73,
          14,
          20,
          54,
          5,
          12,
          25,
          36,
          42,
          35,
          50,
          27,
          30,
          40,
          46
        ],
        "total_demand": 277,
        "total_distance": 266.71323285779533
      },
      {
        "vehicle_id": 4,
        "customer_sequence": [
          21,
          16,
          34,
          45,
          13,
          29,
          18,
          69,
          43,
          32,
          6,
          68,
          67
        ],
        "total_demand": 214,
        "total_distance": 360.1568446839854
      }
    ],
    "total_cost": 1000.4632399216158,
    "computation_time": 0.0,
    "is_valid": true,
    "convergence_history": null
  }
}