{
  "instance_id": "synthetic_110c_481q_clustered6_s201764005",
  "instance_name": "Synthetic Clustered",
  "instance_size": 110,
  "configuration": "drl_mid_ga",
  "agent_used": "mid",
  "replicate": 2,
  "seed": 343915243,
  "initial_cost": 1234.16151839079,
  "final_cost": 1095.6849811199825,
  "improvement_gap": 11.22029290391144,
  "total_time": 224.76800394058228,
  "initialization_time": 211.72963070869446,
  "evolution_time": 13.038373231887817,
  "generations_run": 100,
  "generations_to_convergence": null,
  "convergence_history": [
    1234.16151839079,
    1234.16151839079,
    1234.16151839079,
    1234.16151839079,
    1233.88941792994,
    1233.8529794582728,
    1233.8529794582728,
    1230.2602984545517,
    1230.2602984545517,
    1229.5690383606436,
    1229.5690383606436,
    1227.9559960701645,
    1227.3035115668367,
    1227.3035115668367,
    1227.3035115668367,
    1227.3035115668367,
    1226.1435641537064,
    1226.1435641537064,
    1226.1435641537064,
    1226.1435641537064,
    1226.1435641537064,
    1216.449421121403,
    1216.449421121403,
    1216.449421121403,
    1214.8297925562706,
    1214.8297925562706,
    1214.319536798939,
    1214.319536798939,
    1213.9001361193634,
    1210.1286592224164,
    1209.8201202898993,
    1209.7092585428406,
    1207.9106177336507,
    1207.9106177336507,
    1207.7997559865921,
    1206.8893938817894,
    1204.0704179823026,
    1204.0704179823026,
    1192.515810079397,
    1192.515810079397,
    1192.515810079397,
    1192.515810079397,
    1192.515810079397,
    1192.515810079397,
    1192.515810079397,
    1192.515810079397,
    1192.515810079397,
    1192.515810079397,
    1192.515810079397,
    1188.5395418828514,
    1188.5026985657166,
    1188.5026985657166,
    1186.5859696837385,
    1184.7279956525228,
    1184.7279956525228,
    1180.2149972771408,
    1180.2149972771408,
    1177.7159851289107,
    1174.448653775985,
    1164.880008574277,
    1164.880008574277,
    1156.3610863603521,
    1156.3610863603521,
    1156.3610863603521,
    1156.3610863603521,
    1147.8904999959734,
    1145.9167921684,
    1145.9167921684,
    1139.5937876638907,
    1139.5937876638907,
    1136.0152234439854,
    1134.0873567819647,
    1134.0873567819647,
    1133.5011233848002,
    1128.9547290066052,
    1127.9946925028742,
    1125.0427281622967,
    1125.0427281622967,
    1125.0427281622967,
    1125.0427281622967,
    1125.0427281622967,
    1125.0427281622967,
    1118.572792910037,
    1118.572792910037,
    1115.936521188789,
    1115.936521188789,
    1114.697084054505,
    1114.697084054505,
    1104.5316241179348,
    1100.655915262403,
    1100.655915262403,
    1097.6438304103538,
    1097.6438304103538,
    1097.6438304103538,
    1097.6438304103538,
    1097.6438304103538,
    1097.6438304103538,
    1097.6438304103538,
    1095.6849811199825,
    1095.6849811199825,
    1095.6849811199825
  ],
  "best_solution": {
    "id": "ga_gen0_2132",
    "instance_id": "synthetic_110c_481q_clustered6_s201764005",
    "algorithm": "drl_mid_ga",
    "routes": [
      {
        "vehicle_id": 0,
        "customer_sequence": [
          1,
          70,
          27,
          63,
          66,
          55,
          17,
          36,
          57,
          62,
          29,
          2,
          48,
          54,
          42,
          51,
          89,
          76,
          45,
          88,
          41,
          67,
          18
        ],
        "total_demand": 480,
        "total_distance": 154.27938274117923
      },
      {
        "vehicle_id": 1,
        "customer_sequence": [
          61,
          83,
          81,
          71,
          33,
          65,
          98,
          97,
          21,
          95,
          30,
          72,
          4,
          19,
          34,
          68,
          79,
          46,
          80,
          74,
          86,
          77,
          85,
          84,
          52,
          75
        ],
        "total_demand": 480,
        "total_distance": 283.574571384485
      },
      {
        "vehicle_id": 2,
        "customer_sequence": [
          64,
          6,
          8,
          92,
          5,
          3,
          96,
          15,
          107,
          23,
          93,
          104,
          106,
          32,
          16,
          82,
          90,
          49,
          78,
          73,
          87,
          11,
          14,
          7,
          9,
          43
        ],
        "total_demand": 480,
        "total_distance": 227.07767521806826
      },
      {
        "vehicle_id": 3,
        "customer_sequence": [
          58,
          91,
          22,
          60,
          59,
          94,
          110,
          26,
          103,
          24,
          35,
          105,
          102,
          28,
          100,
          31,
          69,
          108,
          20,
          39,
          37,
          44,
          47,
          38,
          53,
          10,
          50,
          40,
          13,
          56,
          99,
          25
        ],
        "total_demand": 481,
        "total_distance": 459.56831962982164
      },
      {
        "vehicle_id": 4,
        "customer_sequence": [
          12,
          101,
          109
        ],
        "total_demand": 33,
        "total_distance": 133.54920896113464
      }
    ],
    "total_cost": 1095.6849811199825,
    "computation_time": 0.0,
    "is_valid": true,
    "convergence_history": null
  }
}