{
  "instance_id": "synthetic_50c_150q_clustered4_s1159325734",
  "instance_name": "Synthetic Clustered",
  "instance_size": 50,
  "configuration": "drl_mid_ga",
  "agent_used": "mid",
  "replicate": 3,
  "seed": 1553085344,
  "initial_cost": 693.416928365422,
  "final_cost": 510.4931866926775,
  "improvement_gap": 26.380051335629634,
  "total_time": 51.239246129989624,
  "initialization_time": 48.50893259048462,
  "evolution_time": 2.730313539505005,
  "generations_run": 100,
  "generations_to_convergence": 47,
  "convergence_history": [
    693.416928365422,
    693.416928365422,
    689.9486847368171,
    689.9486847368171,
    688.8683101291783,
    688.8683101291783,
    670.633183338361,
    670.633183338361,
    670.633183338361,
    668.4643659450386,
    668.4643659450386,
    668.4643659450386,
    668.4643659450386,
    668.4643659450386,
    668.4643659450386,
    665.3945401761015,
    665.3945401761015,
    665.3945401761015,
    665.3945401761015,
    534.0394543876794,
    531.6583030700326,
    531.6583030700326,
    531.6583030700326,
    531.6583030700326,
    531.6583030700326,
    531.6583030700326,
    531.6583030700326,
    531.6583030700326,
    531.6583030700326,
    531.6583030700326,
    531.6583030700326,
    531.6583030700326,
    531.6583030700326,
    526.9416974044796,
    526.9416974044796,
    517.6382811912595,
    512.9216755257063,
    512.9216755257063,
    512.4667348706682,
    512.4667348706682,
    512.4667348706682,
    512.4667348706682,
    512.4667348706682,
    512.4667348706682,
    512.4667348706682,
    512.4667348706682,
    512.4667348706682,
    510.4931866926775,
    510.4931866926775,
    510.4931866926775,
    510.4931866926775,
    510.4931866926775,
    510.4931866926775,
    510.4931866926775,
    510.4931866926775,
    510.4931866926775,
    510.4931866926775,
    510.4931866926775,
    510.4931866926775,
    510.4931866926775,
    510.4931866926775,
    510.4931866926775,
    510.4931866926775,
    510.4931866926775,
    510.4931866926775,
    510.4931866926775,
    510.4931866926775,
    510.4931866926775,
    510.4931866926775,
    510.4931866926775,
    510.4931866926775,
    510.4931866926775,
    510.4931866926775,
    510.4931866926775,
    510.4931866926775,
    510.4931866926775,
    510.4931866926775,
    510.4931866926775,
    510.4931866926775,
    510.4931866926775,
    510.4931866926775,
    510.4931866926775,
    510.4931866926775,
    510.4931866926775,
    510.4931866926775,
    510.4931866926775,
    510.4931866926775,
    510.4931866926775,
    510.4931866926775,
    510.4931866926775,
    510.4931866926775,
    510.4931866926775,
    510.4931866926775,
    510.4931866926775,
    510.4931866926775,
    510.4931866926775,
    510.4931866926775,
    510.4931866926775,
    510.4931866926775,
    510.4931866926775,
    510.4931866926775
  ],
  "best_solution": {
    "id": "ga_gen0_1932",
    "instance_id": "synthetic_50c_150q_clustered4_s1159325734",
    "algorithm": "drl_mid_ga",
    "routes": [
      {
        "vehicle_id": 0,
        "customer_sequence": [
          11,
          40,
          38,
          45,
          43,
          46,
          48,
          49
        ],
        "total_demand": 150,
        "total_distance": 121.88554491546391
      },
      {
        "vehicle_id": 1,
        "customer_sequence": [
          7,
          8,
          4,
          6,
          12,
          5,
          1,
          47
        ],
        "total_demand": 149,
        "total_distance": 114.87908115440794
      },
      {
        "vehicle_id": 2,
        "customer_sequence": [
          13,
          30,
          36,
          33,
          20,
          34,
          22
        ],
        "total_demand": 148,
        "total_distance": 117.0220106581185
      },
      {
        "vehicle_id": 3,
        "customer_sequence": [
          14,
          24,
          31,
          26,
          15,
          23,
          35
        ],
        "total_demand": 147,
        "total_distance": 118.61652377642235
      },
      {
        "vehicle_id": 4,
        "customer_sequence": [
          39,
          44,
          41,
          2,
          9,
          16,
          18,
          32,
          21,
          19,
          17
        ],
        "total_demand": 150,
        "total_distance": 206.00481118160243
      },
      {
        "vehicle_id": 5,
        "customer_sequence": [
          42,
          37,
          3,
          10,
          28,
          27,
          29,
          25,
          50
        ],
        "total_demand": 136,
        "total_distance": 226.92845524356505
      }
    ],
    "total_cost": 510.4931866926775,
    "computation_time": 0.0,
    "is_valid": true,
    "convergence_history": null
  }
}