{
  "instance_id": "synthetic_140c_490q_clustered6_s3918580",
  "instance_name": "Synthetic Clustered",
  "instance_size": 140,
  "configuration": "drl_mid_ga",
  "agent_used": "mid",
  "replicate": 4,
  "seed": 613821257,
  "initial_cost": 1562.888395520768,
  "final_cost": 1314.4181940268431,
  "improvement_gap": 15.898141044878153,
  "total_time": 337.02078437805176,
  "initialization_time": 316.4133291244507,
  "evolution_time": 20.607455253601074,
  "generations_run": 100,
  "generations_to_convergence": null,
  "convergence_history": [
    1562.888395520768,
    1562.888395520768,
    1562.888395520768,
    1562.888395520768,
    1527.4559433157776,
    1527.4559433157776,
    1527.4559433157776,
    1527.4559433157776,
    1527.4120824384331,
    1522.3774209836065,
    1522.3335601062618,
    1522.3335601062618,
    1522.3335601062618,
    1522.3335601062618,
    1499.898786007951,
    1499.898786007951,
    1499.898786007951,
    1499.898786007951,
    1498.825034213433,
    1498.825034213433,
    1498.825034213433,
    1498.3375964826018,
    1497.798365785757,
    1482.2177547657525,
    1481.9145601140358,
    1479.8883559751403,
    1479.349125278295,
    1479.349125278295,
    1479.0578063271828,
    1473.6760001573691,
    1473.5501132761535,
    1430.0067407324416,
    1430.0067407324416,
    1430.0067407324416,
    1430.0067407324416,
    1428.1698852059324,
    1428.1698852059324,
    1428.1698852059324,
    1428.1698852059324,
    1428.1698852059324,
    1428.1698852059324,
    1423.5678711645728,
    1423.5678711645728,
    1423.5678711645728,
    1423.5678711645728,
    1423.5678711645728,
    1423.5678711645728,
    1411.4615425805807,
    1411.4615425805807,
    1411.4615425805807,
    1411.4615425805807,
    1398.2846661389337,
    1398.2846661389337,
    1397.8632120635527,
    1394.937398869315,
    1392.5263250081987,
    1392.120395944236,
    1378.2462101411982,
    1377.2417688506332,
    1377.2417688506332,
    1377.2417688506332,
    1377.2417688506332,
    1373.2640964859906,
    1358.727234152978,
    1358.727234152978,
    1358.727234152978,
    1358.727234152978,
    1358.727234152978,
    1358.727234152978,
    1358.727234152978,
    1355.788144196184,
    1355.788144196184,
    1355.788144196184,
    1348.9252133661848,
    1348.9252133661848,
    1345.9861234093908,
    1345.9861234093908,
    1345.9861234093908,
    1345.9861234093908,
    1345.9861234093908,
    1345.7257820836544,
    1340.0543139943998,
    1340.0543139943998,
    1339.7939726686632,
    1328.799762221571,
    1322.8679528065798,
    1322.8679528065798,
    1322.8569857927396,
    1319.3812332035066,
    1319.3812332035066,
    1319.3812332035066,
    1319.3812332035066,
    1319.3812332035066,
    1319.3812332035066,
    1318.4264795156075,
    1318.4264795156075,
    1318.4264795156075,
    1318.4264795156075,
    1318.4264795156075,
    1318.4264795156075,
    1314.4181940268431
  ],
  "best_solution": {
    "id": "ga_gen0_8841",
    "instance_id": "synthetic_140c_490q_clustered6_s3918580",
    "algorithm": "drl_mid_ga",
    "routes": [
      {
        "vehicle_id": 0,
        "customer_sequence": [
          56,
          58,
          61,
          112,
          36,
          60,
          96,
          4,
          35,
          39,
          32,
          41,
          15,
          59,
          125,
          76,
          139,
          137,
          23,
          124,
          82,
          114,
          113,
          101
        ],
        "total_demand": 484,
        "total_distance": 347.66721603790853
      },
      {
        "vehicle_id": 1,
        "customer_sequence": [
          5,
          33,
          46,
          13,
          40,
          67,
          42,
          31,
          19,
          86,
          26,
          34,
          24,
          74,
          1,
          92,
          129,
          115,
          117,
          127,
          118,
          95,
          116,
          131,
          104,
          121
        ],
        "total_demand": 490,
        "total_distance": 261.1010118988785
      },
      {
        "vehicle_id": 2,
        "customer_sequence": [
          91,
          68,
          10,
          138,
          102,
          16,
          72,
          20,
          2,
          17,
          77,
          81,
          80,
          100,
          87,
          110,
          107,
          93,
          122,
          108,
          106,
          130,
          97,
          119,
          123,
          135,
          132
        ],
        "total_demand": 487,
        "total_distance": 273.50986528058195
      },
      {
        "vehicle_id": 3,
        "customer_sequence": [
          75,
          133,
          99,
          134,
          136,
          111,
          79,
          109,
          7,
          18,
          98,
          120,
          71,
          128,
          105,
          73,
          78,
          103,
          90,
          83,
          94,
          126,
          84,
          22,
          70,
          6,
          89,
          12,
          37,
          25,
          27
        ],
        "total_demand": 487,
        "total_distance": 327.3430240770857
      },
      {
        "vehicle_id": 4,
        "customer_sequence": [
          49,
          69,
          65,
          64,
          47,
          62,
          53,
          66,
          50,
          54,
          29,
          3,
          8,
          11,
          9,
          85,
          88,
          21,
          14,
          30,
          43,
          38,
          45,
          28,
          44,
          51,
          57,
          48,
          55,
          52,
          63
        ],
        "total_demand": 484,
        "total_distance": 343.6699806676987
      },
      {
        "vehicle_id": 5,
        "customer_sequence": [
          140
        ],
        "total_demand": 16,
        "total_distance": 92.12254713298354
      }
    ],
    "total_cost": 1314.4181940268431,
    "computation_time": 0.0,
    "is_valid": true,
    "convergence_history": null
  }
}