{
  "instance_id": "synthetic_50c_150q_clustered4_s1089368553",
  "instance_name": "Synthetic Clustered",
  "instance_size": 50,
  "configuration": "drl_mid_ga",
  "agent_used": "mid",
  "replicate": 2,
  "seed": 135151973,
  "initial_cost": 646.8072584329807,
  "final_cost": 578.367339408137,
  "improvement_gap": 10.581192176267935,
  "total_time": 52.2158043384552,
  "initialization_time": 49.339367628097534,
  "evolution_time": 2.876436710357666,
  "generations_run": 100,
  "generations_to_convergence": 39,
  "convergence_history": [
    646.8072584329807,
    646.8072584329807,
    646.8072584329807,
    646.8072584329807,
    646.8072584329807,
    646.8072584329807,
    646.8072584329807,
    643.333779699146,
    643.333779699146,
    643.333779699146,
    641.0418297386204,
    641.0418297386204,
    622.3129494803263,
    622.3129494803263,
    620.0209995198007,
    620.0209995198007,
    620.0209995198007,
    620.0209995198007,
    619.9363874608207,
    619.9363874608207,
    611.7773677282814,
    611.7773677282814,
    611.7773677282814,
    611.7773677282814,
    611.7773677282814,
    608.7950338095519,
    608.7950338095519,
    608.7950338095519,
    605.8159878649216,
    605.8159878649216,
    605.8159878649216,
    605.8159878649216,
    601.173913543792,
    598.4008553093012,
    593.7587809881715,
    593.7587809881715,
    593.7587809881715,
    593.7587809881715,
    593.7587809881715,
    592.2170459378384,
    592.2170459378384,
    592.2170459378384,
    592.2170459378384,
    592.2170459378384,
    592.2170459378384,
    592.2170459378384,
    592.2170459378384,
    592.2170459378384,
    592.2170459378384,
    592.2170459378384,
    592.2170459378384,
    592.2170459378384,
    592.2170459378384,
    592.2170459378384,
    592.2170459378384,
    592.2170459378384,
    592.2170459378384,
    592.2170459378384,
    592.2170459378384,
    592.2170459378384,
    592.2170459378384,
    592.2170459378384,
    588.8114847142363,
    588.8114847142363,
    586.4092847770693,
    583.003723553467,
    583.003723553467,
    578.367339408137,
    578.367339408137,
    578.367339408137,
    578.367339408137,
    578.367339408137,
    578.367339408137,
    578.367339408137,
    578.367339408137,
    578.367339408137,
    578.367339408137,
    578.367339408137,
    578.367339408137,
    578.367339408137,
    578.367339408137,
    578.367339408137,
    578.367339408137,
    578.367339408137,
    578.367339408137,
    578.367339408137,
    578.367339408137,
    578.367339408137,
    578.367339408137,
    578.367339408137,
    578.367339408137,
    578.367339408137,
    578.367339408137,
    578.367339408137,
    578.367339408137,
    578.367339408137,
    578.367339408137,
    578.367339408137,
    578.367339408137,
    578.367339408137,
    578.367339408137
  ],
  "best_solution": {
    "id": "ga_gen0_9375",
    "instance_id": "synthetic_50c_150q_clustered4_s1089368553",
    "algorithm": "drl_mid_ga",
    "routes": [
      {
        "vehicle_id": 0,
        "customer_sequence": [
          5,
          29,
          2,
          11,
          12,
          43
        ],
        "total_demand": 147,
        "total_distance": 88.90532103270277
      },
      {
        "vehicle_id": 1,
        "customer_sequence": [
          8,
          31,
          25,
          34,
          9,
          7,
          45
        ],
        "total_demand": 147,
        "total_distance": 153.28388831948425
      },
      {
        "vehicle_id": 2,
        "customer_sequence": [
          22,
          14,
          23,
          39,
          47,
          46,
          44
        ],
        "total_demand": 146,
        "total_distance": 156.4165577562043
      },
      {
        "vehicle_id": 3,
        "customer_sequence": [
          38,
          40,
          42,
          37,
          41,
          48,
          3,
          4,
          50,
          10
        ],
        "total_demand": 146,
        "total_distance": 134.4742216881824
      },
      {
        "vehicle_id": 4,
        "customer_sequence": [
          18,
          16,
          21,
          20,
          15,
          17,
          24,
          26,
          33
        ],
        "total_demand": 149,
        "total_distance": 191.13586197410447
      },
      {
        "vehicle_id": 5,
        "customer_sequence": [
          19,
          36,
          27,
          1,
          6,
          30,
          28,
          32,
          35,
          13,
          49
        ],
        "total_demand": 138,
        "total_distance": 228.03779174539662
      }
    ],
    "total_cost": 578.367339408137,
    "computation_time": 0.0,
    "is_valid": true,
    "convergence_history": null
  }
}