{
  "instance_id": "synthetic_150c_525q_clustered6_s2010231941",
  "instance_name": "Synthetic Clustered",
  "instance_size": 150,
  "configuration": "drl_mid_ga",
  "agent_used": "mid",
  "replicate": 2,
  "seed": 206280642,
  "initial_cost": 1477.9277623105272,
  "final_cost": 1247.2034489143975,
  "improvement_gap": 15.611339016693579,
  "total_time": 399.60213565826416,
  "initialization_time": 376.2956280708313,
  "evolution_time": 23.30650758743286,
  "generations_run": 100,
  "generations_to_convergence": null,
  "convergence_history": [
    1477.9277623105272,
    1477.9277623105272,
    1477.9277623105272,
    1477.9277623105272,
    1477.9277623105272,
    1472.9013568301807,
    1472.9013568301807,
    1471.762022621667,
    1458.5258604333085,
    1458.5258604333085,
    1456.7659105207676,
    1456.7659105207676,
    1451.681451737048,
    1451.681451737048,
    1449.9215018245072,
    1449.9215018245072,
    1449.9215018245072,
    1449.8918335972899,
    1447.3070726695114,
    1443.3400925971566,
    1443.3400925971566,
    1443.3400925971566,
    1442.5271810066308,
    1441.2974810211244,
    1437.3649673019454,
    1437.3649673019454,
    1433.3979872295909,
    1433.3979872295909,
    1433.3979872295909,
    1431.2420003145437,
    1431.2420003145437,
    1411.7234528786503,
    1409.0866730651003,
    1409.0866730651003,
    1397.4285505444668,
    1397.4285505444668,
    1397.4285505444668,
    1395.3859389684349,
    1395.3859389684349,
    1395.3859389684349,
    1395.3859389684349,
    1395.3859389684349,
    1395.3859389684349,
    1395.3859389684349,
    1395.3859389684349,
    1370.2097513026295,
    1370.2097513026295,
    1370.2097513026295,
    1370.2097513026295,
    1369.0704170941158,
    1368.0159298388821,
    1368.0159298388821,
    1364.845376446102,
    1358.2770476590497,
    1358.2770476590497,
    1358.2770476590497,
    1358.2770476590497,
    1358.2770476590497,
    1358.1540841143437,
    1358.1540841143437,
    1345.2288120835233,
    1345.2288120835233,
    1341.0037714355094,
    1336.8253063830398,
    1336.8253063830398,
    1332.600265735026,
    1332.600265735026,
    1328.498188631718,
    1328.498188631718,
    1328.498188631718,
    1328.498188631718,
    1328.498188631718,
    1324.3148848984322,
    1324.3148848984322,
    1324.3148848984322,
    1324.3148848984322,
    1324.3148848984322,
    1287.151107450204,
    1287.151107450204,
    1283.6138822398734,
    1283.6138822398734,
    1283.6138822398734,
    1283.6138822398734,
    1283.6138822398734,
    1283.6138822398734,
    1277.528250397788,
    1277.528250397788,
    1277.528250397788,
    1277.528250397788,
    1271.9354787740992,
    1271.9354787740992,
    1271.9354787740992,
    1271.9354787740992,
    1271.9354787740992,
    1271.9354787740992,
    1259.4991031598797,
    1259.4991031598797,
    1259.4991031598797,
    1259.4991031598797,
    1259.4991031598797,
    1247.2034489143975
  ],
  "best_solution": {
    "id": "ga_gen0_1894",
    "instance_id": "synthetic_150c_525q_clustered6_s2010231941",
    "algorithm": "drl_mid_ga",
    "routes": [
      {
        "vehicle_id": 0,
        "customer_sequence": [
          79,
          2,
          37,
          100,
          9,
          14,
          131,
          103,
          116,
          137,
          111,
          113,
          120,
          144,
          115,
          143,
          145,
          38,
          139,
          136,
          53,
          51,
          148,
          141,
          140
        ],
        "total_demand": 523,
        "total_distance": 169.05943330388877
      },
      {
        "vehicle_id": 1,
        "customer_sequence": [
          56,
          71,
          70,
          104,
          149,
          135,
          59,
          60,
          62,
          65,
          61,
          129,
          76,
          3,
          97,
          80,
          91,
          88,
          94,
          98,
          85,
          84,
          86,
          78,
          96,
          93,
          95
        ],
        "total_demand": 525,
        "total_distance": 341.82470965269874
      },
      {
        "vehicle_id": 2,
        "customer_sequence": [
          17,
          28,
          48,
          50,
          121,
          119,
          106,
          47,
          123,
          7,
          29,
          33,
          39,
          46,
          26,
          42,
          40,
          16,
          101,
          87,
          13,
          15,
          19,
          69,
          108,
          41,
          125,
          122,
          102,
          118
        ],
        "total_demand": 521,
        "total_distance": 303.24468374496405
      },
      {
        "vehicle_id": 3,
        "customer_sequence": [
          124,
          25,
          109,
          142,
          146,
          150,
          10,
          130,
          105,
          8,
          126,
          30,
          55,
          138,
          52,
          54,
          73,
          57,
          11,
          1,
          134,
          21,
          99,
          114,
          89,
          31,
          49,
          32,
          20,
          133,
          117,
          34,
          110,
          112
        ],
        "total_demand": 522,
        "total_distance": 238.44307411920715
      },
      {
        "vehicle_id": 4,
        "customer_sequence": [
          90,
          92,
          77,
          68,
          63,
          58,
          64,
          74,
          66,
          72,
          12,
          107,
          36,
          22,
          67,
          23,
          75,
          128,
          24,
          18,
          127,
          6,
          5,
          4,
          43,
          83,
          82,
          81,
          35,
          44,
          45,
          27,
          132,
          147
        ],
        "total_demand": 492,
        "total_distance": 439.8569024745644
      }
    ],
    "total_cost": 1247.2034489143975,
    "computation_time": 0.0,
    "is_valid": true,
    "convergence_history": null
  }
}