{
  "instance_id": "synthetic_125c_437q_clustered6_s283318841",
  "instance_name": "Synthetic Clustered",
  "instance_size": 125,
  "configuration": "drl_mid_ga",
  "agent_used": "mid",
  "replicate": 1,
  "seed": 1457194136,
  "initial_cost": 1447.8479104957407,
  "final_cost": 1224.0019664319586,
  "improvement_gap": 15.460597928903846,
  "total_time": 282.33493304252625,
  "initialization_time": 265.9288260936737,
  "evolution_time": 16.40610694885254,
  "generations_run": 100,
  "generations_to_convergence": null,
  "convergence_history": [
    1447.8479104957407,
    1447.8479104957407,
    1447.8479104957407,
    1447.8479104957407,
    1447.8479104957407,
    1447.8479104957407,
    1446.1696028531126,
    1446.1696028531126,
    1446.1696028531126,
    1445.7143038591507,
    1434.5642697389876,
    1428.063421997415,
    1428.063421997415,
    1417.8388095125183,
    1416.3135351027554,
    1416.3135351027554,
    1416.3135351027554,
    1415.775867822344,
    1415.775867822344,
    1403.3522484561927,
    1403.3522484561927,
    1402.8145811757813,
    1399.9110414124514,
    1399.9110414124514,
    1397.3486820343785,
    1396.5762565272478,
    1396.0385892468364,
    1396.0385892468364,
    1396.0385892468364,
    1376.4772198545386,
    1376.4772198545386,
    1376.4772198545386,
    1376.4772198545386,
    1376.4772198545386,
    1369.2504524889666,
    1368.8067506266375,
    1368.8067506266375,
    1300.5092673119461,
    1299.3921302626354,
    1297.853317676986,
    1296.8105616265627,
    1296.8105616265627,
    1292.6654770312691,
    1286.8154967012113,
    1286.8154967012113,
    1286.8154967012113,
    1285.493358992156,
    1283.9545464065066,
    1283.9545464065066,
    1278.1191966583037,
    1278.1191966583037,
    1275.664304313477,
    1275.258246363599,
    1272.701514034268,
    1272.29545608439,
    1272.29545608439,
    1270.7336553459334,
    1270.7336553459334,
    1270.7336553459334,
    1270.7336553459334,
    1262.1612938172523,
    1262.1612938172523,
    1262.1612938172523,
    1257.6728127251668,
    1257.261374827469,
    1257.261374827469,
    1257.261374827469,
    1246.4517855323418,
    1246.4517855323418,
    1246.4517855323418,
    1246.1549544770735,
    1244.9825459181677,
    1244.1473112791798,
    1239.7529883770615,
    1239.7529883770615,
    1237.4485141238995,
    1235.9792745097252,
    1235.9792745097252,
    1235.9792745097252,
    1235.9792745097252,
    1232.4746300833951,
    1232.4746300833951,
    1232.4746300833951,
    1232.4746300833951,
    1228.5533424995836,
    1228.5533424995836,
    1228.5533424995836,
    1228.5533424995836,
    1228.5533424995836,
    1228.5533424995836,
    1228.5533424995836,
    1228.5533424995836,
    1228.5533424995836,
    1224.2444140742161,
    1224.2444140742161,
    1224.2444140742161,
    1224.2444140742161,
    1224.2444140742161,
    1224.2444140742161,
    1224.2444140742161,
    1224.0019664319586
  ],
  "best_solution": {
    "id": "ga_gen0_2873",
    "instance_id": "synthetic_125c_437q_clustered6_s283318841",
    "algorithm": "drl_mid_ga",
    "routes": [
      {
        "vehicle_id": 0,
        "customer_sequence": [
          99,
          1,
          100,
          8,
          81,
          68,
          69,
          73,
          63,
          117,
          74,
          76,
          70,
          32,
          3,
          18,
          2,
          9,
          12,
          94,
          96,
          5
        ],
        "total_demand": 434,
        "total_distance": 332.4208222130399
      },
      {
        "vehicle_id": 1,
        "customer_sequence": [
          108,
          121,
          55,
          125,
          95,
          20,
          46,
          48,
          42,
          80,
          34,
          40,
          29,
          37,
          38,
          110,
          65,
          124,
          113,
          79,
          111,
          75
        ],
        "total_demand": 434,
        "total_distance": 225.21776234919363
      },
      {
        "vehicle_id": 2,
        "customer_sequence": [
          51,
          17,
          47,
          53,
          91,
          45,
          60,
          58,
          57,
          93,
          6,
          14,
          52,
          4,
          43,
          72,
          35,
          13,
          56,
          10,
          16,
          122,
          41
        ],
        "total_demand": 436,
        "total_distance": 331.8646868234299
      },
      {
        "vehicle_id": 3,
        "customer_sequence": [
          101,
          90,
          50,
          15,
          44,
          83,
          88,
          49,
          97,
          84,
          85,
          82,
          98,
          11,
          89,
          92,
          87,
          54,
          86,
          59,
          19,
          7,
          25,
          39,
          61,
          22,
          118
        ],
        "total_demand": 435,
        "total_distance": 284.1377328024664
      },
      {
        "vehicle_id": 4,
        "customer_sequence": [
          103,
          105,
          104,
          62,
          102,
          107,
          24,
          78,
          115,
          26,
          119,
          21,
          116,
          114,
          67,
          112,
          120,
          66,
          77,
          33,
          106,
          109,
          123,
          27,
          36,
          28,
          30,
          23
        ],
        "total_demand": 431,
        "total_distance": 289.25318280886484
      },
      {
        "vehicle_id": 5,
        "customer_sequence": [
          64,
          71,
          31
        ],
        "total_demand": 47,
        "total_distance": 129.50201114955183
      }
    ],
    "total_cost": 1224.0019664319586,
    "computation_time": 0.0,
    "is_valid": true,
    "convergence_history": null
  }
}