{
  "instance_id": "synthetic_60c_300q_clustered5_s316884001",
  "instance_name": "Synthetic Clustered",
  "instance_size": 60,
  "configuration": "drl_mid_ga",
  "agent_used": "mid",
  "replicate": 3,
  "seed": 1033172413,
  "initial_cost": 712.6727182830554,
  "final_cost": 584.5195761125763,
  "improvement_gap": 17.982046861457093,
  "total_time": 73.59935235977173,
  "initialization_time": 70.57722616195679,
  "evolution_time": 3.0221261978149414,
  "generations_run": 100,
  "generations_to_convergence": 52,
  "convergence_history": [
    712.6727182830554,
    712.6727182830554,
    712.6727182830554,
    712.6727182830554,
    712.6727182830554,
    712.6727182830554,
    712.6727182830554,
    712.6727182830554,
    712.6727182830554,
    711.071059418085,
    697.6649888079427,
    695.1363789673042,
    695.1363789673042,
    695.1363789673042,
    695.1363789673042,
    693.5678559517494,
    692.0486794065387,
    692.0486794065387,
    692.0486794065387,
    692.0486794065387,
    692.0486794065387,
    692.0486794065387,
    688.5966724190591,
    688.5966724190591,
    671.8446191811915,
    671.8446191811915,
    668.3926121937122,
    668.3926121937122,
    668.3926121937122,
    668.3926121937122,
    665.6998538207745,
    665.6998538207745,
    665.6998538207745,
    665.6998538207745,
    665.6998538207745,
    644.2450069413806,
    644.2450069413806,
    629.6182225452478,
    629.6182225452478,
    614.5188571651472,
    608.7245420709066,
    608.7245420709066,
    594.379353957963,
    594.379353957963,
    594.379353957963,
    594.379353957963,
    588.8166913638365,
    588.8166913638365,
    588.8166913638365,
    588.8166913638365,
    588.8166913638365,
    588.8166913638365,
    584.766061740729,
    584.766061740729,
    584.766061740729,
    584.766061740729,
    584.766061740729,
    584.766061740729,
    584.766061740729,
    584.766061740729,
    584.766061740729,
    584.766061740729,
    584.766061740729,
    584.766061740729,
    584.766061740729,
    584.766061740729,
    584.766061740729,
    584.766061740729,
    584.766061740729,
    584.766061740729,
    584.766061740729,
    584.766061740729,
    584.766061740729,
    584.766061740729,
    584.766061740729,
    584.766061740729,
    584.5195761125763,
    584.5195761125763,
    584.5195761125763,
    584.5195761125763,
    584.5195761125763,
    584.5195761125763,
    584.5195761125763,
    584.5195761125763,
    584.5195761125763,
    584.5195761125763,
    584.5195761125763,
    584.5195761125763,
    584.5195761125763,
    584.5195761125763,
    584.5195761125763,
    584.5195761125763,
    584.5195761125763,
    584.5195761125763,
    584.5195761125763,
    584.5195761125763,
    584.5195761125763,
    584.5195761125763,
    584.5195761125763,
    584.5195761125763,
    584.5195761125763
  ],
  "best_solution": {
    "id": "ga_gen0_3942",
    "instance_id": "synthetic_60c_300q_clustered5_s316884001",
    "algorithm": "drl_mid_ga",
    "routes": [
      {
        "vehicle_id": 0,
        "customer_sequence": [
          19,
          57,
          59,
          58,
          49,
          53,
          55,
          51,
          60,
          23,
          20,
          13,
          18,
          15
        ],
        "total_demand": 300,
        "total_distance": 133.78628230543126
      },
      {
        "vehicle_id": 1,
        "customer_sequence": [
          52,
          50,
          54,
          56,
          24,
          2,
          35,
          10,
          27,
          4,
          11,
          47,
          37,
          14,
          17
        ],
        "total_demand": 297,
        "total_distance": 230.76352759269355
      },
      {
        "vehicle_id": 2,
        "customer_sequence": [
          21,
          33,
          25,
          36,
          28,
          29,
          31,
          30,
          34,
          6,
          7,
          9,
          12,
          46,
          38
        ],
        "total_demand": 296,
        "total_distance": 201.21629408301615
      },
      {
        "vehicle_id": 3,
        "customer_sequence": [
          39,
          40,
          44,
          43,
          42,
          45,
          41,
          48,
          16,
          5,
          22,
          26,
          32,
          8,
          1,
          3
        ],
        "total_demand": 217,
        "total_distance": 241.26524533804528
      }
    ],
    "total_cost": 584.5195761125763,
    "computation_time": 0.0,
    "is_valid": true,
    "convergence_history": null
  }
}