{
  "instance_id": "synthetic_40c_120q_random_s434612283",
  "instance_name": "Synthetic Random",
  "instance_size": 40,
  "configuration": "drl_mid_ga",
  "agent_used": "mid",
  "replicate": 3,
  "seed": 1213111218,
  "initial_cost": 734.6670249668638,
  "final_cost": 638.4291164932138,
  "improvement_gap": 13.0995274325795,
  "total_time": 35.15552282333374,
  "initialization_time": 33.74721312522888,
  "evolution_time": 1.4083096981048584,
  "generations_run": 100,
  "generations_to_convergence": 38,
  "convergence_history": [
    734.6670249668638,
    734.6670249668638,
    734.6670249668638,
    734.6670249668638,
    734.6670249668638,
    734.6670249668638,
    734.6670249668638,
    734.6670249668638,
    734.6670249668638,
    734.6670249668638,
    734.6670249668638,
    734.6670249668638,
    734.6670249668638,
    734.6670249668638,
    734.6670249668638,
    734.6670249668638,
    727.0014020982131,
    727.0014020982131,
    727.0014020982131,
    727.0014020982131,
    727.0014020982131,
    727.0014020982131,
    725.9107424233091,
    725.9107424233091,
    725.9107424233091,
    686.1582272679098,
    685.0675675930056,
    685.0675675930056,
    685.0675675930056,
    685.0675675930056,
    685.0675675930056,
    685.0675675930056,
    657.812647438792,
    657.812647438792,
    657.812647438792,
    657.812647438792,
    655.0691468088653,
    641.1726171231405,
    638.4291164932138,
    638.4291164932138,
    638.4291164932138,
    638.4291164932138,
    638.4291164932138,
    638.4291164932138,
    638.4291164932138,
    638.4291164932138,
    638.4291164932138,
    638.4291164932138,
    638.4291164932138,
    638.4291164932138,
    638.4291164932138,
    638.4291164932138,
    638.4291164932138,
    638.4291164932138,
    638.4291164932138,
    638.4291164932138,
    638.4291164932138,
    638.4291164932138,
    638.4291164932138,
    638.4291164932138,
    638.4291164932138,
    638.4291164932138,
    638.4291164932138,
    638.4291164932138,
    638.4291164932138,
    638.4291164932138,
    638.4291164932138,
    638.4291164932138,
    638.4291164932138,
    638.4291164932138,
    638.4291164932138,
    638.4291164932138,
    638.4291164932138,
    638.4291164932138,
    638.4291164932138,
    638.4291164932138,
    638.4291164932138,
    638.4291164932138,
    638.4291164932138,
    638.4291164932138,
    638.4291164932138,
    638.4291164932138,
    638.4291164932138,
    638.4291164932138,
    638.4291164932138,
    638.4291164932138,
    638.4291164932138,
    638.4291164932138,
    638.4291164932138,
    638.4291164932138,
    638.4291164932138,
    638.4291164932138,
    638.4291164932138,
    638.4291164932138,
    638.4291164932138,
    638.4291164932138,
    638.4291164932138,
    638.4291164932138,
    638.4291164932138,
    638.4291164932138,
    638.4291164932138
  ],
  "best_solution": {
    "id": "ga_gen0_7253",
    "instance_id": "synthetic_40c_120q_random_s434612283",
    "algorithm": "drl_mid_ga",
    "routes": [
      {
        "vehicle_id": 0,
        "customer_sequence": [
          11,
          13,
          17,
          26,
          23,
          33
        ],
        "total_demand": 120,
        "total_distance": 125.64651808356538
      },
      {
        "vehicle_id": 1,
        "customer_sequence": [
          5,
          18,
          16,
          28,
          20,
          40,
          3
        ],
        "total_demand": 120,
        "total_distance": 184.88151843465502
      },
      {
        "vehicle_id": 2,
        "customer_sequence": [
          31,
          30,
          29,
          2,
          25,
          10,
          14,
          36
        ],
        "total_demand": 118,
        "total_distance": 140.31775070850782
      },
      {
        "vehicle_id": 3,
        "customer_sequence": [
          22,
          24,
          27,
          12,
          21,
          1,
          34,
          4
        ],
        "total_demand": 120,
        "total_distance": 163.67517585289744
      },
      {
        "vehicle_id": 4,
        "customer_sequence": [
          19,
          7,
          35,
          39,
          9,
          6
        ],
        "total_demand": 118,
        "total_distance": 256.07009057081484
      },
      {
        "vehicle_id": 5,
        "customer_sequence": [
          37,
          32,
          15,
          8,
          38
        ],
        "total_demand": 60,
        "total_distance": 158.54880934609054
      }
    ],
    "total_cost": 638.4291164932138,
    "computation_time": 0.0,
    "is_valid": true,
    "convergence_history": null
  }
}