{
  "instance_id": "synthetic_20c_60q_clustered4_s1418410062",
  "instance_name": "Synthetic Clustered",
  "instance_size": 20,
  "configuration": "drl_mid_ga",
  "agent_used": "mid",
  "replicate": 1,
  "seed": 840132433,
  "initial_cost": 283.3198090070589,
  "final_cost": 194.57783911445497,
  "improvement_gap": 31.32219035570256,
  "total_time": 11.552737474441528,
  "initialization_time": 11.1109619140625,
  "evolution_time": 0.4417755603790283,
  "generations_run": 100,
  "generations_to_convergence": 8,
  "convergence_history": [
    283.3198090070589,
    254.6419948851087,
    254.6419948851087,
    228.60591215902826,
    228.60591215902826,
    228.60591215902826,
    228.60591215902826,
    228.60591215902826,
    194.57783911445497,
    194.57783911445497,
    194.57783911445497,
    194.57783911445497,
    194.57783911445497,
    194.57783911445497,
    194.57783911445497,
    194.57783911445497,
    194.57783911445497,
    194.57783911445497,
    194.57783911445497,
    194.57783911445497,
    194.57783911445497,
    194.57783911445497,
    194.57783911445497,
    194.57783911445497,
    194.57783911445497,
    194.57783911445497,
    194.57783911445497,
    194.57783911445497,
    194.57783911445497,
    194.57783911445497,
    194.57783911445497,
    194.57783911445497,
    194.57783911445497,
    194.57783911445497,
    194.57783911445497,
    194.57783911445497,
    194.57783911445497,
    194.57783911445497,
    194.57783911445497,
    194.57783911445497,
    194.57783911445497,
    194.57783911445497,
    194.57783911445497,
    194.57783911445497,
    194.57783911445497,
    194.57783911445497,
    194.57783911445497,
    194.57783911445497,
    194.57783911445497,
    194.57783911445497,
    194.57783911445497,
    194.57783911445497,
    194.57783911445497,
    194.57783911445497,
    194.57783911445497,
    194.57783911445497,
    194.57783911445497,
    194.57783911445497,
    194.57783911445497,
    194.57783911445497,
    194.57783911445497,
    194.57783911445497,
    194.57783911445497,
    194.57783911445497,
    194.57783911445497,
    194.57783911445497,
    194.57783911445497,
    194.57783911445497,
    194.57783911445497,
    194.57783911445497,
    194.57783911445497,
    194.57783911445497,
    194.57783911445497,
    194.57783911445497,
    194.57783911445497,
    194.57783911445497,
    194.57783911445497,
    194.57783911445497,
    194.57783911445497,
    194.57783911445497,
    194.57783911445497,
    194.57783911445497,
    194.57783911445497,
    194.57783911445497,
    194.57783911445497,
    194.57783911445497,
    194.57783911445497,
    194.57783911445497,
    194.57783911445497,
    194.57783911445497,
    194.57783911445497,
    194.57783911445497,
    194.57783911445497,
    194.57783911445497,
    194.57783911445497,
    194.57783911445497,
    194.57783911445497,
    194.57783911445497,
    194.57783911445497,
    194.57783911445497,
    194.57783911445497
  ],
  "best_solution": {
    "id": "ga_gen0_1118",
    "instance_id": "synthetic_20c_60q_clustered4_s1418410062",
    "algorithm": "drl_mid_ga",
    "routes": [
      {
        "vehicle_id": 0,
        "customer_sequence": [
          15,
          7,
          19
        ],
        "total_demand": 42,
        "total_distance": 143.50928918182566
      },
      {
        "vehicle_id": 1,
        "customer_sequence": [
          12,
          6
        ],
        "total_demand": 51,
        "total_distance": 75.21643431508349
      },
      {
        "vehicle_id": 2,
        "customer_sequence": [
          14,
          11
        ],
        "total_demand": 34,
        "total_distance": 106.02595751001914
      },
      {
        "vehicle_id": 3,
        "customer_sequence": [
          3,
          17
        ],
        "total_demand": 55,
        "total_distance": 83.24655299253698
      },
      {
        "vehicle_id": 4,
        "customer_sequence": [
          10,
          8,
          9
        ],
        "total_demand": 54,
        "total_distance": 82.99216173020238
      },
      {
        "vehicle_id": 5,
        "customer_sequence": [
          18,
          16,
          5
        ],
        "total_demand": 51,
        "total_distance": 119.07904077682939
      },
      {
        "vehicle_id": 6,
        "customer_sequence": [
          4,
          1,
          2
        ],
        "total_demand": 45,
        "total_distance": 88.48340279042036
      },
      {
        "vehicle_id": 7,
        "customer_sequence": [
          20,
          13
        ],
        "total_demand": 54,
        "total_distance": 67.50127812937748
      }
    ],
    "total_cost": 194.57783911445497,
    "computation_time": 0.0,
    "is_valid": true,
    "convergence_history": null
  }
}