{
  "instance_id": "synthetic_20c_60q_random_s1706379186",
  "instance_name": "Synthetic Random",
  "instance_size": 20,
  "configuration": "drl_mid_ga",
  "agent_used": "mid",
  "replicate": 1,
  "seed": 154899094,
  "initial_cost": 379.1243917110905,
  "final_cost": 316.3914663046132,
  "improvement_gap": 16.546792234429105,
  "total_time": 10.901594877243042,
  "initialization_time": 10.500789403915405,
  "evolution_time": 0.4008054733276367,
  "generations_run": 100,
  "generations_to_convergence": 24,
  "convergence_history": [
    379.1243917110905,
    379.1243917110905,
    379.1243917110905,
    346.9983700931837,
    346.9983700931837,
    346.9983700931837,
    346.9983700931837,
    346.9983700931837,
    333.77083456422645,
    333.77083456422645,
    333.77083456422645,
    323.0124551852935,
    323.0124551852935,
    322.6750763123994,
    322.6750763123994,
    322.6750763123994,
    322.6750763123994,
    322.6750763123994,
    322.6750763123994,
    322.6750763123994,
    322.6750763123994,
    322.6750763123994,
    322.6750763123994,
    322.6750763123994,
    316.3914663046132,
    316.3914663046132,
    316.3914663046132,
    316.3914663046132,
    316.3914663046132,
    316.3914663046132,
    316.3914663046132,
    316.3914663046132,
    316.3914663046132,
    316.3914663046132,
    316.3914663046132,
    316.3914663046132,
    316.3914663046132,
    316.3914663046132,
    316.3914663046132,
    316.3914663046132,
    316.3914663046132,
    316.3914663046132,
    316.3914663046132,
    316.3914663046132,
    316.3914663046132,
    316.3914663046132,
    316.3914663046132,
    316.3914663046132,
    316.3914663046132,
    316.3914663046132,
    316.3914663046132,
    316.3914663046132,
    316.3914663046132,
    316.3914663046132,
    316.3914663046132,
    316.3914663046132,
    316.3914663046132,
    316.3914663046132,
    316.3914663046132,
    316.3914663046132,
    316.3914663046132,
    316.3914663046132,
    316.3914663046132,
    316.3914663046132,
    316.3914663046132,
    316.3914663046132,
    316.3914663046132,
    316.3914663046132,
    316.3914663046132,
    316.3914663046132,
    316.3914663046132,
    316.3914663046132,
    316.3914663046132,
    316.3914663046132,
    316.3914663046132,
    316.3914663046132,
    316.3914663046132,
    316.3914663046132,
    316.3914663046132,
    316.3914663046132,
    316.3914663046132,
    316.3914663046132,
    316.3914663046132,
    316.3914663046132,
    316.3914663046132,
    316.3914663046132,
    316.3914663046132,
    316.3914663046132,
    316.3914663046132,
    316.3914663046132,
    316.3914663046132,
    316.3914663046132,
    316.3914663046132,
    316.3914663046132,
    316.3914663046132,
    316.3914663046132,
    316.3914663046132,
    316.3914663046132,
    316.3914663046132,
    316.3914663046132,
    316.3914663046132
  ],
  "best_solution": {
    "id": "ga_gen0_8371",
    "instance_id": "synthetic_20c_60q_random_s1706379186",
    "algorithm": "drl_mid_ga",
    "routes": [
      {
        "vehicle_id": 0,
        "customer_sequence": [
          13,
          20,
          7
        ],
        "total_demand": 58,
        "total_distance": 119.74316428219399
      },
      {
        "vehicle_id": 1,
        "customer_sequence": [
          1,
          2
        ],
        "total_demand": 56,
        "total_distance": 98.27710840775836
      },
      {
        "vehicle_id": 2,
        "customer_sequence": [
          17,
          6,
          11,
          5,
          14
        ],
        "total_demand": 60,
        "total_distance": 171.49061678264468
      },
      {
        "vehicle_id": 3,
        "customer_sequence": [
          15,
          3
        ],
        "total_demand": 55,
        "total_distance": 123.59574559998921
      },
      {
        "vehicle_id": 4,
        "customer_sequence": [
          9,
          16,
          12,
          19
        ],
        "total_demand": 56,
        "total_distance": 144.9934804731652
      },
      {
        "vehicle_id": 5,
        "customer_sequence": [
          18,
          10,
          4
        ],
        "total_demand": 52,
        "total_distance": 179.71956971012042
      },
      {
        "vehicle_id": 6,
        "customer_sequence": [
          8
        ],
        "total_demand": 12,
        "total_distance": 86.19043722323029
      }
    ],
    "total_cost": 316.3914663046132,
    "computation_time": 0.0,
    "is_valid": true,
    "convergence_history": null
  }
}