{
  "instance_id": "synthetic_140c_490q_clustered6_s1599123032",
  "instance_name": "Synthetic Clustered",
  "instance_size": 140,
  "configuration": "drl_mid_ga",
  "agent_used": "mid",
  "replicate": 2,
  "seed": 1188838641,
  "initial_cost": 1665.4566205863812,
  "final_cost": 1478.496447679942,
  "improvement_gap": 11.225760586944219,
  "total_time": 352.6826994419098,
  "initialization_time": 331.8776605129242,
  "evolution_time": 20.805038928985596,
  "generations_run": 100,
  "generations_to_convergence": null,
  "convergence_history": [
    1665.4566205863812,
    1665.4566205863812,
    1665.4566205863812,
    1665.4566205863812,
    1665.4566205863812,
    1665.4566205863812,
    1655.1731026606724,
    1655.1731026606724,
    1649.7658045231956,
    1619.9472907613354,
    1602.8925206069512,
    1602.8925206069512,
    1593.0817444969402,
    1593.0817444969402,
    1590.5262503645756,
    1590.5262503645756,
    1584.6528763772262,
    1584.6528763772262,
    1584.6528763772262,
    1584.6528763772262,
    1563.1733250764426,
    1563.1733250764426,
    1563.1733250764426,
    1561.8104368018332,
    1555.9250636982408,
    1555.9250636982408,
    1554.5621754236315,
    1553.6160245112512,
    1553.6160245112512,
    1553.6160245112512,
    1552.253136236642,
    1547.3463376618595,
    1547.3463376618595,
    1545.9834493872502,
    1537.3869659636214,
    1537.2588339186184,
    1536.8648904795562,
    1535.5020022049468,
    1535.5020022049468,
    1535.3738701599434,
    1535.3738701599434,
    1535.3738701599434,
    1535.0603513853655,
    1535.0603513853655,
    1535.0603513853655,
    1530.6725216925058,
    1530.6725216925058,
    1530.6725216925058,
    1530.5443896475024,
    1530.5443896475024,
    1530.5443896475024,
    1526.3370142305323,
    1526.3370142305323,
    1526.2088821855289,
    1526.2088821855289,
    1523.4786063559657,
    1523.4786063559657,
    1523.4786063559657,
    1523.0392552049473,
    1521.4238653291293,
    1521.2289007707552,
    1521.2289007707552,
    1521.2289007707552,
    1521.2289007707552,
    1521.2289007707552,
    1521.2289007707552,
    1520.309091132717,
    1518.8485208941827,
    1517.9287112561444,
    1515.027514121455,
    1515.027514121455,
    1515.027514121455,
    1512.6471342448824,
    1511.713025926054,
    1509.3326460494814,
    1509.3326460494814,
    1507.2366675436735,
    1507.2366675436735,
    1507.2366675436735,
    1507.2366675436735,
    1507.2366675436735,
    1507.2366675436735,
    1507.2366675436735,
    1507.2366675436735,
    1507.2366675436735,
    1507.2366675436735,
    1507.2366675436735,
    1501.9769636588,
    1501.9769636588,
    1501.779071273676,
    1501.779071273676,
    1497.823661539158,
    1497.823661539158,
    1497.823661539158,
    1484.6666929099736,
    1484.6666929099736,
    1484.6666929099736,
    1484.6666929099736,
    1484.0463916418284,
    1484.0463916418284,
    1478.496447679942
  ],
  "best_solution": {
    "id": "ga_gen0_5049",
    "instance_id": "synthetic_140c_490q_clustered6_s1599123032",
    "algorithm": "drl_mid_ga",
    "routes": [
      {
        "vehicle_id": 0,
        "customer_sequence": [
          138,
          109,
          135,
          116,
          95,
          108,
          113,
          104,
          96,
          98,
          122,
          111,
          107,
          131,
          100,
          8,
          129,
          10,
          32,
          28,
          29,
          39,
          19
        ],
        "total_demand": 486,
        "total_distance": 238.48964400954588
      },
      {
        "vehicle_id": 1,
        "customer_sequence": [
          134,
          57,
          124,
          33,
          42,
          121,
          71,
          65,
          82,
          86,
          81,
          97,
          136,
          102,
          99,
          47,
          123,
          125,
          40,
          38,
          24,
          46,
          34,
          17,
          5
        ],
        "total_demand": 488,
        "total_distance": 294.2607849899168
      },
      {
        "vehicle_id": 2,
        "customer_sequence": [
          119,
          128,
          44,
          43,
          35,
          25,
          117,
          26,
          137,
          31,
          45,
          27,
          30,
          41,
          37,
          140,
          36,
          6,
          12,
          80,
          77,
          67,
          56,
          75,
          92,
          69
        ],
        "total_demand": 488,
        "total_distance": 273.6126450934961
      },
      {
        "vehicle_id": 3,
        "customer_sequence": [
          88,
          60,
          53,
          54,
          74,
          52,
          85,
          89,
          90,
          62,
          55,
          48,
          130,
          9,
          127,
          2,
          18,
          51,
          50,
          72,
          58,
          49,
          118,
          105,
          94,
          120,
          132,
          114,
          112,
          21,
          23
        ],
        "total_demand": 474,
        "total_distance": 397.9301800127469
      },
      {
        "vehicle_id": 4,
        "customer_sequence": [
          83,
          66,
          61,
          78,
          84,
          15,
          3,
          101,
          103,
          91,
          63,
          76,
          87,
          79,
          93,
          110,
          115,
          133,
          106,
          64,
          70,
          68,
          126,
          13,
          7,
          139,
          20,
          14,
          1,
          4,
          22,
          11,
          16
        ],
        "total_demand": 473,
        "total_distance": 521.5764875354349
      },
      {
        "vehicle_id": 5,
        "customer_sequence": [
          59,
          73
        ],
        "total_demand": 32,
        "total_distance": 108.6645583260132
      }
    ],
    "total_cost": 1478.496447679942,
    "computation_time": 0.0,
    "is_valid": true,
    "convergence_history": null
  }
}