{
  "instance_id": "synthetic_50c_150q_random_s1989569460",
  "instance_name": "Synthetic Random",
  "instance_size": 50,
  "configuration": "drl_mid_ga",
  "agent_used": "mid",
  "replicate": 5,
  "seed": 817334993,
  "initial_cost": 782.5204077383037,
  "final_cost": 605.2531631274553,
  "improvement_gap": 22.653370168734487,
  "total_time": 51.409120082855225,
  "initialization_time": 49.144126415252686,
  "evolution_time": 2.264993667602539,
  "generations_run": 100,
  "generations_to_convergence": null,
  "convergence_history": [
    782.5204077383037,
    782.5204077383037,
    782.5204077383037,
    770.3034582224697,
    770.3034582224697,
    770.3034582224697,
    741.2496296182942,
    728.0102907226546,
    693.9739923797765,
    690.4745653989053,
    690.4745653989053,
    690.4745653989053,
    690.1516498672283,
    687.8141386275851,
    687.4912230959081,
    687.4912230959081,
    683.510917856871,
    683.510917856871,
    680.8504910855506,
    680.8504910855506,
    680.8504910855506,
    680.8504910855506,
    680.8504910855506,
    680.3017083794701,
    676.0580334284223,
    676.0580334284223,
    676.0580334284223,
    673.1768146440658,
    668.8879201963214,
    668.3843569869373,
    666.47250518047,
    661.2142437548364,
    661.2142437548364,
    661.2142437548364,
    661.2142437548364,
    661.2142437548364,
    661.2142437548364,
    657.6854404583884,
    656.6092961709267,
    656.6092961709267,
    656.6092961709267,
    654.7789540517201,
    654.7789540517201,
    654.7789540517201,
    653.3014891426759,
    653.3014891426759,
    653.3014891426759,
    653.3014891426759,
    653.3014891426759,
    653.3014891426759,
    653.3014891426759,
    652.5089517944577,
    652.5089517944577,
    652.5089517944577,
    652.5089517944577,
    652.5089517944577,
    652.5089517944577,
    652.5089517944577,
    652.5089517944577,
    652.5089517944577,
    652.5089517944577,
    652.5089517944577,
    646.1690941616424,
    646.1690941616424,
    646.1690941616424,
    646.1690941616424,
    646.1690941616424,
    646.1690941616424,
    646.1690941616424,
    646.1690941616424,
    646.1690941616424,
    646.1690941616424,
    646.1690941616424,
    646.1690941616424,
    646.1690941616424,
    614.1843336183135,
    612.971681659617,
    612.971681659617,
    612.9133915892015,
    612.9133915892015,
    609.6054345205877,
    609.6054345205877,
    609.6054345205877,
    609.6054345205877,
    609.6054345205877,
    609.6054345205877,
    609.6054345205877,
    609.6054345205877,
    609.6054345205877,
    609.6054345205877,
    609.6054345205877,
    609.0566518145073,
    609.0566518145073,
    605.2531631274553,
    605.2531631274553,
    605.2531631274553,
    605.2531631274553,
    605.2531631274553,
    605.2531631274553,
    605.2531631274553,
    605.2531631274553
  ],
  "best_solution": {
    "id": "ga_gen0_7907",
    "instance_id": "synthetic_50c_150q_random_s1989569460",
    "algorithm": "drl_mid_ga",
    "routes": [
      {
        "vehicle_id": 0,
        "customer_sequence": [
          45,
          1,
          10,
          19,
          30,
          36,
          6,
          12,
          42
        ],
        "total_demand": 148,
        "total_distance": 175.2566376103931
      },
      {
        "vehicle_id": 1,
        "customer_sequence": [
          25,
          28,
          31,
          49,
          13,
          22,
          39,
          27,
          21,
          9,
          46
        ],
        "total_demand": 142,
        "total_distance": 225.568431817138
      },
      {
        "vehicle_id": 2,
        "customer_sequence": [
          48,
          29,
          17,
          38,
          33,
          47,
          8,
          3,
          35
        ],
        "total_demand": 140,
        "total_distance": 203.9787539629335
      },
      {
        "vehicle_id": 3,
        "customer_sequence": [
          37,
          24,
          14,
          43,
          34,
          41,
          15,
          18,
          50
        ],
        "total_demand": 148,
        "total_distance": 207.68710784704174
      },
      {
        "vehicle_id": 4,
        "customer_sequence": [
          40,
          23,
          4,
          11,
          2,
          26,
          16,
          7,
          44,
          32,
          20
        ],
        "total_demand": 149,
        "total_distance": 191.14039370258806
      },
      {
        "vehicle_id": 5,
        "customer_sequence": [
          5
        ],
        "total_demand": 17,
        "total_distance": 79.48041357974338
      }
    ],
    "total_cost": 605.2531631274553,
    "computation_time": 0.0,
    "is_valid": true,
    "convergence_history": null
  }
}