{
  "instance_id": "synthetic_110c_481q_random_s1543721749",
  "instance_name": "Synthetic Random",
  "instance_size": 110,
  "configuration": "drl_mid_ga",
  "agent_used": "mid",
  "replicate": 1,
  "seed": 1077114756,
  "initial_cost": 2054.6807736971414,
  "final_cost": 1492.9999489273487,
  "improvement_gap": 27.336646741436056,
  "total_time": 221.76403522491455,
  "initialization_time": 208.6046302318573,
  "evolution_time": 13.159404993057251,
  "generations_run": 100,
  "generations_to_convergence": null,
  "convergence_history": [
    2054.6807736971414,
    2054.6807736971414,
    2054.6807736971414,
    2038.177123082702,
    2038.177123082702,
    2029.3606314108392,
    2018.8196691212584,
    2010.5119389470874,
    2010.5119389470874,
    2010.5119389470874,
    2009.9189598325224,
    1999.4298258038489,
    1998.8368466892844,
    1993.9060750527165,
    1993.3130959381517,
    1978.224709287506,
    1978.224709287506,
    1913.088208277531,
    1912.9198718742357,
    1881.8528803342442,
    1860.1363752642844,
    1846.483301254066,
    1800.9103294180416,
    1787.257255407823,
    1787.257255407823,
    1777.985054862217,
    1776.8385729073734,
    1776.8385729073734,
    1774.6596336506625,
    1729.2177371828789,
    1729.2177371828789,
    1729.2177371828789,
    1716.1262437543426,
    1716.1262437543426,
    1641.9024786881816,
    1641.9024786881816,
    1641.9024786881816,
    1641.9024786881816,
    1641.9024786881816,
    1641.9024786881816,
    1641.9024786881816,
    1641.9024786881816,
    1641.9024786881816,
    1641.9024786881816,
    1636.0248540084385,
    1636.0248540084385,
    1636.0248540084385,
    1636.0248540084385,
    1636.0248540084385,
    1635.5829982060375,
    1635.5829982060375,
    1635.5829982060375,
    1635.5829982060375,
    1635.5829982060375,
    1628.0979789924472,
    1628.0979789924472,
    1624.028824681546,
    1622.6247566349318,
    1617.5068902346752,
    1617.5068902346752,
    1617.5068902346752,
    1617.5068902346752,
    1612.3757236951792,
    1591.3645682896195,
    1591.3104068422601,
    1586.2334017501234,
    1586.2334017501234,
    1586.2334017501234,
    1586.1792403027641,
    1586.1792403027641,
    1586.1792403027641,
    1586.1792403027641,
    1586.1792403027641,
    1586.1792403027641,
    1585.3886454267104,
    1585.3886454267104,
    1585.3886454267104,
    1585.3886454267104,
    1555.4453258630865,
    1555.4453258630865,
    1555.4453258630865,
    1555.4453258630865,
    1553.2483164923026,
    1553.2483164923026,
    1553.2483164923026,
    1552.1695452378754,
    1541.512664341584,
    1541.512664341584,
    1541.512664341584,
    1535.2775173254752,
    1535.2775173254752,
    1506.5118353341536,
    1506.5118353341536,
    1495.6853888075154,
    1495.6853888075154,
    1494.776183183435,
    1494.0138615223314,
    1494.0138615223314,
    1494.0138615223314,
    1493.104655898251,
    1492.9999489273487
  ],
  "best_solution": {
    "id": "ga_gen0_2350",
    "instance_id": "synthetic_110c_481q_random_s1543721749",
    "algorithm": "drl_mid_ga",
    "routes": [
      {
        "vehicle_id": 0,
        "customer_sequence": [
          67,
          106,
          65,
          53,
          28,
          89,
          71,
          72,
          94,
          8,
          30,
          91,
          42,
          41,
          77,
          3,
          97,
          34,
          56,
          11,
          27,
          62,
          85,
          46,
          54,
          88,
          108
        ],
        "total_demand": 481,
        "total_distance": 584.7136832531265
      },
      {
        "vehicle_id": 1,
        "customer_sequence": [
          57,
          81,
          104,
          17,
          31,
          55,
          26,
          59,
          84,
          99,
          9,
          73,
          60,
          21,
          48,
          23,
          109,
          18,
          105,
          16,
          19,
          98,
          87,
          58,
          70,
          24,
          76
        ],
        "total_demand": 481,
        "total_distance": 300.4878869011637
      },
      {
        "vehicle_id": 2,
        "customer_sequence": [
          90,
          14,
          47,
          32,
          82,
          68,
          66,
          36,
          79,
          83,
          100,
          1,
          12,
          75,
          51,
          35,
          96,
          6,
          43,
          69,
          86,
          10,
          80,
          38,
          37,
          45,
          33,
          74,
          20
        ],
        "total_demand": 478,
        "total_distance": 475.38828739667974
      },
      {
        "vehicle_id": 3,
        "customer_sequence": [
          63,
          29,
          52,
          7,
          13,
          101,
          2,
          61,
          103,
          22,
          40,
          102,
          4,
          95,
          78,
          64,
          25,
          5,
          92,
          110,
          44,
          15,
          107,
          50,
          39,
          93,
          49
        ],
        "total_demand": 444,
        "total_distance": 350.99377582616313
      }
    ],
    "total_cost": 1492.9999489273487,
    "computation_time": 0.0,
    "is_valid": true,
    "convergence_history": null
  }
}