{
  "instance_id": "synthetic_100c_300q_random_s65293674",
  "instance_name": "Synthetic Random",
  "instance_size": 100,
  "configuration": "drl_mid_ga",
  "agent_used": "mid",
  "replicate": 5,
  "seed": 1200362223,
  "initial_cost": 1903.5314896004975,
  "final_cost": 1556.4899316518133,
  "improvement_gap": 18.231458730505125,
  "total_time": 173.26070833206177,
  "initialization_time": 162.68727493286133,
  "evolution_time": 10.57343339920044,
  "generations_run": 100,
  "generations_to_convergence": null,
  "convergence_history": [
    1903.5314896004975,
    1903.5314896004975,
    1903.5314896004975,
    1892.6083544953822,
    1892.6083544953822,
    1892.6083544953822,
    1886.3132155826881,
    1875.6090392354135,
    1851.0998735651406,
    1851.0998735651406,
    1851.0998735651406,
    1835.8134815866972,
    1801.8576563033614,
    1801.8576563033614,
    1801.8576563033614,
    1777.5028281040468,
    1770.1557744202703,
    1770.1557744202703,
    1770.1557744202703,
    1770.1557744202703,
    1753.9906846405972,
    1746.6436309568207,
    1746.6436309568207,
    1746.6436309568207,
    1746.6436309568207,
    1746.3684887567067,
    1739.0214350729304,
    1729.8225684444712,
    1729.8225684444712,
    1729.8225684444712,
    1729.4638678078707,
    1729.4638678078707,
    1728.9645996675283,
    1728.9645996675283,
    1728.6058990309277,
    1719.56351273871,
    1718.705543961767,
    1718.705543961767,
    1708.348939141215,
    1708.348939141215,
    1695.818880789276,
    1695.818880789276,
    1684.604307191781,
    1684.604307191781,
    1683.6067197950556,
    1683.6067197950556,
    1682.7487510181127,
    1682.7487510181127,
    1682.7487510181127,
    1682.7487510181127,
    1682.7487510181127,
    1682.7487510181127,
    1682.7487510181127,
    1681.3878401303475,
    1681.3878401303475,
    1680.139183353672,
    1680.139183353672,
    1678.9855746169526,
    1670.2410704662434,
    1670.2410704662434,
    1663.4034915679908,
    1663.4034915679908,
    1654.6589874172817,
    1648.3495939306233,
    1648.3495939306233,
    1638.5621937711494,
    1638.5621937711494,
    1632.252800284491,
    1632.252800284491,
    1625.1510244402373,
    1625.1510244402373,
    1623.1285615721372,
    1622.5620312208334,
    1620.3355446310645,
    1613.4377925084796,
    1610.6447755674071,
    1610.6447755674071,
    1610.6447755674071,
    1609.231712555406,
    1609.231712555406,
    1609.231712555406,
    1609.231712555406,
    1609.231712555406,
    1609.231712555406,
    1608.0100611971236,
    1608.0100611971236,
    1608.0100611971236,
    1590.245177748221,
    1590.245177748221,
    1590.245177748221,
    1590.245177748221,
    1587.3115843639202,
    1587.3115843639202,
    1587.3115843639202,
    1587.3115843639202,
    1587.3115843639202,
    1581.016445451226,
    1581.016445451226,
    1556.4899316518133,
    1556.4899316518133,
    1556.4899316518133
  ],
  "best_solution": {
    "id": "ga_gen0_4195",
    "instance_id": "synthetic_100c_300q_random_s65293674",
    "algorithm": "drl_mid_ga",
    "routes": [
      {
        "vehicle_id": 0,
        "customer_sequence": [
          48,
          55,
          15,
          72,
          64,
          18,
          75,
          11,
          20,
          62,
          43,
          85,
          67,
          49,
          4
        ],
        "total_demand": 300,
        "total_distance": 295.747773737134
      },
      {
        "vehicle_id": 1,
        "customer_sequence": [
          69,
          19,
          14,
          81,
          16,
          57,
          78,
          52,
          42,
          93,
          95,
          23,
          12,
          24,
          89
        ],
        "total_demand": 287,
        "total_distance": 162.69332095266037
      },
      {
        "vehicle_id": 2,
        "customer_sequence": [
          56,
          5,
          77,
          60,
          3,
          74,
          29,
          66,
          10,
          13,
          31,
          71,
          63,
          94,
          90,
          44
        ],
        "total_demand": 283,
        "total_distance": 422.44461894759877
      },
      {
        "vehicle_id": 3,
        "customer_sequence": [
          40,
          34,
          2,
          35,
          22,
          36,
          83,
          88,
          30,
          96,
          97,
          80,
          58,
          86,
          79,
          54,
          17
        ],
        "total_demand": 300,
        "total_distance": 285.8576576606542
      },
      {
        "vehicle_id": 4,
        "customer_sequence": [
          7,
          87,
          91,
          76,
          50,
          26,
          39,
          98,
          47,
          65,
          37,
          41,
          100,
          25,
          82,
          32,
          45,
          61,
          59
        ],
        "total_demand": 298,
        "total_distance": 427.16618006149326
      },
      {
        "vehicle_id": 5,
        "customer_sequence": [
          21,
          68,
          38,
          1,
          51,
          8,
          92,
          33,
          28,
          99,
          9,
          70,
          27,
          73,
          46
        ],
        "total_demand": 284,
        "total_distance": 305.21384404154014
      },
      {
        "vehicle_id": 6,
        "customer_sequence": [
          6,
          84,
          53
        ],
        "total_demand": 46,
        "total_distance": 136.85572588732623
      }
    ],
    "total_cost": 1556.4899316518133,
    "computation_time": 0.0,
    "is_valid": true,
    "convergence_history": null
  }
}