{
  "instance_id": "synthetic_110c_481q_clustered6_s1227734037",
  "instance_name": "Synthetic Clustered",
  "instance_size": 110,
  "configuration": "drl_mid_ga",
  "agent_used": "mid",
  "replicate": 4,
  "seed": 157334858,
  "initial_cost": 1207.0772173698547,
  "final_cost": 987.8130116325544,
  "improvement_gap": 18.16488643659957,
  "total_time": 214.7041299343109,
  "initialization_time": 201.8920075893402,
  "evolution_time": 12.812122344970703,
  "generations_run": 100,
  "generations_to_convergence": null,
  "convergence_history": [
    1207.0772173698547,
    1207.0772173698547,
    1207.0772173698547,
    1166.7499744937447,
    1166.7499744937447,
    1166.7499744937447,
    1165.0065823617788,
    1165.0065823617788,
    1165.0065823617788,
    1165.0065823617788,
    1154.1924982364517,
    1154.1924982364517,
    1153.6166869846224,
    1153.6166869846224,
    1150.6359581280826,
    1150.6359581280826,
    1150.0601468762534,
    1150.0601468762534,
    1147.4186912057135,
    1140.0414703635502,
    1140.0414703635502,
    1140.0414703635502,
    1140.0414703635502,
    1136.820697339539,
    1136.820697339539,
    1136.820697339539,
    1125.6195128298345,
    1125.6195128298345,
    1125.6195128298345,
    1125.508388700334,
    1122.6135846971424,
    1114.8671988643475,
    1114.8671988643475,
    1114.8671988643475,
    1112.5469048581524,
    1111.9723948611556,
    1111.9723948611556,
    1109.296856176657,
    1109.296856176657,
    1109.296856176657,
    1104.0677170250383,
    1104.0677170250383,
    1091.55396412165,
    1086.3248249700316,
    1086.3248249700316,
    1077.6010143149965,
    1077.6010143149965,
    1077.6010143149965,
    1077.6010143149965,
    1077.6010143149965,
    1077.6010143149965,
    1073.4241548415853,
    1073.4241548415853,
    1072.8765025500097,
    1072.6899030828213,
    1072.6899030828213,
    1072.6899030828213,
    1071.5060323830398,
    1066.1550114339989,
    1053.9812401868967,
    1053.9812401868967,
    1048.9025877329007,
    1048.9025877329007,
    1030.0073253697878,
    1030.0073253697878,
    1029.459673078212,
    1027.1049292111315,
    1027.1049292111315,
    1027.1049292111315,
    1027.1049292111315,
    1027.1049292111315,
    1027.1049292111315,
    1027.1049292111315,
    1027.1049292111315,
    1027.1049292111315,
    1027.1049292111315,
    1027.1049292111315,
    1027.1049292111315,
    1027.1049292111315,
    1027.1049292111315,
    1019.7266748384632,
    1019.7266748384632,
    1019.7266748384632,
    1019.7266748384632,
    1019.7266748384632,
    1019.7266748384632,
    1019.7266748384632,
    1019.7266748384632,
    1019.7266748384632,
    1019.7266748384632,
    1019.7266748384632,
    1019.7266748384632,
    1019.7266748384632,
    1019.7266748384632,
    1019.5711443692203,
    1019.5711443692203,
    1019.5711443692203,
    1019.5711443692203,
    995.249287971724,
    995.249287971724,
    987.8130116325544
  ],
  "best_solution": {
    "id": "ga_gen0_8441",
    "instance_id": "synthetic_110c_481q_clustered6_s1227734037",
    "algorithm": "drl_mid_ga",
    "routes": [
      {
        "vehicle_id": 0,
        "customer_sequence": [
          29,
          12,
          10,
          1,
          110,
          2,
          34,
          100,
          23,
          47,
          46,
          79,
          27,
          52,
          49,
          20,
          104,
          28,
          43,
          32,
          102,
          109,
          17,
          57
        ],
        "total_demand": 476,
        "total_distance": 283.3378599504116
      },
      {
        "vehicle_id": 1,
        "customer_sequence": [
          69,
          55,
          81,
          68,
          63,
          13,
          6,
          7,
          16,
          14,
          3,
          8,
          9,
          21,
          75,
          87,
          50,
          73,
          86,
          74,
          85,
          38,
          90,
          89,
          45,
          88,
          36,
          5
        ],
        "total_demand": 480,
        "total_distance": 218.53874440318748
      },
      {
        "vehicle_id": 2,
        "customer_sequence": [
          42,
          40,
          99,
          98,
          92,
          97,
          96,
          107,
          106,
          91,
          94,
          26,
          93,
          105,
          108,
          103,
          101,
          31,
          19,
          78,
          30,
          95,
          22,
          24,
          44,
          77,
          56,
          11,
          4,
          15,
          64,
          70
        ],
        "total_demand": 477,
        "total_distance": 349.5394835837193
      },
      {
        "vehicle_id": 3,
        "customer_sequence": [
          61,
          35,
          41,
          33,
          51,
          39,
          25,
          62,
          53,
          54,
          84,
          83,
          80,
          37,
          18,
          72,
          71,
          67,
          59,
          65,
          60,
          58,
          48,
          66,
          82,
          76
        ],
        "total_demand": 425,
        "total_distance": 311.97927041834595
      }
    ],
    "total_cost": 987.8130116325544,
    "computation_time": 0.0,
    "is_valid": true,
    "convergence_history": null
  }
}