{
  "instance_id": "synthetic_50c_150q_random_s2054244932",
  "instance_name": "Synthetic Random",
  "instance_size": 50,
  "configuration": "drl_mid_ga",
  "agent_used": "mid",
  "replicate": 3,
  "seed": 1356044199,
  "initial_cost": 1025.7125490064282,
  "final_cost": 729.3678691607984,
  "improvement_gap": 28.891591521687875,
  "total_time": 52.05461120605469,
  "initialization_time": 49.78045916557312,
  "evolution_time": 2.2741520404815674,
  "generations_run": 100,
  "generations_to_convergence": 62,
  "convergence_history": [
    1025.7125490064282,
    1025.7125490064282,
    960.5388029802309,
    960.5388029802309,
    960.5388029802309,
    959.1444833194053,
    959.1444833194053,
    959.1444833194053,
    950.2703973059843,
    879.8436730561691,
    879.8436730561691,
    810.9751903306039,
    810.9751903306039,
    810.9751903306039,
    810.9751903306039,
    810.9751903306039,
    810.5260047840392,
    809.787318370088,
    802.9813795427152,
    799.5189126958415,
    799.5189126958415,
    799.5189126958415,
    799.5189126958415,
    783.0508992504018,
    783.0508992504018,
    783.0508992504018,
    774.4428951923753,
    769.2286118546059,
    769.2286118546059,
    749.8772445912667,
    746.6769581661422,
    746.6769581661422,
    746.6769581661422,
    746.6769581661422,
    746.6769581661422,
    746.6769581661422,
    742.209900672239,
    742.209900672239,
    742.209900672239,
    742.209900672239,
    742.209900672239,
    742.209900672239,
    742.209900672239,
    742.209900672239,
    742.209900672239,
    742.209900672239,
    742.209900672239,
    742.209900672239,
    739.8061715091194,
    739.8061715091194,
    739.8061715091194,
    739.8061715091194,
    739.8061715091194,
    739.8061715091194,
    739.8061715091194,
    739.8061715091194,
    739.8061715091194,
    739.8061715091194,
    735.4356452490937,
    735.4356452490937,
    735.4356452490937,
    733.8092273937818,
    731.045132746069,
    731.045132746069,
    731.045132746069,
    731.045132746069,
    731.045132746069,
    731.045132746069,
    731.045132746069,
    731.045132746069,
    731.045132746069,
    731.045132746069,
    731.045132746069,
    731.045132746069,
    731.045132746069,
    731.045132746069,
    731.045132746069,
    731.045132746069,
    731.045132746069,
    731.045132746069,
    731.045132746069,
    731.045132746069,
    731.045132746069,
    731.045132746069,
    731.045132746069,
    731.045132746069,
    731.045132746069,
    731.045132746069,
    731.045132746069,
    731.045132746069,
    731.045132746069,
    731.045132746069,
    730.7219101680199,
    730.7219101680199,
    730.7219101680199,
    730.7219101680199,
    730.7219101680199,
    730.7219101680199,
    730.7219101680199,
    729.3678691607984,
    729.3678691607984
  ],
  "best_solution": {
    "id": "ga_gen0_4474",
    "instance_id": "synthetic_50c_150q_random_s2054244932",
    "algorithm": "drl_mid_ga",
    "routes": [
      {
        "vehicle_id": 0,
        "customer_sequence": [
          46,
          10,
          18,
          36,
          30,
          1,
          11,
          14,
          26
        ],
        "total_demand": 149,
        "total_distance": 167.18308529724857
      },
      {
        "vehicle_id": 1,
        "customer_sequence": [
          35,
          15,
          34,
          41,
          3,
          50,
          33
        ],
        "total_demand": 148,
        "total_distance": 159.64862845160724
      },
      {
        "vehicle_id": 2,
        "customer_sequence": [
          22,
          12,
          2,
          21,
          45,
          7,
          39,
          19,
          28
        ],
        "total_demand": 141,
        "total_distance": 198.45124926331843
      },
      {
        "vehicle_id": 3,
        "customer_sequence": [
          48,
          38,
          31,
          23,
          24,
          44,
          40
        ],
        "total_demand": 141,
        "total_distance": 251.08368132279648
      },
      {
        "vehicle_id": 4,
        "customer_sequence": [
          27,
          29,
          42,
          49,
          5,
          9,
          47,
          16,
          25,
          32,
          6
        ],
        "total_demand": 144,
        "total_distance": 263.42787067417873
      },
      {
        "vehicle_id": 5,
        "customer_sequence": [
          20,
          43,
          4,
          8,
          37,
          13,
          17
        ],
        "total_demand": 119,
        "total_distance": 166.1122301345863
      }
    ],
    "total_cost": 729.3678691607984,
    "computation_time": 0.0,
    "is_valid": true,
    "convergence_history": null
  }
}