{
  "instance_id": "synthetic_40c_120q_clustered4_s110084819",
  "instance_name": "Synthetic Clustered",
  "instance_size": 40,
  "configuration": "drl_mid_ga",
  "agent_used": "mid",
  "replicate": 2,
  "seed": 1929983622,
  "initial_cost": 483.3175100695802,
  "final_cost": 375.35551777566485,
  "improvement_gap": 22.337695209588563,
  "total_time": 35.74059295654297,
  "initialization_time": 33.92275619506836,
  "evolution_time": 1.8178367614746094,
  "generations_run": 100,
  "generations_to_convergence": null,
  "convergence_history": [
    483.3175100695802,
    483.3175100695802,
    483.3175100695802,
    483.3175100695802,
    471.42774913248047,
    459.12378788061926,
    459.12378788061926,
    459.12378788061926,
    454.95498655578075,
    435.44578612693635,
    435.44578612693635,
    431.27698480209784,
    416.69845632880487,
    416.69845632880487,
    412.23423158033205,
    410.8277719358828,
    410.8277719358828,
    405.9605015822899,
    405.7685313642488,
    389.639430069475,
    389.4474598514339,
    389.4474598514339,
    389.4474598514339,
    389.4474598514339,
    389.4474598514339,
    389.4474598514339,
    389.4474598514339,
    389.4474598514339,
    388.83302374633973,
    388.83302374633973,
    388.83302374633973,
    388.83302374633973,
    388.83302374633973,
    388.83302374633973,
    388.83302374633973,
    385.2845042250561,
    385.2845042250561,
    385.2845042250561,
    385.2845042250561,
    385.2845042250561,
    384.2525579447258,
    384.2525579447258,
    384.2525579447258,
    384.2525579447258,
    384.2525579447258,
    384.2525579447258,
    384.2525579447258,
    384.2525579447258,
    384.2525579447258,
    384.2525579447258,
    384.2525579447258,
    384.2525579447258,
    384.2525579447258,
    384.2525579447258,
    384.1908835664562,
    384.1908835664562,
    384.1908835664562,
    384.1908835664562,
    384.1908835664562,
    384.1908835664562,
    384.1908835664562,
    384.1908835664562,
    384.1908835664562,
    384.1908835664562,
    384.1908835664562,
    384.1908835664562,
    384.1908835664562,
    384.1908835664562,
    380.4029288951574,
    380.4029288951574,
    380.4029288951574,
    380.4029288951574,
    380.4029288951574,
    380.4029288951574,
    380.4029288951574,
    380.4029288951574,
    380.4029288951574,
    380.4029288951574,
    380.4029288951574,
    380.4029288951574,
    380.4029288951574,
    380.4029288951574,
    380.4029288951574,
    375.35551777566485,
    375.35551777566485,
    375.35551777566485,
    375.35551777566485,
    375.35551777566485,
    375.35551777566485,
    375.35551777566485,
    375.35551777566485,
    375.35551777566485,
    375.35551777566485,
    375.35551777566485,
    375.35551777566485,
    375.35551777566485,
    375.35551777566485,
    375.35551777566485,
    375.35551777566485,
    375.35551777566485,
    375.35551777566485
  ],
  "best_solution": {
    "id": "ga_gen0_8252",
    "instance_id": "synthetic_40c_120q_clustered4_s110084819",
    "algorithm": "drl_mid_ga",
    "routes": [
      {
        "vehicle_id": 0,
        "customer_sequence": [
          21,
          23,
          1,
          12,
          20,
          11
        ],
        "total_demand": 116,
        "total_distance": 72.96979712326069
      },
      {
        "vehicle_id": 1,
        "customer_sequence": [
          28,
          15,
          4,
          27,
          30,
          24
        ],
        "total_demand": 108,
        "total_distance": 129.71858030094356
      },
      {
        "vehicle_id": 2,
        "customer_sequence": [
          14,
          3,
          22,
          25,
          26,
          29,
          10,
          2
        ],
        "total_demand": 110,
        "total_distance": 139.06247195328964
      },
      {
        "vehicle_id": 3,
        "customer_sequence": [
          17,
          18,
          16,
          8,
          13,
          7,
          6
        ],
        "total_demand": 113,
        "total_distance": 73.5906786214245
      },
      {
        "vehicle_id": 4,
        "customer_sequence": [
          31,
          34,
          40,
          37,
          36,
          35
        ],
        "total_demand": 117,
        "total_distance": 86.8975868727512
      },
      {
        "vehicle_id": 5,
        "customer_sequence": [
          5,
          9,
          32,
          38,
          33,
          39
        ],
        "total_demand": 115,
        "total_distance": 126.27727438598129
      },
      {
        "vehicle_id": 6,
        "customer_sequence": [
          19
        ],
        "total_demand": 6,
        "total_distance": 28.298415280764804
      }
    ],
    "total_cost": 375.35551777566485,
    "computation_time": 0.0,
    "is_valid": true,
    "convergence_history": null
  }
}