{
  "instance_id": "synthetic_100c_300q_random_s1779751512",
  "instance_name": "Synthetic Random",
  "instance_size": 100,
  "configuration": "drl_mid_ga",
  "agent_used": "mid",
  "replicate": 1,
  "seed": 1250617933,
  "initial_cost": 1708.7374405140995,
  "final_cost": 1297.6907540628968,
  "improvement_gap": 24.05557909046185,
  "total_time": 187.2482361793518,
  "initialization_time": 175.9103810787201,
  "evolution_time": 11.337855100631714,
  "generations_run": 100,
  "generations_to_convergence": null,
  "convergence_history": [
    1708.7374405140995,
    1708.7374405140995,
    1708.7374405140995,
    1708.7374405140995,
    1700.389371643524,
    1695.5646439413008,
    1687.6909802692298,
    1687.6909802692298,
    1653.3278374368588,
    1653.3278374368588,
    1653.3278374368588,
    1632.9771918122524,
    1617.7849694102174,
    1617.7849694102174,
    1617.7849694102174,
    1617.7849694102174,
    1614.8354142614235,
    1614.8354142614235,
    1595.1748657996422,
    1592.225310650848,
    1562.3804111209977,
    1562.3804111209977,
    1559.4308559722035,
    1558.144934157167,
    1558.144934157167,
    1558.144934157167,
    1555.1953790083728,
    1555.1953790083728,
    1555.1953790083728,
    1555.1953790083728,
    1555.1953790083728,
    1555.1953790083728,
    1550.873849087884,
    1549.3348462712922,
    1542.6961631633365,
    1542.6961631633365,
    1541.1571603467446,
    1536.8356304262559,
    1536.8356304262559,
    1536.8356304262559,
    1492.2181886383953,
    1492.2181886383953,
    1485.5565155482766,
    1440.939073760416,
    1440.939073760416,
    1440.939073760416,
    1440.939073760416,
    1438.5122356881993,
    1438.5122356881993,
    1438.5122356881993,
    1410.019567308735,
    1410.019567308735,
    1410.019567308735,
    1394.1666379462904,
    1371.8034932239746,
    1371.8034932239746,
    1358.3774019337466,
    1358.3774019337466,
    1354.8973413047108,
    1354.8973413047108,
    1347.284415063204,
    1344.9409110353517,
    1344.9409110353517,
    1344.9409110353517,
    1344.9409110353517,
    1344.9409110353517,
    1344.9409110353517,
    1344.9409110353517,
    1341.672390061443,
    1341.3165570821177,
    1336.5604316191127,
    1332.9360776658787,
    1332.9360776658787,
    1332.9360776658787,
    1330.531754130276,
    1326.5773368748023,
    1325.2261622725516,
    1322.1512747140373,
    1319.7057446120052,
    1319.7057446120052,
    1316.7795477991137,
    1316.7795477991137,
    1315.4283731968633,
    1306.8731341494147,
    1306.8731341494147,
    1306.8731341494147,
    1306.8731341494147,
    1306.8731341494147,
    1306.8731341494147,
    1306.8731341494147,
    1306.8731341494147,
    1306.8731341494147,
    1306.8731341494147,
    1306.8731341494147,
    1306.8731341494147,
    1306.8731341494147,
    1306.8731341494147,
    1297.6907540628968,
    1297.6907540628968,
    1297.6907540628968,
    1297.6907540628968
  ],
  "best_solution": {
    "id": "ga_gen0_3587",
    "instance_id": "synthetic_100c_300q_random_s1779751512",
    "algorithm": "drl_mid_ga",
    "routes": [
      {
        "vehicle_id": 0,
        "customer_sequence": [
          45,
          94,
          93,
          1,
          17,
          56,
          100,
          42,
          83,
          19,
          44,
          65,
          78,
          27,
          48,
          34
        ],
        "total_demand": 298,
        "total_distance": 164.6798551267754
      },
      {
        "vehicle_id": 1,
        "customer_sequence": [
          16,
          9,
          53,
          47,
          64,
          84,
          11,
          3,
          15,
          67,
          74,
          49,
          66,
          90,
          24
        ],
        "total_demand": 297,
        "total_distance": 274.0929933384338
      },
      {
        "vehicle_id": 2,
        "customer_sequence": [
          57,
          81,
          51,
          14,
          72,
          28,
          69,
          4,
          85,
          32,
          26,
          75,
          96,
          25,
          29
        ],
        "total_demand": 296,
        "total_distance": 302.6692374610733
      },
      {
        "vehicle_id": 3,
        "customer_sequence": [
          71,
          58,
          97,
          37,
          59,
          31,
          50,
          82,
          2,
          13,
          73,
          76,
          30,
          5,
          60,
          62,
          88,
          80
        ],
        "total_demand": 300,
        "total_distance": 279.80584016106013
      },
      {
        "vehicle_id": 4,
        "customer_sequence": [
          40,
          20,
          99,
          18,
          12,
          23,
          43,
          8,
          36,
          98,
          70,
          91,
          86,
          35,
          92,
          89,
          21,
          63,
          79
        ],
        "total_demand": 297,
        "total_distance": 354.3838285925498
      },
      {
        "vehicle_id": 5,
        "customer_sequence": [
          77,
          38,
          10,
          46,
          52,
          22,
          55,
          41,
          87,
          61,
          39,
          95,
          7,
          6,
          68,
          33,
          54
        ],
        "total_demand": 219,
        "total_distance": 301.82066998906083
      }
    ],
    "total_cost": 1297.6907540628968,
    "computation_time": 0.0,
    "is_valid": true,
    "convergence_history": null
  }
}