{
  "instance_id": "synthetic_40c_120q_clustered4_s180115407",
  "instance_name": "Synthetic Clustered",
  "instance_size": 40,
  "configuration": "drl_mid_ga",
  "agent_used": "mid",
  "replicate": 5,
  "seed": 1838882153,
  "initial_cost": 471.2205922732587,
  "final_cost": 325.6854065739909,
  "improvement_gap": 30.8847253463984,
  "total_time": 33.42841410636902,
  "initialization_time": 31.612407445907593,
  "evolution_time": 1.8160066604614258,
  "generations_run": 100,
  "generations_to_convergence": 53,
  "convergence_history": [
    471.2205922732587,
    460.6077130842629,
    460.6077130842629,
    460.6077130842629,
    432.9886570128999,
    432.9886570128999,
    432.9886570128999,
    432.9886570128999,
    420.2417834063599,
    420.2417834063599,
    409.3971003692204,
    409.3971003692204,
    406.87841739695654,
    400.0667043692093,
    382.2538456998029,
    382.2538456998029,
    382.2538456998029,
    361.48395879352955,
    361.48395879352955,
    352.2202760920872,
    352.2202760920872,
    352.2202760920872,
    347.9971269079936,
    347.9971269079936,
    347.37050863570215,
    339.56024324240366,
    339.56024324240366,
    339.56024324240366,
    339.56024324240366,
    339.56024324240366,
    339.56024324240366,
    331.9990780956423,
    331.9990780956423,
    331.9990780956423,
    326.30765819112213,
    326.30765819112213,
    326.30765819112213,
    326.30765819112213,
    326.30765819112213,
    326.30765819112213,
    326.30765819112213,
    326.30765819112213,
    326.30765819112213,
    326.30765819112213,
    326.30765819112213,
    326.30765819112213,
    326.30765819112213,
    326.30765819112213,
    326.30765819112213,
    326.30765819112213,
    326.30765819112213,
    326.30765819112213,
    326.30765819112213,
    325.6854065739909,
    325.6854065739909,
    325.6854065739909,
    325.6854065739909,
    325.6854065739909,
    325.6854065739909,
    325.6854065739909,
    325.6854065739909,
    325.6854065739909,
    325.6854065739909,
    325.6854065739909,
    325.6854065739909,
    325.6854065739909,
    325.6854065739909,
    325.6854065739909,
    325.6854065739909,
    325.6854065739909,
    325.6854065739909,
    325.6854065739909,
    325.6854065739909,
    325.6854065739909,
    325.6854065739909,
    325.6854065739909,
    325.6854065739909,
    325.6854065739909,
    325.6854065739909,
    325.6854065739909,
    325.6854065739909,
    325.6854065739909,
    325.6854065739909,
    325.6854065739909,
    325.6854065739909,
    325.6854065739909,
    325.6854065739909,
    325.6854065739909,
    325.6854065739909,
    325.6854065739909,
    325.6854065739909,
    325.6854065739909,
    325.6854065739909,
    325.6854065739909,
    325.6854065739909,
    325.6854065739909,
    325.6854065739909,
    325.6854065739909,
    325.6854065739909,
    325.6854065739909,
    325.6854065739909
  ],
  "best_solution": {
    "id": "ga_gen0_5742",
    "instance_id": "synthetic_40c_120q_clustered4_s180115407",
    "algorithm": "drl_mid_ga",
    "routes": [
      {
        "vehicle_id": 0,
        "customer_sequence": [
          29,
          12,
          4,
          14
        ],
        "total_demand": 101,
        "total_distance": 48.609270936532226
      },
      {
        "vehicle_id": 1,
        "customer_sequence": [
          11,
          2,
          17,
          13,
          7,
          34
        ],
        "total_demand": 107,
        "total_distance": 61.31762286396842
      },
      {
        "vehicle_id": 2,
        "customer_sequence": [
          24,
          25,
          21,
          28,
          27
        ],
        "total_demand": 116,
        "total_distance": 98.79030290846595
      },
      {
        "vehicle_id": 3,
        "customer_sequence": [
          6,
          8,
          9,
          5,
          18,
          20,
          16
        ],
        "total_demand": 102,
        "total_distance": 64.92785974426958
      },
      {
        "vehicle_id": 4,
        "customer_sequence": [
          38,
          10,
          19,
          3,
          22,
          23,
          33,
          32
        ],
        "total_demand": 119,
        "total_distance": 162.5398498126535
      },
      {
        "vehicle_id": 5,
        "customer_sequence": [
          35,
          36,
          39,
          31,
          1,
          37,
          15
        ],
        "total_demand": 116,
        "total_distance": 116.41531846761679
      },
      {
        "vehicle_id": 6,
        "customer_sequence": [
          30,
          26,
          40
        ],
        "total_demand": 38,
        "total_distance": 46.680890153679655
      }
    ],
    "total_cost": 325.6854065739909,
    "computation_time": 0.0,
    "is_valid": true,
    "convergence_history": null
  }
}