{
  "instance_id": "synthetic_30c_90q_clustered4_s1059562644",
  "instance_name": "Synthetic Clustered",
  "instance_size": 30,
  "configuration": "drl_mid_ga",
  "agent_used": "mid",
  "replicate": 2,
  "seed": 1601019423,
  "initial_cost": 379.8246958885709,
  "final_cost": 313.05017341788425,
  "improvement_gap": 17.580353040097283,
  "total_time": 21.960877895355225,
  "initialization_time": 21.182124614715576,
  "evolution_time": 0.7787532806396484,
  "generations_run": 100,
  "generations_to_convergence": 26,
  "convergence_history": [
    379.8246958885709,
    379.8246958885709,
    379.8246958885709,
    379.8246958885709,
    361.77107002269116,
    357.42328303871506,
    357.42328303871506,
    357.42328303871506,
    355.76898742708437,
    355.76898742708437,
    323.7342147036069,
    322.0799190919762,
    322.0799190919762,
    322.0799190919762,
    322.0799190919762,
    321.8070009868619,
    321.8070009868619,
    321.8070009868619,
    321.8070009868619,
    321.8070009868619,
    321.8070009868619,
    321.8070009868619,
    321.8070009868619,
    321.8070009868619,
    321.8070009868619,
    321.8070009868619,
    321.64817757716065,
    321.64817757716065,
    321.64817757716065,
    321.64817757716065,
    321.64817757716065,
    321.64817757716065,
    321.64817757716065,
    321.64817757716065,
    321.64817757716065,
    321.64817757716065,
    321.64817757716065,
    321.64817757716065,
    321.64817757716065,
    321.64817757716065,
    321.64817757716065,
    321.64817757716065,
    321.64817757716065,
    321.64817757716065,
    321.64817757716065,
    321.64817757716065,
    321.64817757716065,
    321.64817757716065,
    321.64817757716065,
    321.64817757716065,
    321.64817757716065,
    321.64817757716065,
    321.64817757716065,
    321.64817757716065,
    313.05017341788425,
    313.05017341788425,
    313.05017341788425,
    313.05017341788425,
    313.05017341788425,
    313.05017341788425,
    313.05017341788425,
    313.05017341788425,
    313.05017341788425,
    313.05017341788425,
    313.05017341788425,
    313.05017341788425,
    313.05017341788425,
    313.05017341788425,
    313.05017341788425,
    313.05017341788425,
    313.05017341788425,
    313.05017341788425,
    313.05017341788425,
    313.05017341788425,
    313.05017341788425,
    313.05017341788425,
    313.05017341788425,
    313.05017341788425,
    313.05017341788425,
    313.05017341788425,
    313.05017341788425,
    313.05017341788425,
    313.05017341788425,
    313.05017341788425,
    313.05017341788425,
    313.05017341788425,
    313.05017341788425,
    313.05017341788425,
    313.05017341788425,
    313.05017341788425,
    313.05017341788425,
    313.05017341788425,
    313.05017341788425,
    313.05017341788425,
    313.05017341788425,
    313.05017341788425,
    313.05017341788425,
    313.05017341788425,
    313.05017341788425,
    313.05017341788425,
    313.05017341788425
  ],
  "best_solution": {
    "id": "ga_gen0_4785",
    "instance_id": "synthetic_30c_90q_clustered4_s1059562644",
    "algorithm": "drl_mid_ga",
    "routes": [
      {
        "vehicle_id": 0,
        "customer_sequence": [
          5,
          16,
          15,
          20,
          18
        ],
        "total_demand": 88,
        "total_distance": 78.42198941938474
      },
      {
        "vehicle_id": 1,
        "customer_sequence": [
          4,
          6,
          30,
          7
        ],
        "total_demand": 88,
        "total_distance": 96.89203194361588
      },
      {
        "vehicle_id": 2,
        "customer_sequence": [
          22,
          23,
          27,
          11
        ],
        "total_demand": 88,
        "total_distance": 98.86638430880097
      },
      {
        "vehicle_id": 3,
        "customer_sequence": [
          12,
          14,
          13,
          28
        ],
        "total_demand": 70,
        "total_distance": 116.50590952897662
      },
      {
        "vehicle_id": 4,
        "customer_sequence": [
          29,
          19,
          17,
          21,
          3,
          2,
          1
        ],
        "total_demand": 82,
        "total_distance": 153.53555327577186
      },
      {
        "vehicle_id": 5,
        "customer_sequence": [
          8,
          10,
          26,
          25,
          24
        ],
        "total_demand": 83,
        "total_distance": 119.24358164964873
      },
      {
        "vehicle_id": 6,
        "customer_sequence": [
          9
        ],
        "total_demand": 12,
        "total_distance": 36.591311101334014
      }
    ],
    "total_cost": 313.05017341788425,
    "computation_time": 0.0,
    "is_valid": true,
    "convergence_history": null
  }
}