{
  "instance_id": "synthetic_75c_281q_clustered5_s445961326",
  "instance_name": "Synthetic Clustered",
  "instance_size": 75,
  "configuration": "drl_mid_ga",
  "agent_used": "mid",
  "replicate": 2,
  "seed": 2139126930,
  "initial_cost": 742.5462291644726,
  "final_cost": 563.9581465129411,
  "improvement_gap": 24.050769586761255,
  "total_time": 109.45592880249023,
  "initialization_time": 104.71038913726807,
  "evolution_time": 4.745539665222168,
  "generations_run": 100,
  "generations_to_convergence": null,
  "convergence_history": [
    742.5462291644726,
    742.5462291644726,
    742.5462291644726,
    742.5462291644726,
    729.95017811244,
    729.95017811244,
    729.95017811244,
    719.753779185623,
    719.753779185623,
    719.753779185623,
    719.753779185623,
    719.753779185623,
    705.666577329546,
    705.666577329546,
    705.666577329546,
    704.2967684958056,
    692.8679909804893,
    691.4981821467488,
    691.4981821467488,
    691.157752926422,
    689.7879440926815,
    689.7879440926815,
    689.7879440926815,
    687.144074287461,
    682.1008977360428,
    678.419816466008,
    678.419816466008,
    670.7327701093693,
    670.7327701093693,
    670.7327701093693,
    636.6386932099249,
    636.6386932099249,
    636.6386932099249,
    636.6386932099249,
    636.6386932099249,
    636.6386932099249,
    636.6386932099249,
    636.6386932099249,
    635.3658829033317,
    635.3658829033317,
    630.32250317618,
    630.32250317618,
    626.3141324428914,
    625.0413221362982,
    625.0413221362982,
    602.7518904919552,
    602.7518904919552,
    601.479080185362,
    600.2682259660816,
    600.0222458375091,
    600.0222458375091,
    596.3739086706039,
    595.8940401881023,
    592.245703021197,
    592.245703021197,
    590.9698012360525,
    589.9264246910379,
    589.9264246910379,
    589.9264246910379,
    589.9264246910379,
    589.8348528339106,
    589.8348528339106,
    589.8348528339106,
    588.766515438467,
    588.766515438467,
    588.766515438467,
    587.7472597117254,
    587.7472597117254,
    587.7472597117254,
    586.7988536046219,
    572.9792627737575,
    572.9792627737575,
    572.9792627737575,
    572.9792627737575,
    572.9792627737575,
    572.88769091663,
    572.88769091663,
    572.88769091663,
    571.9069715721142,
    571.9069715721142,
    571.8153997149868,
    571.8153997149868,
    571.8153997149868,
    571.8153997149868,
    571.8153997149868,
    563.9581465129411,
    563.9581465129411,
    563.9581465129411,
    563.9581465129411,
    563.9581465129411,
    563.9581465129411,
    563.9581465129411,
    563.9581465129411,
    563.9581465129411,
    563.9581465129411,
    563.9581465129411,
    563.9581465129411,
    563.9581465129411,
    563.9581465129411,
    563.9581465129411,
    563.9581465129411
  ],
  "best_solution": {
    "id": "ga_gen0_3438",
    "instance_id": "synthetic_75c_281q_clustered5_s445961326",
    "algorithm": "drl_mid_ga",
    "routes": [
      {
        "vehicle_id": 0,
        "customer_sequence": [
          58,
          51,
          69,
          52,
          35,
          32,
          9,
          5,
          40,
          1,
          31,
          8,
          15
        ],
        "total_demand": 278,
        "total_distance": 132.35990291008454
      },
      {
        "vehicle_id": 1,
        "customer_sequence": [
          29,
          17,
          16,
          22,
          30,
          18,
          26,
          53,
          59,
          54,
          6,
          10,
          11,
          7,
          73,
          34
        ],
        "total_demand": 278,
        "total_distance": 280.3772379211309
      },
      {
        "vehicle_id": 2,
        "customer_sequence": [
          57,
          39,
          36,
          37,
          13,
          12,
          45,
          74,
          23,
          27,
          24,
          21,
          19,
          25,
          20,
          28
        ],
        "total_demand": 281,
        "total_distance": 174.82093804444847
      },
      {
        "vehicle_id": 3,
        "customer_sequence": [
          46,
          71,
          38,
          65,
          63,
          56,
          67,
          41,
          33,
          62,
          2,
          60,
          4,
          14,
          3
        ],
        "total_demand": 259,
        "total_distance": 159.7966237098259
      },
      {
        "vehicle_id": 4,
        "customer_sequence": [
          61,
          48,
          66,
          64,
          70,
          75,
          68,
          42,
          47,
          44,
          50,
          55,
          43,
          49,
          72
        ],
        "total_demand": 245,
        "total_distance": 174.60068059231804
      }
    ],
    "total_cost": 563.9581465129411,
    "computation_time": 0.0,
    "is_valid": true,
    "convergence_history": null
  }
}