{
  "instance_id": "synthetic_50c_150q_clustered4_s1089368553",
  "instance_name": "Synthetic Clustered",
  "instance_size": 50,
  "configuration": "drl_mid_ga",
  "agent_used": "mid",
  "replicate": 3,
  "seed": 1147096009,
  "initial_cost": 827.7116517046286,
  "final_cost": 530.0634654465229,
  "improvement_gap": 35.960371663865665,
  "total_time": 51.86230254173279,
  "initialization_time": 48.998241662979126,
  "evolution_time": 2.864060878753662,
  "generations_run": 100,
  "generations_to_convergence": 80,
  "convergence_history": [
    827.7116517046286,
    796.8666636931881,
    796.8666636931881,
    753.1499178919604,
    753.1499178919604,
    753.1499178919604,
    753.1499178919604,
    753.1499178919604,
    752.5811175701486,
    719.1679792938143,
    696.7161928530577,
    680.0909813915106,
    671.7022736362279,
    627.7661072753522,
    627.7661072753522,
    627.7661072753522,
    622.3216597927858,
    622.3216597927858,
    616.0732847027115,
    609.2683928261654,
    603.0820273851365,
    601.2957877966442,
    594.7659617450715,
    594.7659617450715,
    594.7659617450715,
    593.994699108939,
    592.4876583899256,
    591.4036264794702,
    581.3522042366424,
    579.0739008814965,
    577.94105687396,
    569.4247626936669,
    567.0474502690408,
    566.0624274280656,
    563.6851150034395,
    563.6851150034395,
    563.5579302358765,
    563.5579302358765,
    562.9138523673071,
    562.9138523673071,
    562.9138523673071,
    562.786667599744,
    562.786667599744,
    562.786667599744,
    562.786667599744,
    562.786667599744,
    562.5724931093448,
    562.5724931093448,
    550.5065626451021,
    550.5065626451021,
    550.5065626451021,
    550.5065626451021,
    550.5065626451021,
    550.5065626451021,
    549.7631596168759,
    549.7631596168759,
    549.7631596168759,
    542.9515677857474,
    542.9515677857474,
    542.9515677857474,
    542.9515677857474,
    542.9027556886664,
    542.9027556886664,
    538.5975973650428,
    538.5975973650428,
    538.5487852679618,
    536.1386472921097,
    536.1386472921097,
    536.1386472921097,
    536.0898351950286,
    536.0898351950286,
    536.0898351950286,
    536.0898351950286,
    536.0898351950286,
    536.0898351950286,
    536.0898351950286,
    536.0898351950286,
    536.0898351950286,
    536.0898351950286,
    536.0898351950286,
    530.0634654465229,
    530.0634654465229,
    530.0634654465229,
    530.0634654465229,
    530.0634654465229,
    530.0634654465229,
    530.0634654465229,
    530.0634654465229,
    530.0634654465229,
    530.0634654465229,
    530.0634654465229,
    530.0634654465229,
    530.0634654465229,
    530.0634654465229,
    530.0634654465229,
    530.0634654465229,
    530.0634654465229,
    530.0634654465229,
    530.0634654465229,
    530.0634654465229,
    530.0634654465229
  ],
  "best_solution": {
    "id": "ga_gen0_4226",
    "instance_id": "synthetic_50c_150q_clustered4_s1089368553",
    "algorithm": "drl_mid_ga",
    "routes": [
      {
        "vehicle_id": 0,
        "customer_sequence": [
          22,
          16,
          18,
          33,
          28,
          30,
          34,
          31
        ],
        "total_demand": 139,
        "total_distance": 149.77903939722003
      },
      {
        "vehicle_id": 1,
        "customer_sequence": [
          5,
          26,
          35,
          29,
          12,
          43
        ],
        "total_demand": 135,
        "total_distance": 110.36994869071543
      },
      {
        "vehicle_id": 2,
        "customer_sequence": [
          2,
          9,
          11,
          19,
          36,
          32,
          13,
          49
        ],
        "total_demand": 149,
        "total_distance": 200.71296272925576
      },
      {
        "vehicle_id": 3,
        "customer_sequence": [
          21,
          23,
          14,
          24,
          17,
          20,
          15
        ],
        "total_demand": 141,
        "total_distance": 141.1212269759305
      },
      {
        "vehicle_id": 4,
        "customer_sequence": [
          37,
          48,
          41,
          38,
          10,
          3,
          1,
          27,
          6,
          25,
          8
        ],
        "total_demand": 147,
        "total_distance": 224.43204583685528
      },
      {
        "vehicle_id": 5,
        "customer_sequence": [
          42,
          40,
          45,
          46,
          7,
          47,
          44,
          4,
          50
        ],
        "total_demand": 144,
        "total_distance": 150.37232486008298
      },
      {
        "vehicle_id": 6,
        "customer_sequence": [
          39
        ],
        "total_demand": 18,
        "total_distance": 79.41823162200386
      }
    ],
    "total_cost": 530.0634654465229,
    "computation_time": 0.0,
    "is_valid": true,
    "convergence_history": null
  }
}