{
  "instance_id": "synthetic_100c_300q_clustered5_s2030798714",
  "instance_name": "Synthetic Clustered",
  "instance_size": 100,
  "configuration": "drl_mid_ga",
  "agent_used": "mid",
  "replicate": 1,
  "seed": 145042710,
  "initial_cost": 1121.3778060378456,
  "final_cost": 979.9454930496453,
  "improvement_gap": 12.612369553480098,
  "total_time": 186.8384153842926,
  "initialization_time": 176.16902232170105,
  "evolution_time": 10.669393062591553,
  "generations_run": 100,
  "generations_to_convergence": null,
  "convergence_history": [
    1121.3778060378456,
    1121.3778060378456,
    1121.3778060378456,
    1121.3778060378456,
    1115.189621370459,
    1115.189621370459,
    1115.189621370459,
    1112.933453263764,
    1083.128824693892,
    1073.6454088819225,
    1073.6454088819225,
    1071.5666732800232,
    1071.5666732800232,
    1069.0097506662376,
    1069.0097506662376,
    1067.0555075277937,
    1067.0555075277937,
    1065.5516534785497,
    1059.4150456228933,
    1059.4150456228933,
    1059.4150456228933,
    1059.4150456228933,
    1056.2930548400573,
    1052.6386137550305,
    1052.6386137550305,
    1048.0788214980143,
    1042.8062436793955,
    1037.3614066344653,
    1037.3614066344653,
    1037.3614066344653,
    1034.467411450679,
    1034.467411450679,
    1034.467411450679,
    1034.467411450679,
    1034.467411450679,
    1034.467411450679,
    1034.467411450679,
    1034.467411450679,
    1034.467411450679,
    1034.467411450679,
    1034.467411450679,
    1032.66333597201,
    1032.66333597201,
    1032.66333597201,
    1031.1602207125643,
    1031.1602207125643,
    1031.1602207125643,
    1031.1602207125643,
    1031.1602207125643,
    1025.2138559058292,
    1025.2138559058292,
    1025.2138559058292,
    1025.2138559058292,
    1024.4055679928015,
    1024.4055679928015,
    1024.1214070319488,
    1024.1214070319488,
    1024.1214070319488,
    1023.9743387163754,
    1023.9743387163754,
    1023.9743387163754,
    1021.7455053606889,
    1008.1299418505592,
    1008.1299418505592,
    1005.9011084948727,
    1005.9011084948727,
    1005.9011084948727,
    1005.9011084948727,
    1005.9011084948727,
    1005.9011084948727,
    1001.881631341645,
    1001.881631341645,
    1001.881631341645,
    1001.881631341645,
    996.2205103414589,
    996.2205103414589,
    996.2205103414589,
    994.3608932599643,
    994.3608932599643,
    994.3608932599643,
    994.3608932599643,
    994.3608932599643,
    994.3608932599643,
    994.3608932599643,
    994.3608932599643,
    994.3608932599643,
    994.3608932599643,
    994.3608932599643,
    994.3608932599643,
    994.3608932599643,
    994.3608932599643,
    994.3608932599643,
    994.3608932599643,
    994.3608932599643,
    994.3608932599643,
    994.3608932599643,
    979.9454930496453,
    979.9454930496453,
    979.9454930496453,
    979.9454930496453,
    979.9454930496453
  ],
  "best_solution": {
    "id": "ga_gen0_8287",
    "instance_id": "synthetic_100c_300q_clustered5_s2030798714",
    "algorithm": "drl_mid_ga",
    "routes": [
      {
        "vehicle_id": 0,
        "customer_sequence": [
          70,
          77,
          32,
          35,
          25,
          13,
          14,
          5,
          19,
          74,
          36,
          23,
          49
        ],
        "total_demand": 282,
        "total_distance": 118.04118651860188
      },
      {
        "vehicle_id": 1,
        "customer_sequence": [
          37,
          39,
          59,
          52,
          56,
          69,
          73,
          65,
          29,
          33,
          27,
          57,
          24,
          1,
          11
        ],
        "total_demand": 287,
        "total_distance": 263.919184670036
      },
      {
        "vehicle_id": 2,
        "customer_sequence": [
          16,
          12,
          15,
          76,
          4,
          34,
          64,
          78,
          72,
          66,
          62,
          85,
          88,
          81
        ],
        "total_demand": 275,
        "total_distance": 161.5899108173386
      },
      {
        "vehicle_id": 3,
        "customer_sequence": [
          79,
          71,
          86,
          99,
          60,
          67,
          61,
          31,
          97,
          51,
          47,
          26,
          38,
          21,
          6,
          3,
          2,
          10,
          20,
          18
        ],
        "total_demand": 300,
        "total_distance": 265.68046858276125
      },
      {
        "vehicle_id": 4,
        "customer_sequence": [
          7,
          9,
          17,
          80,
          30,
          28,
          22,
          68,
          75,
          63,
          94,
          82,
          98,
          48,
          87,
          41,
          92,
          100,
          93
        ],
        "total_demand": 283,
        "total_distance": 287.06484757865746
      },
      {
        "vehicle_id": 5,
        "customer_sequence": [
          83,
          96,
          58,
          42,
          40,
          53,
          84,
          44,
          45,
          55,
          46,
          54,
          43,
          95,
          50,
          90,
          91,
          89
        ],
        "total_demand": 299,
        "total_distance": 254.3108883449437
      },
      {
        "vehicle_id": 6,
        "customer_sequence": [
          8
        ],
        "total_demand": 7,
        "total_distance": 100.4145677936381
      }
    ],
    "total_cost": 979.9454930496453,
    "computation_time": 0.0,
    "is_valid": true,
    "convergence_history": null
  }
}