{
  "instance_id": "synthetic_150c_525q_clustered6_s181653072",
  "instance_name": "Synthetic Clustered",
  "instance_size": 150,
  "configuration": "drl_mid_ga",
  "agent_used": "mid",
  "replicate": 2,
  "seed": 2006213443,
  "initial_cost": 1798.3995135676726,
  "final_cost": 1386.4169276224568,
  "improvement_gap": 22.90829055708111,
  "total_time": 401.1995747089386,
  "initialization_time": 377.42272686958313,
  "evolution_time": 23.77684783935547,
  "generations_run": 100,
  "generations_to_convergence": null,
  "convergence_history": [
    1798.3995135676726,
    1798.3995135676726,
    1798.3995135676726,
    1798.3995135676726,
    1791.869842048502,
    1791.869842048502,
    1717.755020550696,
    1717.755020550696,
    1691.7659002262503,
    1691.7659002262503,
    1686.9754005346672,
    1686.9754005346672,
    1686.9754005346672,
    1684.2327746924552,
    1684.2327746924552,
    1684.2327746924552,
    1682.945961327904,
    1682.945961327904,
    1652.855935596218,
    1651.5691222316666,
    1651.5691222316666,
    1651.5691222316666,
    1646.242844192244,
    1643.6715499543286,
    1632.6504495421252,
    1632.6504495421252,
    1609.7510288824392,
    1598.729928470236,
    1598.729928470236,
    1589.6053476753493,
    1589.6053476753493,
    1576.4512463987562,
    1576.4512463987562,
    1572.6858728066293,
    1571.9806116927723,
    1570.1603934205618,
    1565.689758714578,
    1565.1223127060998,
    1565.1223127060998,
    1561.7346251756346,
    1560.6178824340684,
    1560.6178824340684,
    1560.119875101365,
    1557.9014789647397,
    1556.0951315148375,
    1554.999238843144,
    1551.1882126087066,
    1551.1882126087066,
    1551.1882126087066,
    1541.9852683261051,
    1541.9852683261051,
    1541.9852683261051,
    1540.1200771575127,
    1530.690407332151,
    1530.690407332151,
    1530.690407332151,
    1530.690407332151,
    1530.690407332151,
    1530.690407332151,
    1530.690407332151,
    1530.5932421073323,
    1529.5102623717355,
    1529.5102623717355,
    1529.5102623717355,
    1529.5102623717355,
    1529.5102623717355,
    1529.413097146917,
    1529.413097146917,
    1529.413097146917,
    1529.413097146917,
    1522.180459863723,
    1522.180459863723,
    1522.180459863723,
    1522.180459863723,
    1513.269458475553,
    1507.9175142619692,
    1507.9175142619692,
    1491.7738755906055,
    1491.7738755906055,
    1483.0067213022605,
    1483.0067213022605,
    1451.828414862093,
    1451.828414862093,
    1451.828414862093,
    1433.0001029834739,
    1433.0001029834739,
    1433.0001029834739,
    1428.6512094222787,
    1425.965461985006,
    1424.4449974884344,
    1424.4449974884344,
    1421.5207952806193,
    1420.9419998530605,
    1417.3145833467754,
    1417.3145833467754,
    1411.977771847505,
    1410.6552257343067,
    1401.7306636292662,
    1401.0216362146418,
    1390.7348620958876,
    1386.4169276224568
  ],
  "best_solution": {
    "id": "ga_gen0_7739",
    "instance_id": "synthetic_150c_525q_clustered6_s181653072",
    "algorithm": "drl_mid_ga",
    "routes": [
      {
        "vehicle_id": 0,
        "customer_sequence": [
          97,
          95,
          20,
          93,
          91,
          45,
          76,
          99,
          41,
          86,
          126,
          103,
          84,
          107,
          150,
          121,
          131,
          120,
          130,
          118,
          113,
          123,
          129,
          140,
          112
        ],
        "total_demand": 523,
        "total_distance": 182.47631816385717
      },
      {
        "vehicle_id": 1,
        "customer_sequence": [
          50,
          7,
          36,
          23,
          14,
          73,
          19,
          25,
          18,
          9,
          8,
          74,
          62,
          55,
          56,
          65,
          75,
          147,
          6,
          15,
          3,
          85,
          88
        ],
        "total_demand": 521,
        "total_distance": 217.91739094039175
      },
      {
        "vehicle_id": 2,
        "customer_sequence": [
          17,
          27,
          90,
          78,
          92,
          30,
          48,
          143,
          133,
          145,
          119,
          111,
          127,
          125,
          142,
          102,
          138,
          124,
          105,
          139,
          109,
          135,
          87,
          64,
          5,
          72,
          59
        ],
        "total_demand": 520,
        "total_distance": 221.51703657845547
      },
      {
        "vehicle_id": 3,
        "customer_sequence": [
          117,
          46,
          104,
          83,
          37,
          77,
          98,
          100,
          82,
          49,
          94,
          16,
          22,
          57,
          70,
          51,
          66,
          54,
          67,
          61,
          60,
          69,
          58,
          71,
          68,
          114,
          122,
          149,
          132,
          137,
          141
        ],
        "total_demand": 521,
        "total_distance": 352.73012459631684
      },
      {
        "vehicle_id": 4,
        "customer_sequence": [
          1,
          148,
          115,
          144,
          106,
          108,
          29,
          39,
          53,
          24,
          4,
          47,
          110,
          146,
          101,
          34,
          80,
          38,
          89,
          134,
          116,
          136,
          128,
          32,
          96,
          28,
          79,
          81,
          31,
          13,
          11,
          10,
          52,
          63,
          12,
          2,
          21
        ],
        "total_demand": 515,
        "total_distance": 577.3132935742693
      },
      {
        "vehicle_id": 5,
        "customer_sequence": [
          26,
          42,
          35,
          40,
          33,
          44,
          43
        ],
        "total_demand": 151,
        "total_distance": 115.40571092967319
      }
    ],
    "total_cost": 1386.4169276224568,
    "computation_time": 0.0,
    "is_valid": true,
    "convergence_history": null
  }
}