{
  "instance_id": "synthetic_50c_150q_clustered4_s1159325734",
  "instance_name": "Synthetic Clustered",
  "instance_size": 50,
  "configuration": "drl_mid_ga",
  "agent_used": "mid",
  "replicate": 4,
  "seed": 74357429,
  "initial_cost": 742.4851596727004,
  "final_cost": 557.1806102505485,
  "improvement_gap": 24.957340494702574,
  "total_time": 49.56004214286804,
  "initialization_time": 46.76269340515137,
  "evolution_time": 2.797348737716675,
  "generations_run": 100,
  "generations_to_convergence": null,
  "convergence_history": [
    742.4851596727004,
    742.4851596727004,
    733.6136052492732,
    678.143158953355,
    678.143158953355,
    678.143158953355,
    678.143158953355,
    674.0070812753479,
    674.0070812753479,
    664.0478985666628,
    664.0478985666628,
    664.0478985666628,
    664.0478985666628,
    657.0779619398082,
    657.0779619398082,
    656.1675886786322,
    656.1675886786322,
    656.1675886786322,
    656.1675886786322,
    649.4360727204023,
    649.4360727204023,
    649.4360727204023,
    643.920343099381,
    637.9266686641851,
    637.9266686641851,
    637.9266686641851,
    637.9266686641851,
    637.9266686641851,
    637.9266686641851,
    634.5340687924177,
    634.5340687924177,
    633.5921686467467,
    629.5539152104594,
    629.5539152104594,
    629.5539152104594,
    621.6361423252512,
    617.5978888889638,
    617.5978888889638,
    617.5978888889638,
    615.9227305183804,
    615.9227305183804,
    615.9227305183804,
    615.6693345925619,
    615.6693345925619,
    615.6693345925619,
    615.6693345925619,
    615.3046297533987,
    610.6441054451082,
    610.6441054451082,
    610.279400605945,
    610.279400605945,
    610.279400605945,
    610.279400605945,
    610.279400605945,
    610.279400605945,
    610.279400605945,
    610.279400605945,
    610.279400605945,
    610.279400605945,
    610.279400605945,
    610.279400605945,
    610.279400605945,
    610.279400605945,
    610.279400605945,
    610.279400605945,
    605.2523039544384,
    596.842054333262,
    596.842054333262,
    578.3521581191184,
    578.3521581191184,
    564.9148118464353,
    564.9148118464353,
    564.9148118464353,
    564.9148118464353,
    558.4405946673503,
    558.4405946673503,
    558.4405946673503,
    558.4405946673503,
    558.4405946673503,
    558.4405946673503,
    558.4405946673503,
    557.6596146472622,
    557.6596146472622,
    557.6596146472622,
    557.6596146472622,
    557.6596146472622,
    557.6596146472622,
    557.6596146472622,
    557.6596146472622,
    557.6596146472622,
    557.6596146472622,
    557.6596146472622,
    557.6596146472622,
    557.6596146472622,
    557.6596146472622,
    557.6596146472622,
    557.1806102505485,
    557.1806102505485,
    557.1806102505485,
    557.1806102505485,
    557.1806102505485
  ],
  "best_solution": {
    "id": "ga_gen0_9269",
    "instance_id": "synthetic_50c_150q_clustered4_s1159325734",
    "algorithm": "drl_mid_ga",
    "routes": [
      {
        "vehicle_id": 0,
        "customer_sequence": [
          11,
          39,
          44,
          5,
          12,
          6,
          4,
          10
        ],
        "total_demand": 150,
        "total_distance": 105.86976619263446
      },
      {
        "vehicle_id": 1,
        "customer_sequence": [
          7,
          8,
          14,
          36,
          33,
          20
        ],
        "total_demand": 149,
        "total_distance": 118.14785773590064
      },
      {
        "vehicle_id": 2,
        "customer_sequence": [
          46,
          41,
          45,
          38,
          40,
          22,
          17
        ],
        "total_demand": 144,
        "total_distance": 206.6504917064009
      },
      {
        "vehicle_id": 3,
        "customer_sequence": [
          28,
          34,
          23,
          26,
          24,
          2,
          1,
          9
        ],
        "total_demand": 136,
        "total_distance": 145.93741975251191
      },
      {
        "vehicle_id": 4,
        "customer_sequence": [
          47,
          37,
          42,
          43,
          48,
          49,
          25,
          29,
          15,
          30
        ],
        "total_demand": 145,
        "total_distance": 198.39449928917492
      },
      {
        "vehicle_id": 5,
        "customer_sequence": [
          31,
          16,
          18,
          19,
          21,
          32,
          27,
          35,
          13,
          50
        ],
        "total_demand": 142,
        "total_distance": 175.82530365257853
      },
      {
        "vehicle_id": 6,
        "customer_sequence": [
          3
        ],
        "total_demand": 14,
        "total_distance": 61.30475772780912
      }
    ],
    "total_cost": 557.1806102505485,
    "computation_time": 0.0,
    "is_valid": true,
    "convergence_history": null
  }
}