{
  "instance_id": "synthetic_90c_337q_clustered5_s905692967",
  "instance_name": "Synthetic Clustered",
  "instance_size": 90,
  "configuration": "drl_mid_ga",
  "agent_used": "mid",
  "replicate": 5,
  "seed": 355254614,
  "initial_cost": 833.9342296032119,
  "final_cost": 645.4927855388859,
  "improvement_gap": 22.596679375301207,
  "total_time": 147.35523676872253,
  "initialization_time": 140.84035539627075,
  "evolution_time": 6.514881372451782,
  "generations_run": 100,
  "generations_to_convergence": null,
  "convergence_history": [
    833.9342296032119,
    833.9342296032119,
    833.9342296032119,
    833.9342296032119,
    833.9342296032119,
    833.9342296032119,
    833.9342296032119,
    833.9342296032119,
    833.9342296032119,
    828.6058672112694,
    828.6058672112694,
    823.1746929735071,
    822.8099572404711,
    776.1483481466921,
    776.1483481466921,
    776.1483481466921,
    774.1519130519491,
    772.257012761909,
    758.7255396983753,
    758.7255396983753,
    752.3992090532336,
    748.1956371161934,
    748.1956371161934,
    748.1956371161934,
    738.0925836122378,
    738.0925836122378,
    738.0925836122378,
    731.7662529670961,
    731.7662529670961,
    730.9292763319488,
    724.6029456868073,
    724.6029456868073,
    724.6029456868073,
    724.6029456868073,
    724.2414758334617,
    724.2414758334617,
    724.2414758334617,
    724.2414758334617,
    719.753140897875,
    719.753140897875,
    719.753140897875,
    680.1389078835018,
    680.1389078835018,
    675.6505729479152,
    675.0847114292492,
    675.0847114292492,
    670.6143645225527,
    670.6143645225527,
    670.6143645225527,
    670.6143645225527,
    670.6143645225527,
    670.6143645225527,
    668.0629441467305,
    668.0629441467305,
    668.0629441467305,
    668.0629441467305,
    668.0629441467305,
    668.0629441467305,
    667.3981426123675,
    667.3981426123675,
    667.3981426123675,
    667.3981426123675,
    667.2160615072535,
    667.2160615072535,
    667.2160615072535,
    667.2160615072535,
    667.2160615072535,
    667.2160615072535,
    667.2160615072535,
    667.2160615072535,
    667.2160615072535,
    667.2160615072535,
    667.2160615072535,
    667.2160615072535,
    667.2160615072535,
    664.9455447173566,
    664.9455447173566,
    663.2418120842055,
    663.2418120842055,
    662.9249538364585,
    662.9249538364585,
    662.9249538364585,
    662.9249538364585,
    662.9249538364585,
    662.9249538364585,
    662.9249538364585,
    662.9249538364585,
    662.9249538364585,
    662.9249538364585,
    660.5310489920194,
    660.5310489920194,
    660.5310489920194,
    651.4009848999358,
    649.0070800554967,
    645.4927855388859,
    645.4927855388859,
    645.4927855388859,
    645.4927855388859,
    645.4927855388859,
    645.4927855388859,
    645.4927855388859
  ],
  "best_solution": {
    "id": "ga_gen0_4836",
    "instance_id": "synthetic_90c_337q_clustered5_s905692967",
    "algorithm": "drl_mid_ga",
    "routes": [
      {
        "vehicle_id": 0,
        "customer_sequence": [
          66,
          70,
          58,
          69,
          67,
          18,
          45,
          12,
          51,
          49,
          9,
          16,
          50,
          13,
          30
        ],
        "total_demand": 336,
        "total_distance": 166.60309888412098
      },
      {
        "vehicle_id": 1,
        "customer_sequence": [
          23,
          38,
          71,
          64,
          11,
          57,
          6,
          39,
          15,
          60,
          43,
          52,
          54,
          2,
          40
        ],
        "total_demand": 335,
        "total_distance": 127.6007040243514
      },
      {
        "vehicle_id": 2,
        "customer_sequence": [
          62,
          21,
          61,
          4,
          63,
          55,
          17,
          65,
          3,
          47,
          41,
          44,
          5,
          35,
          10,
          37,
          42,
          46,
          7,
          1,
          59,
          14,
          8,
          53,
          72,
          56,
          68,
          25
        ],
        "total_demand": 337,
        "total_distance": 181.38234042798453
      },
      {
        "vehicle_id": 3,
        "customer_sequence": [
          31,
          32,
          19,
          28,
          90,
          26,
          29,
          48,
          20,
          27,
          22,
          82,
          76,
          33,
          79,
          75,
          84,
          80,
          86,
          83
        ],
        "total_demand": 334,
        "total_distance": 211.77944807600483
      },
      {
        "vehicle_id": 4,
        "customer_sequence": [
          24,
          34,
          36,
          89,
          87,
          73,
          85,
          74,
          77,
          88,
          78,
          81
        ],
        "total_demand": 192,
        "total_distance": 167.21150960624524
      }
    ],
    "total_cost": 645.4927855388859,
    "computation_time": 0.0,
    "is_valid": true,
    "convergence_history": null
  }
}