{
  "instance_id": "synthetic_75c_281q_clustered5_s259384487",
  "instance_name": "Synthetic Clustered",
  "instance_size": 75,
  "configuration": "drl_mid_ga",
  "agent_used": "mid",
  "replicate": 2,
  "seed": 1850979357,
  "initial_cost": 854.3358265630123,
  "final_cost": 605.9446631202314,
  "improvement_gap": 29.07418320990435,
  "total_time": 108.60926842689514,
  "initialization_time": 104.05682873725891,
  "evolution_time": 4.5524396896362305,
  "generations_run": 100,
  "generations_to_convergence": null,
  "convergence_history": [
    854.3358265630123,
    854.3358265630123,
    854.3358265630123,
    854.3358265630123,
    854.3358265630123,
    835.5967557708653,
    825.9911300771471,
    825.9911300771471,
    799.6560677897112,
    799.6560677897112,
    799.6560677897112,
    799.600288264467,
    799.600288264467,
    793.8515897061,
    793.8515897061,
    791.0638739794354,
    791.0638739794354,
    791.0638739794354,
    784.2106403571556,
    784.2106403571556,
    784.2106403571556,
    766.3687660262852,
    766.3687660262852,
    749.4970828437192,
    749.4970828437192,
    737.1775987301075,
    737.1775987301075,
    737.1775987301075,
    725.9199902955105,
    725.9199902955105,
    721.5340469060333,
    721.5340469060333,
    721.5340469060333,
    721.5340469060333,
    719.6502378096252,
    719.6502378096252,
    719.6502378096252,
    719.6502378096252,
    719.6502378096252,
    718.9881900753204,
    718.9881900753204,
    711.536044315755,
    711.536044315755,
    690.5421779829464,
    679.493946857307,
    679.493946857307,
    676.4934034261528,
    676.4934034261528,
    675.831355691848,
    653.675291286281,
    653.675291286281,
    653.675291286281,
    653.0132435519761,
    653.0132435519761,
    653.0132435519761,
    653.0132435519761,
    653.0132435519761,
    637.2148525399728,
    637.2148525399728,
    630.1532179466401,
    626.6809385986811,
    626.6809385986811,
    626.6809385986811,
    626.6809385986811,
    626.6809385986811,
    626.6809385986811,
    626.6809385986811,
    623.7068127714333,
    623.7068127714333,
    623.7068127714333,
    623.7068127714333,
    618.8625566897256,
    618.8625566897256,
    618.8625566897256,
    618.8625566897256,
    610.6748541722677,
    610.6748541722677,
    610.6748541722677,
    610.6748541722677,
    609.8876012786918,
    609.8876012786918,
    609.8876012786918,
    609.8876012786918,
    609.8876012786918,
    609.8876012786918,
    609.5940965999155,
    609.5940965999155,
    608.295063132378,
    608.295063132378,
    608.295063132378,
    608.0015584536017,
    608.0015584536017,
    608.0015584536017,
    608.0015584536017,
    608.0015584536017,
    608.0015584536017,
    608.0015584536017,
    608.0015584536017,
    608.0015584536017,
    608.0015584536017,
    605.9446631202314
  ],
  "best_solution": {
    "id": "ga_gen0_2122",
    "instance_id": "synthetic_75c_281q_clustered5_s259384487",
    "algorithm": "drl_mid_ga",
    "routes": [
      {
        "vehicle_id": 0,
        "customer_sequence": [
          37,
          43,
          35,
          73,
          62,
          33,
          41,
          60,
          31,
          38,
          44,
          42,
          32
        ],
        "total_demand": 281,
        "total_distance": 147.5720382851606
      },
      {
        "vehicle_id": 1,
        "customer_sequence": [
          64,
          63,
          24,
          27,
          5,
          29,
          17,
          28,
          75,
          66,
          20,
          67,
          61,
          52
        ],
        "total_demand": 278,
        "total_distance": 97.4013569997786
      },
      {
        "vehicle_id": 2,
        "customer_sequence": [
          3,
          70,
          13,
          26,
          14,
          11,
          22,
          15,
          1,
          65,
          16,
          18,
          9,
          19,
          6,
          74,
          7
        ],
        "total_demand": 279,
        "total_distance": 128.59070363884138
      },
      {
        "vehicle_id": 3,
        "customer_sequence": [
          40,
          55,
          49,
          36,
          50,
          58,
          48,
          39,
          51,
          46,
          59,
          47,
          23,
          72,
          12,
          25
        ],
        "total_demand": 281,
        "total_distance": 219.80375558614412
      },
      {
        "vehicle_id": 4,
        "customer_sequence": [
          10,
          30,
          2,
          8,
          4,
          68,
          21,
          71,
          69,
          45,
          57,
          54,
          34,
          56,
          53
        ],
        "total_demand": 190,
        "total_distance": 264.20088248933814
      }
    ],
    "total_cost": 605.9446631202314,
    "computation_time": 0.0,
    "is_valid": true,
    "convergence_history": null
  }
}