{
  "instance_id": "synthetic_100c_300q_clustered5_s1449289238",
  "instance_name": "Synthetic Clustered",
  "instance_size": 100,
  "configuration": "drl_mid_ga",
  "agent_used": "mid",
  "replicate": 2,
  "seed": 881648261,
  "initial_cost": 1347.6815427076517,
  "final_cost": 1061.4630600316896,
  "improvement_gap": 21.2378424431721,
  "total_time": 185.10551261901855,
  "initialization_time": 174.53201746940613,
  "evolution_time": 10.573495149612427,
  "generations_run": 100,
  "generations_to_convergence": null,
  "convergence_history": [
    1347.6815427076517,
    1347.6815427076517,
    1347.6815427076517,
    1347.6815427076517,
    1347.6815427076517,
    1326.6662908931723,
    1326.6662908931723,
    1320.6397058773923,
    1313.8549926147653,
    1283.1347644192751,
    1270.7107391280724,
    1270.7107391280724,
    1269.8132219693346,
    1265.5022785229503,
    1265.025500176339,
    1258.9989151605587,
    1257.4876129882095,
    1257.4876129882095,
    1247.9712310339273,
    1225.3910638745829,
    1225.3910638745829,
    1220.6033420815872,
    1218.6743231943356,
    1213.88660140134,
    1197.51143037743,
    1197.51143037743,
    1197.51143037743,
    1190.7946896971828,
    1186.1991073150025,
    1186.1991073150025,
    1161.6652777430277,
    1154.9485370627804,
    1154.9485370627804,
    1154.9485370627804,
    1154.9485370627804,
    1154.3789341733927,
    1154.3789341733927,
    1145.0412272357867,
    1144.471624346399,
    1144.471624346399,
    1144.471624346399,
    1144.471624346399,
    1144.471624346399,
    1144.471624346399,
    1144.471624346399,
    1144.471624346399,
    1144.471624346399,
    1122.1628494455613,
    1119.1508458149042,
    1119.1508458149042,
    1119.1508458149042,
    1119.1508458149042,
    1119.1508458149042,
    1115.0503584276064,
    1113.2406091402627,
    1113.2406091402627,
    1113.2406091402627,
    1113.2406091402627,
    1107.090946931682,
    1107.090946931682,
    1107.090946931682,
    1090.7448576085721,
    1088.9225199229986,
    1088.9225199229986,
    1082.8100840644352,
    1082.8100840644352,
    1082.8100840644352,
    1082.8100840644352,
    1082.8100840644352,
    1082.8100840644352,
    1082.8100840644352,
    1072.9603560341984,
    1072.9603560341984,
    1072.9603560341984,
    1072.7902536734998,
    1072.7902536734998,
    1072.7902536734998,
    1072.7902536734998,
    1069.8386594579385,
    1069.8386594579385,
    1069.8386594579385,
    1068.7736123610164,
    1068.7736123610164,
    1068.7736123610164,
    1068.04568607185,
    1066.0707122872248,
    1066.0707122872248,
    1066.0707122872248,
    1065.3427859980584,
    1062.222212502993,
    1062.222212502993,
    1062.222212502993,
    1061.4942862138266,
    1061.4942862138266,
    1061.4942862138266,
    1061.4942862138266,
    1061.4630600316896,
    1061.4630600316896,
    1061.4630600316896,
    1061.4630600316896,
    1061.4630600316896
  ],
  "best_solution": {
    "id": "ga_gen0_4956",
    "instance_id": "synthetic_100c_300q_clustered5_s1449289238",
    "algorithm": "drl_mid_ga",
    "routes": [
      {
        "vehicle_id": 0,
        "customer_sequence": [
          52,
          45,
          51,
          57,
          56,
          50,
          48,
          59,
          53,
          67,
          58,
          69,
          62,
          61,
          63,
          75,
          2
        ],
        "total_demand": 300,
        "total_distance": 202.70232656723277
      },
      {
        "vehicle_id": 1,
        "customer_sequence": [
          36,
          44,
          31,
          33,
          38,
          29,
          35,
          1,
          24,
          39,
          34,
          37,
          25,
          22,
          40,
          13
        ],
        "total_demand": 299,
        "total_distance": 146.90857783509512
      },
      {
        "vehicle_id": 2,
        "customer_sequence": [
          94,
          84,
          100,
          92,
          91,
          85,
          97,
          21,
          27,
          89,
          41,
          77,
          10,
          87,
          96
        ],
        "total_demand": 299,
        "total_distance": 320.44295488055553
      },
      {
        "vehicle_id": 3,
        "customer_sequence": [
          49,
          54,
          71,
          43,
          80,
          76,
          65,
          79,
          78,
          72,
          64,
          66,
          70,
          95,
          93,
          82,
          88,
          26
        ],
        "total_demand": 300,
        "total_distance": 160.62328792493392
      },
      {
        "vehicle_id": 4,
        "customer_sequence": [
          68,
          73,
          74,
          60,
          46,
          47,
          55,
          42,
          15,
          3,
          9,
          7,
          18,
          11,
          6,
          17,
          16,
          19
        ],
        "total_demand": 295,
        "total_distance": 280.5251451825816
      },
      {
        "vehicle_id": 5,
        "customer_sequence": [
          23,
          83,
          99,
          90,
          81,
          86,
          30,
          28,
          98,
          32,
          12,
          14,
          8,
          5,
          4,
          20
        ],
        "total_demand": 262,
        "total_distance": 299.60205643093923
      }
    ],
    "total_cost": 1061.4630600316896,
    "computation_time": 0.0,
    "is_valid": true,
    "convergence_history": null
  }
}