{
  "instance_id": "synthetic_125c_437q_clustered6_s214637918",
  "instance_name": "Synthetic Clustered",
  "instance_size": 125,
  "configuration": "drl_mid_ga",
  "agent_used": "mid",
  "replicate": 5,
  "seed": 1113328818,
  "initial_cost": 1439.6753916120615,
  "final_cost": 1163.9307086408244,
  "improvement_gap": 19.153253891661986,
  "total_time": 270.78227376937866,
  "initialization_time": 254.5606174468994,
  "evolution_time": 16.221656322479248,
  "generations_run": 100,
  "generations_to_convergence": null,
  "convergence_history": [
    1439.6753916120615,
    1439.6753916120615,
    1439.6753916120615,
    1428.1916751915894,
    1428.1916751915894,
    1428.1916751915894,
    1428.1916751915894,
    1428.1916751915894,
    1427.0738697544944,
    1427.0738697544944,
    1427.0738697544944,
    1411.7627965457427,
    1411.7627965457427,
    1410.6449911086477,
    1399.0655457538155,
    1399.0655457538155,
    1386.9703797288885,
    1386.9703797288885,
    1385.0974701865084,
    1357.1645638033617,
    1357.1645638033617,
    1357.1645638033617,
    1357.1645638033617,
    1357.1645638033617,
    1357.1645638033617,
    1357.1645638033617,
    1352.7618874063485,
    1348.2579272990208,
    1348.2579272990208,
    1333.602766773627,
    1333.602766773627,
    1316.4508095931355,
    1316.4508095931355,
    1316.4508095931355,
    1316.4508095931355,
    1316.3656065035457,
    1314.8109027470143,
    1314.5229143148906,
    1306.194238223024,
    1306.194238223024,
    1306.078874583495,
    1305.5250548851257,
    1305.5250548851257,
    1299.839803778398,
    1299.839803778398,
    1299.1706204404998,
    1299.1706204404998,
    1299.1706204404998,
    1293.3217908250092,
    1293.3217908250092,
    1293.2064271854802,
    1293.2064271854802,
    1293.2064271854802,
    1293.2064271854802,
    1293.2064271854802,
    1264.810878193495,
    1264.810878193495,
    1264.810878193495,
    1264.810878193495,
    1264.810878193495,
    1260.829843318516,
    1260.829843318516,
    1260.829843318516,
    1260.829843318516,
    1260.829843318516,
    1260.829843318516,
    1248.3362153328849,
    1248.3362153328849,
    1248.3362153328849,
    1246.5001450841396,
    1246.5001450841396,
    1242.4787481399069,
    1242.4787481399069,
    1239.9289695947457,
    1239.9289695947457,
    1239.9289695947457,
    1233.9948669888693,
    1233.9948669888693,
    1232.3811185703173,
    1232.3811185703173,
    1213.2487663170148,
    1213.2487663170148,
    1196.7814910838933,
    1196.7814910838933,
    1196.7814910838933,
    1196.7814910838933,
    1193.2242717238144,
    1193.2242717238144,
    1193.2242717238144,
    1192.6856141759831,
    1189.8114404760722,
    1187.6499751886465,
    1187.6499751886465,
    1187.6499751886465,
    1173.2079360599314,
    1173.2079360599314,
    1173.2079360599314,
    1163.9307086408244,
    1163.9307086408244,
    1163.9307086408244,
    1163.9307086408244
  ],
  "best_solution": {
    "id": "ga_gen0_3603",
    "instance_id": "synthetic_125c_437q_clustered6_s214637918",
    "algorithm": "drl_mid_ga",
    "routes": [
      {
        "vehicle_id": 0,
        "customer_sequence": [
          80,
          50,
          37,
          3,
          25,
          82,
          66,
          68,
          49,
          113,
          85,
          78,
          109,
          114,
          87,
          90,
          110,
          105,
          118,
          102
        ],
        "total_demand": 431,
        "total_distance": 126.4466566380506
      },
      {
        "vehicle_id": 1,
        "customer_sequence": [
          86,
          91,
          111,
          71,
          75,
          119,
          88,
          112,
          33,
          23,
          39,
          22,
          28,
          26,
          55,
          40,
          35,
          92,
          72,
          97,
          1,
          20,
          7
        ],
        "total_demand": 420,
        "total_distance": 341.58634556616545
      },
      {
        "vehicle_id": 2,
        "customer_sequence": [
          123,
          125,
          103,
          98,
          94,
          89,
          59,
          96,
          104,
          70,
          83,
          101,
          107,
          106,
          116,
          124,
          42,
          44,
          57,
          56,
          61,
          46,
          52
        ],
        "total_demand": 429,
        "total_distance": 281.11078684622987
      },
      {
        "vehicle_id": 3,
        "customer_sequence": [
          19,
          29,
          21,
          24,
          14,
          16,
          9,
          5,
          10,
          27,
          36,
          34,
          17,
          38,
          12,
          13,
          8,
          18,
          47,
          95,
          63,
          74,
          45,
          51,
          58,
          120,
          117
        ],
        "total_demand": 435,
        "total_distance": 289.4646079725896
      },
      {
        "vehicle_id": 4,
        "customer_sequence": [
          121,
          108,
          81,
          30,
          54,
          53,
          62,
          48,
          73,
          122,
          79,
          69,
          77,
          64,
          115,
          76,
          60,
          43,
          100,
          65,
          41,
          67,
          84,
          93,
          99,
          32,
          15,
          11,
          6,
          31
        ],
        "total_demand": 437,
        "total_distance": 425.12897374789543
      },
      {
        "vehicle_id": 5,
        "customer_sequence": [
          4,
          2
        ],
        "total_demand": 22,
        "total_distance": 88.90190889995365
      }
    ],
    "total_cost": 1163.9307086408244,
    "computation_time": 0.0,
    "is_valid": true,
    "convergence_history": null
  }
}