{
  "instance_id": "synthetic_60c_300q_random_s204422348",
  "instance_name": "Synthetic Random",
  "instance_size": 60,
  "configuration": "drl_mid_ga",
  "agent_used": "mid",
  "replicate": 5,
  "seed": 2000397257,
  "initial_cost": 1039.5645782445004,
  "final_cost": 796.5817889238577,
  "improvement_gap": 23.373515643536507,
  "total_time": 72.80408692359924,
  "initialization_time": 68.55206060409546,
  "evolution_time": 4.252026319503784,
  "generations_run": 100,
  "generations_to_convergence": null,
  "convergence_history": [
    1039.5645782445004,
    1039.5645782445004,
    1039.5645782445004,
    1039.5645782445004,
    1039.5645782445004,
    1039.5645782445004,
    1039.5645782445004,
    1006.8860389552174,
    999.9800920041811,
    999.9800920041811,
    935.2864028330904,
    935.2864028330904,
    935.2864028330904,
    932.5456004474007,
    912.8329853052516,
    912.8329853052516,
    907.6587539299157,
    903.0629743058923,
    903.0629743058923,
    897.3060740729333,
    897.3060740729333,
    885.5999814465257,
    869.3693257413555,
    863.6124255083963,
    863.6124255083963,
    863.6124255083963,
    863.6124255083963,
    863.6124255083963,
    863.6124255083963,
    857.9788510876491,
    857.9788510876491,
    857.9788510876491,
    857.9788510876491,
    857.9583151952187,
    857.9583151952187,
    853.7865540354946,
    853.7865540354946,
    853.7660181430642,
    853.7660181430642,
    853.7660181430642,
    853.7660181430642,
    853.7660181430642,
    853.7660181430642,
    853.7660181430642,
    853.7660181430642,
    853.7660181430642,
    853.7660181430642,
    853.7660181430642,
    853.7660181430642,
    853.7660181430642,
    853.7660181430642,
    853.7660181430642,
    853.7660181430642,
    853.7660181430642,
    853.7660181430642,
    839.4075093704995,
    839.4075093704995,
    839.4075093704995,
    839.4075093704995,
    839.4075093704995,
    839.4075093704995,
    828.0654066646192,
    828.0654066646192,
    825.902481187963,
    825.902481187963,
    825.902481187963,
    825.902481187963,
    825.902481187963,
    825.902481187963,
    825.902481187963,
    825.902481187963,
    820.6058367862848,
    820.6058367862848,
    820.6058367862848,
    820.6058367862848,
    820.6058367862848,
    820.6058367862848,
    813.6787526640616,
    813.6787526640616,
    813.6787526640616,
    813.6787526640616,
    813.6787526640616,
    813.6787526640616,
    812.8621825352819,
    796.5817889238577,
    796.5817889238577,
    796.5817889238577,
    796.5817889238577,
    796.5817889238577,
    796.5817889238577,
    796.5817889238577,
    796.5817889238577,
    796.5817889238577,
    796.5817889238577,
    796.5817889238577,
    796.5817889238577,
    796.5817889238577,
    796.5817889238577,
    796.5817889238577,
    796.5817889238577,
    796.5817889238577
  ],
  "best_solution": {
    "id": "ga_gen0_3111",
    "instance_id": "synthetic_60c_300q_random_s204422348",
    "algorithm": "drl_mid_ga",
    "routes": [
      {
        "vehicle_id": 0,
        "customer_sequence": [
          46,
          50,
          33,
          42,
          13,
          15,
          8,
          28,
          38,
          48,
          34,
          30,
          23,
          19,
          43
        ],
        "total_demand": 300,
        "total_distance": 230.98353400472197
      },
      {
        "vehicle_id": 1,
        "customer_sequence": [
          51,
          6,
          5,
          12,
          11,
          59,
          32,
          44,
          10,
          29,
          1,
          20,
          36,
          55,
          47,
          53,
          49
        ],
        "total_demand": 298,
        "total_distance": 263.8511896841224
      },
      {
        "vehicle_id": 2,
        "customer_sequence": [
          37,
          9,
          57,
          17,
          40,
          24,
          35,
          14,
          25,
          56,
          60,
          26,
          22,
          21,
          4,
          31
        ],
        "total_demand": 297,
        "total_distance": 321.7490347320821
      },
      {
        "vehicle_id": 3,
        "customer_sequence": [
          45,
          58,
          27,
          18,
          2,
          16,
          52,
          7,
          41,
          54,
          39,
          3
        ],
        "total_demand": 185,
        "total_distance": 224.41033077871896
      }
    ],
    "total_cost": 796.5817889238577,
    "computation_time": 0.0,
    "is_valid": true,
    "convergence_history": null
  }
}