{
  "instance_id": "synthetic_140c_490q_clustered6_s373271577",
  "instance_name": "Synthetic Clustered",
  "instance_size": 140,
  "configuration": "drl_mid_ga",
  "agent_used": "mid",
  "replicate": 3,
  "seed": 519407907,
  "initial_cost": 1483.342752317647,
  "final_cost": 1142.7431308613059,
  "improvement_gap": 22.96162642950671,
  "total_time": 350.2488782405853,
  "initialization_time": 329.62287640571594,
  "evolution_time": 20.626001834869385,
  "generations_run": 100,
  "generations_to_convergence": null,
  "convergence_history": [
    1483.342752317647,
    1483.342752317647,
    1483.342752317647,
    1476.2721631272589,
    1461.7448675778685,
    1456.1530425977417,
    1324.5163537869207,
    1324.5163537869207,
    1324.5163537869207,
    1324.5163537869207,
    1324.5163537869207,
    1315.6827709950894,
    1315.6827709950894,
    1299.2073995839085,
    1282.2876572792009,
    1273.4540744873696,
    1273.4540744873696,
    1270.4170392241713,
    1270.4170392241713,
    1261.58345643234,
    1261.58345643234,
    1256.5147964468993,
    1256.5147964468993,
    1249.9902907648284,
    1249.9902907648284,
    1249.9902907648284,
    1249.9902907648284,
    1248.406734938858,
    1248.406734938858,
    1248.406734938858,
    1241.1820250752974,
    1241.1820250752974,
    1241.1820250752974,
    1241.1820250752974,
    1233.111845372768,
    1218.4061976137064,
    1218.4061976137064,
    1210.336017911177,
    1210.336017911177,
    1210.336017911177,
    1210.336017911177,
    1207.6450616594198,
    1200.3478787764955,
    1200.3478787764955,
    1197.6569225247383,
    1197.6569225247383,
    1197.5229975429709,
    1197.5229975429709,
    1197.5229975429709,
    1197.5229975429709,
    1195.613896300651,
    1195.613896300651,
    1194.4498094178764,
    1194.4498094178764,
    1193.4349446885278,
    1165.716028211463,
    1165.716028211463,
    1164.349852737161,
    1162.444883124468,
    1162.444883124468,
    1162.444883124468,
    1162.444883124468,
    1162.315361824153,
    1162.315361824153,
    1159.1616446854803,
    1159.1616446854803,
    1159.032123385165,
    1157.8408450609736,
    1157.8408450609736,
    1157.8408450609736,
    1157.8408450609736,
    1157.8408450609736,
    1156.1617698274115,
    1156.1617698274115,
    1156.1617698274115,
    1156.1617698274115,
    1151.8334168301317,
    1151.8334168301317,
    1151.8334168301317,
    1151.8334168301317,
    1145.0575933337182,
    1145.0575933337182,
    1145.0575933337182,
    1144.6656121064807,
    1144.6656121064807,
    1144.6656121064807,
    1144.6656121064807,
    1142.942099465549,
    1142.942099465549,
    1142.7431308613059,
    1142.7431308613059,
    1142.7431308613059,
    1142.7431308613059,
    1142.7431308613059,
    1142.7431308613059,
    1142.7431308613059,
    1142.7431308613059,
    1142.7431308613059,
    1142.7431308613059,
    1142.7431308613059,
    1142.7431308613059
  ],
  "best_solution": {
    "id": "ga_gen0_1935",
    "instance_id": "synthetic_140c_490q_clustered6_s373271577",
    "algorithm": "drl_mid_ga",
    "routes": [
      {
        "vehicle_id": 0,
        "customer_sequence": [
          26,
          68,
          118,
          7,
          62,
          120,
          127,
          108,
          105,
          123,
          132,
          98,
          114,
          49,
          63,
          64,
          60,
          110,
          61,
          97,
          103,
          50,
          8
        ],
        "total_demand": 490,
        "total_distance": 158.00292900247095
      },
      {
        "vehicle_id": 1,
        "customer_sequence": [
          40,
          13,
          139,
          34,
          25,
          43,
          27,
          41,
          38,
          36,
          47,
          48,
          121,
          130,
          69,
          119,
          122,
          96,
          116,
          14,
          65,
          55,
          54,
          124,
          125,
          59,
          131,
          86,
          74,
          78,
          72
        ],
        "total_demand": 484,
        "total_distance": 360.9373452261263
      },
      {
        "vehicle_id": 2,
        "customer_sequence": [
          138,
          93,
          134,
          66,
          133,
          136,
          117,
          56,
          137,
          58,
          100,
          16,
          104,
          107,
          81,
          12,
          11,
          3,
          1,
          6,
          35,
          5,
          4,
          30,
          22,
          20,
          77
        ],
        "total_demand": 487,
        "total_distance": 171.85840544525706
      },
      {
        "vehicle_id": 3,
        "customer_sequence": [
          57,
          111,
          102,
          128,
          95,
          67,
          106,
          88,
          44,
          31,
          82,
          83,
          91,
          89,
          87,
          18,
          19,
          28,
          15,
          42,
          46,
          33,
          17,
          39,
          29,
          79,
          70,
          45
        ],
        "total_demand": 484,
        "total_distance": 217.33035517567268
      },
      {
        "vehicle_id": 4,
        "customer_sequence": [
          101,
          126,
          115,
          112,
          109,
          51,
          140,
          129,
          53,
          135,
          24,
          52,
          2,
          90,
          75,
          85,
          92,
          73,
          80,
          84,
          71,
          76,
          37,
          32,
          21,
          23,
          10
        ],
        "total_demand": 487,
        "total_distance": 393.0438945421728
      },
      {
        "vehicle_id": 5,
        "customer_sequence": [
          113,
          9,
          94,
          99
        ],
        "total_demand": 32,
        "total_distance": 103.01196540082458
      }
    ],
    "total_cost": 1142.7431308613059,
    "computation_time": 0.0,
    "is_valid": true,
    "convergence_history": null
  }
}