{
  "instance_id": "synthetic_125c_437q_clustered6_s1415847851",
  "instance_name": "Synthetic Clustered",
  "instance_size": 125,
  "configuration": "drl_mid_ga",
  "agent_used": "mid",
  "replicate": 1,
  "seed": 2098915965,
  "initial_cost": 1406.4162483123184,
  "final_cost": 1231.8366775645336,
  "improvement_gap": 12.413079766198527,
  "total_time": 286.12663102149963,
  "initialization_time": 269.2497308254242,
  "evolution_time": 16.87690019607544,
  "generations_run": 100,
  "generations_to_convergence": null,
  "convergence_history": [
    1406.4162483123184,
    1406.4162483123184,
    1406.4162483123184,
    1406.4162483123184,
    1406.4162483123184,
    1406.4162483123184,
    1402.2781637093417,
    1400.4904352973003,
    1400.4904352973003,
    1400.4904352973003,
    1393.546119257496,
    1392.3252256662715,
    1392.3252256662715,
    1390.8387377666393,
    1390.8387377666393,
    1389.5588674300036,
    1389.5588674300036,
    1355.5769214131979,
    1355.5769214131979,
    1347.4391127166552,
    1344.6727544803875,
    1343.1862665807553,
    1343.1862665807553,
    1340.5257007246582,
    1339.588506417136,
    1339.588506417136,
    1339.588506417136,
    1339.588506417136,
    1334.9177730483864,
    1334.9177730483864,
    1334.9177730483864,
    1334.9177730483864,
    1333.209695940571,
    1333.209695940571,
    1332.1407120866306,
    1332.1407120866306,
    1332.1407120866306,
    1332.1407120866306,
    1331.101085684348,
    1331.101085684348,
    1325.0572565038274,
    1325.0572565038274,
    1324.0176301015447,
    1324.0176301015447,
    1324.0176301015447,
    1324.0176301015447,
    1324.0176301015447,
    1318.2165642150712,
    1318.2165642150712,
    1318.2165642150712,
    1318.2165642150712,
    1318.2165642150712,
    1318.2165642150712,
    1316.813535966615,
    1316.813535966615,
    1311.5749362234076,
    1311.5749362234076,
    1310.1719079749514,
    1310.1719079749514,
    1310.1719079749514,
    1310.1719079749514,
    1310.1719079749514,
    1309.9453145158493,
    1309.9453145158493,
    1309.9453145158493,
    1309.9453145158493,
    1305.358648509192,
    1305.317835614285,
    1299.9151985584276,
    1299.9151985584276,
    1295.2877196568634,
    1294.7272573407417,
    1294.7272573407417,
    1294.7272573407417,
    1293.3617599790828,
    1292.5082774088698,
    1292.5082774088698,
    1285.568992803091,
    1284.2034954414323,
    1283.5989746552066,
    1280.6555193270804,
    1279.2410883518055,
    1263.6638816761708,
    1263.6638816761708,
    1262.562209454299,
    1255.7188537952647,
    1255.7188537952647,
    1253.220409127747,
    1253.220409127747,
    1253.220409127747,
    1252.118736905875,
    1252.118736905875,
    1244.518180495739,
    1244.518180495739,
    1244.518180495739,
    1238.9292141758726,
    1238.9292141758726,
    1238.9292141758726,
    1238.9292141758726,
    1237.9953004808187,
    1231.8366775645336
  ],
  "best_solution": {
    "id": "ga_gen0_6672",
    "instance_id": "synthetic_125c_437q_clustered6_s1415847851",
    "algorithm": "drl_mid_ga",
    "routes": [
      {
        "vehicle_id": 0,
        "customer_sequence": [
          28,
          50,
          65,
          68,
          22,
          39,
          113,
          14,
          3,
          17,
          20,
          35,
          55,
          77,
          49,
          44,
          78,
          63,
          45,
          108,
          109,
          102
        ],
        "total_demand": 434,
        "total_distance": 227.50278302408879
      },
      {
        "vehicle_id": 1,
        "customer_sequence": [
          81,
          27,
          30,
          47,
          38,
          26,
          37,
          95,
          33,
          88,
          1,
          8,
          19,
          12,
          40,
          18,
          2,
          5,
          6,
          13,
          11,
          16,
          72
        ],
        "total_demand": 437,
        "total_distance": 198.9570090020736
      },
      {
        "vehicle_id": 2,
        "customer_sequence": [
          120,
          56,
          21,
          116,
          54,
          70,
          57,
          60,
          75,
          52,
          79,
          74,
          66,
          53,
          43,
          15,
          46,
          125,
          7,
          9,
          122,
          10,
          36,
          84,
          103,
          115,
          101,
          98
        ],
        "total_demand": 437,
        "total_distance": 323.9622032235366
      },
      {
        "vehicle_id": 3,
        "customer_sequence": [
          48,
          24,
          59,
          58,
          51,
          69,
          71,
          67,
          64,
          42,
          61,
          73,
          123,
          124,
          107,
          96,
          32,
          90,
          89,
          4,
          23,
          31,
          112,
          106,
          121,
          110,
          104,
          105
        ],
        "total_demand": 437,
        "total_distance": 306.57873376626617
      },
      {
        "vehicle_id": 4,
        "customer_sequence": [
          118,
          92,
          93,
          34,
          82,
          29,
          83,
          62,
          80,
          41,
          76,
          114,
          25,
          119,
          117,
          111,
          94,
          85,
          86,
          91,
          87,
          99,
          100,
          97
        ],
        "total_demand": 264,
        "total_distance": 377.76720800278616
      }
    ],
    "total_cost": 1231.8366775645336,
    "computation_time": 0.0,
    "is_valid": true,
    "convergence_history": null
  }
}