{
  "instance_id": "synthetic_60c_300q_clustered5_s1602549446",
  "instance_name": "Synthetic Clustered",
  "instance_size": 60,
  "configuration": "drl_mid_ga",
  "agent_used": "mid",
  "replicate": 2,
  "seed": 1394416744,
  "initial_cost": 798.3706207609578,
  "final_cost": 661.957025213257,
  "improvement_gap": 17.086499928777403,
  "total_time": 73.51993227005005,
  "initialization_time": 70.68196988105774,
  "evolution_time": 2.8379623889923096,
  "generations_run": 100,
  "generations_to_convergence": 66,
  "convergence_history": [
    798.3706207609578,
    798.3706207609578,
    798.3706207609578,
    798.3706207609578,
    779.7275230142129,
    779.7275230142129,
    779.7275230142129,
    779.7275230142129,
    779.7275230142129,
    779.7275230142129,
    779.7275230142129,
    779.7275230142129,
    775.516870407663,
    773.082985971505,
    752.9288015555305,
    752.9288015555305,
    746.2842645128227,
    746.2842645128227,
    746.2842645128227,
    746.2842645128227,
    726.3167003808527,
    726.3167003808527,
    726.3167003808527,
    726.3167003808527,
    724.7652804468283,
    724.7652804468283,
    724.7652804468283,
    724.7652804468283,
    722.233162155556,
    718.0594640990587,
    718.0594640990587,
    715.5273458077863,
    715.5273458077863,
    715.5273458077863,
    715.5273458077863,
    715.5273458077863,
    715.5273458077863,
    712.3333563329504,
    712.3333563329504,
    712.3333563329504,
    712.3333563329504,
    712.3333563329504,
    712.3333563329504,
    710.5831485713587,
    708.8489471870299,
    708.8489471870299,
    708.8489471870299,
    707.0987394254382,
    707.0987394254382,
    707.0987394254382,
    707.0987394254382,
    707.0987394254382,
    706.0463890108601,
    701.6243226788752,
    701.6243226788752,
    695.3927738419432,
    687.7398467582816,
    687.7398467582816,
    687.7398467582816,
    687.7398467582816,
    687.7398467582816,
    687.7398467582816,
    687.7398467582816,
    672.0026943947552,
    672.0026943947552,
    672.0026943947552,
    661.957025213257,
    661.957025213257,
    661.957025213257,
    661.957025213257,
    661.957025213257,
    661.957025213257,
    661.957025213257,
    661.957025213257,
    661.957025213257,
    661.957025213257,
    661.957025213257,
    661.957025213257,
    661.957025213257,
    661.957025213257,
    661.957025213257,
    661.957025213257,
    661.957025213257,
    661.957025213257,
    661.957025213257,
    661.957025213257,
    661.957025213257,
    661.957025213257,
    661.957025213257,
    661.957025213257,
    661.957025213257,
    661.957025213257,
    661.957025213257,
    661.957025213257,
    661.957025213257,
    661.957025213257,
    661.957025213257,
    661.957025213257,
    661.957025213257,
    661.957025213257,
    661.957025213257
  ],
  "best_solution": {
    "id": "ga_gen0_2995",
    "instance_id": "synthetic_60c_300q_clustered5_s1602549446",
    "algorithm": "drl_mid_ga",
    "routes": [
      {
        "vehicle_id": 0,
        "customer_sequence": [
          55,
          45,
          22,
          19,
          24,
          17,
          9,
          2,
          44,
          5,
          48,
          1
        ],
        "total_demand": 273,
        "total_distance": 107.91651091410048
      },
      {
        "vehicle_id": 1,
        "customer_sequence": [
          50,
          51,
          29,
          31,
          54,
          49,
          27,
          28,
          35,
          33,
          34,
          32,
          37,
          43,
          46,
          47
        ],
        "total_demand": 294,
        "total_distance": 173.8810803532803
      },
      {
        "vehicle_id": 2,
        "customer_sequence": [
          58,
          59,
          53,
          60,
          52,
          57,
          30,
          26,
          25,
          40,
          20,
          13,
          21,
          14,
          15,
          39,
          41,
          23
        ],
        "total_demand": 285,
        "total_distance": 254.20483696335717
      },
      {
        "vehicle_id": 3,
        "customer_sequence": [
          12,
          10,
          3,
          11,
          4,
          38,
          7,
          8,
          6,
          56,
          36,
          16,
          42,
          18
        ],
        "total_demand": 212,
        "total_distance": 314.1394157388253
      }
    ],
    "total_cost": 661.957025213257,
    "computation_time": 0.0,
    "is_valid": true,
    "convergence_history": null
  }
}