{
  "instance_id": "synthetic_20c_60q_random_s1706379186",
  "instance_name": "Synthetic Random",
  "instance_size": 20,
  "configuration": "drl_mid_ga",
  "agent_used": "mid",
  "replicate": 3,
  "seed": 1614065335,
  "initial_cost": 334.6512851526807,
  "final_cost": 315.81414186883694,
  "improvement_gap": 5.6288871788582995,
  "total_time": 11.15617322921753,
  "initialization_time": 10.788625717163086,
  "evolution_time": 0.36754751205444336,
  "generations_run": 100,
  "generations_to_convergence": 12,
  "convergence_history": [
    334.6512851526807,
    334.6512851526807,
    334.6512851526807,
    334.6512851526807,
    326.3874109600164,
    323.79479423111303,
    323.79479423111303,
    323.79479423111303,
    323.79479423111303,
    323.79479423111303,
    323.79479423111303,
    323.79479423111303,
    315.81414186883694,
    315.81414186883694,
    315.81414186883694,
    315.81414186883694,
    315.81414186883694,
    315.81414186883694,
    315.81414186883694,
    315.81414186883694,
    315.81414186883694,
    315.81414186883694,
    315.81414186883694,
    315.81414186883694,
    315.81414186883694,
    315.81414186883694,
    315.81414186883694,
    315.81414186883694,
    315.81414186883694,
    315.81414186883694,
    315.81414186883694,
    315.81414186883694,
    315.81414186883694,
    315.81414186883694,
    315.81414186883694,
    315.81414186883694,
    315.81414186883694,
    315.81414186883694,
    315.81414186883694,
    315.81414186883694,
    315.81414186883694,
    315.81414186883694,
    315.81414186883694,
    315.81414186883694,
    315.81414186883694,
    315.81414186883694,
    315.81414186883694,
    315.81414186883694,
    315.81414186883694,
    315.81414186883694,
    315.81414186883694,
    315.81414186883694,
    315.81414186883694,
    315.81414186883694,
    315.81414186883694,
    315.81414186883694,
    315.81414186883694,
    315.81414186883694,
    315.81414186883694,
    315.81414186883694,
    315.81414186883694,
    315.81414186883694,
    315.81414186883694,
    315.81414186883694,
    315.81414186883694,
    315.81414186883694,
    315.81414186883694,
    315.81414186883694,
    315.81414186883694,
    315.81414186883694,
    315.81414186883694,
    315.81414186883694,
    315.81414186883694,
    315.81414186883694,
    315.81414186883694,
    315.81414186883694,
    315.81414186883694,
    315.81414186883694,
    315.81414186883694,
    315.81414186883694,
    315.81414186883694,
    315.81414186883694,
    315.81414186883694,
    315.81414186883694,
    315.81414186883694,
    315.81414186883694,
    315.81414186883694,
    315.81414186883694,
    315.81414186883694,
    315.81414186883694,
    315.81414186883694,
    315.81414186883694,
    315.81414186883694,
    315.81414186883694,
    315.81414186883694,
    315.81414186883694,
    315.81414186883694,
    315.81414186883694,
    315.81414186883694,
    315.81414186883694,
    315.81414186883694
  ],
  "best_solution": {
    "id": "ga_gen0_1561",
    "instance_id": "synthetic_20c_60q_random_s1706379186",
    "algorithm": "drl_mid_ga",
    "routes": [
      {
        "vehicle_id": 0,
        "customer_sequence": [
          17,
          15,
          13
        ],
        "total_demand": 58,
        "total_distance": 99.51895012884918
      },
      {
        "vehicle_id": 1,
        "customer_sequence": [
          8,
          4,
          1,
          10
        ],
        "total_demand": 60,
        "total_distance": 200.98427880237497
      },
      {
        "vehicle_id": 2,
        "customer_sequence": [
          2,
          18
        ],
        "total_demand": 60,
        "total_distance": 143.96613361439984
      },
      {
        "vehicle_id": 3,
        "customer_sequence": [
          6,
          14,
          12
        ],
        "total_demand": 56,
        "total_distance": 132.000930403263
      },
      {
        "vehicle_id": 4,
        "customer_sequence": [
          19,
          9,
          16,
          5,
          11
        ],
        "total_demand": 55,
        "total_distance": 147.0181950288217
      },
      {
        "vehicle_id": 5,
        "customer_sequence": [
          20,
          7,
          3
        ],
        "total_demand": 60,
        "total_distance": 142.62919377945252
      }
    ],
    "total_cost": 315.81414186883694,
    "computation_time": 0.0,
    "is_valid": true,
    "convergence_history": null
  }
}