{
  "instance_id": "synthetic_20c_60q_clustered4_s1418410062",
  "instance_name": "Synthetic Clustered",
  "instance_size": 20,
  "configuration": "drl_mid_ga",
  "agent_used": "mid",
  "replicate": 4,
  "seed": 186347024,
  "initial_cost": 286.93370439557486,
  "final_cost": 205.4324466436372,
  "improvement_gap": 28.404212019504595,
  "total_time": 10.7217435836792,
  "initialization_time": 10.327401638031006,
  "evolution_time": 0.39434194564819336,
  "generations_run": 100,
  "generations_to_convergence": 13,
  "convergence_history": [
    286.93370439557486,
    284.1867885798196,
    235.4203958608198,
    235.4203958608198,
    223.6296858541385,
    223.6296858541385,
    223.6296858541385,
    223.6296858541385,
    223.6296858541385,
    217.43358759519148,
    217.43358759519148,
    210.29520031210689,
    210.29520031210689,
    205.4324466436372,
    205.4324466436372,
    205.4324466436372,
    205.4324466436372,
    205.4324466436372,
    205.4324466436372,
    205.4324466436372,
    205.4324466436372,
    205.4324466436372,
    205.4324466436372,
    205.4324466436372,
    205.4324466436372,
    205.4324466436372,
    205.4324466436372,
    205.4324466436372,
    205.4324466436372,
    205.4324466436372,
    205.4324466436372,
    205.4324466436372,
    205.4324466436372,
    205.4324466436372,
    205.4324466436372,
    205.4324466436372,
    205.4324466436372,
    205.4324466436372,
    205.4324466436372,
    205.4324466436372,
    205.4324466436372,
    205.4324466436372,
    205.4324466436372,
    205.4324466436372,
    205.4324466436372,
    205.4324466436372,
    205.4324466436372,
    205.4324466436372,
    205.4324466436372,
    205.4324466436372,
    205.4324466436372,
    205.4324466436372,
    205.4324466436372,
    205.4324466436372,
    205.4324466436372,
    205.4324466436372,
    205.4324466436372,
    205.4324466436372,
    205.4324466436372,
    205.4324466436372,
    205.4324466436372,
    205.4324466436372,
    205.4324466436372,
    205.4324466436372,
    205.4324466436372,
    205.4324466436372,
    205.4324466436372,
    205.4324466436372,
    205.4324466436372,
    205.4324466436372,
    205.4324466436372,
    205.4324466436372,
    205.4324466436372,
    205.4324466436372,
    205.4324466436372,
    205.4324466436372,
    205.4324466436372,
    205.4324466436372,
    205.4324466436372,
    205.4324466436372,
    205.4324466436372,
    205.4324466436372,
    205.4324466436372,
    205.4324466436372,
    205.4324466436372,
    205.4324466436372,
    205.4324466436372,
    205.4324466436372,
    205.4324466436372,
    205.4324466436372,
    205.4324466436372,
    205.4324466436372,
    205.4324466436372,
    205.4324466436372,
    205.4324466436372,
    205.4324466436372,
    205.4324466436372,
    205.4324466436372,
    205.4324466436372,
    205.4324466436372,
    205.4324466436372
  ],
  "best_solution": {
    "id": "ga_gen0_7652",
    "instance_id": "synthetic_20c_60q_clustered4_s1418410062",
    "algorithm": "drl_mid_ga",
    "routes": [
      {
        "vehicle_id": 0,
        "customer_sequence": [
          20,
          13,
          7
        ],
        "total_demand": 60,
        "total_distance": 68.15068154612318
      },
      {
        "vehicle_id": 1,
        "customer_sequence": [
          4,
          8,
          9
        ],
        "total_demand": 57,
        "total_distance": 91.14313855821018
      },
      {
        "vehicle_id": 2,
        "customer_sequence": [
          6,
          10
        ],
        "total_demand": 41,
        "total_distance": 70.05592709417812
      },
      {
        "vehicle_id": 3,
        "customer_sequence": [
          12,
          14,
          11
        ],
        "total_demand": 60,
        "total_distance": 120.0724917245483
      },
      {
        "vehicle_id": 4,
        "customer_sequence": [
          1,
          2,
          5
        ],
        "total_demand": 41,
        "total_distance": 110.3582701353948
      },
      {
        "vehicle_id": 5,
        "customer_sequence": [
          19,
          16
        ],
        "total_demand": 56,
        "total_distance": 87.50918921420734
      },
      {
        "vehicle_id": 6,
        "customer_sequence": [
          17,
          3
        ],
        "total_demand": 55,
        "total_distance": 83.24655299253698
      },
      {
        "vehicle_id": 7,
        "customer_sequence": [
          15,
          18
        ],
        "total_demand": 16,
        "total_distance": 126.80414033220636
      }
    ],
    "total_cost": 205.4324466436372,
    "computation_time": 0.0,
    "is_valid": true,
    "convergence_history": null
  }
}