{
  "instance_id": "synthetic_30c_90q_clustered4_s1627527975",
  "instance_name": "Synthetic Clustered",
  "instance_size": 30,
  "configuration": "drl_mid_ga",
  "agent_used": "mid",
  "replicate": 2,
  "seed": 1947627969,
  "initial_cost": 418.69900030444023,
  "final_cost": 328.17393056150365,
  "improvement_gap": 21.62056027769708,
  "total_time": 21.80088996887207,
  "initialization_time": 20.707123517990112,
  "evolution_time": 1.093766450881958,
  "generations_run": 100,
  "generations_to_convergence": 40,
  "convergence_history": [
    418.69900030444023,
    371.61526895839006,
    371.61526895839006,
    371.61526895839006,
    368.95951247130915,
    368.95951247130915,
    368.95951247130915,
    368.95951247130915,
    368.95951247130915,
    362.907151330588,
    362.907151330588,
    362.907151330588,
    362.907151330588,
    362.907151330588,
    362.907151330588,
    350.0559579692481,
    350.0559579692481,
    350.0559579692481,
    343.7878391456863,
    343.7878391456863,
    343.7878391456863,
    343.7878391456863,
    343.7878391456863,
    343.7878391456863,
    343.7878391456863,
    343.7878391456863,
    342.1328712871782,
    342.1328712871782,
    342.1328712871782,
    338.0177735805029,
    338.0177735805029,
    338.0177735805029,
    335.8514099460955,
    335.8514099460955,
    335.8514099460955,
    335.8514099460955,
    335.8514099460955,
    335.8514099460955,
    335.8514099460955,
    335.8514099460955,
    328.17393056150365,
    328.17393056150365,
    328.17393056150365,
    328.17393056150365,
    328.17393056150365,
    328.17393056150365,
    328.17393056150365,
    328.17393056150365,
    328.17393056150365,
    328.17393056150365,
    328.17393056150365,
    328.17393056150365,
    328.17393056150365,
    328.17393056150365,
    328.17393056150365,
    328.17393056150365,
    328.17393056150365,
    328.17393056150365,
    328.17393056150365,
    328.17393056150365,
    328.17393056150365,
    328.17393056150365,
    328.17393056150365,
    328.17393056150365,
    328.17393056150365,
    328.17393056150365,
    328.17393056150365,
    328.17393056150365,
    328.17393056150365,
    328.17393056150365,
    328.17393056150365,
    328.17393056150365,
    328.17393056150365,
    328.17393056150365,
    328.17393056150365,
    328.17393056150365,
    328.17393056150365,
    328.17393056150365,
    328.17393056150365,
    328.17393056150365,
    328.17393056150365,
    328.17393056150365,
    328.17393056150365,
    328.17393056150365,
    328.17393056150365,
    328.17393056150365,
    328.17393056150365,
    328.17393056150365,
    328.17393056150365,
    328.17393056150365,
    328.17393056150365,
    328.17393056150365,
    328.17393056150365,
    328.17393056150365,
    328.17393056150365,
    328.17393056150365,
    328.17393056150365,
    328.17393056150365,
    328.17393056150365,
    328.17393056150365,
    328.17393056150365
  ],
  "best_solution": {
    "id": "ga_gen0_3044",
    "instance_id": "synthetic_30c_90q_clustered4_s1627527975",
    "algorithm": "drl_mid_ga",
    "routes": [
      {
        "vehicle_id": 0,
        "customer_sequence": [
          10,
          12,
          9,
          14
        ],
        "total_demand": 90,
        "total_distance": 90.6186918502803
      },
      {
        "vehicle_id": 1,
        "customer_sequence": [
          1,
          21,
          19,
          20,
          15
        ],
        "total_demand": 88,
        "total_distance": 63.65595729457892
      },
      {
        "vehicle_id": 2,
        "customer_sequence": [
          25,
          28,
          26,
          7
        ],
        "total_demand": 89,
        "total_distance": 75.20842347463524
      },
      {
        "vehicle_id": 3,
        "customer_sequence": [
          2,
          23,
          24,
          22,
          4
        ],
        "total_demand": 89,
        "total_distance": 103.21855788180837
      },
      {
        "vehicle_id": 4,
        "customer_sequence": [
          27,
          5,
          18,
          17,
          6
        ],
        "total_demand": 82,
        "total_distance": 99.02590076655991
      },
      {
        "vehicle_id": 5,
        "customer_sequence": [
          8,
          11,
          13,
          3,
          30,
          29
        ],
        "total_demand": 89,
        "total_distance": 209.9546595090368
      },
      {
        "vehicle_id": 6,
        "customer_sequence": [
          16
        ],
        "total_demand": 25,
        "total_distance": 67.83725199270029
      }
    ],
    "total_cost": 328.17393056150365,
    "computation_time": 0.0,
    "is_valid": true,
    "convergence_history": null
  }
}