{
  "instance_id": "synthetic_30c_90q_random_s1848810400",
  "instance_name": "Synthetic Random",
  "instance_size": 30,
  "configuration": "drl_mid_ga",
  "agent_used": "mid",
  "replicate": 2,
  "seed": 508853277,
  "initial_cost": 482.4582371262602,
  "final_cost": 444.03051528984156,
  "improvement_gap": 7.96498409174472,
  "total_time": 21.94677424430847,
  "initialization_time": 21.06714129447937,
  "evolution_time": 0.8796329498291016,
  "generations_run": 100,
  "generations_to_convergence": 9,
  "convergence_history": [
    482.4582371262602,
    482.4582371262602,
    482.4582371262602,
    478.8731355667802,
    453.02537622265015,
    453.02537622265015,
    453.02537622265015,
    450.3060622354908,
    448.64420165034176,
    445.9248876631824,
    445.9248876631824,
    445.9248876631824,
    445.9248876631824,
    445.9248876631824,
    445.9248876631824,
    445.9248876631824,
    445.9248876631824,
    445.9248876631824,
    445.9248876631824,
    445.9248876631824,
    445.9248876631824,
    445.9248876631824,
    445.9248876631824,
    445.9248876631824,
    445.9248876631824,
    445.9248876631824,
    445.9248876631824,
    445.9248876631824,
    445.9248876631824,
    445.9248876631824,
    445.9248876631824,
    445.9248876631824,
    444.03051528984156,
    444.03051528984156,
    444.03051528984156,
    444.03051528984156,
    444.03051528984156,
    444.03051528984156,
    444.03051528984156,
    444.03051528984156,
    444.03051528984156,
    444.03051528984156,
    444.03051528984156,
    444.03051528984156,
    444.03051528984156,
    444.03051528984156,
    444.03051528984156,
    444.03051528984156,
    444.03051528984156,
    444.03051528984156,
    444.03051528984156,
    444.03051528984156,
    444.03051528984156,
    444.03051528984156,
    444.03051528984156,
    444.03051528984156,
    444.03051528984156,
    444.03051528984156,
    444.03051528984156,
    444.03051528984156,
    444.03051528984156,
    444.03051528984156,
    444.03051528984156,
    444.03051528984156,
    444.03051528984156,
    444.03051528984156,
    444.03051528984156,
    444.03051528984156,
    444.03051528984156,
    444.03051528984156,
    444.03051528984156,
    444.03051528984156,
    444.03051528984156,
    444.03051528984156,
    444.03051528984156,
    444.03051528984156,
    444.03051528984156,
    444.03051528984156,
    444.03051528984156,
    444.03051528984156,
    444.03051528984156,
    444.03051528984156,
    444.03051528984156,
    444.03051528984156,
    444.03051528984156,
    444.03051528984156,
    444.03051528984156,
    444.03051528984156,
    444.03051528984156,
    444.03051528984156,
    444.03051528984156,
    444.03051528984156,
    444.03051528984156,
    444.03051528984156,
    444.03051528984156,
    444.03051528984156,
    444.03051528984156,
    444.03051528984156,
    444.03051528984156,
    444.03051528984156,
    444.03051528984156
  ],
  "best_solution": {
    "id": "ga_gen0_3607",
    "instance_id": "synthetic_30c_90q_random_s1848810400",
    "algorithm": "drl_mid_ga",
    "routes": [
      {
        "vehicle_id": 0,
        "customer_sequence": [
          24,
          17,
          8,
          4
        ],
        "total_demand": 89,
        "total_distance": 132.75406436221675
      },
      {
        "vehicle_id": 1,
        "customer_sequence": [
          16,
          12,
          27,
          23,
          30
        ],
        "total_demand": 90,
        "total_distance": 100.01135264033678
      },
      {
        "vehicle_id": 2,
        "customer_sequence": [
          21,
          22,
          13,
          6
        ],
        "total_demand": 87,
        "total_distance": 154.7799390717426
      },
      {
        "vehicle_id": 3,
        "customer_sequence": [
          11,
          29,
          10,
          1,
          5,
          25
        ],
        "total_demand": 90,
        "total_distance": 188.70914256851842
      },
      {
        "vehicle_id": 4,
        "customer_sequence": [
          14,
          28,
          18,
          19,
          7,
          15
        ],
        "total_demand": 87,
        "total_distance": 123.25493945384522
      },
      {
        "vehicle_id": 5,
        "customer_sequence": [
          3,
          20,
          26,
          2,
          9
        ],
        "total_demand": 44,
        "total_distance": 221.16663103986258
      }
    ],
    "total_cost": 444.03051528984156,
    "computation_time": 0.0,
    "is_valid": true,
    "convergence_history": null
  }
}