{
  "instance_id": "synthetic_150c_525q_clustered6_s1716751590",
  "instance_name": "Synthetic Clustered",
  "instance_size": 150,
  "configuration": "drl_mid_ga",
  "agent_used": "mid",
  "replicate": 5,
  "seed": 1770216648,
  "initial_cost": 1841.0271197004631,
  "final_cost": 1577.1885473042487,
  "improvement_gap": 14.331053006929153,
  "total_time": 383.71215653419495,
  "initialization_time": 359.9814193248749,
  "evolution_time": 23.73073720932007,
  "generations_run": 100,
  "generations_to_convergence": null,
  "convergence_history": [
    1841.0271197004631,
    1841.0271197004631,
    1841.0271197004631,
    1841.0271197004631,
    1841.0271197004631,
    1829.811769559133,
    1787.9061022587125,
    1785.5614956338716,
    1785.5614956338716,
    1785.5614956338716,
    1776.6907521173823,
    1772.489093133703,
    1771.164343599866,
    1771.164343599866,
    1766.5998725897884,
    1766.5998725897884,
    1765.2751230559513,
    1765.2751230559513,
    1765.2751230559513,
    1760.0287678291131,
    1760.0287678291131,
    1756.6709399852118,
    1756.6709399852118,
    1756.6709399852118,
    1756.6709399852118,
    1756.6709399852118,
    1756.6709399852118,
    1756.6709399852118,
    1756.6709399852118,
    1756.6709399852118,
    1755.1247791976214,
    1755.1247791976214,
    1755.1247791976214,
    1723.6515730820772,
    1723.6515730820772,
    1723.6515730820772,
    1723.6515730820772,
    1723.6515730820772,
    1721.4602713916354,
    1721.4602713916354,
    1721.4602713916354,
    1721.4602713916354,
    1714.6098336016641,
    1711.7256062193628,
    1695.4639597857265,
    1695.4639597857265,
    1685.729294613454,
    1685.729294613454,
    1664.4733958873378,
    1664.4733958873378,
    1663.658402104945,
    1663.658402104945,
    1660.3931137687364,
    1659.5781199863436,
    1653.8930858332662,
    1653.8930858332662,
    1653.8930858332662,
    1649.812803714665,
    1646.2708662136954,
    1646.2708662136954,
    1646.2708662136954,
    1644.05264884739,
    1644.05264884739,
    1643.1010175496442,
    1642.7800639048394,
    1639.1869262440612,
    1639.1869262440612,
    1639.133394306322,
    1636.153715095363,
    1636.153715095363,
    1635.3115410276016,
    1635.3115410276016,
    1631.7357471715407,
    1631.7357471715407,
    1631.7357471715407,
    1628.2678334319196,
    1628.2678334319196,
    1628.2678334319196,
    1621.8183596685228,
    1621.8183596685228,
    1621.8183596685228,
    1621.8183596685228,
    1620.3578869652822,
    1620.3578869652822,
    1620.3578869652822,
    1614.9828257762695,
    1614.9828257762695,
    1614.9828257762695,
    1611.5918876734156,
    1611.5918876734156,
    1610.766548601761,
    1610.766548601761,
    1610.766548601761,
    1610.4723803730112,
    1577.1885473042487,
    1577.1885473042487,
    1577.1885473042487,
    1577.1885473042487,
    1577.1885473042487,
    1577.1885473042487,
    1577.1885473042487
  ],
  "best_solution": {
    "id": "ga_gen0_2822",
    "instance_id": "synthetic_150c_525q_clustered6_s1716751590",
    "algorithm": "drl_mid_ga",
    "routes": [
      {
        "vehicle_id": 0,
        "customer_sequence": [
          47,
          37,
          36,
          28,
          50,
          33,
          39,
          23,
          77,
          14,
          82,
          25,
          8,
          2,
          90,
          17,
          95,
          86,
          150,
          142,
          132,
          126,
          41,
          31,
          35,
          57,
          122
        ],
        "total_demand": 525,
        "total_distance": 343.86717073514023
      },
      {
        "vehicle_id": 1,
        "customer_sequence": [
          110,
          94,
          115,
          51,
          102,
          105,
          112,
          70,
          128,
          129,
          130,
          125,
          52,
          104,
          138,
          145,
          133,
          135,
          127,
          107,
          109,
          74,
          72,
          64,
          139,
          91,
          100,
          89,
          96
        ],
        "total_demand": 523,
        "total_distance": 420.8579153196567
      },
      {
        "vehicle_id": 2,
        "customer_sequence": [
          12,
          6,
          76,
          16,
          81,
          66,
          134,
          65,
          103,
          108,
          54,
          136,
          146,
          149,
          131,
          140,
          144,
          137,
          148,
          78,
          120,
          147,
          113,
          143,
          93,
          4
        ],
        "total_demand": 524,
        "total_distance": 303.8846974953307
      },
      {
        "vehicle_id": 3,
        "customer_sequence": [
          30,
          85,
          7,
          84,
          18,
          15,
          9,
          97,
          21,
          88,
          99,
          141,
          116,
          83,
          119,
          124,
          114,
          117,
          60,
          73,
          58,
          63,
          75,
          34,
          98,
          19,
          87,
          29,
          1,
          13,
          11,
          5
        ],
        "total_demand": 523,
        "total_distance": 352.5451862486902
      },
      {
        "vehicle_id": 4,
        "customer_sequence": [
          101,
          111,
          67,
          71,
          123,
          26,
          61,
          62,
          56,
          68,
          55,
          121,
          80,
          106,
          44,
          79,
          46,
          118,
          43,
          49,
          10,
          3,
          20,
          92,
          24,
          32,
          45,
          27,
          38,
          42,
          40,
          48
        ],
        "total_demand": 520,
        "total_distance": 372.23703468054316
      },
      {
        "vehicle_id": 5,
        "customer_sequence": [
          22,
          53,
          69,
          59
        ],
        "total_demand": 75,
        "total_distance": 153.10207370661794
      }
    ],
    "total_cost": 1577.1885473042487,
    "computation_time": 0.0,
    "is_valid": true,
    "convergence_history": null
  }
}