{
  "instance_id": "synthetic_50c_150q_clustered4_s1394648208",
  "instance_name": "Synthetic Clustered",
  "instance_size": 50,
  "configuration": "drl_mid_ga",
  "agent_used": "mid",
  "replicate": 4,
  "seed": 1699671842,
  "initial_cost": 599.0089136393045,
  "final_cost": 431.3664660311458,
  "improvement_gap": 27.98663655764983,
  "total_time": 50.07589769363403,
  "initialization_time": 47.90271258354187,
  "evolution_time": 2.173185110092163,
  "generations_run": 100,
  "generations_to_convergence": 73,
  "convergence_history": [
    599.0089136393045,
    585.8393179977938,
    585.8393179977938,
    585.8393179977938,
    585.8393179977938,
    568.1663786854012,
    546.899044759029,
    546.899044759029,
    540.4507187730924,
    540.4507187730924,
    514.75970478761,
    514.75970478761,
    512.7895488131433,
    507.76777679986156,
    505.29266755376386,
    505.29266755376386,
    505.17240067913554,
    503.09163488022045,
    491.9665992017021,
    491.7084520008683,
    491.7084520008683,
    490.3261409188358,
    490.3261409188358,
    480.19947354341787,
    480.03671386704445,
    480.03671386704445,
    476.980209308692,
    474.4299713812558,
    474.4299713812558,
    471.2107071465299,
    468.89229045178246,
    468.89229045178246,
    465.4850957160061,
    463.4719935435131,
    463.4719935435131,
    459.9474147865327,
    459.9474147865327,
    457.7463821129893,
    457.0502719860092,
    457.0502719860092,
    457.0502719860092,
    452.32957330100146,
    448.19867233769656,
    448.19867233769656,
    448.19867233769656,
    448.19867233769656,
    448.19867233769656,
    442.54653069854555,
    442.54653069854555,
    442.54653069854555,
    441.5481623954451,
    440.3350380111908,
    437.0646416809839,
    437.0646416809839,
    437.0646416809839,
    434.8531489936292,
    434.8531489936292,
    434.8531489936292,
    433.8368119018012,
    433.8368119018012,
    433.8368119018012,
    432.0686809093558,
    432.0686809093558,
    432.0686809093558,
    432.0686809093558,
    432.0686809093558,
    432.0686809093558,
    432.0686809093558,
    432.0686809093558,
    432.0686809093558,
    432.0686809093558,
    432.0686809093558,
    432.0686809093558,
    431.3664660311458,
    431.3664660311458,
    431.3664660311458,
    431.3664660311458,
    431.3664660311458,
    431.3664660311458,
    431.3664660311458,
    431.3664660311458,
    431.3664660311458,
    431.3664660311458,
    431.3664660311458,
    431.3664660311458,
    431.3664660311458,
    431.3664660311458,
    431.3664660311458,
    431.3664660311458,
    431.3664660311458,
    431.3664660311458,
    431.3664660311458,
    431.3664660311458,
    431.3664660311458,
    431.3664660311458,
    431.3664660311458,
    431.3664660311458,
    431.3664660311458,
    431.3664660311458,
    431.3664660311458,
    431.3664660311458
  ],
  "best_solution": {
    "id": "ga_gen0_8397",
    "instance_id": "synthetic_50c_150q_clustered4_s1394648208",
    "algorithm": "drl_mid_ga",
    "routes": [
      {
        "vehicle_id": 0,
        "customer_sequence": [
          7,
          6,
          5,
          34,
          21,
          31,
          28
        ],
        "total_demand": 130,
        "total_distance": 90.38483836003722
      },
      {
        "vehicle_id": 1,
        "customer_sequence": [
          11,
          3,
          20,
          23,
          18,
          19,
          4
        ],
        "total_demand": 147,
        "total_distance": 82.91168732961994
      },
      {
        "vehicle_id": 2,
        "customer_sequence": [
          26,
          48,
          38,
          41,
          29,
          44,
          49,
          50
        ],
        "total_demand": 140,
        "total_distance": 172.3863025629014
      },
      {
        "vehicle_id": 3,
        "customer_sequence": [
          25,
          47,
          42,
          10,
          33,
          1,
          13
        ],
        "total_demand": 127,
        "total_distance": 60.99077141575999
      },
      {
        "vehicle_id": 4,
        "customer_sequence": [
          16,
          24,
          14,
          22,
          15,
          30,
          27,
          36,
          40,
          46
        ],
        "total_demand": 149,
        "total_distance": 136.20183418996902
      },
      {
        "vehicle_id": 5,
        "customer_sequence": [
          35,
          32,
          39,
          37,
          43,
          45,
          2,
          9,
          12,
          8
        ],
        "total_demand": 133,
        "total_distance": 178.48726068717724
      },
      {
        "vehicle_id": 6,
        "customer_sequence": [
          17
        ],
        "total_demand": 28,
        "total_distance": 76.2741807380195
      }
    ],
    "total_cost": 431.3664660311458,
    "computation_time": 0.0,
    "is_valid": true,
    "convergence_history": null
  }
}