{
  "instance_id": "synthetic_50c_150q_random_s2054244932",
  "instance_name": "Synthetic Random",
  "instance_size": 50,
  "configuration": "drl_mid_ga",
  "agent_used": "mid",
  "replicate": 1,
  "seed": 1054974007,
  "initial_cost": 969.061194121637,
  "final_cost": 848.5973437084838,
  "improvement_gap": 12.430984869055907,
  "total_time": 51.7315456867218,
  "initialization_time": 49.5831344127655,
  "evolution_time": 2.148411273956299,
  "generations_run": 100,
  "generations_to_convergence": 40,
  "convergence_history": [
    969.061194121637,
    969.061194121637,
    969.061194121637,
    969.061194121637,
    969.061194121637,
    958.1783645637164,
    958.1783645637164,
    958.1783645637164,
    949.7806614315533,
    947.3600449023023,
    938.8978318736328,
    924.4762789215612,
    924.4762789215612,
    924.4762789215612,
    916.8639260003273,
    913.2632373861767,
    905.6508844649428,
    905.6508844649428,
    900.6486042589372,
    900.6486042589372,
    900.6486042589372,
    896.8091123772272,
    891.0414030464638,
    887.2019111647538,
    887.2019111647538,
    883.681827797229,
    883.681827797229,
    883.681827797229,
    883.681827797229,
    883.681827797229,
    883.681827797229,
    874.3355911445946,
    874.3355911445946,
    874.3355911445946,
    874.3355911445946,
    874.3355911445946,
    871.6946518746362,
    871.1651800703784,
    871.1651800703784,
    871.1651800703784,
    868.52424080042,
    868.52424080042,
    868.52424080042,
    868.52424080042,
    868.52424080042,
    868.52424080042,
    868.52424080042,
    868.52424080042,
    868.52424080042,
    868.52424080042,
    868.52424080042,
    868.52424080042,
    868.52424080042,
    868.52424080042,
    868.52424080042,
    868.52424080042,
    868.52424080042,
    868.52424080042,
    868.52424080042,
    868.52424080042,
    868.52424080042,
    868.52424080042,
    868.52424080042,
    868.52424080042,
    860.3738581702174,
    860.3738581702174,
    860.3738581702174,
    860.3738581702174,
    860.3738581702174,
    860.3738581702174,
    856.9115487489588,
    856.9115487489588,
    856.9115487489588,
    856.9115487489588,
    856.9115487489588,
    856.9115487489588,
    856.9115487489588,
    856.9115487489588,
    856.9115487489588,
    856.9115487489588,
    856.9115487489588,
    856.9115487489588,
    856.9115487489588,
    856.9115487489588,
    856.9115487489588,
    855.3410058164411,
    855.3410058164411,
    855.3410058164411,
    855.3410058164411,
    855.3410058164411,
    855.3410058164411,
    848.5973437084838,
    848.5973437084838,
    848.5973437084838,
    848.5973437084838,
    848.5973437084838,
    848.5973437084838,
    848.5973437084838,
    848.5973437084838,
    848.5973437084838,
    848.5973437084838
  ],
  "best_solution": {
    "id": "ga_gen0_5824",
    "instance_id": "synthetic_50c_150q_random_s2054244932",
    "algorithm": "drl_mid_ga",
    "routes": [
      {
        "vehicle_id": 0,
        "customer_sequence": [
          46,
          10,
          44,
          40,
          3,
          50,
          36
        ],
        "total_demand": 148,
        "total_distance": 199.7211519875663
      },
      {
        "vehicle_id": 1,
        "customer_sequence": [
          35,
          38,
          39,
          15,
          34,
          5,
          49,
          27
        ],
        "total_demand": 150,
        "total_distance": 230.2356130967602
      },
      {
        "vehicle_id": 2,
        "customer_sequence": [
          19,
          33,
          28,
          6,
          7,
          45,
          32,
          23,
          31,
          48
        ],
        "total_demand": 146,
        "total_distance": 261.2654344894248
      },
      {
        "vehicle_id": 3,
        "customer_sequence": [
          9,
          12,
          47,
          16,
          25,
          22,
          41,
          42,
          29
        ],
        "total_demand": 150,
        "total_distance": 250.31471761671568
      },
      {
        "vehicle_id": 4,
        "customer_sequence": [
          17,
          24,
          37,
          13,
          43,
          4,
          20,
          8,
          2,
          21
        ],
        "total_demand": 150,
        "total_distance": 249.13359354517726
      },
      {
        "vehicle_id": 5,
        "customer_sequence": [
          18,
          1,
          30,
          14,
          11,
          26
        ],
        "total_demand": 98,
        "total_distance": 143.60705247900515
      }
    ],
    "total_cost": 848.5973437084838,
    "computation_time": 0.0,
    "is_valid": true,
    "convergence_history": null
  }
}