{
  "instance_id": "synthetic_150c_525q_random_s2090336853",
  "instance_name": "Synthetic Random",
  "instance_size": 150,
  "configuration": "drl_mid_ga",
  "agent_used": "mid",
  "replicate": 4,
  "seed": 238225395,
  "initial_cost": 2194.442861065162,
  "final_cost": 1905.318193703331,
  "improvement_gap": 13.17531080401395,
  "total_time": 382.4048912525177,
  "initialization_time": 358.6335105895996,
  "evolution_time": 23.77138066291809,
  "generations_run": 100,
  "generations_to_convergence": null,
  "convergence_history": [
    2194.442861065162,
    2194.442861065162,
    2194.442861065162,
    2194.442861065162,
    2194.442861065162,
    2194.442861065162,
    2194.442861065162,
    2194.442861065162,
    2193.73864799222,
    2172.664953993102,
    2172.664953993102,
    2172.664953993102,
    2105.4264782108203,
    2105.4264782108203,
    2069.87743578829,
    2069.87743578829,
    2062.2669168148886,
    2062.2669168148886,
    2059.7854323407623,
    2049.4624660930235,
    2049.4624660930235,
    2046.9809816188974,
    2046.9809816188974,
    2046.9809816188974,
    2046.4653418048833,
    2004.3712982568616,
    2004.3712982568616,
    2004.3712982568616,
    2002.607690254759,
    2002.607690254759,
    2002.607690254759,
    2002.607690254759,
    2002.607690254759,
    2002.607690254759,
    2002.607690254759,
    2002.607690254759,
    2002.607690254759,
    2002.607690254759,
    2002.607690254759,
    2002.607690254759,
    2002.607690254759,
    1997.6225859659621,
    1997.6225859659621,
    1991.3228513352137,
    1991.3228513352137,
    1991.3228513352137,
    1954.1429763406065,
    1954.1429763406065,
    1950.7530105918945,
    1950.7530105918945,
    1946.3857442881665,
    1946.3857442881665,
    1946.3857442881665,
    1940.8333892411313,
    1940.8333892411313,
    1940.8333892411313,
    1940.8333892411313,
    1940.8333892411313,
    1938.7560477257277,
    1930.3298804689005,
    1930.3298804689005,
    1930.3298804689005,
    1928.252538953497,
    1928.252538953497,
    1928.252538953497,
    1928.252538953497,
    1928.252538953497,
    1928.252538953497,
    1928.252538953497,
    1928.22460011845,
    1928.22460011845,
    1928.22460011845,
    1928.22460011845,
    1926.1379736172014,
    1926.1379736172014,
    1926.1379736172014,
    1926.1379736172014,
    1926.011213242043,
    1924.5712093994666,
    1924.5712093994666,
    1924.4444490243081,
    1924.4444490243081,
    1924.4444490243081,
    1924.4444490243081,
    1924.4444490243081,
    1924.4444490243081,
    1924.4444490243081,
    1924.4301134584043,
    1924.4301134584043,
    1924.4301134584043,
    1924.4301134584043,
    1924.4301134584043,
    1924.2883988153962,
    1924.2883988153962,
    1924.2883988153962,
    1924.2883988153962,
    1924.2883988153962,
    1924.2883988153962,
    1912.453180089612,
    1905.318193703331,
    1905.318193703331
  ],
  "best_solution": {
    "id": "ga_gen0_5993",
    "instance_id": "synthetic_150c_525q_random_s2090336853",
    "algorithm": "drl_mid_ga",
    "routes": [
      {
        "vehicle_id": 0,
        "customer_sequence": [
          73,
          105,
          136,
          25,
          120,
          84,
          20,
          94,
          124,
          83,
          9,
          130,
          34,
          72,
          36,
          109,
          90,
          140,
          28,
          92,
          102,
          111,
          50,
          118,
          49,
          77,
          61,
          119,
          30
        ],
        "total_demand": 521,
        "total_distance": 355.84660446715986
      },
      {
        "vehicle_id": 1,
        "customer_sequence": [
          42,
          24,
          98,
          38,
          69,
          39,
          99,
          147,
          128,
          67,
          142,
          53,
          64,
          148,
          70,
          74,
          96,
          122,
          141,
          13,
          91,
          22,
          135,
          17,
          117,
          21
        ],
        "total_demand": 525,
        "total_distance": 260.64931322464076
      },
      {
        "vehicle_id": 2,
        "customer_sequence": [
          103,
          27,
          93,
          46,
          3,
          132,
          1,
          87,
          60,
          79,
          110,
          23,
          150,
          129,
          11,
          82,
          33,
          127,
          58,
          45,
          144,
          126,
          76,
          116,
          63,
          112,
          108
        ],
        "total_demand": 524,
        "total_distance": 560.0118364006345
      },
      {
        "vehicle_id": 3,
        "customer_sequence": [
          123,
          15,
          59,
          114,
          121,
          143,
          104,
          5,
          47,
          18,
          146,
          8,
          52,
          113,
          65,
          51,
          97,
          55,
          44,
          106,
          88,
          29,
          100,
          12,
          6,
          10,
          80,
          107
        ],
        "total_demand": 525,
        "total_distance": 363.9311170791936
      },
      {
        "vehicle_id": 4,
        "customer_sequence": [
          85,
          16,
          131,
          32,
          71,
          75,
          43,
          2,
          145,
          14,
          101,
          89,
          54,
          81,
          66,
          40,
          35,
          95,
          78,
          31,
          125,
          41,
          134,
          56,
          62,
          138,
          133,
          68,
          4,
          48,
          137
        ],
        "total_demand": 520,
        "total_distance": 532.9593472397653
      },
      {
        "vehicle_id": 5,
        "customer_sequence": [
          115,
          149,
          26,
          139,
          19,
          37,
          57,
          7,
          86
        ],
        "total_demand": 113,
        "total_distance": 215.89405134518785
      }
    ],
    "total_cost": 1905.318193703331,
    "computation_time": 0.0,
    "is_valid": true,
    "convergence_history": null
  }
}