{
  "instance_id": "synthetic_30c_90q_random_s1892812490",
  "instance_name": "Synthetic Random",
  "instance_size": 30,
  "configuration": "drl_mid_ga",
  "agent_used": "mid",
  "replicate": 5,
  "seed": 276513521,
  "initial_cost": 617.9520349223011,
  "final_cost": 552.8666261435586,
  "improvement_gap": 10.532437001672154,
  "total_time": 21.479555130004883,
  "initialization_time": 20.629265308380127,
  "evolution_time": 0.8502898216247559,
  "generations_run": 100,
  "generations_to_convergence": 15,
  "convergence_history": [
    617.9520349223011,
    613.5127653914792,
    613.5127653914792,
    613.5127653914792,
    613.5127653914792,
    610.6465170452766,
    605.8150969241815,
    602.1311122178879,
    597.691842687066,
    586.6313434265262,
    578.0814007635732,
    572.4770680670514,
    572.4770680670514,
    568.5840148845747,
    568.5840148845747,
    552.8666261435586,
    552.8666261435586,
    552.8666261435586,
    552.8666261435586,
    552.8666261435586,
    552.8666261435586,
    552.8666261435586,
    552.8666261435586,
    552.8666261435586,
    552.8666261435586,
    552.8666261435586,
    552.8666261435586,
    552.8666261435586,
    552.8666261435586,
    552.8666261435586,
    552.8666261435586,
    552.8666261435586,
    552.8666261435586,
    552.8666261435586,
    552.8666261435586,
    552.8666261435586,
    552.8666261435586,
    552.8666261435586,
    552.8666261435586,
    552.8666261435586,
    552.8666261435586,
    552.8666261435586,
    552.8666261435586,
    552.8666261435586,
    552.8666261435586,
    552.8666261435586,
    552.8666261435586,
    552.8666261435586,
    552.8666261435586,
    552.8666261435586,
    552.8666261435586,
    552.8666261435586,
    552.8666261435586,
    552.8666261435586,
    552.8666261435586,
    552.8666261435586,
    552.8666261435586,
    552.8666261435586,
    552.8666261435586,
    552.8666261435586,
    552.8666261435586,
    552.8666261435586,
    552.8666261435586,
    552.8666261435586,
    552.8666261435586,
    552.8666261435586,
    552.8666261435586,
    552.8666261435586,
    552.8666261435586,
    552.8666261435586,
    552.8666261435586,
    552.8666261435586,
    552.8666261435586,
    552.8666261435586,
    552.8666261435586,
    552.8666261435586,
    552.8666261435586,
    552.8666261435586,
    552.8666261435586,
    552.8666261435586,
    552.8666261435586,
    552.8666261435586,
    552.8666261435586,
    552.8666261435586,
    552.8666261435586,
    552.8666261435586,
    552.8666261435586,
    552.8666261435586,
    552.8666261435586,
    552.8666261435586,
    552.8666261435586,
    552.8666261435586,
    552.8666261435586,
    552.8666261435586,
    552.8666261435586,
    552.8666261435586,
    552.8666261435586,
    552.8666261435586,
    552.8666261435586,
    552.8666261435586,
    552.8666261435586
  ],
  "best_solution": {
    "id": "ga_gen0_4688",
    "instance_id": "synthetic_30c_90q_random_s1892812490",
    "algorithm": "drl_mid_ga",
    "routes": [
      {
        "vehicle_id": 0,
        "customer_sequence": [
          9,
          4,
          13,
          16
        ],
        "total_demand": 89,
        "total_distance": 98.48821214117638
      },
      {
        "vehicle_id": 1,
        "customer_sequence": [
          15,
          3,
          21,
          23,
          5,
          18,
          17
        ],
        "total_demand": 89,
        "total_distance": 188.67816596554277
      },
      {
        "vehicle_id": 2,
        "customer_sequence": [
          10,
          30,
          2,
          11
        ],
        "total_demand": 88,
        "total_distance": 136.52144444304537
      },
      {
        "vehicle_id": 3,
        "customer_sequence": [
          22,
          1,
          29,
          28
        ],
        "total_demand": 85,
        "total_distance": 189.09993899284214
      },
      {
        "vehicle_id": 4,
        "customer_sequence": [
          27,
          20,
          12,
          6,
          25,
          7
        ],
        "total_demand": 88,
        "total_distance": 227.34805637587218
      },
      {
        "vehicle_id": 5,
        "customer_sequence": [
          8,
          26,
          24,
          19
        ],
        "total_demand": 76,
        "total_distance": 196.39617659887358
      },
      {
        "vehicle_id": 6,
        "customer_sequence": [
          14
        ],
        "total_demand": 16,
        "total_distance": 104.29497365104349
      }
    ],
    "total_cost": 552.8666261435586,
    "computation_time": 0.0,
    "is_valid": true,
    "convergence_history": null
  }
}