{
  "instance_id": "synthetic_100c_300q_random_s1779751512",
  "instance_name": "Synthetic Random",
  "instance_size": 100,
  "configuration": "drl_mid_ga",
  "agent_used": "mid",
  "replicate": 5,
  "seed": 1230802019,
  "initial_cost": 1792.6176981155375,
  "final_cost": 1364.1505100400814,
  "improvement_gap": 23.90176045488538,
  "total_time": 176.77890372276306,
  "initialization_time": 166.0863561630249,
  "evolution_time": 10.69254755973816,
  "generations_run": 100,
  "generations_to_convergence": null,
  "convergence_history": [
    1792.6176981155375,
    1792.6176981155375,
    1792.6176981155375,
    1792.6176981155375,
    1792.6176981155375,
    1792.6176981155375,
    1738.8701415198454,
    1738.8701415198454,
    1738.8701415198454,
    1611.1047812571837,
    1611.1047812571837,
    1611.1047812571837,
    1605.2275638634828,
    1605.2275638634828,
    1605.2275638634828,
    1605.2275638634828,
    1605.2275638634828,
    1585.8302510031606,
    1582.5251222650177,
    1582.5251222650177,
    1582.523643872369,
    1576.1676550875488,
    1576.1676550875488,
    1576.1676550875488,
    1576.1676550875488,
    1573.3403130803722,
    1573.3403130803722,
    1571.743877616787,
    1571.6122717270705,
    1562.0799672949265,
    1558.4734494505703,
    1555.8345641527048,
    1548.9411450184264,
    1542.1449028143802,
    1540.5546582231323,
    1527.4158359466323,
    1527.4158359466323,
    1527.4158359466323,
    1526.3165302831235,
    1519.279266579509,
    1519.279266579509,
    1519.279266579509,
    1513.1591356410797,
    1513.1591356410797,
    1487.9281415813791,
    1487.9281415813791,
    1479.7139255342627,
    1464.3374254991636,
    1464.3374254991636,
    1464.3374254991636,
    1464.3374254991636,
    1464.3374254991636,
    1464.3374254991636,
    1463.2381198356547,
    1463.2381198356547,
    1462.3327506449075,
    1462.3327506449075,
    1462.3327506449075,
    1462.3327506449075,
    1462.3327506449075,
    1462.3327506449075,
    1462.3327506449075,
    1462.3327506449075,
    1462.3327506449075,
    1458.4907511181382,
    1458.4907511181382,
    1458.4907511181382,
    1458.4907511181382,
    1458.4907511181382,
    1435.1200302860668,
    1435.1200302860668,
    1435.1200302860668,
    1435.1200302860668,
    1435.1200302860668,
    1435.1200302860668,
    1433.6219958613617,
    1431.2991061758962,
    1431.2991061758962,
    1429.801071751191,
    1429.6123695911779,
    1429.6123695911779,
    1429.6123695911779,
    1429.6123695911779,
    1399.1128734834074,
    1396.3412904010102,
    1392.304615342191,
    1391.5349494585257,
    1391.5349494585257,
    1388.7633663761285,
    1384.7266913173096,
    1384.7266913173096,
    1384.7266913173096,
    1384.7266913173096,
    1378.0696787205347,
    1378.0696787205347,
    1378.0696787205347,
    1378.0696787205347,
    1378.0696787205347,
    1378.0696787205347,
    1364.1505100400814,
    1364.1505100400814
  ],
  "best_solution": {
    "id": "ga_gen0_8488",
    "instance_id": "synthetic_100c_300q_random_s1779751512",
    "algorithm": "drl_mid_ga",
    "routes": [
      {
        "vehicle_id": 0,
        "customer_sequence": [
          83,
          1,
          17,
          58,
          67,
          74,
          15,
          49,
          66,
          90,
          24,
          23,
          43,
          97
        ],
        "total_demand": 288,
        "total_distance": 170.2999929933654
      },
      {
        "vehicle_id": 1,
        "customer_sequence": [
          100,
          93,
          40,
          99,
          84,
          3,
          94,
          45,
          78,
          27,
          96,
          46,
          35,
          92,
          89
        ],
        "total_demand": 296,
        "total_distance": 281.6886760578781
      },
      {
        "vehicle_id": 2,
        "customer_sequence": [
          42,
          98,
          51,
          14,
          69,
          80,
          41,
          21,
          63,
          61,
          87,
          2,
          13,
          6,
          76,
          73,
          50,
          30,
          5
        ],
        "total_demand": 297,
        "total_distance": 348.14689275117473
      },
      {
        "vehicle_id": 3,
        "customer_sequence": [
          19,
          44,
          65,
          77,
          48,
          34,
          16,
          9,
          53,
          47,
          7,
          62,
          60,
          88,
          39,
          95,
          55,
          22
        ],
        "total_demand": 291,
        "total_distance": 306.97297291294933
      },
      {
        "vehicle_id": 4,
        "customer_sequence": [
          54,
          12,
          18,
          25,
          64,
          11,
          33,
          59,
          56,
          81,
          36,
          72,
          28,
          70,
          85,
          4,
          32
        ],
        "total_demand": 296,
        "total_distance": 304.07891243852157
      },
      {
        "vehicle_id": 5,
        "customer_sequence": [
          57,
          71,
          68,
          8,
          20,
          31,
          29,
          37,
          82,
          79,
          52,
          10,
          86,
          91,
          38,
          75,
          26
        ],
        "total_demand": 239,
        "total_distance": 352.8530973588936
      }
    ],
    "total_cost": 1364.1505100400814,
    "computation_time": 0.0,
    "is_valid": true,
    "convergence_history": null
  }
}