{
  "instance_id": "synthetic_150c_525q_random_s232021832",
  "instance_name": "Synthetic Random",
  "instance_size": 150,
  "configuration": "drl_mid_ga",
  "agent_used": "mid",
  "replicate": 5,
  "seed": 1240719907,
  "initial_cost": 2695.8605463677636,
  "final_cost": 2109.637965216888,
  "improvement_gap": 21.745285821283144,
  "total_time": 371.7102098464966,
  "initialization_time": 348.588073015213,
  "evolution_time": 23.12213683128357,
  "generations_run": 100,
  "generations_to_convergence": null,
  "convergence_history": [
    2695.8605463677636,
    2695.8605463677636,
    2695.8605463677636,
    2695.8605463677636,
    2600.3159909051296,
    2600.3159909051296,
    2597.552982190232,
    2597.552982190232,
    2597.552982190232,
    2544.1799545496674,
    2544.1799545496674,
    2516.3612656914,
    2516.3612656914,
    2476.2855397448348,
    2476.2855397448348,
    2455.8012008938376,
    2455.8012008938376,
    2454.4851191485254,
    2454.4851191485254,
    2454.4851191485254,
    2453.1254397886387,
    2453.1254397886387,
    2437.4149504526713,
    2436.0552710927846,
    2430.093681914627,
    2430.093681914627,
    2428.7340025547396,
    2428.5688208669512,
    2422.3121742034414,
    2415.210162191111,
    2415.210162191111,
    2415.210162191111,
    2414.4052895074,
    2414.4052895074,
    2404.313583572501,
    2404.313583572501,
    2404.313583572501,
    2401.1353636049666,
    2401.1353636049666,
    2388.3995534504293,
    2388.3995534504293,
    2388.3995534504293,
    2388.3995534504293,
    2334.497951861927,
    2334.497951861927,
    2334.497951861927,
    2334.497951861927,
    2328.7193343414865,
    2328.7193343414865,
    2328.7193343414865,
    2312.640485589727,
    2272.0915507222953,
    2270.3969921268967,
    2256.012701970536,
    2254.318143375138,
    2254.318143375138,
    2254.318143375138,
    2236.6056442005274,
    2236.6056442005274,
    2236.6056442005274,
    2232.409890856576,
    2232.409890856576,
    2232.409890856576,
    2232.409890856576,
    2230.1258184945123,
    2230.1258184945123,
    2225.242896954415,
    2225.242896954415,
    2225.242896954415,
    2225.242896954415,
    2222.9588245923505,
    2215.8091115240873,
    2215.8091115240873,
    2213.525039162023,
    2213.525039162023,
    2213.525039162023,
    2213.525039162023,
    2213.525039162023,
    2213.525039162023,
    2213.525039162023,
    2213.525039162023,
    2213.525039162023,
    2213.525039162023,
    2213.525039162023,
    2210.381309573234,
    2210.381309573234,
    2210.381309573234,
    2208.53127134525,
    2208.53127134525,
    2208.53127134525,
    2206.928846489727,
    2195.988760069297,
    2195.988760069297,
    2195.988760069297,
    2195.988760069297,
    2195.988760069297,
    2195.988760069297,
    2120.2574156179953,
    2120.2574156179953,
    2117.967655877275,
    2109.637965216888
  ],
  "best_solution": {
    "id": "ga_gen0_4886",
    "instance_id": "synthetic_150c_525q_random_s232021832",
    "algorithm": "drl_mid_ga",
    "routes": [
      {
        "vehicle_id": 0,
        "customer_sequence": [
          136,
          35,
          90,
          128,
          15,
          2,
          84,
          18,
          20,
          123,
          88,
          100,
          46,
          81,
          55,
          132,
          14,
          149,
          138,
          42,
          43,
          40,
          112,
          41,
          102,
          12,
          148,
          62,
          68,
          107,
          140
        ],
        "total_demand": 523,
        "total_distance": 489.05430071067155
      },
      {
        "vehicle_id": 1,
        "customer_sequence": [
          133,
          63,
          106,
          111,
          115,
          65,
          119,
          10,
          114,
          110,
          75,
          36,
          24,
          144,
          101,
          6,
          99,
          120,
          125,
          98,
          124,
          113,
          58,
          134,
          71,
          92,
          33,
          135,
          48,
          56
        ],
        "total_demand": 524,
        "total_distance": 433.307976162948
      },
      {
        "vehicle_id": 2,
        "customer_sequence": [
          19,
          39,
          79,
          70,
          131,
          76,
          129,
          64,
          74,
          145,
          21,
          89,
          47,
          13,
          8,
          9,
          57,
          87,
          146,
          34,
          85,
          25,
          80,
          95,
          147,
          109,
          141
        ],
        "total_demand": 524,
        "total_distance": 526.1442123165804
      },
      {
        "vehicle_id": 3,
        "customer_sequence": [
          49,
          52,
          50,
          83,
          31,
          150,
          29,
          45,
          127,
          94,
          72,
          38,
          60,
          61,
          69,
          30,
          51,
          130,
          32,
          104,
          66,
          53,
          103,
          143,
          5,
          44,
          117,
          137,
          27,
          116,
          78,
          54
        ],
        "total_demand": 519,
        "total_distance": 433.2972982578908
      },
      {
        "vehicle_id": 4,
        "customer_sequence": [
          82,
          3,
          126,
          122,
          139,
          1,
          73,
          7,
          4,
          77,
          11,
          118,
          86,
          96,
          59,
          67,
          16,
          28,
          23,
          121,
          93,
          105,
          37,
          17,
          26,
          91,
          142,
          108,
          97,
          22
        ],
        "total_demand": 426,
        "total_distance": 596.1733327799667
      }
    ],
    "total_cost": 2109.637965216888,
    "computation_time": 0.0,
    "is_valid": true,
    "convergence_history": null
  }
}