{
  "instance_id": "synthetic_110c_481q_random_s1671223154",
  "instance_name": "Synthetic Random",
  "instance_size": 110,
  "configuration": "drl_mid_ga",
  "agent_used": "mid",
  "replicate": 3,
  "seed": 1266821051,
  "initial_cost": 1902.8490580789692,
  "final_cost": 1681.058051726961,
  "improvement_gap": 11.655733039378251,
  "total_time": 218.12880396842957,
  "initialization_time": 205.35114097595215,
  "evolution_time": 12.777662992477417,
  "generations_run": 100,
  "generations_to_convergence": null,
  "convergence_history": [
    1902.8490580789692,
    1902.8490580789692,
    1893.6230906708095,
    1893.6230906708095,
    1893.6230906708095,
    1892.8636561051596,
    1888.7464594246117,
    1888.7464594246117,
    1888.7464594246117,
    1880.109577015755,
    1857.139745021615,
    1857.139745021615,
    1854.6124266599925,
    1854.6124266599925,
    1835.7285386285812,
    1833.2012202669587,
    1828.3589989535524,
    1828.3589989535524,
    1825.1524652793005,
    1825.1524652793005,
    1823.7877115903666,
    1823.7877115903666,
    1820.5811779161147,
    1820.5811779161147,
    1820.5811779161147,
    1809.4893609215694,
    1809.4893609215694,
    1809.4893609215694,
    1806.2828272473175,
    1806.2828272473175,
    1806.2828272473175,
    1806.2828272473175,
    1794.0639580376403,
    1794.0639580376403,
    1794.0639580376403,
    1787.820169988959,
    1787.820169988959,
    1787.820169988959,
    1787.820169988959,
    1787.820169988959,
    1773.5958641498485,
    1773.5958641498485,
    1773.5958641498485,
    1773.5958641498485,
    1773.5958641498485,
    1773.5958641498485,
    1770.336620935507,
    1770.336620935507,
    1770.336620935507,
    1770.336620935507,
    1770.336620935507,
    1770.336620935507,
    1764.9716334704726,
    1764.9716334704726,
    1764.9716334704726,
    1757.3572843456668,
    1757.3572843456668,
    1757.3572843456668,
    1757.3572843456668,
    1756.4124410905406,
    1756.4124410905406,
    1754.025449770697,
    1754.025449770697,
    1752.9302586422864,
    1752.9302586422864,
    1752.9302586422864,
    1748.821623924096,
    1722.4398961223433,
    1722.4398961223433,
    1722.4398961223433,
    1718.3312614041533,
    1718.3312614041533,
    1718.3312614041533,
    1718.3312614041533,
    1718.3312614041533,
    1718.3312614041533,
    1718.3312614041533,
    1718.3312614041533,
    1718.3312614041533,
    1718.3312614041533,
    1718.3312614041533,
    1718.3312614041533,
    1718.3312614041533,
    1718.3312614041533,
    1713.9427746568213,
    1713.9427746568213,
    1702.7497602797962,
    1702.7497602797962,
    1702.7497602797962,
    1702.7497602797962,
    1683.4937044048597,
    1683.4937044048597,
    1683.4937044048597,
    1683.4937044048597,
    1683.4937044048597,
    1683.4937044048597,
    1683.4937044048597,
    1683.4937044048597,
    1683.4937044048597,
    1683.4937044048597,
    1681.058051726961
  ],
  "best_solution": {
    "id": "ga_gen0_7932",
    "instance_id": "synthetic_110c_481q_random_s1671223154",
    "algorithm": "drl_mid_ga",
    "routes": [
      {
        "vehicle_id": 0,
        "customer_sequence": [
          57,
          79,
          93,
          43,
          33,
          10,
          49,
          50,
          58,
          80,
          30,
          84,
          20,
          98,
          66,
          97,
          25,
          55,
          42,
          69,
          40,
          38,
          62,
          92,
          32
        ],
        "total_demand": 480,
        "total_distance": 341.16215190136137
      },
      {
        "vehicle_id": 1,
        "customer_sequence": [
          85,
          51,
          99,
          48,
          6,
          15,
          53,
          64,
          37,
          28,
          17,
          74,
          96,
          83,
          75,
          13,
          19,
          52,
          60,
          107,
          65,
          36,
          8,
          45,
          9,
          72,
          46
        ],
        "total_demand": 477,
        "total_distance": 514.8573661614863
      },
      {
        "vehicle_id": 2,
        "customer_sequence": [
          88,
          105,
          91,
          14,
          47,
          35,
          11,
          87,
          68,
          95,
          73,
          29,
          63,
          39,
          100,
          44,
          26,
          18,
          109,
          94,
          102,
          23,
          86,
          59,
          77,
          90,
          27,
          89,
          31,
          82,
          54,
          21
        ],
        "total_demand": 478,
        "total_distance": 484.93771402103175
      },
      {
        "vehicle_id": 3,
        "customer_sequence": [
          3,
          108,
          41,
          67,
          7,
          78,
          70,
          34,
          104,
          24,
          110,
          61,
          101,
          76,
          5,
          103,
          12,
          1,
          16,
          4,
          81,
          71,
          56,
          106,
          2,
          22
        ],
        "total_demand": 424,
        "total_distance": 572.2623952749256
      }
    ],
    "total_cost": 1681.058051726961,
    "computation_time": 0.0,
    "is_valid": true,
    "convergence_history": null
  }
}