{
  "instance_id": "synthetic_110c_481q_clustered6_s201764005",
  "instance_name": "Synthetic Clustered",
  "instance_size": 110,
  "configuration": "drl_mid_ga",
  "agent_used": "mid",
  "replicate": 5,
  "seed": 25238496,
  "initial_cost": 1057.147739610125,
  "final_cost": 926.0267246704752,
  "improvement_gap": 12.403281965868558,
  "total_time": 214.741069316864,
  "initialization_time": 201.97990131378174,
  "evolution_time": 12.761168003082275,
  "generations_run": 100,
  "generations_to_convergence": 61,
  "convergence_history": [
    1057.147739610125,
    1057.147739610125,
    1057.147739610125,
    1057.147739610125,
    1057.147739610125,
    1057.147739610125,
    1057.147739610125,
    1057.147739610125,
    1057.147739610125,
    1057.147739610125,
    1057.147739610125,
    1054.1752049917145,
    1054.1752049917145,
    1054.1752049917145,
    1054.1752049917145,
    1054.1752049917145,
    1054.1752049917145,
    1054.1752049917145,
    1052.9728345410156,
    1049.4335860905865,
    1037.7974306915225,
    1037.7974306915225,
    1036.5950602408236,
    1032.6190927617029,
    1032.1218231799492,
    1026.4664770001752,
    1014.4491070353852,
    1013.9518374536315,
    1010.603682956762,
    1010.1220211053924,
    1009.6247515236388,
    1004.9805163935764,
    1004.9805163935764,
    1004.9805163935764,
    998.7386236693035,
    998.7386236693035,
    998.2413540875498,
    998.2413540875498,
    998.2413540875498,
    997.5623088600346,
    997.5623088600346,
    997.065039278281,
    996.7229187949815,
    996.7229187949815,
    996.7229187949815,
    996.7229187949815,
    996.7229187949815,
    996.7229187949815,
    996.7229187949815,
    996.7229187949815,
    996.7229187949815,
    992.5372469935742,
    983.7316240889709,
    983.7316240889709,
    983.7316240889709,
    979.5459522875635,
    979.5459522875635,
    979.5459522875635,
    979.5459522875635,
    979.5459522875635,
    979.5459522875635,
    975.1687524347151,
    975.1687524347151,
    975.1687524347151,
    975.1687524347151,
    975.1687524347151,
    975.1687524347151,
    975.1687524347151,
    975.1687524347151,
    975.1687524347151,
    975.1687524347151,
    975.1687524347151,
    975.1687524347151,
    975.1687524347151,
    975.1687524347151,
    975.1687524347151,
    975.1687524347151,
    975.1687524347151,
    975.1687524347151,
    975.1687524347151,
    975.1687524347151,
    970.7410181702978,
    970.7410181702978,
    970.7410181702978,
    960.0106781469465,
    960.0106781469465,
    960.0106781469465,
    960.0106781469465,
    959.7108455920334,
    959.7108455920334,
    932.202491352663,
    932.202491352663,
    932.202491352663,
    931.616930607963,
    931.616930607963,
    931.616930607963,
    931.3170980530499,
    931.3170980530499,
    930.9897263653052,
    926.0267246704752,
    926.0267246704752
  ],
  "best_solution": {
    "id": "ga_gen0_6890",
    "instance_id": "synthetic_110c_481q_clustered6_s201764005",
    "algorithm": "drl_mid_ga",
    "routes": [
      {
        "vehicle_id": 0,
        "customer_sequence": [
          1,
          29,
          2,
          62,
          65,
          25,
          71,
          33,
          106,
          32,
          98,
          55,
          94,
          16,
          18,
          41,
          51,
          42,
          11,
          48,
          54,
          10,
          50,
          39
        ],
        "total_demand": 478,
        "total_distance": 201.54771804491315
      },
      {
        "vehicle_id": 1,
        "customer_sequence": [
          61,
          83,
          81,
          22,
          68,
          53,
          14,
          7,
          9,
          43,
          87,
          79,
          80,
          46,
          86,
          74,
          77,
          45,
          88,
          75,
          40,
          38,
          47,
          89,
          76,
          52,
          84,
          37
        ],
        "total_demand": 481,
        "total_distance": 262.534697549216
      },
      {
        "vehicle_id": 2,
        "customer_sequence": [
          17,
          56,
          101,
          59,
          21,
          104,
          93,
          23,
          107,
          24,
          4,
          19,
          57,
          64,
          99,
          15,
          96,
          36,
          6,
          12,
          70,
          58,
          91,
          63
        ],
        "total_demand": 477,
        "total_distance": 170.86813728317946
      },
      {
        "vehicle_id": 3,
        "customer_sequence": [
          90,
          82,
          49,
          78,
          30,
          72,
          13,
          60,
          108,
          28,
          100,
          31,
          20,
          34,
          5,
          3,
          95,
          103,
          27,
          26,
          110,
          66,
          35,
          105,
          102,
          69,
          97,
          92,
          8,
          67,
          73,
          109
        ],
        "total_demand": 476,
        "total_distance": 463.63248911484186
      },
      {
        "vehicle_id": 4,
        "customer_sequence": [
          85,
          44
        ],
        "total_demand": 42,
        "total_distance": 116.8705668300152
      }
    ],
    "total_cost": 926.0267246704752,
    "computation_time": 0.0,
    "is_valid": true,
    "convergence_history": null
  }
}