{
  "instance_id": "synthetic_125c_437q_clustered6_s283318841",
  "instance_name": "Synthetic Clustered",
  "instance_size": 125,
  "configuration": "drl_mid_ga",
  "agent_used": "mid",
  "replicate": 3,
  "seed": 830173791,
  "initial_cost": 1550.6286696092484,
  "final_cost": 1307.6166975043632,
  "improvement_gap": 15.671835357340786,
  "total_time": 282.610422372818,
  "initialization_time": 265.9409863948822,
  "evolution_time": 16.66943597793579,
  "generations_run": 100,
  "generations_to_convergence": null,
  "convergence_history": [
    1550.6286696092484,
    1521.688194520497,
    1521.688194520497,
    1521.688194520497,
    1521.688194520497,
    1521.688194520497,
    1498.2055691306361,
    1498.2055691306361,
    1482.586736328218,
    1482.586736328218,
    1482.586736328218,
    1482.4125009902962,
    1482.4125009902962,
    1481.465125714201,
    1473.1943404527728,
    1473.1943404527728,
    1473.1943404527728,
    1471.9930419549223,
    1425.461092628979,
    1425.461092628979,
    1425.461092628979,
    1423.400684736043,
    1422.4533094599476,
    1392.70554605452,
    1392.70554605452,
    1390.645138161584,
    1389.6977628854886,
    1389.6977628854886,
    1389.6977628854886,
    1389.6977628854886,
    1389.6977628854886,
    1389.6977628854886,
    1389.6977628854886,
    1386.3831256155333,
    1386.3831256155333,
    1379.2232796170968,
    1379.2232796170968,
    1377.8960252655468,
    1367.421541997155,
    1367.421541997155,
    1367.421541997155,
    1345.920008166932,
    1345.920008166932,
    1345.920008166932,
    1345.920008166932,
    1345.920008166932,
    1345.0011110435382,
    1345.0011110435382,
    1345.0011110435382,
    1345.0011110435382,
    1344.933489231216,
    1344.933489231216,
    1344.933489231216,
    1337.4347813223828,
    1337.3671595100607,
    1334.1619626084093,
    1334.1619626084093,
    1328.594453835566,
    1328.594453835566,
    1328.594453835566,
    1328.594453835566,
    1328.594453835566,
    1328.594453835566,
    1328.5193481120841,
    1328.5193481120841,
    1324.663414766778,
    1324.663414766778,
    1323.762706374656,
    1323.762706374656,
    1323.762706374656,
    1323.762706374656,
    1316.5660825401699,
    1316.5660825401699,
    1316.5660825401699,
    1316.5660825401699,
    1316.5660825401699,
    1316.5660825401699,
    1316.5660825401699,
    1309.8737165014015,
    1309.8737165014015,
    1309.8737165014015,
    1309.8737165014015,
    1309.1008446710111,
    1309.1008446710111,
    1308.7912993882092,
    1308.7912993882092,
    1308.7912993882092,
    1308.465919782074,
    1308.465919782074,
    1308.465919782074,
    1308.465919782074,
    1308.465919782074,
    1308.465919782074,
    1308.465919782074,
    1308.465919782074,
    1308.465919782074,
    1308.465919782074,
    1308.465919782074,
    1308.465919782074,
    1307.6166975043632,
    1307.6166975043632
  ],
  "best_solution": {
    "id": "ga_gen0_7125",
    "instance_id": "synthetic_125c_437q_clustered6_s283318841",
    "algorithm": "drl_mid_ga",
    "routes": [
      {
        "vehicle_id": 0,
        "customer_sequence": [
          108,
          42,
          48,
          80,
          117,
          115,
          75,
          111,
          112,
          39,
          25,
          27,
          36,
          28,
          86,
          90,
          50,
          54,
          92,
          89,
          60,
          45,
          56
        ],
        "total_demand": 434,
        "total_distance": 277.7807367841757
      },
      {
        "vehicle_id": 1,
        "customer_sequence": [
          46,
          95,
          20,
          101,
          58,
          57,
          1,
          100,
          8,
          99,
          96,
          83,
          52,
          4,
          43,
          19,
          59,
          105,
          32,
          70,
          116
        ],
        "total_demand": 436,
        "total_distance": 227.27251995443535
      },
      {
        "vehicle_id": 2,
        "customer_sequence": [
          122,
          16,
          10,
          93,
          6,
          12,
          94,
          15,
          97,
          41,
          81,
          44,
          7,
          40,
          29,
          37,
          38,
          124,
          113,
          65,
          110,
          79,
          71
        ],
        "total_demand": 432,
        "total_distance": 320.1458069882637
      },
      {
        "vehicle_id": 3,
        "customer_sequence": [
          123,
          82,
          85,
          84,
          22,
          61,
          103,
          114,
          76,
          77,
          118,
          109,
          107,
          102,
          62,
          35,
          98,
          11,
          87,
          49,
          88,
          47,
          17,
          104,
          68,
          69,
          34
        ],
        "total_demand": 437,
        "total_distance": 367.3411673727566
      },
      {
        "vehicle_id": 4,
        "customer_sequence": [
          53,
          51,
          72,
          18,
          2,
          3,
          5,
          9,
          14,
          125,
          13,
          91,
          55,
          121,
          30,
          31,
          24,
          21,
          119,
          26,
          33,
          106,
          78,
          120,
          64,
          67,
          63
        ],
        "total_demand": 427,
        "total_distance": 378.12115499502164
      },
      {
        "vehicle_id": 5,
        "customer_sequence": [
          66,
          74,
          73,
          23
        ],
        "total_demand": 51,
        "total_distance": 115.37288110494156
      }
    ],
    "total_cost": 1307.6166975043632,
    "computation_time": 0.0,
    "is_valid": true,
    "convergence_history": null
  }
}