{
  "instance_id": "synthetic_20c_60q_random_s2031091858",
  "instance_name": "Synthetic Random",
  "instance_size": 20,
  "configuration": "drl_mid_ga",
  "agent_used": "mid",
  "replicate": 1,
  "seed": 182413559,
  "initial_cost": 437.63100867967194,
  "final_cost": 312.6802193677615,
  "improvement_gap": 28.551630673723427,
  "total_time": 11.301547765731812,
  "initialization_time": 10.870874404907227,
  "evolution_time": 0.43067336082458496,
  "generations_run": 100,
  "generations_to_convergence": 13,
  "convergence_history": [
    437.63100867967194,
    429.51340172445316,
    361.9740975554587,
    361.9740975554587,
    361.9740975554587,
    355.7268481255795,
    335.4803715744888,
    322.26854102456025,
    322.26854102456025,
    322.26854102456025,
    322.26854102456025,
    322.26854102456025,
    322.26854102456025,
    312.6802193677615,
    312.6802193677615,
    312.6802193677615,
    312.6802193677615,
    312.6802193677615,
    312.6802193677615,
    312.6802193677615,
    312.6802193677615,
    312.6802193677615,
    312.6802193677615,
    312.6802193677615,
    312.6802193677615,
    312.6802193677615,
    312.6802193677615,
    312.6802193677615,
    312.6802193677615,
    312.6802193677615,
    312.6802193677615,
    312.6802193677615,
    312.6802193677615,
    312.6802193677615,
    312.6802193677615,
    312.6802193677615,
    312.6802193677615,
    312.6802193677615,
    312.6802193677615,
    312.6802193677615,
    312.6802193677615,
    312.6802193677615,
    312.6802193677615,
    312.6802193677615,
    312.6802193677615,
    312.6802193677615,
    312.6802193677615,
    312.6802193677615,
    312.6802193677615,
    312.6802193677615,
    312.6802193677615,
    312.6802193677615,
    312.6802193677615,
    312.6802193677615,
    312.6802193677615,
    312.6802193677615,
    312.6802193677615,
    312.6802193677615,
    312.6802193677615,
    312.6802193677615,
    312.6802193677615,
    312.6802193677615,
    312.6802193677615,
    312.6802193677615,
    312.6802193677615,
    312.6802193677615,
    312.6802193677615,
    312.6802193677615,
    312.6802193677615,
    312.6802193677615,
    312.6802193677615,
    312.6802193677615,
    312.6802193677615,
    312.6802193677615,
    312.6802193677615,
    312.6802193677615,
    312.6802193677615,
    312.6802193677615,
    312.6802193677615,
    312.6802193677615,
    312.6802193677615,
    312.6802193677615,
    312.6802193677615,
    312.6802193677615,
    312.6802193677615,
    312.6802193677615,
    312.6802193677615,
    312.6802193677615,
    312.6802193677615,
    312.6802193677615,
    312.6802193677615,
    312.6802193677615,
    312.6802193677615,
    312.6802193677615,
    312.6802193677615,
    312.6802193677615,
    312.6802193677615,
    312.6802193677615,
    312.6802193677615,
    312.6802193677615,
    312.6802193677615
  ],
  "best_solution": {
    "id": "ga_gen0_4458",
    "instance_id": "synthetic_20c_60q_random_s2031091858",
    "algorithm": "drl_mid_ga",
    "routes": [
      {
        "vehicle_id": 0,
        "customer_sequence": [
          19,
          18,
          5,
          10
        ],
        "total_demand": 51,
        "total_distance": 151.12286424644114
      },
      {
        "vehicle_id": 1,
        "customer_sequence": [
          7,
          20,
          3
        ],
        "total_demand": 51,
        "total_distance": 164.4034593317797
      },
      {
        "vehicle_id": 2,
        "customer_sequence": [
          2,
          17
        ],
        "total_demand": 54,
        "total_distance": 119.4627466234706
      },
      {
        "vehicle_id": 3,
        "customer_sequence": [
          14,
          12,
          11,
          1
        ],
        "total_demand": 60,
        "total_distance": 122.83473614582421
      },
      {
        "vehicle_id": 4,
        "customer_sequence": [
          16,
          8,
          4,
          15
        ],
        "total_demand": 52,
        "total_distance": 142.02683466377215
      },
      {
        "vehicle_id": 5,
        "customer_sequence": [
          13,
          9,
          6
        ],
        "total_demand": 55,
        "total_distance": 110.44590137782941
      }
    ],
    "total_cost": 312.6802193677615,
    "computation_time": 0.0,
    "is_valid": true,
    "convergence_history": null
  }
}