{
  "instance_id": "synthetic_125c_437q_random_s730903354",
  "instance_name": "Synthetic Random",
  "instance_size": 125,
  "configuration": "drl_mid_ga",
  "agent_used": "mid",
  "replicate": 3,
  "seed": 230958528,
  "initial_cost": 2226.613441945067,
  "final_cost": 1751.0457209725105,
  "improvement_gap": 21.358342315454735,
  "total_time": 285.81639218330383,
  "initialization_time": 268.50255370140076,
  "evolution_time": 17.313838481903076,
  "generations_run": 100,
  "generations_to_convergence": null,
  "convergence_history": [
    2226.613441945067,
    2226.613441945067,
    2226.613441945067,
    2226.613441945067,
    2226.613441945067,
    2226.613441945067,
    2173.696380450855,
    2173.696380450855,
    2173.696380450855,
    2156.4279877320705,
    2156.4279877320705,
    2156.4279877320705,
    2124.5225464387686,
    2107.2541537199845,
    2107.2541537199845,
    2107.2541537199845,
    2107.2541537199845,
    2106.8943672732503,
    2106.8943672732503,
    2106.8943672732503,
    2106.8943672732503,
    2106.8943672732503,
    2106.8943672732503,
    2089.5363808120464,
    2089.5363808120464,
    2089.5363808120464,
    2089.5363808120464,
    2089.5363808120464,
    2089.5363808120464,
    2065.4863471933413,
    2065.4863471933413,
    2065.4863471933413,
    2065.4863471933413,
    2065.1126480617386,
    2064.6721229038058,
    2044.4904474910502,
    2044.4904474910502,
    2043.4017421464266,
    2043.4017421464266,
    2033.3014238458247,
    2033.3014238458247,
    2033.3014238458247,
    2031.9327615336397,
    2022.400339914252,
    2019.0423277482062,
    2007.213519590709,
    2007.213519590709,
    2007.213519590709,
    2007.213519590709,
    2007.213519590709,
    2007.213519590709,
    2007.213519590709,
    2007.213519590709,
    1984.9510929802973,
    1984.9510929802973,
    1925.432286407829,
    1925.432286407829,
    1925.432286407829,
    1911.7115583906784,
    1903.1698597974178,
    1889.4491317802672,
    1883.2556367157658,
    1883.2556367157658,
    1869.5349086986153,
    1869.5349086986153,
    1859.1644967241932,
    1859.1644967241932,
    1859.1644967241932,
    1852.390914669476,
    1852.390914669476,
    1852.390914669476,
    1852.390914669476,
    1852.390914669476,
    1852.390914669476,
    1852.390914669476,
    1852.390914669476,
    1852.390914669476,
    1845.6414242422625,
    1833.5653685299453,
    1833.5653685299453,
    1833.5653685299453,
    1833.5653685299453,
    1833.5653685299453,
    1833.5653685299453,
    1833.5653685299453,
    1816.7409196208578,
    1816.7409196208578,
    1777.1463456391625,
    1777.1463456391625,
    1776.2587709735872,
    1776.2587709735872,
    1765.7716243627779,
    1765.7716243627779,
    1756.8664170940115,
    1756.8664170940115,
    1756.8664170940115,
    1756.8664170940115,
    1756.8664170940115,
    1756.8664170940115,
    1756.8664170940115,
    1751.0457209725105
  ],
  "best_solution": {
    "id": "ga_gen0_3369",
    "instance_id": "synthetic_125c_437q_random_s730903354",
    "algorithm": "drl_mid_ga",
    "routes": [
      {
        "vehicle_id": 0,
        "customer_sequence": [
          119,
          57,
          27,
          90,
          72,
          87,
          56,
          39,
          100,
          77,
          110,
          33,
          11,
          94,
          24,
          71,
          29,
          34,
          118,
          104,
          69,
          98,
          5,
          44,
          52
        ],
        "total_demand": 435,
        "total_distance": 485.5692894996755
      },
      {
        "vehicle_id": 1,
        "customer_sequence": [
          66,
          14,
          74,
          55,
          42,
          88,
          76,
          59,
          54,
          83,
          73,
          92,
          67,
          31,
          23,
          116,
          37,
          97,
          2,
          115,
          36,
          46,
          53,
          6,
          84,
          122,
          4
        ],
        "total_demand": 434,
        "total_distance": 299.92564871633033
      },
      {
        "vehicle_id": 2,
        "customer_sequence": [
          106,
          19,
          80,
          99,
          75,
          85,
          121,
          93,
          107,
          64,
          9,
          3,
          62,
          68,
          30,
          120,
          89,
          65,
          96,
          10,
          40,
          109,
          50,
          38
        ],
        "total_demand": 435,
        "total_distance": 435.030467130612
      },
      {
        "vehicle_id": 3,
        "customer_sequence": [
          12,
          20,
          78,
          35,
          17,
          102,
          86,
          112,
          16,
          114,
          25,
          70,
          51,
          21,
          103,
          45,
          15,
          124,
          26,
          1,
          63,
          123,
          60
        ],
        "total_demand": 436,
        "total_distance": 333.58043235713666
      },
      {
        "vehicle_id": 4,
        "customer_sequence": [
          13,
          111,
          58,
          61,
          28,
          105,
          108,
          32,
          49,
          117,
          47,
          81,
          48,
          22,
          113,
          82,
          7,
          41,
          18,
          91,
          79,
          125,
          95,
          101,
          43,
          8
        ],
        "total_demand": 336,
        "total_distance": 487.447044459532
      }
    ],
    "total_cost": 1751.0457209725105,
    "computation_time": 0.0,
    "is_valid": true,
    "convergence_history": null
  }
}