{
  "instance_id": "synthetic_100c_300q_random_s1254967486",
  "instance_name": "Synthetic Random",
  "instance_size": 100,
  "configuration": "drl_mid_ga",
  "agent_used": "mid",
  "replicate": 3,
  "seed": 1485141493,
  "initial_cost": 1887.57325285231,
  "final_cost": 1518.3669591796122,
  "improvement_gap": 19.559839233512687,
  "total_time": 182.96744585037231,
  "initialization_time": 172.40268445014954,
  "evolution_time": 10.564761400222778,
  "generations_run": 100,
  "generations_to_convergence": null,
  "convergence_history": [
    1887.57325285231,
    1887.57325285231,
    1887.57325285231,
    1887.57325285231,
    1887.57325285231,
    1887.57325285231,
    1887.57325285231,
    1887.57325285231,
    1887.57325285231,
    1852.3821445254328,
    1852.3821445254328,
    1852.3821445254328,
    1852.3821445254328,
    1832.9722928072774,
    1832.9722928072774,
    1832.9722928072774,
    1832.9722928072774,
    1821.4131975093874,
    1820.3762523877303,
    1820.3762523877303,
    1808.8171570898403,
    1808.0849979028558,
    1808.0849979028558,
    1808.0849979028558,
    1771.4888066143378,
    1770.7566474273533,
    1770.7566474273533,
    1768.3741175460825,
    1768.3741175460825,
    1764.8562407274967,
    1761.945152594769,
    1759.4399810312161,
    1759.4399810312161,
    1748.9354089740134,
    1747.110609380046,
    1747.110609380046,
    1733.5723075078336,
    1733.5723075078336,
    1688.6576702928749,
    1675.1193684206623,
    1675.1193684206623,
    1657.1778063717934,
    1654.7952764905226,
    1654.7952764905226,
    1654.7952764905226,
    1651.6070952103062,
    1651.6070952103062,
    1628.5451151290185,
    1628.5451151290185,
    1628.5451151290185,
    1628.1741897989486,
    1619.5804953976885,
    1619.5804953976885,
    1619.5804953976885,
    1616.3923141174719,
    1614.0260039717,
    1614.0260039717,
    1597.2996531665199,
    1594.1114718863032,
    1588.5569804603151,
    1577.2365123744444,
    1577.2365123744444,
    1577.2365123744444,
    1577.2365123744444,
    1577.2365123744444,
    1576.8608949043596,
    1576.8119358619433,
    1576.8119358619433,
    1576.4363183918585,
    1576.4363183918585,
    1576.4363183918585,
    1570.2472704105187,
    1570.2472704105187,
    1570.2472704105187,
    1570.2472704105187,
    1551.5303891312399,
    1551.5303891312399,
    1551.5303891312399,
    1551.5303891312399,
    1548.6156990969903,
    1548.6156990969903,
    1548.6156990969903,
    1548.6156990969903,
    1548.6156990969903,
    1548.6156990969903,
    1528.7414429382486,
    1528.7414429382486,
    1528.7414429382486,
    1528.7414429382486,
    1528.6332668289801,
    1528.6332668289801,
    1528.6332668289801,
    1528.6332668289801,
    1528.6332668289801,
    1528.6332668289801,
    1528.6332668289801,
    1528.6332668289801,
    1528.6332668289801,
    1528.6332668289801,
    1527.9745137323162,
    1518.3669591796122
  ],
  "best_solution": {
    "id": "ga_gen0_7352",
    "instance_id": "synthetic_100c_300q_random_s1254967486",
    "algorithm": "drl_mid_ga",
    "routes": [
      {
        "vehicle_id": 0,
        "customer_sequence": [
          47,
          66,
          100,
          6,
          37,
          60,
          19,
          59,
          62,
          33,
          18,
          97,
          9,
          63,
          43,
          74,
          22
        ],
        "total_demand": 298,
        "total_distance": 273.930261581194
      },
      {
        "vehicle_id": 1,
        "customer_sequence": [
          94,
          51,
          3,
          35,
          36,
          10,
          20,
          70,
          99,
          96,
          34,
          88,
          48,
          95,
          4,
          13,
          52,
          12,
          58
        ],
        "total_demand": 296,
        "total_distance": 298.0468370169578
      },
      {
        "vehicle_id": 2,
        "customer_sequence": [
          39,
          67,
          86,
          15,
          69,
          87,
          50,
          98,
          79,
          61,
          49,
          71,
          56,
          24,
          7,
          2,
          81
        ],
        "total_demand": 299,
        "total_distance": 325.36368769552274
      },
      {
        "vehicle_id": 3,
        "customer_sequence": [
          16,
          42,
          91,
          92,
          54,
          93,
          90,
          44,
          27,
          65,
          25,
          28,
          85,
          64,
          40,
          83,
          78,
          26,
          14,
          38,
          45
        ],
        "total_demand": 296,
        "total_distance": 376.3377802788383
      },
      {
        "vehicle_id": 4,
        "customer_sequence": [
          17,
          30,
          68,
          53,
          72,
          8,
          89,
          80,
          31,
          11,
          23,
          77,
          1,
          29,
          84,
          32,
          41,
          5,
          46
        ],
        "total_demand": 295,
        "total_distance": 367.48149082822226
      },
      {
        "vehicle_id": 5,
        "customer_sequence": [
          82,
          76,
          57,
          73,
          55,
          75,
          21
        ],
        "total_demand": 99,
        "total_distance": 311.0021245312308
      }
    ],
    "total_cost": 1518.3669591796122,
    "computation_time": 0.0,
    "is_valid": true,
    "convergence_history": null
  }
}