{
  "instance_id": "synthetic_90c_337q_random_s1069724591",
  "instance_name": "Synthetic Random",
  "instance_size": 90,
  "configuration": "drl_mid_ga",
  "agent_used": "mid",
  "replicate": 2,
  "seed": 267161529,
  "initial_cost": 1726.8824551176556,
  "final_cost": 1281.2918198692726,
  "improvement_gap": 25.80318271969612,
  "total_time": 154.98562860488892,
  "initialization_time": 145.92269158363342,
  "evolution_time": 9.062937021255493,
  "generations_run": 100,
  "generations_to_convergence": null,
  "convergence_history": [
    1726.8824551176556,
    1726.8824551176556,
    1726.8824551176556,
    1670.6381051208118,
    1670.6381051208118,
    1670.6381051208118,
    1670.6381051208118,
    1670.6381051208118,
    1670.6381051208118,
    1670.6381051208118,
    1666.4703553274198,
    1554.5529966604913,
    1545.1944691276203,
    1545.1944691276203,
    1503.6505046268533,
    1503.6505046268533,
    1494.2919770939823,
    1494.2919770939823,
    1494.2919770939823,
    1491.277998666501,
    1485.7865279011585,
    1482.5098871030584,
    1477.6112748949872,
    1477.6112748949872,
    1474.0044379102346,
    1471.3479388406197,
    1471.3479388406197,
    1465.8515943507905,
    1463.1950952811756,
    1463.1950952811756,
    1463.1950952811756,
    1457.1197858504922,
    1457.1197858504922,
    1457.0605807400937,
    1457.0605807400937,
    1453.4985605185013,
    1453.4985605185013,
    1453.4985605185013,
    1449.9292355857735,
    1449.9292355857735,
    1449.9292355857735,
    1448.5919753938292,
    1448.0962260659392,
    1448.0962260659392,
    1429.4066663005676,
    1428.069406108623,
    1412.2381423281224,
    1412.2381423281224,
    1412.2381423281224,
    1405.1012300309633,
    1398.4777921239768,
    1398.4777921239768,
    1398.4777921239768,
    1398.4777921239768,
    1398.4777921239768,
    1398.4777921239768,
    1398.4777921239768,
    1392.7403475069118,
    1346.6416604733652,
    1346.6416604733652,
    1346.6416604733652,
    1346.6416604733652,
    1337.6949373864604,
    1337.6949373864604,
    1337.6949373864604,
    1337.6949373864604,
    1337.6949373864604,
    1337.6949373864604,
    1337.0041170247703,
    1337.0041170247703,
    1337.0041170247703,
    1337.0041170247703,
    1337.0041170247703,
    1337.0041170247703,
    1337.0041170247703,
    1337.0041170247703,
    1337.0041170247703,
    1337.0041170247703,
    1337.0041170247703,
    1337.0041170247703,
    1336.1912175102225,
    1336.1912175102225,
    1336.1912175102225,
    1336.1912175102225,
    1330.298593849381,
    1330.298593849381,
    1330.010147546715,
    1330.010147546715,
    1330.010147546715,
    1330.010147546715,
    1330.010147546715,
    1330.010147546715,
    1330.010147546715,
    1329.3433735249066,
    1329.3433735249066,
    1329.3433735249066,
    1314.6049116766924,
    1314.6049116766924,
    1314.6049116766924,
    1308.9707930587845,
    1281.2918198692726
  ],
  "best_solution": {
    "id": "ga_gen0_1503",
    "instance_id": "synthetic_90c_337q_random_s1069724591",
    "algorithm": "drl_mid_ga",
    "routes": [
      {
        "vehicle_id": 0,
        "customer_sequence": [
          43,
          38,
          7,
          14,
          37,
          76,
          40,
          48,
          21,
          67,
          20,
          78,
          50,
          45,
          86,
          8,
          62,
          73,
          24,
          55
        ],
        "total_demand": 334,
        "total_distance": 323.92631070949767
      },
      {
        "vehicle_id": 1,
        "customer_sequence": [
          16,
          57,
          18,
          35,
          63,
          32,
          36,
          77,
          64,
          3,
          53,
          59,
          25,
          69,
          44,
          47,
          82,
          90
        ],
        "total_demand": 318,
        "total_distance": 213.39079646992406
      },
      {
        "vehicle_id": 2,
        "customer_sequence": [
          70,
          13,
          39,
          1,
          2,
          6,
          28,
          74,
          30,
          80,
          27,
          29,
          42,
          19,
          87,
          65,
          68,
          72,
          33
        ],
        "total_demand": 336,
        "total_distance": 329.708485393989
      },
      {
        "vehicle_id": 3,
        "customer_sequence": [
          51,
          89,
          56,
          58,
          23,
          88,
          22,
          10,
          71,
          34,
          81,
          26,
          84,
          85,
          46,
          5,
          54,
          41,
          52,
          75,
          61
        ],
        "total_demand": 335,
        "total_distance": 448.36762942361423
      },
      {
        "vehicle_id": 4,
        "customer_sequence": [
          79,
          66,
          49,
          11,
          83,
          60,
          31,
          17,
          9,
          12,
          15,
          4
        ],
        "total_demand": 198,
        "total_distance": 297.04600118071613
      }
    ],
    "total_cost": 1281.2918198692726,
    "computation_time": 0.0,
    "is_valid": true,
    "convergence_history": null
  }
}