{
  "instance_id": "synthetic_30c_90q_random_s1068090579",
  "instance_name": "Synthetic Random",
  "instance_size": 30,
  "configuration": "drl_mid_ga",
  "agent_used": "mid",
  "replicate": 1,
  "seed": 1558452978,
  "initial_cost": 597.4026950579149,
  "final_cost": 474.60513781946236,
  "improvement_gap": 20.555239916778078,
  "total_time": 21.80147075653076,
  "initialization_time": 20.954274892807007,
  "evolution_time": 0.8471958637237549,
  "generations_run": 100,
  "generations_to_convergence": 33,
  "convergence_history": [
    597.4026950579149,
    597.4026950579149,
    597.4026950579149,
    597.4026950579149,
    597.4026950579149,
    573.1063957600547,
    573.1063957600547,
    573.1063957600547,
    572.5308160474428,
    544.7638869751431,
    544.7638869751431,
    540.990798266683,
    513.2238691943833,
    513.2238691943833,
    509.1570328003435,
    505.4424984213052,
    505.4424984213052,
    501.3439850665085,
    497.2771486724687,
    487.8231942889157,
    487.8231942889157,
    487.8231942889157,
    478.43845751446577,
    478.43845751446577,
    478.43845751446577,
    478.43845751446577,
    478.43845751446577,
    478.43845751446577,
    478.43845751446577,
    478.43845751446577,
    478.43845751446577,
    478.43845751446577,
    478.43845751446577,
    474.60513781946236,
    474.60513781946236,
    474.60513781946236,
    474.60513781946236,
    474.60513781946236,
    474.60513781946236,
    474.60513781946236,
    474.60513781946236,
    474.60513781946236,
    474.60513781946236,
    474.60513781946236,
    474.60513781946236,
    474.60513781946236,
    474.60513781946236,
    474.60513781946236,
    474.60513781946236,
    474.60513781946236,
    474.60513781946236,
    474.60513781946236,
    474.60513781946236,
    474.60513781946236,
    474.60513781946236,
    474.60513781946236,
    474.60513781946236,
    474.60513781946236,
    474.60513781946236,
    474.60513781946236,
    474.60513781946236,
    474.60513781946236,
    474.60513781946236,
    474.60513781946236,
    474.60513781946236,
    474.60513781946236,
    474.60513781946236,
    474.60513781946236,
    474.60513781946236,
    474.60513781946236,
    474.60513781946236,
    474.60513781946236,
    474.60513781946236,
    474.60513781946236,
    474.60513781946236,
    474.60513781946236,
    474.60513781946236,
    474.60513781946236,
    474.60513781946236,
    474.60513781946236,
    474.60513781946236,
    474.60513781946236,
    474.60513781946236,
    474.60513781946236,
    474.60513781946236,
    474.60513781946236,
    474.60513781946236,
    474.60513781946236,
    474.60513781946236,
    474.60513781946236,
    474.60513781946236,
    474.60513781946236,
    474.60513781946236,
    474.60513781946236,
    474.60513781946236,
    474.60513781946236,
    474.60513781946236,
    474.60513781946236,
    474.60513781946236,
    474.60513781946236,
    474.60513781946236
  ],
  "best_solution": {
    "id": "ga_gen0_5493",
    "instance_id": "synthetic_30c_90q_random_s1068090579",
    "algorithm": "drl_mid_ga",
    "routes": [
      {
        "vehicle_id": 0,
        "customer_sequence": [
          13,
          11,
          29,
          24,
          14
        ],
        "total_demand": 90,
        "total_distance": 151.44840770188685
      },
      {
        "vehicle_id": 1,
        "customer_sequence": [
          7,
          12,
          3,
          1
        ],
        "total_demand": 83,
        "total_distance": 144.13446196292995
      },
      {
        "vehicle_id": 2,
        "customer_sequence": [
          5,
          20,
          8,
          23
        ],
        "total_demand": 83,
        "total_distance": 93.20081549624422
      },
      {
        "vehicle_id": 3,
        "customer_sequence": [
          15,
          4,
          18,
          30,
          22
        ],
        "total_demand": 86,
        "total_distance": 191.39337743490256
      },
      {
        "vehicle_id": 4,
        "customer_sequence": [
          26,
          6,
          25,
          28,
          16,
          10
        ],
        "total_demand": 78,
        "total_distance": 172.1079999002014
      },
      {
        "vehicle_id": 5,
        "customer_sequence": [
          21,
          2,
          9,
          17,
          19
        ],
        "total_demand": 88,
        "total_distance": 167.19896176310692
      },
      {
        "vehicle_id": 6,
        "customer_sequence": [
          27
        ],
        "total_demand": 16,
        "total_distance": 109.80229953636636
      }
    ],
    "total_cost": 474.60513781946236,
    "computation_time": 0.0,
    "is_valid": true,
    "convergence_history": null
  }
}