{
  "instance_id": "synthetic_100c_300q_random_s1779751512",
  "instance_name": "Synthetic Random",
  "instance_size": 100,
  "configuration": "drl_mid_ga",
  "agent_used": "mid",
  "replicate": 3,
  "seed": 290041465,
  "initial_cost": 1882.249590392014,
  "final_cost": 1471.9962758244671,
  "improvement_gap": 21.795904042784453,
  "total_time": 187.40364027023315,
  "initialization_time": 176.14945268630981,
  "evolution_time": 11.25418758392334,
  "generations_run": 100,
  "generations_to_convergence": null,
  "convergence_history": [
    1882.249590392014,
    1882.249590392014,
    1882.249590392014,
    1882.249590392014,
    1882.249590392014,
    1882.249590392014,
    1882.249590392014,
    1882.249590392014,
    1882.249590392014,
    1882.249590392014,
    1882.249590392014,
    1881.205602168463,
    1862.1935464966962,
    1862.1935464966962,
    1862.1935464966962,
    1834.2254526754684,
    1834.2254526754684,
    1771.6463191720682,
    1771.6463191720682,
    1730.3987500733815,
    1730.3987500733815,
    1730.3987500733815,
    1729.0941041795925,
    1729.0941041795925,
    1722.554815430979,
    1722.554815430979,
    1722.554815430979,
    1722.554815430979,
    1722.554815430979,
    1722.554815430979,
    1698.3536352684534,
    1688.1651995753946,
    1677.9083068147013,
    1663.964019412869,
    1653.7071266521757,
    1653.7071266521757,
    1653.7071266521757,
    1653.7071266521757,
    1653.7071266521757,
    1647.678243250411,
    1647.678243250411,
    1647.678243250411,
    1646.6734788137953,
    1644.6356466400666,
    1642.5445636807815,
    1642.5445636807815,
    1637.6909496226133,
    1635.7174528434352,
    1635.7174528434352,
    1634.7139907008097,
    1630.8900593568167,
    1630.8900593568167,
    1626.6828916308277,
    1626.6828916308277,
    1626.6828916308277,
    1624.770982492622,
    1620.9470511486288,
    1620.9470511486288,
    1620.9470511486288,
    1620.6407650656183,
    1620.6407650656183,
    1536.6954330473664,
    1536.6954330473664,
    1536.6954330473664,
    1536.6954330473664,
    1536.6954330473664,
    1536.6954330473664,
    1526.3889889855989,
    1526.3889889855989,
    1526.3889889855989,
    1526.3889889855989,
    1526.1037512420633,
    1526.1037512420633,
    1526.1037512420633,
    1511.5714294659672,
    1511.5714294659672,
    1511.5714294659672,
    1511.5714294659672,
    1511.5714294659672,
    1511.5714294659672,
    1511.5714294659672,
    1511.5714294659672,
    1511.5714294659672,
    1511.5714294659672,
    1511.5714294659672,
    1511.5714294659672,
    1508.9627781094412,
    1508.9627781094412,
    1508.9627781094412,
    1508.9627781094412,
    1508.9627781094412,
    1508.9627781094412,
    1508.9627781094412,
    1504.0404186404046,
    1504.0404186404046,
    1491.1243769542427,
    1491.1243769542427,
    1486.7893295407914,
    1482.8173792457217,
    1471.9962758244671,
    1471.9962758244671
  ],
  "best_solution": {
    "id": "ga_gen0_2816",
    "instance_id": "synthetic_100c_300q_random_s1779751512",
    "algorithm": "drl_mid_ga",
    "routes": [
      {
        "vehicle_id": 0,
        "customer_sequence": [
          83,
          1,
          17,
          56,
          93,
          94,
          97,
          43,
          23,
          100,
          47,
          7,
          42,
          98,
          72,
          28,
          70
        ],
        "total_demand": 297,
        "total_distance": 295.49142852885484
      },
      {
        "vehicle_id": 1,
        "customer_sequence": [
          19,
          44,
          65,
          75,
          96,
          38,
          91,
          78,
          27,
          48,
          16,
          9,
          34,
          80,
          87,
          30
        ],
        "total_demand": 298,
        "total_distance": 249.42685291894733
      },
      {
        "vehicle_id": 2,
        "customer_sequence": [
          53,
          45,
          58,
          67,
          74,
          49,
          15,
          71,
          57,
          81,
          36,
          51,
          32,
          4,
          69,
          85,
          14
        ],
        "total_demand": 300,
        "total_distance": 273.77709815570967
      },
      {
        "vehicle_id": 3,
        "customer_sequence": [
          20,
          13,
          25,
          54,
          64,
          60,
          62,
          88,
          5,
          76,
          61,
          41,
          21,
          63,
          89,
          92
        ],
        "total_demand": 299,
        "total_distance": 350.46458321603177
      },
      {
        "vehicle_id": 4,
        "customer_sequence": [
          66,
          24,
          90,
          8,
          11,
          84,
          12,
          18,
          33,
          37,
          77,
          26,
          86,
          46,
          10,
          79,
          95
        ],
        "total_demand": 297,
        "total_distance": 425.1470462857609
      },
      {
        "vehicle_id": 5,
        "customer_sequence": [
          52,
          35,
          22,
          55,
          39,
          6,
          73,
          2,
          68,
          99,
          40,
          82,
          50,
          29,
          31,
          59,
          3
        ],
        "total_demand": 216,
        "total_distance": 332.33047876537955
      }
    ],
    "total_cost": 1471.9962758244671,
    "computation_time": 0.0,
    "is_valid": true,
    "convergence_history": null
  }
}