{
  "instance_id": "synthetic_150c_525q_clustered6_s181653072",
  "instance_name": "Synthetic Clustered",
  "instance_size": 150,
  "configuration": "drl_mid_ga",
  "agent_used": "mid",
  "replicate": 1,
  "seed": 804475894,
  "initial_cost": 1707.2339642517863,
  "final_cost": 1428.7158391555727,
  "improvement_gap": 16.313998604068143,
  "total_time": 400.7441713809967,
  "initialization_time": 377.0275225639343,
  "evolution_time": 23.716648817062378,
  "generations_run": 100,
  "generations_to_convergence": null,
  "convergence_history": [
    1707.2339642517863,
    1707.2339642517863,
    1707.2339642517863,
    1707.2339642517863,
    1707.2339642517863,
    1707.2339642517863,
    1707.2339642517863,
    1707.2339642517863,
    1707.2339642517863,
    1707.2339642517863,
    1707.2339642517863,
    1699.2755734581497,
    1694.8022529408452,
    1694.561348924724,
    1686.8438621472085,
    1686.8438621472085,
    1686.6029581310872,
    1683.66475105126,
    1681.4775772865582,
    1680.5002357696371,
    1677.8517960461515,
    1648.7483963156596,
    1648.7483963156596,
    1648.7412178697102,
    1640.261172934216,
    1633.0510693772865,
    1621.2514002336802,
    1617.3034355855525,
    1614.0412966767508,
    1608.7934879842555,
    1607.1432382324685,
    1593.6748241847204,
    1593.6748241847204,
    1593.446645560367,
    1577.9343688389358,
    1569.6167572992376,
    1552.3735234100213,
    1552.24632123839,
    1541.904446783645,
    1541.904446783645,
    1541.904446783645,
    1541.904446783645,
    1541.904446783645,
    1541.904446783645,
    1541.8399561280685,
    1525.830060956757,
    1519.2195964014877,
    1519.2195964014877,
    1519.2195964014877,
    1519.2195964014877,
    1512.7772270368457,
    1512.712736381269,
    1510.763960116976,
    1510.6994694613998,
    1507.9644286102318,
    1507.8999379546556,
    1507.8999379546556,
    1491.6175226922062,
    1491.6175226922062,
    1491.6175226922062,
    1485.908270388545,
    1485.908270388545,
    1479.5714022816899,
    1479.5714022816899,
    1476.966030739514,
    1476.966030739514,
    1472.6379586490314,
    1472.135220736615,
    1463.100991530668,
    1458.270181527769,
    1458.270181527769,
    1455.6446796579132,
    1450.8138696550138,
    1447.022589156705,
    1447.022589156705,
    1445.3629561126097,
    1444.5672586324029,
    1443.0835166696236,
    1443.072271777531,
    1443.0056590140773,
    1442.3544319528698,
    1441.558734472663,
    1439.0188341588394,
    1438.2897494420858,
    1437.800939737662,
    1437.800939737662,
    1436.2492950942803,
    1432.9803100637034,
    1432.9803100637034,
    1432.9803100637034,
    1432.9803100637034,
    1432.9803100637034,
    1432.9803100637034,
    1430.951029172564,
    1430.951029172564,
    1430.951029172564,
    1430.951029172564,
    1430.951029172564,
    1430.951029172564,
    1428.7158391555727,
    1428.7158391555727
  ],
  "best_solution": {
    "id": "ga_gen0_4218",
    "instance_id": "synthetic_150c_525q_clustered6_s181653072",
    "algorithm": "drl_mid_ga",
    "routes": [
      {
        "vehicle_id": 0,
        "customer_sequence": [
          97,
          95,
          49,
          20,
          93,
          48,
          38,
          25,
          19,
          73,
          12,
          14,
          4,
          2,
          21,
          61,
          5,
          72,
          59,
          65,
          56,
          64,
          147,
          126,
          110
        ],
        "total_demand": 522,
        "total_distance": 258.3454006929001
      },
      {
        "vehicle_id": 1,
        "customer_sequence": [
          50,
          7,
          100,
          68,
          58,
          71,
          67,
          54,
          106,
          144,
          115,
          141,
          149,
          132,
          150,
          113,
          118,
          130,
          120,
          131,
          112,
          121,
          107,
          138,
          111,
          127,
          102,
          148
        ],
        "total_demand": 522,
        "total_distance": 219.19892328674476
      },
      {
        "vehicle_id": 2,
        "customer_sequence": [
          17,
          27,
          88,
          90,
          78,
          57,
          139,
          124,
          105,
          136,
          135,
          109,
          103,
          117,
          140,
          122,
          116,
          104,
          134,
          108,
          16,
          11,
          74,
          8,
          9,
          18,
          13,
          24,
          53,
          26,
          42
        ],
        "total_demand": 524,
        "total_distance": 295.0546659723072
      },
      {
        "vehicle_id": 3,
        "customer_sequence": [
          94,
          62,
          55,
          6,
          15,
          29,
          92,
          96,
          32,
          80,
          91,
          52,
          82,
          23,
          36,
          1,
          39,
          3,
          85,
          30,
          47,
          44,
          43,
          77,
          99,
          143,
          145,
          133,
          76,
          98,
          45
        ],
        "total_demand": 520,
        "total_distance": 342.14537315502054
      },
      {
        "vehicle_id": 4,
        "customer_sequence": [
          87,
          123,
          114,
          70,
          75,
          51,
          66,
          60,
          69,
          63,
          10,
          22,
          125,
          84,
          86,
          41,
          46,
          83,
          37,
          28,
          79,
          81,
          31,
          89,
          35,
          33,
          40
        ],
        "total_demand": 523,
        "total_distance": 371.10711003848553
      },
      {
        "vehicle_id": 5,
        "customer_sequence": [
          142,
          128,
          119,
          146,
          137,
          129,
          101,
          34
        ],
        "total_demand": 140,
        "total_distance": 165.65227411295055
      }
    ],
    "total_cost": 1428.7158391555727,
    "computation_time": 0.0,
    "is_valid": true,
    "convergence_history": null
  }
}