{
  "instance_id": "synthetic_60c_300q_random_s1191810689",
  "instance_name": "Synthetic Random",
  "instance_size": 60,
  "configuration": "drl_mid_ga",
  "agent_used": "mid",
  "replicate": 4,
  "seed": 1474671208,
  "initial_cost": 1118.1657633579387,
  "final_cost": 811.976489597183,
  "improvement_gap": 27.383173747087863,
  "total_time": 63.598222970962524,
  "initialization_time": 59.70662450790405,
  "evolution_time": 3.8915984630584717,
  "generations_run": 100,
  "generations_to_convergence": null,
  "convergence_history": [
    1118.1657633579387,
    1118.1657633579387,
    1118.1657633579387,
    1118.1657633579387,
    1118.1657633579387,
    1118.1657633579387,
    1118.1657633579387,
    1096.1562270020208,
    1096.1562270020208,
    1096.1562270020208,
    1094.1293310131803,
    1094.1293310131803,
    1094.1293310131803,
    1084.667181889908,
    1080.0744200110553,
    1074.5099508790006,
    1064.6445336242505,
    1052.9141674631205,
    1052.9141674631205,
    1025.7465569007898,
    1015.6398185970227,
    1015.6398185970227,
    1013.6129226081821,
    1007.9909607127374,
    983.8500644356594,
    983.8500644356594,
    983.8500644356594,
    964.2810160052949,
    964.2810160052949,
    964.2810160052949,
    964.2810160052949,
    953.3627393813977,
    953.3627393813977,
    934.9154741661839,
    934.9154741661839,
    934.9154741661839,
    933.0712406596615,
    906.838277125641,
    906.838277125641,
    906.838277125641,
    906.838277125641,
    906.838277125641,
    900.7585726673407,
    888.7258538605488,
    884.5467078092063,
    884.5467078092063,
    882.6461494022485,
    882.6461494022485,
    878.467003350906,
    878.467003350906,
    878.467003350906,
    878.467003350906,
    878.467003350906,
    878.467003350906,
    878.467003350906,
    878.467003350906,
    878.467003350906,
    878.467003350906,
    868.2067134456162,
    868.2067134456162,
    868.2067134456162,
    868.2067134456162,
    868.2067134456162,
    868.2067134456162,
    868.2067134456162,
    868.2067134456162,
    840.2236479183183,
    840.2236479183183,
    840.2236479183183,
    840.2236479183183,
    840.2236479183183,
    840.2236479183183,
    836.9465785290524,
    836.9465785290524,
    836.9465785290524,
    836.9465785290524,
    836.9465785290524,
    836.9465785290524,
    836.9465785290524,
    836.9465785290524,
    836.9465785290524,
    836.9465785290524,
    836.9465785290524,
    836.9465785290524,
    836.9465785290524,
    836.9465785290524,
    836.9465785290524,
    836.9465785290524,
    836.9465785290524,
    811.976489597183,
    811.976489597183,
    811.976489597183,
    811.976489597183,
    811.976489597183,
    811.976489597183,
    811.976489597183,
    811.976489597183,
    811.976489597183,
    811.976489597183,
    811.976489597183,
    811.976489597183
  ],
  "best_solution": {
    "id": "ga_gen0_3595",
    "instance_id": "synthetic_60c_300q_random_s1191810689",
    "algorithm": "drl_mid_ga",
    "routes": [
      {
        "vehicle_id": 0,
        "customer_sequence": [
          19,
          5,
          55,
          14,
          12,
          51,
          17,
          38,
          16,
          31,
          50,
          53,
          52,
          9,
          23
        ],
        "total_demand": 295,
        "total_distance": 194.837505518691
      },
      {
        "vehicle_id": 1,
        "customer_sequence": [
          20,
          18,
          6,
          2,
          43,
          26,
          46,
          39,
          7,
          54,
          27,
          58,
          40
        ],
        "total_demand": 296,
        "total_distance": 278.87979864378394
      },
      {
        "vehicle_id": 2,
        "customer_sequence": [
          48,
          37,
          1,
          21,
          34,
          30,
          32,
          44,
          35,
          56,
          13,
          4,
          25,
          3,
          29,
          57,
          45,
          47,
          33
        ],
        "total_demand": 300,
        "total_distance": 311.6002131415172
      },
      {
        "vehicle_id": 3,
        "customer_sequence": [
          8,
          24,
          59,
          10,
          42,
          22,
          11,
          41,
          28,
          15,
          60,
          36,
          49
        ],
        "total_demand": 220,
        "total_distance": 292.8387538614632
      }
    ],
    "total_cost": 811.976489597183,
    "computation_time": 0.0,
    "is_valid": true,
    "convergence_history": null
  }
}