{
  "instance_id": "synthetic_90c_337q_random_s916952474",
  "instance_name": "Synthetic Random",
  "instance_size": 90,
  "configuration": "drl_mid_ga",
  "agent_used": "mid",
  "replicate": 4,
  "seed": 2031633637,
  "initial_cost": 1739.656599900633,
  "final_cost": 1264.2380086375101,
  "improvement_gap": 27.328300958377543,
  "total_time": 148.33131670951843,
  "initialization_time": 139.53346991539001,
  "evolution_time": 8.797846794128418,
  "generations_run": 100,
  "generations_to_convergence": null,
  "convergence_history": [
    1739.656599900633,
    1715.6015611329929,
    1687.93029434291,
    1687.93029434291,
    1644.4619705450598,
    1644.4619705450598,
    1606.39791857904,
    1606.39791857904,
    1601.1689631842478,
    1580.7191223910786,
    1580.7191223910786,
    1530.9582057947669,
    1520.7235261425951,
    1520.7235261425951,
    1520.7235261425951,
    1520.7235261425951,
    1497.8540438623625,
    1497.8540438623625,
    1497.8540438623625,
    1474.139601504897,
    1470.6030093624058,
    1470.6030093624058,
    1465.7046263906338,
    1465.7046263906338,
    1439.648691182961,
    1431.5408290063285,
    1431.5408290063285,
    1430.3360734851187,
    1429.221926487517,
    1422.228211308486,
    1419.9093087896747,
    1419.9093087896747,
    1419.9093087896747,
    1419.9093087896747,
    1419.9093087896747,
    1416.391501171044,
    1414.5655846844043,
    1408.1876035753833,
    1408.1876035753833,
    1404.6697959567525,
    1402.843879470113,
    1381.5358102709217,
    1381.5358102709217,
    1376.1920861656513,
    1376.1920861656513,
    1370.89009963752,
    1370.89009963752,
    1357.0291235224338,
    1357.0291235224338,
    1347.6347142580998,
    1347.6347142580998,
    1345.867411343691,
    1345.867411343691,
    1342.1059458178431,
    1342.1059458178431,
    1342.1059458178431,
    1337.6913477261605,
    1333.211603393713,
    1333.211603393713,
    1326.7413361698473,
    1323.893436630982,
    1321.460917770611,
    1319.4788385392994,
    1319.4788385392994,
    1319.4788385392994,
    1316.845715317337,
    1316.845715317337,
    1316.6070202733504,
    1316.6070202733504,
    1316.6070202733504,
    1316.6070202733504,
    1316.6070202733504,
    1316.6070202733504,
    1316.6070202733504,
    1316.6070202733504,
    1316.6070202733504,
    1316.6070202733504,
    1316.6070202733504,
    1311.73823445553,
    1311.73823445553,
    1311.73823445553,
    1311.73823445553,
    1311.73823445553,
    1311.73823445553,
    1311.73823445553,
    1311.73823445553,
    1311.73823445553,
    1311.73823445553,
    1311.73823445553,
    1289.294231882583,
    1289.294231882583,
    1289.294231882583,
    1289.294231882583,
    1289.294231882583,
    1273.8643234946558,
    1273.8643234946558,
    1272.6839921440478,
    1265.418339988118,
    1265.418339988118,
    1265.418339988118,
    1264.2380086375101
  ],
  "best_solution": {
    "id": "ga_gen0_4098",
    "instance_id": "synthetic_90c_337q_random_s916952474",
    "algorithm": "drl_mid_ga",
    "routes": [
      {
        "vehicle_id": 0,
        "customer_sequence": [
          14,
          68,
          34,
          51,
          64,
          72,
          24,
          20,
          60,
          19,
          71,
          55,
          48,
          36,
          75,
          3,
          74,
          15
        ],
        "total_demand": 337,
        "total_distance": 205.53081592369523
      },
      {
        "vehicle_id": 1,
        "customer_sequence": [
          57,
          44,
          40,
          9,
          38,
          7,
          70,
          6,
          88,
          10,
          67,
          41,
          39,
          4,
          90,
          1,
          47,
          61,
          8
        ],
        "total_demand": 324,
        "total_distance": 306.04388769758367
      },
      {
        "vehicle_id": 2,
        "customer_sequence": [
          25,
          58,
          63,
          17,
          33,
          69,
          18,
          89,
          73,
          37,
          32,
          45,
          82,
          5,
          66,
          30,
          53,
          35
        ],
        "total_demand": 325,
        "total_distance": 305.20126723543245
      },
      {
        "vehicle_id": 3,
        "customer_sequence": [
          85,
          42,
          2,
          50,
          78,
          62,
          27,
          28,
          81,
          83,
          52,
          23,
          13,
          56,
          59,
          77,
          31,
          84,
          87,
          80
        ],
        "total_demand": 331,
        "total_distance": 370.0691930496979
      },
      {
        "vehicle_id": 4,
        "customer_sequence": [
          21,
          16,
          12,
          11,
          46,
          65,
          79,
          76,
          54,
          49,
          86,
          22,
          29,
          26,
          43
        ],
        "total_demand": 214,
        "total_distance": 418.01435707720833
      }
    ],
    "total_cost": 1264.2380086375101,
    "computation_time": 0.0,
    "is_valid": true,
    "convergence_history": null
  }
}