{
  "instance_id": "synthetic_75c_281q_random_s1136794130",
  "instance_name": "Synthetic Random",
  "instance_size": 75,
  "configuration": "drl_mid_ga",
  "agent_used": "mid",
  "replicate": 1,
  "seed": 387286474,
  "initial_cost": 1239.634475814077,
  "final_cost": 1086.5337887940877,
  "improvement_gap": 12.350470239983192,
  "total_time": 108.85946464538574,
  "initialization_time": 102.74665427207947,
  "evolution_time": 6.112810373306274,
  "generations_run": 100,
  "generations_to_convergence": null,
  "convergence_history": [
    1239.634475814077,
    1239.634475814077,
    1239.634475814077,
    1239.634475814077,
    1239.6083429652172,
    1239.6083429652172,
    1239.6083429652172,
    1239.6083429652172,
    1239.6083429652172,
    1229.9475144947796,
    1229.9475144947796,
    1225.364504875297,
    1222.2990932962418,
    1215.1637534508613,
    1202.6908955807546,
    1192.3562808176098,
    1192.3562808176098,
    1185.5609835177058,
    1185.5609835177058,
    1175.9995396004167,
    1175.9995396004167,
    1175.9995396004167,
    1174.1814689830876,
    1174.1814689830876,
    1164.7164782322152,
    1164.7164782322152,
    1162.898407614886,
    1162.898407614886,
    1162.898407614886,
    1159.121677643126,
    1159.121677643126,
    1159.121677643126,
    1157.9581635118773,
    1157.9581635118773,
    1157.9581635118773,
    1157.4320439928078,
    1157.4320439928078,
    1157.4320439928078,
    1157.4320439928078,
    1157.4320439928078,
    1148.6851821475536,
    1148.6851821475536,
    1148.6851821475536,
    1148.6851821475536,
    1147.6336178051315,
    1142.6521637174133,
    1142.6521637174133,
    1142.6521637174133,
    1142.6521637174133,
    1142.6521637174133,
    1142.6521637174133,
    1142.6521637174133,
    1142.6521637174133,
    1142.6521637174133,
    1142.6521637174133,
    1142.6521637174133,
    1142.6521637174133,
    1142.6521637174133,
    1142.33272784177,
    1142.33272784177,
    1142.33272784177,
    1140.3475475653495,
    1139.879110766025,
    1139.879110766025,
    1139.879110766025,
    1139.879110766025,
    1139.879110766025,
    1139.879110766025,
    1138.869397480582,
    1138.869397480582,
    1138.869397480582,
    1125.7620456796662,
    1125.7620456796662,
    1125.6314516708517,
    1122.2905880212625,
    1122.2905880212625,
    1122.159994012448,
    1122.159994012448,
    1119.8135224921793,
    1119.8135224921793,
    1117.9251615893386,
    1117.9251615893386,
    1102.556276134575,
    1102.556276134575,
    1102.556276134575,
    1102.556276134575,
    1102.556276134575,
    1102.556276134575,
    1102.556276134575,
    1102.556276134575,
    1102.556276134575,
    1102.556276134575,
    1102.556276134575,
    1102.556276134575,
    1102.556276134575,
    1102.556276134575,
    1102.556276134575,
    1102.1288963426423,
    1086.5337887940877,
    1086.5337887940877,
    1086.5337887940877
  ],
  "best_solution": {
    "id": "ga_gen0_8037",
    "instance_id": "synthetic_75c_281q_random_s1136794130",
    "algorithm": "drl_mid_ga",
    "routes": [
      {
        "vehicle_id": 0,
        "customer_sequence": [
          71,
          64,
          21,
          2,
          66,
          60,
          63,
          10,
          40,
          55,
          9,
          15,
          33,
          36,
          5,
          12
        ],
        "total_demand": 279,
        "total_distance": 272.8176402747083
      },
      {
        "vehicle_id": 1,
        "customer_sequence": [
          24,
          51,
          46,
          16,
          41,
          7,
          75,
          72,
          65,
          49,
          3,
          59,
          8,
          62,
          22
        ],
        "total_demand": 279,
        "total_distance": 215.33386108737363
      },
      {
        "vehicle_id": 2,
        "customer_sequence": [
          74,
          54,
          25,
          67,
          42,
          35,
          73,
          14,
          50,
          27,
          53,
          11,
          30,
          34
        ],
        "total_demand": 279,
        "total_distance": 276.07353866178113
      },
      {
        "vehicle_id": 3,
        "customer_sequence": [
          57,
          56,
          31,
          19,
          37,
          45,
          48,
          17,
          1,
          38,
          26,
          44,
          28,
          6
        ],
        "total_demand": 254,
        "total_distance": 288.328124966915
      },
      {
        "vehicle_id": 4,
        "customer_sequence": [
          23,
          52,
          29,
          18,
          69,
          43,
          32,
          68,
          20,
          4,
          47,
          58,
          39,
          13,
          61,
          70
        ],
        "total_demand": 239,
        "total_distance": 350.179396323061
      }
    ],
    "total_cost": 1086.5337887940877,
    "computation_time": 0.0,
    "is_valid": true,
    "convergence_history": null
  }
}