{
  "instance_id": "synthetic_100c_300q_clustered5_s1944457044",
  "instance_name": "Synthetic Clustered",
  "instance_size": 100,
  "configuration": "drl_mid_ga",
  "agent_used": "mid",
  "replicate": 5,
  "seed": 1106006651,
  "initial_cost": 846.0775688596505,
  "final_cost": 699.8263274960444,
  "improvement_gap": 17.285795859205262,
  "total_time": 177.53489995002747,
  "initialization_time": 166.8333420753479,
  "evolution_time": 10.701557874679565,
  "generations_run": 100,
  "generations_to_convergence": null,
  "convergence_history": [
    846.0775688596505,
    846.0775688596505,
    846.0775688596505,
    846.0775688596505,
    846.0775688596505,
    846.0775688596505,
    846.0775688596505,
    846.0775688596505,
    846.0775688596505,
    846.0775688596505,
    843.8164777357631,
    843.4385449479485,
    843.4385449479485,
    841.1774538240611,
    841.1774538240611,
    838.0949813844923,
    838.0949813844923,
    838.0949813844923,
    836.6338407631238,
    836.6338407631238,
    836.1553305321981,
    836.1553305321981,
    836.1553305321981,
    834.6941899108297,
    834.6941899108297,
    827.5567609940474,
    827.5567609940474,
    827.5567609940474,
    827.5567609940474,
    822.7477499869992,
    822.7477499869992,
    822.7477499869992,
    822.7477499869992,
    822.7477499869992,
    822.7477499869992,
    822.7477499869992,
    804.8350594566537,
    804.8350594566537,
    804.8350594566537,
    789.370073760537,
    789.370073760537,
    789.3579092763061,
    767.7913521198855,
    756.8565727972073,
    756.8565727972073,
    756.8565727972073,
    756.8565727972073,
    756.1022443860784,
    756.1022443860784,
    756.1022443860784,
    756.1022443860784,
    756.1022443860784,
    756.1022443860784,
    756.1022443860784,
    749.0027720946999,
    749.0027720946999,
    749.0027720946999,
    745.031201549906,
    745.031201549906,
    744.6476202648613,
    744.6476202648613,
    744.6476202648613,
    744.6457922947449,
    744.6457922947449,
    744.6457922947449,
    714.1116935021173,
    714.1116935021173,
    714.1098655320009,
    714.1098655320009,
    711.9286367188201,
    711.0820354604823,
    710.1075317083591,
    707.9263028951784,
    707.9263028951784,
    707.9263028951784,
    707.9263028951784,
    707.9263028951784,
    707.9263028951784,
    707.9263028951784,
    707.9263028951784,
    707.0591594721285,
    707.0591594721285,
    707.0591594721285,
    706.5607865387647,
    706.5607865387647,
    706.5607865387647,
    706.5607865387647,
    705.1686123247044,
    705.1686123247044,
    705.1686123247044,
    705.1686123247044,
    705.1686123247044,
    705.1686123247044,
    705.1686123247044,
    702.0466023357325,
    702.0466023357325,
    702.0466023357325,
    700.4253232031418,
    700.4253232031418,
    700.4253232031418,
    699.8263274960444
  ],
  "best_solution": {
    "id": "ga_gen0_5372",
    "instance_id": "synthetic_100c_300q_clustered5_s1944457044",
    "algorithm": "drl_mid_ga",
    "routes": [
      {
        "vehicle_id": 0,
        "customer_sequence": [
          49,
          5,
          60,
          97,
          70,
          74,
          78,
          61,
          67,
          91,
          44,
          18,
          50,
          1
        ],
        "total_demand": 298,
        "total_distance": 129.09514507799113
      },
      {
        "vehicle_id": 1,
        "customer_sequence": [
          7,
          30,
          4,
          54,
          21,
          13,
          86,
          76,
          72,
          80,
          71,
          98,
          75,
          89,
          32,
          22,
          66
        ],
        "total_demand": 298,
        "total_distance": 189.18594728977826
      },
      {
        "vehicle_id": 2,
        "customer_sequence": [
          56,
          81,
          77,
          12,
          36,
          63,
          79,
          83,
          11,
          41,
          6,
          53,
          51,
          43,
          39
        ],
        "total_demand": 299,
        "total_distance": 120.06933822730245
      },
      {
        "vehicle_id": 3,
        "customer_sequence": [
          3,
          46,
          27,
          35,
          85,
          90,
          33,
          31,
          73,
          47,
          99,
          62,
          92,
          95,
          94,
          23,
          100,
          96
        ],
        "total_demand": 300,
        "total_distance": 135.52738840007186
      },
      {
        "vehicle_id": 4,
        "customer_sequence": [
          59,
          42,
          14,
          57,
          52,
          17,
          20,
          16,
          69,
          15,
          2,
          84,
          45,
          8,
          88,
          55,
          37,
          48,
          38,
          28
        ],
        "total_demand": 299,
        "total_distance": 146.7805081155224
      },
      {
        "vehicle_id": 5,
        "customer_sequence": [
          9,
          34,
          10,
          19,
          58,
          40,
          25,
          24,
          68,
          29,
          26,
          65,
          64,
          87,
          82,
          93
        ],
        "total_demand": 264,
        "total_distance": 190.4262181547465
      }
    ],
    "total_cost": 699.8263274960444,
    "computation_time": 0.0,
    "is_valid": true,
    "convergence_history": null
  }
}