{
  "instance_id": "synthetic_90c_337q_random_s489782327",
  "instance_name": "Synthetic Random",
  "instance_size": 90,
  "configuration": "drl_mid_ga",
  "agent_used": "mid",
  "replicate": 5,
  "seed": 1655499479,
  "initial_cost": 1582.4191132127482,
  "final_cost": 1284.5198494970982,
  "improvement_gap": 18.825560259496118,
  "total_time": 148.12287044525146,
  "initialization_time": 139.06622314453125,
  "evolution_time": 9.056647300720215,
  "generations_run": 100,
  "generations_to_convergence": null,
  "convergence_history": [
    1582.4191132127482,
    1582.4191132127482,
    1582.4191132127482,
    1514.3833471020102,
    1514.3833471020102,
    1514.3833471020102,
    1496.1809917249298,
    1457.7098145173065,
    1457.7098145173065,
    1457.7098145173065,
    1455.8222770348552,
    1455.8222770348552,
    1455.8222770348552,
    1445.4624592674538,
    1443.4375378516052,
    1443.4375378516052,
    1443.4375378516052,
    1432.889202305538,
    1431.1901826017524,
    1431.1901826017524,
    1431.1901826017524,
    1430.5701006697673,
    1413.8321985814723,
    1413.8321985814723,
    1381.8954749686545,
    1381.8954749686545,
    1381.8954749686545,
    1381.8954749686545,
    1377.9330240572099,
    1377.9330240572099,
    1377.9330240572099,
    1377.9330240572099,
    1364.7704802897656,
    1364.7704802897656,
    1364.7704802897656,
    1364.7704802897656,
    1364.7704802897656,
    1364.7704802897656,
    1364.7704802897656,
    1364.7704802897656,
    1364.032394827038,
    1364.032394827038,
    1361.292183614386,
    1358.6498245601626,
    1358.6498245601626,
    1357.4182803756516,
    1351.2976246460487,
    1351.2976246460487,
    1351.2976246460487,
    1349.5928059605444,
    1348.9615096927835,
    1347.3447571458732,
    1345.639938460369,
    1345.639938460369,
    1345.639938460369,
    1345.639938460369,
    1344.0828127807802,
    1344.0828127807802,
    1340.4097450952581,
    1325.380100962698,
    1325.380100962698,
    1315.1932649567877,
    1315.1932649567877,
    1315.1932649567877,
    1314.0161781220615,
    1314.0161781220615,
    1307.8050203134248,
    1307.8050203134248,
    1307.8050203134248,
    1306.4532554085768,
    1306.4532554085768,
    1302.7801877230545,
    1302.7801877230545,
    1302.7801877230545,
    1302.7801877230545,
    1300.6129690155317,
    1300.6129690155317,
    1299.4358821808055,
    1299.4358821808055,
    1299.4358821808055,
    1299.4358821808055,
    1299.4358821808055,
    1299.4358821808055,
    1297.8502012485287,
    1297.8502012485287,
    1297.8502012485287,
    1297.8502012485287,
    1297.8502012485287,
    1297.8502012485287,
    1297.8502012485287,
    1297.8502012485287,
    1297.8502012485287,
    1297.8502012485287,
    1297.8502012485287,
    1284.5198494970982,
    1284.5198494970982,
    1284.5198494970982,
    1284.5198494970982,
    1284.5198494970982,
    1284.5198494970982,
    1284.5198494970982
  ],
  "best_solution": {
    "id": "ga_gen0_1766",
    "instance_id": "synthetic_90c_337q_random_s489782327",
    "algorithm": "drl_mid_ga",
    "routes": [
      {
        "vehicle_id": 0,
        "customer_sequence": [
          82,
          44,
          56,
          72,
          62,
          6,
          29,
          34,
          35,
          70,
          21,
          42,
          57,
          1,
          86,
          75,
          59
        ],
        "total_demand": 337,
        "total_distance": 328.8325454511254
      },
      {
        "vehicle_id": 1,
        "customer_sequence": [
          10,
          41,
          37,
          51,
          12,
          81,
          80,
          39,
          67,
          61,
          24,
          89,
          87,
          63,
          32,
          30,
          53,
          66
        ],
        "total_demand": 336,
        "total_distance": 264.5343308472452
      },
      {
        "vehicle_id": 2,
        "customer_sequence": [
          46,
          31,
          38,
          36,
          17,
          5,
          83,
          13,
          47,
          74,
          88,
          68,
          85,
          2,
          15,
          45,
          25,
          8,
          27,
          19
        ],
        "total_demand": 334,
        "total_distance": 329.50413564065417
      },
      {
        "vehicle_id": 3,
        "customer_sequence": [
          77,
          26,
          50,
          23,
          60,
          76,
          55,
          7,
          52,
          33,
          65,
          90,
          78,
          14,
          22
        ],
        "total_demand": 329,
        "total_distance": 307.3108365077461
      },
      {
        "vehicle_id": 4,
        "customer_sequence": [
          28,
          48,
          4,
          9,
          18,
          54,
          79,
          40,
          64,
          71,
          69,
          20,
          84,
          3,
          58,
          43,
          11,
          73,
          49,
          16
        ],
        "total_demand": 316,
        "total_distance": 431.6948775392948
      }
    ],
    "total_cost": 1284.5198494970982,
    "computation_time": 0.0,
    "is_valid": true,
    "convergence_history": null
  }
}