{
  "instance_id": "synthetic_40c_120q_random_s1770044149",
  "instance_name": "Synthetic Random",
  "instance_size": 40,
  "configuration": "drl_mid_ga",
  "agent_used": "mid",
  "replicate": 5,
  "seed": 1079079730,
  "initial_cost": 680.9812682049441,
  "final_cost": 540.1394157743234,
  "improvement_gap": 20.682191861440998,
  "total_time": 33.40625500679016,
  "initialization_time": 32.00107407569885,
  "evolution_time": 1.4051809310913086,
  "generations_run": 100,
  "generations_to_convergence": 41,
  "convergence_history": [
    680.9812682049441,
    680.9812682049441,
    680.9812682049441,
    680.9812682049441,
    680.9812682049441,
    680.9812682049441,
    680.9812682049441,
    680.9812682049441,
    664.2723607280669,
    621.9240230742188,
    621.9240230742188,
    605.2151155973417,
    605.2151155973417,
    605.2151155973417,
    605.2151155973417,
    605.2151155973417,
    605.2151155973417,
    605.2151155973417,
    605.2151155973417,
    605.2151155973417,
    605.2151155973417,
    605.2151155973417,
    605.2151155973417,
    605.2151155973417,
    605.2151155973417,
    605.2151155973417,
    580.6314437791918,
    580.6314437791918,
    580.6314437791918,
    568.6827993366284,
    568.6827993366284,
    568.6827993366284,
    568.6827993366284,
    568.6827993366284,
    568.6827993366284,
    568.6827993366284,
    568.6827993366284,
    568.6827993366284,
    568.6827993366284,
    568.6827993366284,
    568.6827993366284,
    557.4817969033622,
    557.4817969033622,
    557.4817969033622,
    557.4817969033622,
    557.4817969033622,
    557.4817969033622,
    557.4817969033622,
    557.4817969033622,
    557.4817969033622,
    557.4817969033622,
    557.4817969033622,
    557.4817969033622,
    557.4817969033622,
    557.4817969033622,
    557.4817969033622,
    557.4817969033622,
    557.4817969033622,
    557.4817969033622,
    557.4817969033622,
    557.4817969033622,
    542.8074423927904,
    542.8074423927904,
    542.8074423927904,
    542.8074423927904,
    542.8074423927904,
    542.8074423927904,
    542.8074423927904,
    542.8074423927904,
    542.8074423927904,
    542.8074423927904,
    542.8074423927904,
    542.8074423927904,
    540.1394157743234,
    540.1394157743234,
    540.1394157743234,
    540.1394157743234,
    540.1394157743234,
    540.1394157743234,
    540.1394157743234,
    540.1394157743234,
    540.1394157743234,
    540.1394157743234,
    540.1394157743234,
    540.1394157743234,
    540.1394157743234,
    540.1394157743234,
    540.1394157743234,
    540.1394157743234,
    540.1394157743234,
    540.1394157743234,
    540.1394157743234,
    540.1394157743234,
    540.1394157743234,
    540.1394157743234,
    540.1394157743234,
    540.1394157743234,
    540.1394157743234,
    540.1394157743234,
    540.1394157743234,
    540.1394157743234
  ],
  "best_solution": {
    "id": "ga_gen0_5079",
    "instance_id": "synthetic_40c_120q_random_s1770044149",
    "algorithm": "drl_mid_ga",
    "routes": [
      {
        "vehicle_id": 0,
        "customer_sequence": [
          27,
          28,
          17,
          10,
          21,
          9,
          29
        ],
        "total_demand": 120,
        "total_distance": 127.00438421093054
      },
      {
        "vehicle_id": 1,
        "customer_sequence": [
          30,
          35,
          3,
          18,
          32
        ],
        "total_demand": 118,
        "total_distance": 120.34978172466519
      },
      {
        "vehicle_id": 2,
        "customer_sequence": [
          38,
          1,
          15,
          13,
          31,
          6,
          40
        ],
        "total_demand": 119,
        "total_distance": 181.12065393415827
      },
      {
        "vehicle_id": 3,
        "customer_sequence": [
          5,
          23,
          26,
          11,
          7,
          34
        ],
        "total_demand": 117,
        "total_distance": 100.24335097631003
      },
      {
        "vehicle_id": 4,
        "customer_sequence": [
          14,
          39,
          12,
          22,
          25,
          8,
          24,
          20,
          16
        ],
        "total_demand": 120,
        "total_distance": 185.9051694349152
      },
      {
        "vehicle_id": 5,
        "customer_sequence": [
          4,
          36,
          33,
          37,
          19
        ],
        "total_demand": 106,
        "total_distance": 182.7629468318005
      },
      {
        "vehicle_id": 6,
        "customer_sequence": [
          2
        ],
        "total_demand": 30,
        "total_distance": 124.65938066215813
      }
    ],
    "total_cost": 540.1394157743234,
    "computation_time": 0.0,
    "is_valid": true,
    "convergence_history": null
  }
}