{
  "instance_id": "synthetic_110c_481q_clustered6_s1158569504",
  "instance_name": "Synthetic Clustered",
  "instance_size": 110,
  "configuration": "drl_mid_ga",
  "agent_used": "mid",
  "replicate": 3,
  "seed": 1416746485,
  "initial_cost": 1189.0185981693653,
  "final_cost": 1026.6714882678548,
  "improvement_gap": 13.653874729248397,
  "total_time": 225.31267166137695,
  "initialization_time": 212.27959513664246,
  "evolution_time": 13.033076524734497,
  "generations_run": 100,
  "generations_to_convergence": null,
  "convergence_history": [
    1189.0185981693653,
    1189.0185981693653,
    1189.0185981693653,
    1189.0185981693653,
    1189.0185981693653,
    1189.0185981693653,
    1189.0185981693653,
    1167.0322580609786,
    1167.0322580609786,
    1167.0322580609786,
    1167.0322580609786,
    1167.0322580609786,
    1167.0322580609786,
    1167.0322580609786,
    1167.0322580609786,
    1167.0322580609786,
    1167.0322580609786,
    1167.0322580609786,
    1167.0322580609786,
    1167.0322580609786,
    1167.0322580609786,
    1164.6607444581905,
    1164.6607444581905,
    1158.3656679806245,
    1158.3656679806245,
    1157.899880552759,
    1144.1403903438413,
    1144.1403903438413,
    1144.1403903438413,
    1144.1403903438413,
    1144.1403903438413,
    1144.1403903438413,
    1144.1403903438413,
    1144.1403903438413,
    1144.1403903438413,
    1133.6916033815778,
    1133.6916033815778,
    1117.0265972848192,
    1117.0265972848192,
    1112.5862155381756,
    1104.2550730890189,
    1103.7341872458055,
    1103.7341872458055,
    1093.0768255680928,
    1092.4327023421345,
    1092.4327023421345,
    1090.200137114233,
    1088.1806674248533,
    1085.3039789709935,
    1084.854893773424,
    1084.435863735909,
    1084.435863735909,
    1084.435863735909,
    1084.435863735909,
    1084.435863735909,
    1084.435863735909,
    1084.435863735909,
    1084.435863735909,
    1084.435863735909,
    1084.4106580343966,
    1084.4106580343966,
    1084.4106580343966,
    1084.4106580343966,
    1084.4106580343966,
    1084.4106580343966,
    1084.4106580343966,
    1084.4106580343966,
    1084.4106580343966,
    1066.7267759373628,
    1066.7267759373628,
    1063.620511406154,
    1061.505844335507,
    1061.505844335507,
    1061.505844335507,
    1058.3995798042981,
    1058.3995798042981,
    1058.3995798042981,
    1056.4813495795295,
    1051.837160793742,
    1044.7681297667455,
    1044.7681297667455,
    1044.7681297667455,
    1037.9887844340742,
    1037.9887844340742,
    1037.9887844340742,
    1034.4197004935784,
    1034.1090872567006,
    1034.1090872567006,
    1034.1090872567006,
    1027.808850413039,
    1027.808850413039,
    1027.808850413039,
    1027.808850413039,
    1027.808850413039,
    1026.6714882678548,
    1026.6714882678548,
    1026.6714882678548,
    1026.6714882678548,
    1026.6714882678548,
    1026.6714882678548,
    1026.6714882678548
  ],
  "best_solution": {
    "id": "ga_gen0_4875",
    "instance_id": "synthetic_110c_481q_clustered6_s1158569504",
    "algorithm": "drl_mid_ga",
    "routes": [
      {
        "vehicle_id": 0,
        "customer_sequence": [
          77,
          78,
          26,
          66,
          65,
          33,
          62,
          57,
          32,
          14,
          7,
          3,
          8,
          67,
          39,
          50,
          51,
          82,
          74,
          80,
          21,
          19
        ],
        "total_demand": 477,
        "total_distance": 187.69549004040414
      },
      {
        "vehicle_id": 1,
        "customer_sequence": [
          83,
          43,
          90,
          54,
          10,
          53,
          42,
          41,
          47,
          15,
          38,
          52,
          76,
          60,
          44,
          48,
          97,
          103,
          92,
          104,
          100,
          105,
          99,
          91,
          98,
          101,
          96,
          16,
          59,
          58
        ],
        "total_demand": 480,
        "total_distance": 268.6416255121013
      },
      {
        "vehicle_id": 2,
        "customer_sequence": [
          94,
          81,
          110,
          93,
          107,
          95,
          106,
          75,
          79,
          37,
          87,
          71,
          40,
          49,
          6,
          31,
          55,
          12,
          46,
          69,
          4,
          2,
          17,
          18,
          1,
          64
        ],
        "total_demand": 478,
        "total_distance": 284.69845347696884
      },
      {
        "vehicle_id": 3,
        "customer_sequence": [
          22,
          88,
          102,
          108,
          73,
          85,
          56,
          29,
          20,
          36,
          84,
          34,
          89,
          61,
          30,
          23,
          70,
          68,
          9,
          13,
          11,
          5,
          63,
          27,
          72,
          28,
          35,
          25,
          24,
          86
        ],
        "total_demand": 480,
        "total_distance": 398.15159336670513
      },
      {
        "vehicle_id": 4,
        "customer_sequence": [
          109,
          45
        ],
        "total_demand": 20,
        "total_distance": 137.0107882046588
      }
    ],
    "total_cost": 1026.6714882678548,
    "computation_time": 0.0,
    "is_valid": true,
    "convergence_history": null
  }
}