{
  "instance_id": "synthetic_30c_90q_random_s618647013",
  "instance_name": "Synthetic Random",
  "instance_size": 30,
  "configuration": "drl_mid_ga",
  "agent_used": "mid",
  "replicate": 5,
  "seed": 2093567216,
  "initial_cost": 555.1049604294977,
  "final_cost": 490.3343671352311,
  "improvement_gap": 11.668170510339541,
  "total_time": 20.613919496536255,
  "initialization_time": 19.771820306777954,
  "evolution_time": 0.8420991897583008,
  "generations_run": 100,
  "generations_to_convergence": 14,
  "convergence_history": [
    555.1049604294977,
    555.1049604294977,
    555.1049604294977,
    555.1049604294977,
    555.1049604294977,
    555.1049604294977,
    550.4054814540502,
    546.3127858102612,
    546.3127858102612,
    533.6303814439187,
    524.8382068246822,
    520.0558622210914,
    520.0558622210914,
    495.9105151863258,
    490.3343671352311,
    490.3343671352311,
    490.3343671352311,
    490.3343671352311,
    490.3343671352311,
    490.3343671352311,
    490.3343671352311,
    490.3343671352311,
    490.3343671352311,
    490.3343671352311,
    490.3343671352311,
    490.3343671352311,
    490.3343671352311,
    490.3343671352311,
    490.3343671352311,
    490.3343671352311,
    490.3343671352311,
    490.3343671352311,
    490.3343671352311,
    490.3343671352311,
    490.3343671352311,
    490.3343671352311,
    490.3343671352311,
    490.3343671352311,
    490.3343671352311,
    490.3343671352311,
    490.3343671352311,
    490.3343671352311,
    490.3343671352311,
    490.3343671352311,
    490.3343671352311,
    490.3343671352311,
    490.3343671352311,
    490.3343671352311,
    490.3343671352311,
    490.3343671352311,
    490.3343671352311,
    490.3343671352311,
    490.3343671352311,
    490.3343671352311,
    490.3343671352311,
    490.3343671352311,
    490.3343671352311,
    490.3343671352311,
    490.3343671352311,
    490.3343671352311,
    490.3343671352311,
    490.3343671352311,
    490.3343671352311,
    490.3343671352311,
    490.3343671352311,
    490.3343671352311,
    490.3343671352311,
    490.3343671352311,
    490.3343671352311,
    490.3343671352311,
    490.3343671352311,
    490.3343671352311,
    490.3343671352311,
    490.3343671352311,
    490.3343671352311,
    490.3343671352311,
    490.3343671352311,
    490.3343671352311,
    490.3343671352311,
    490.3343671352311,
    490.3343671352311,
    490.3343671352311,
    490.3343671352311,
    490.3343671352311,
    490.3343671352311,
    490.3343671352311,
    490.3343671352311,
    490.3343671352311,
    490.3343671352311,
    490.3343671352311,
    490.3343671352311,
    490.3343671352311,
    490.3343671352311,
    490.3343671352311,
    490.3343671352311,
    490.3343671352311,
    490.3343671352311,
    490.3343671352311,
    490.3343671352311,
    490.3343671352311,
    490.3343671352311
  ],
  "best_solution": {
    "id": "ga_gen0_6395",
    "instance_id": "synthetic_30c_90q_random_s618647013",
    "algorithm": "drl_mid_ga",
    "routes": [
      {
        "vehicle_id": 0,
        "customer_sequence": [
          18,
          12,
          4,
          19,
          2
        ],
        "total_demand": 88,
        "total_distance": 159.45199044898987
      },
      {
        "vehicle_id": 1,
        "customer_sequence": [
          15,
          25,
          17,
          9
        ],
        "total_demand": 87,
        "total_distance": 120.81790046035628
      },
      {
        "vehicle_id": 2,
        "customer_sequence": [
          11,
          24,
          10,
          23
        ],
        "total_demand": 87,
        "total_distance": 129.70309768107614
      },
      {
        "vehicle_id": 3,
        "customer_sequence": [
          21,
          8,
          5,
          26,
          29
        ],
        "total_demand": 88,
        "total_distance": 179.20402262987216
      },
      {
        "vehicle_id": 4,
        "customer_sequence": [
          6,
          22,
          1,
          20,
          28
        ],
        "total_demand": 86,
        "total_distance": 148.72807909717972
      },
      {
        "vehicle_id": 5,
        "customer_sequence": [
          16,
          7,
          3,
          30,
          27,
          14
        ],
        "total_demand": 87,
        "total_distance": 235.14324857058392
      },
      {
        "vehicle_id": 6,
        "customer_sequence": [
          13
        ],
        "total_demand": 22,
        "total_distance": 100.45921166787156
      }
    ],
    "total_cost": 490.3343671352311,
    "computation_time": 0.0,
    "is_valid": true,
    "convergence_history": null
  }
}