{
  "instance_id": "synthetic_30c_90q_clustered4_s1077838830",
  "instance_name": "Synthetic Clustered",
  "instance_size": 30,
  "configuration": "drl_mid_ga",
  "agent_used": "mid",
  "replicate": 4,
  "seed": 1995236720,
  "initial_cost": 394.3434762277342,
  "final_cost": 296.2301206439827,
  "improvement_gap": 24.88017718013188,
  "total_time": 21.30124855041504,
  "initialization_time": 20.517208099365234,
  "evolution_time": 0.7840404510498047,
  "generations_run": 100,
  "generations_to_convergence": 38,
  "convergence_history": [
    394.3434762277342,
    393.67371665216484,
    393.67371665216484,
    393.67371665216484,
    393.67371665216484,
    393.67371665216484,
    364.2460189691554,
    351.056737530449,
    351.056737530449,
    351.056737530449,
    348.5320347011328,
    336.23731650286334,
    332.02037892959527,
    332.02037892959527,
    321.26900310147306,
    321.26900310147306,
    318.74430027215675,
    317.052065528205,
    317.052065528205,
    307.9886538451955,
    306.2964191012437,
    306.2964191012437,
    306.2964191012437,
    306.2964191012437,
    306.2964191012437,
    306.2964191012437,
    306.2964191012437,
    306.2964191012437,
    306.2964191012437,
    306.2964191012437,
    306.2964191012437,
    306.2964191012437,
    306.2964191012437,
    306.2964191012437,
    306.2964191012437,
    306.2964191012437,
    306.2964191012437,
    306.2964191012437,
    296.2301206439827,
    296.2301206439827,
    296.2301206439827,
    296.2301206439827,
    296.2301206439827,
    296.2301206439827,
    296.2301206439827,
    296.2301206439827,
    296.2301206439827,
    296.2301206439827,
    296.2301206439827,
    296.2301206439827,
    296.2301206439827,
    296.2301206439827,
    296.2301206439827,
    296.2301206439827,
    296.2301206439827,
    296.2301206439827,
    296.2301206439827,
    296.2301206439827,
    296.2301206439827,
    296.2301206439827,
    296.2301206439827,
    296.2301206439827,
    296.2301206439827,
    296.2301206439827,
    296.2301206439827,
    296.2301206439827,
    296.2301206439827,
    296.2301206439827,
    296.2301206439827,
    296.2301206439827,
    296.2301206439827,
    296.2301206439827,
    296.2301206439827,
    296.2301206439827,
    296.2301206439827,
    296.2301206439827,
    296.2301206439827,
    296.2301206439827,
    296.2301206439827,
    296.2301206439827,
    296.2301206439827,
    296.2301206439827,
    296.2301206439827,
    296.2301206439827,
    296.2301206439827,
    296.2301206439827,
    296.2301206439827,
    296.2301206439827,
    296.2301206439827,
    296.2301206439827,
    296.2301206439827,
    296.2301206439827,
    296.2301206439827,
    296.2301206439827,
    296.2301206439827,
    296.2301206439827,
    296.2301206439827,
    296.2301206439827,
    296.2301206439827,
    296.2301206439827,
    296.2301206439827
  ],
  "best_solution": {
    "id": "ga_gen0_5692",
    "instance_id": "synthetic_30c_90q_clustered4_s1077838830",
    "algorithm": "drl_mid_ga",
    "routes": [
      {
        "vehicle_id": 0,
        "customer_sequence": [
          3,
          13,
          28
        ],
        "total_demand": 69,
        "total_distance": 53.24785381318929
      },
      {
        "vehicle_id": 1,
        "customer_sequence": [
          27,
          25,
          30,
          19,
          20
        ],
        "total_demand": 80,
        "total_distance": 130.56626574447813
      },
      {
        "vehicle_id": 2,
        "customer_sequence": [
          21,
          22,
          17,
          23
        ],
        "total_demand": 77,
        "total_distance": 119.51265989606108
      },
      {
        "vehicle_id": 3,
        "customer_sequence": [
          12,
          18,
          16,
          15
        ],
        "total_demand": 88,
        "total_distance": 50.607823178908184
      },
      {
        "vehicle_id": 4,
        "customer_sequence": [
          1,
          6,
          11,
          26,
          8,
          9
        ],
        "total_demand": 81,
        "total_distance": 103.05192676542703
      },
      {
        "vehicle_id": 5,
        "customer_sequence": [
          2,
          29,
          4,
          7,
          5
        ],
        "total_demand": 79,
        "total_distance": 140.26727659800264
      },
      {
        "vehicle_id": 6,
        "customer_sequence": [
          24,
          14,
          10
        ],
        "total_demand": 23,
        "total_distance": 78.61290045631387
      }
    ],
    "total_cost": 296.2301206439827,
    "computation_time": 0.0,
    "is_valid": true,
    "convergence_history": null
  }
}