{
  "instance_id": "synthetic_75c_281q_random_s23780024",
  "instance_name": "Synthetic Random",
  "instance_size": 75,
  "configuration": "drl_mid_ga",
  "agent_used": "mid",
  "replicate": 1,
  "seed": 1938591576,
  "initial_cost": 1295.745359663754,
  "final_cost": 1042.4812503941466,
  "improvement_gap": 19.545824137493298,
  "total_time": 111.38420963287354,
  "initialization_time": 104.95131754875183,
  "evolution_time": 6.432892084121704,
  "generations_run": 100,
  "generations_to_convergence": null,
  "convergence_history": [
    1295.745359663754,
    1295.745359663754,
    1295.745359663754,
    1290.1239024602978,
    1290.1239024602978,
    1290.1239024602978,
    1290.1239024602978,
    1290.1239024602978,
    1289.8799328913499,
    1289.8799328913499,
    1281.2201257825218,
    1281.2201257825218,
    1278.3299325398445,
    1278.3299325398445,
    1269.4261558620688,
    1269.4261558620688,
    1268.7169806095476,
    1266.567026715569,
    1266.567026715569,
    1265.5475732836082,
    1265.5475732836082,
    1265.5475732836082,
    1265.5475732836082,
    1265.5475732836082,
    1265.5475732836082,
    1265.5475732836082,
    1265.5475732836082,
    1265.5475732836082,
    1265.2667160975723,
    1265.2667160975723,
    1265.2667160975723,
    1229.7982933770256,
    1229.6394564779584,
    1219.040394367869,
    1219.040394367869,
    1219.040394367869,
    1219.040394367869,
    1219.040394367869,
    1212.450662568238,
    1212.450662568238,
    1206.3042545021033,
    1206.3042545021033,
    1199.2450230761895,
    1199.2450230761895,
    1199.2450230761895,
    1199.2450230761895,
    1193.032416279944,
    1193.032416279944,
    1193.032416279944,
    1193.032416279944,
    1193.032416279944,
    1193.032416279944,
    1193.032416279944,
    1193.032416279944,
    1193.032416279944,
    1193.032416279944,
    1177.0209566162305,
    1177.0209566162305,
    1177.0209566162305,
    1142.2877036479545,
    1102.5680714806015,
    1102.5680714806015,
    1068.9646528525684,
    1068.9646528525684,
    1068.9646528525684,
    1068.9646528525684,
    1068.9646528525684,
    1068.6572426819077,
    1068.6572426819077,
    1068.6572426819077,
    1068.6572426819077,
    1068.6572426819077,
    1068.6572426819077,
    1068.6572426819077,
    1068.6572426819077,
    1068.6572426819077,
    1068.6572426819077,
    1068.6572426819077,
    1068.6572426819077,
    1068.6572426819077,
    1068.6572426819077,
    1068.6572426819077,
    1068.6572426819077,
    1068.6572426819077,
    1068.6572426819077,
    1068.2501113289416,
    1068.2501113289416,
    1068.2501113289416,
    1068.2501113289416,
    1065.2786519252431,
    1064.871520572277,
    1062.2642633269977,
    1058.1368987324404,
    1058.1368987324404,
    1055.858390886028,
    1049.4574926490006,
    1049.4574926490006,
    1049.4574926490006,
    1047.1789848025883,
    1042.4812503941466,
    1042.4812503941466
  ],
  "best_solution": {
    "id": "ga_gen0_4312",
    "instance_id": "synthetic_75c_281q_random_s23780024",
    "algorithm": "drl_mid_ga",
    "routes": [
      {
        "vehicle_id": 0,
        "customer_sequence": [
          33,
          61,
          39,
          27,
          26,
          56,
          28,
          43,
          73,
          75,
          47,
          36,
          32,
          3,
          44,
          16,
          53
        ],
        "total_demand": 280,
        "total_distance": 252.05625687202456
      },
      {
        "vehicle_id": 1,
        "customer_sequence": [
          62,
          51,
          48,
          10,
          2,
          30,
          21,
          52,
          54,
          20,
          24,
          69,
          58,
          68,
          67,
          7,
          71,
          23
        ],
        "total_demand": 280,
        "total_distance": 337.26671580879565
      },
      {
        "vehicle_id": 2,
        "customer_sequence": [
          11,
          15,
          13,
          5,
          18,
          31,
          1,
          63,
          17,
          19,
          70,
          59,
          42,
          57,
          55,
          38,
          6
        ],
        "total_demand": 277,
        "total_distance": 239.8030332932431
      },
      {
        "vehicle_id": 3,
        "customer_sequence": [
          49,
          8,
          66,
          41,
          29,
          35,
          25,
          14,
          34,
          45,
          46,
          65,
          74,
          4,
          12,
          72,
          60,
          9
        ],
        "total_demand": 281,
        "total_distance": 435.3195143037886
      },
      {
        "vehicle_id": 4,
        "customer_sequence": [
          40,
          22,
          37,
          50,
          64
        ],
        "total_demand": 75,
        "total_distance": 166.13276749549468
      }
    ],
    "total_cost": 1042.4812503941466,
    "computation_time": 0.0,
    "is_valid": true,
    "convergence_history": null
  }
}