{
  "instance_id": "synthetic_30c_90q_random_s1155944711",
  "instance_name": "Synthetic Random",
  "instance_size": 30,
  "configuration": "drl_mid_ga",
  "agent_used": "mid",
  "replicate": 4,
  "seed": 1433074540,
  "initial_cost": 615.3274721646983,
  "final_cost": 444.47392869627663,
  "improvement_gap": 27.766279127334503,
  "total_time": 20.8772554397583,
  "initialization_time": 20.059720993041992,
  "evolution_time": 0.8175344467163086,
  "generations_run": 100,
  "generations_to_convergence": 35,
  "convergence_history": [
    615.3274721646983,
    589.9096121499512,
    571.1208083070603,
    571.1208083070603,
    538.2171928619449,
    538.2171928619449,
    533.3770317600239,
    531.2701700544917,
    531.2701700544917,
    531.2701700544917,
    531.2701700544917,
    524.80329234491,
    519.9717863328677,
    519.9717863328677,
    515.8249414976507,
    501.0782937801589,
    501.0782937801589,
    492.0999429328996,
    485.30487790751465,
    485.30487790751465,
    485.30487790751465,
    480.57227309366124,
    480.57227309366124,
    480.57227309366124,
    480.57227309366124,
    480.57227309366124,
    480.57227309366124,
    470.45110410133645,
    470.45110410133645,
    445.73174343152243,
    445.73174343152243,
    445.73174343152243,
    445.73174343152243,
    445.73174343152243,
    445.73174343152243,
    444.47392869627663,
    444.47392869627663,
    444.47392869627663,
    444.47392869627663,
    444.47392869627663,
    444.47392869627663,
    444.47392869627663,
    444.47392869627663,
    444.47392869627663,
    444.47392869627663,
    444.47392869627663,
    444.47392869627663,
    444.47392869627663,
    444.47392869627663,
    444.47392869627663,
    444.47392869627663,
    444.47392869627663,
    444.47392869627663,
    444.47392869627663,
    444.47392869627663,
    444.47392869627663,
    444.47392869627663,
    444.47392869627663,
    444.47392869627663,
    444.47392869627663,
    444.47392869627663,
    444.47392869627663,
    444.47392869627663,
    444.47392869627663,
    444.47392869627663,
    444.47392869627663,
    444.47392869627663,
    444.47392869627663,
    444.47392869627663,
    444.47392869627663,
    444.47392869627663,
    444.47392869627663,
    444.47392869627663,
    444.47392869627663,
    444.47392869627663,
    444.47392869627663,
    444.47392869627663,
    444.47392869627663,
    444.47392869627663,
    444.47392869627663,
    444.47392869627663,
    444.47392869627663,
    444.47392869627663,
    444.47392869627663,
    444.47392869627663,
    444.47392869627663,
    444.47392869627663,
    444.47392869627663,
    444.47392869627663,
    444.47392869627663,
    444.47392869627663,
    444.47392869627663,
    444.47392869627663,
    444.47392869627663,
    444.47392869627663,
    444.47392869627663,
    444.47392869627663,
    444.47392869627663,
    444.47392869627663,
    444.47392869627663,
    444.47392869627663
  ],
  "best_solution": {
    "id": "ga_gen0_8145",
    "instance_id": "synthetic_30c_90q_random_s1155944711",
    "algorithm": "drl_mid_ga",
    "routes": [
      {
        "vehicle_id": 0,
        "customer_sequence": [
          15,
          17,
          16,
          22
        ],
        "total_demand": 87,
        "total_distance": 102.57063102524792
      },
      {
        "vehicle_id": 1,
        "customer_sequence": [
          5,
          12,
          21,
          2,
          6
        ],
        "total_demand": 89,
        "total_distance": 115.05664905732337
      },
      {
        "vehicle_id": 2,
        "customer_sequence": [
          23,
          8,
          19,
          7
        ],
        "total_demand": 90,
        "total_distance": 153.5829464822237
      },
      {
        "vehicle_id": 3,
        "customer_sequence": [
          20,
          13,
          25,
          11
        ],
        "total_demand": 89,
        "total_distance": 85.25712521945258
      },
      {
        "vehicle_id": 4,
        "customer_sequence": [
          26,
          1,
          4,
          9,
          3
        ],
        "total_demand": 82,
        "total_distance": 239.70480030144714
      },
      {
        "vehicle_id": 5,
        "customer_sequence": [
          30,
          27,
          14,
          28,
          18,
          24
        ],
        "total_demand": 81,
        "total_distance": 192.42980698324664
      },
      {
        "vehicle_id": 6,
        "customer_sequence": [
          29,
          10
        ],
        "total_demand": 38,
        "total_distance": 132.45448814195257
      }
    ],
    "total_cost": 444.47392869627663,
    "computation_time": 0.0,
    "is_valid": true,
    "convergence_history": null
  }
}