{
  "instance_id": "synthetic_75c_281q_clustered5_s407233915",
  "instance_name": "Synthetic Clustered",
  "instance_size": 75,
  "configuration": "drl_mid_ga",
  "agent_used": "mid",
  "replicate": 3,
  "seed": 927821482,
  "initial_cost": 738.1889691561372,
  "final_cost": 605.7155528258578,
  "improvement_gap": 17.94573230777436,
  "total_time": 108.29781699180603,
  "initialization_time": 103.79975056648254,
  "evolution_time": 4.498066425323486,
  "generations_run": 100,
  "generations_to_convergence": 77,
  "convergence_history": [
    738.1889691561372,
    738.1889691561372,
    738.1889691561372,
    738.1889691561372,
    738.1889691561372,
    738.1889691561372,
    736.2861610457337,
    736.2861610457337,
    736.2861610457337,
    736.2861610457337,
    736.2861610457337,
    736.2861610457337,
    732.1295666339827,
    732.1295666339827,
    732.1295666339827,
    732.1295666339827,
    719.6712989857083,
    719.6712989857083,
    719.6712989857083,
    715.7167946958634,
    707.611023134432,
    703.656518844587,
    703.656518844587,
    675.3404344362978,
    663.2801585850214,
    657.6327550486048,
    657.6327550486048,
    648.7239525561918,
    648.7239525561918,
    645.1039442097072,
    643.0765490197753,
    643.0765490197753,
    643.0765490197753,
    643.0765490197753,
    643.0765490197753,
    643.0765490197753,
    643.0765490197753,
    643.0765490197753,
    643.0765490197753,
    643.0765490197753,
    643.0765490197753,
    643.0765490197753,
    643.0765490197753,
    643.0765490197753,
    642.1381570689462,
    638.2041203842933,
    638.2041203842933,
    637.2657284334643,
    637.2657284334643,
    631.0022093688383,
    626.1297807333565,
    626.1297807333565,
    626.1297807333565,
    621.9221560470233,
    621.9221560470233,
    621.9221560470233,
    621.9221560470233,
    619.1039532247395,
    619.1039532247395,
    619.1039532247395,
    619.1039532247395,
    619.1039532247395,
    619.1039532247395,
    619.1039532247395,
    619.1039532247395,
    614.2522326372991,
    613.8360602246462,
    613.8360602246462,
    613.8360602246462,
    608.984339637206,
    608.984339637206,
    608.984339637206,
    608.984339637206,
    608.984339637206,
    608.984339637206,
    608.984339637206,
    608.6649168505148,
    605.7155528258578,
    605.7155528258578,
    605.7155528258578,
    605.7155528258578,
    605.7155528258578,
    605.7155528258578,
    605.7155528258578,
    605.7155528258578,
    605.7155528258578,
    605.7155528258578,
    605.7155528258578,
    605.7155528258578,
    605.7155528258578,
    605.7155528258578,
    605.7155528258578,
    605.7155528258578,
    605.7155528258578,
    605.7155528258578,
    605.7155528258578,
    605.7155528258578,
    605.7155528258578,
    605.7155528258578,
    605.7155528258578,
    605.7155528258578
  ],
  "best_solution": {
    "id": "ga_gen0_6146",
    "instance_id": "synthetic_75c_281q_clustered5_s407233915",
    "algorithm": "drl_mid_ga",
    "routes": [
      {
        "vehicle_id": 0,
        "customer_sequence": [
          5,
          68,
          38,
          67,
          24,
          63,
          30,
          6,
          7,
          14,
          11,
          31
        ],
        "total_demand": 281,
        "total_distance": 100.51154660310763
      },
      {
        "vehicle_id": 1,
        "customer_sequence": [
          33,
          35,
          62,
          39,
          42,
          69,
          45,
          29,
          71,
          23,
          18,
          28
        ],
        "total_demand": 279,
        "total_distance": 118.06055038430199
      },
      {
        "vehicle_id": 2,
        "customer_sequence": [
          57,
          59,
          44,
          22,
          26,
          19,
          17,
          12,
          43,
          21,
          9,
          65,
          37,
          66,
          10,
          36
        ],
        "total_demand": 281,
        "total_distance": 167.91365420556733
      },
      {
        "vehicle_id": 3,
        "customer_sequence": [
          50,
          52,
          47,
          48,
          46,
          49,
          32,
          75,
          3,
          41,
          13,
          40,
          1,
          27,
          61,
          25
        ],
        "total_demand": 281,
        "total_distance": 161.67955275982166
      },
      {
        "vehicle_id": 4,
        "customer_sequence": [
          2,
          20,
          15,
          74,
          72,
          64,
          4,
          34,
          60,
          54,
          53,
          55,
          51,
          56,
          58,
          73,
          8,
          70,
          16
        ],
        "total_demand": 235,
        "total_distance": 309.96564215251027
      }
    ],
    "total_cost": 605.7155528258578,
    "computation_time": 0.0,
    "is_valid": true,
    "convergence_history": null
  }
}