{
  "instance_id": "synthetic_125c_437q_random_s41234086",
  "instance_name": "Synthetic Random",
  "instance_size": 125,
  "configuration": "drl_mid_ga",
  "agent_used": "mid",
  "replicate": 1,
  "seed": 953411794,
  "initial_cost": 2208.453295070859,
  "final_cost": 1891.9699241355377,
  "improvement_gap": 14.33054398939267,
  "total_time": 281.81314754486084,
  "initialization_time": 265.19571447372437,
  "evolution_time": 16.617433071136475,
  "generations_run": 100,
  "generations_to_convergence": null,
  "convergence_history": [
    2208.453295070859,
    2208.453295070859,
    2208.453295070859,
    2208.453295070859,
    2204.287890285922,
    2202.9360259798136,
    2202.9360259798136,
    2202.9360259798136,
    2198.7706211948766,
    2198.7706211948766,
    2198.7706211948766,
    2198.7706211948766,
    2196.1291066073745,
    2196.1291066073745,
    2196.1291066073745,
    2190.3110958657535,
    2190.3110958657535,
    2190.3110958657535,
    2190.3110958657535,
    2189.6367645643886,
    2182.8578054440654,
    2179.531765710045,
    2179.531765710045,
    2178.85743440868,
    2163.1935987364773,
    2163.1935987364773,
    2162.9284196396748,
    2127.469783657113,
    2126.7954523557482,
    2126.7954523557482,
    2126.7954523557482,
    2126.7954523557482,
    2126.7954523557482,
    2126.7954523557482,
    2126.2693866903433,
    2126.2693866903433,
    2103.6500537286965,
    2103.6500537286965,
    2092.2050413809575,
    2092.2050413809575,
    2092.2050413809575,
    2083.92759194865,
    2083.92759194865,
    2083.0725596720504,
    2083.0725596720504,
    2031.2679535199659,
    2031.2679535199659,
    2030.4129212433663,
    2030.4129212433663,
    2030.4129212433663,
    2030.4129212433663,
    2030.4129212433663,
    2024.519844725419,
    2022.1465888753592,
    2022.1465888753592,
    2016.2535123574119,
    2010.6701665616683,
    2010.6701665616683,
    1999.379692607333,
    1996.96193556666,
    1980.2652028576072,
    1974.823304230606,
    1974.823304230606,
    1974.823304230606,
    1974.823304230606,
    1974.823304230606,
    1974.823304230606,
    1974.823304230606,
    1974.823304230606,
    1974.823304230606,
    1913.701121893943,
    1913.701121893943,
    1909.6133035849812,
    1909.6133035849812,
    1909.6133035849812,
    1904.9593242551198,
    1904.9593242551198,
    1904.9593242551198,
    1904.9593242551198,
    1904.9593242551198,
    1902.543756002438,
    1902.543756002438,
    1902.543756002438,
    1902.543756002438,
    1897.1255631936858,
    1897.1255631936858,
    1897.1255631936858,
    1897.1255631936858,
    1897.1255631936858,
    1897.1255631936858,
    1893.4545847422985,
    1893.4545847422985,
    1893.4545847422985,
    1893.4545847422985,
    1893.4545847422985,
    1893.4545847422985,
    1893.4545847422985,
    1893.4545847422985,
    1891.9699241355377,
    1891.9699241355377,
    1891.9699241355377
  ],
  "best_solution": {
    "id": "ga_gen0_4626",
    "instance_id": "synthetic_125c_437q_random_s41234086",
    "algorithm": "drl_mid_ga",
    "routes": [
      {
        "vehicle_id": 0,
        "customer_sequence": [
          118,
          120,
          53,
          5,
          51,
          72,
          104,
          86,
          98,
          66,
          8,
          58,
          69,
          41,
          75,
          76,
          7,
          95,
          59,
          109,
          60,
          83,
          122
        ],
        "total_demand": 434,
        "total_distance": 277.3597936193612
      },
      {
        "vehicle_id": 1,
        "customer_sequence": [
          82,
          64,
          3,
          63,
          6,
          107,
          123,
          62,
          46,
          22,
          94,
          42,
          47,
          67,
          65,
          30,
          23,
          13,
          100,
          19,
          45,
          68,
          54
        ],
        "total_demand": 435,
        "total_distance": 240.2075472265594
      },
      {
        "vehicle_id": 2,
        "customer_sequence": [
          29,
          26,
          49,
          81,
          18,
          52,
          38,
          20,
          112,
          27,
          91,
          32,
          93,
          105,
          9,
          10,
          125,
          116,
          39,
          55,
          124,
          36,
          78,
          37
        ],
        "total_demand": 436,
        "total_distance": 446.88227169012396
      },
      {
        "vehicle_id": 3,
        "customer_sequence": [
          21,
          119,
          50,
          73,
          90,
          106,
          71,
          28,
          101,
          102,
          80,
          40,
          56,
          87,
          43,
          74,
          12,
          33,
          99,
          114,
          2,
          110,
          48,
          31
        ],
        "total_demand": 437,
        "total_distance": 548.9073549621442
      },
      {
        "vehicle_id": 4,
        "customer_sequence": [
          1,
          70,
          89,
          79,
          44,
          34,
          4,
          111,
          77,
          16,
          14,
          85,
          88,
          84,
          113,
          108,
          92,
          61,
          17,
          96,
          115,
          57,
          121,
          103,
          117,
          97,
          15,
          11,
          24,
          25,
          35
        ],
        "total_demand": 389,
        "total_distance": 629.2170179482655
      }
    ],
    "total_cost": 1891.9699241355377,
    "computation_time": 0.0,
    "is_valid": true,
    "convergence_history": null
  }
}