{
  "instance_id": "synthetic_100c_300q_clustered5_s2030798714",
  "instance_name": "Synthetic Clustered",
  "instance_size": 100,
  "configuration": "drl_mid_ga",
  "agent_used": "mid",
  "replicate": 5,
  "seed": 783525203,
  "initial_cost": 1226.017136157763,
  "final_cost": 954.4712561440429,
  "improvement_gap": 22.148620276607435,
  "total_time": 179.32946968078613,
  "initialization_time": 168.5802879333496,
  "evolution_time": 10.749181747436523,
  "generations_run": 100,
  "generations_to_convergence": null,
  "convergence_history": [
    1226.017136157763,
    1226.017136157763,
    1226.017136157763,
    1226.017136157763,
    1225.434544397852,
    1203.106996993,
    1203.106996993,
    1202.5244052330888,
    1188.9240562202385,
    1188.9240562202385,
    1188.9240562202385,
    1188.9240562202385,
    1178.2167771200525,
    1178.2167771200525,
    1178.2167771200525,
    1148.3940837661519,
    1139.3613784469997,
    1139.3613784469997,
    1137.2347458325492,
    1137.2347458325492,
    1132.4783607389775,
    1118.1431275644218,
    1118.1431275644218,
    1099.2741363205682,
    1065.9954710756115,
    1065.9954710756115,
    1065.9954710756115,
    1063.8034522909766,
    1062.8450127289975,
    1055.9425930709783,
    1055.9425930709783,
    1050.774303906546,
    1029.8579027627968,
    1029.8579027627968,
    1027.8400719449785,
    1027.8400719449785,
    1026.9764620923124,
    1018.4259328751924,
    1018.4259328751924,
    1018.4259328751924,
    1018.4259328751924,
    1018.4259328751924,
    1018.4259328751924,
    1018.4259328751924,
    1018.4259328751924,
    1015.8112430102385,
    1015.8112430102385,
    1015.8112430102385,
    1015.8112430102385,
    1015.8112430102385,
    1015.8112430102385,
    1013.3333896701982,
    1013.3333896701982,
    1013.3333896701982,
    1013.3333896701982,
    1007.1413829970493,
    1007.1413829970493,
    981.6358948513555,
    981.6358948513555,
    981.6358948513555,
    981.6358948513555,
    978.2578112418114,
    978.2578112418114,
    978.2578112418114,
    978.2578112418114,
    977.960030570836,
    977.960030570836,
    977.960030570836,
    977.4060111684541,
    977.4060111684541,
    971.3065936374397,
    971.3065936374397,
    967.8944230020368,
    967.8944230020368,
    967.8944230020368,
    967.5966423310613,
    967.5966423310613,
    967.466498471381,
    967.466498471381,
    967.466498471381,
    966.0536019118331,
    965.9234580521527,
    965.6256773811774,
    965.6256773811774,
    965.6256773811774,
    965.6256773811774,
    965.6256773811774,
    965.6256773811774,
    962.9984293539717,
    962.9984293539717,
    962.9984293539717,
    962.5110550778929,
    962.5110550778929,
    954.4712561440429,
    954.4712561440429,
    954.4712561440429,
    954.4712561440429,
    954.4712561440429,
    954.4712561440429,
    954.4712561440429,
    954.4712561440429
  ],
  "best_solution": {
    "id": "ga_gen0_3938",
    "instance_id": "synthetic_100c_300q_clustered5_s2030798714",
    "algorithm": "drl_mid_ga",
    "routes": [
      {
        "vehicle_id": 0,
        "customer_sequence": [
          44,
          41,
          81,
          54,
          46,
          55,
          45,
          56,
          51,
          47,
          58,
          62,
          72,
          66
        ],
        "total_demand": 299,
        "total_distance": 133.1006939279368
      },
      {
        "vehicle_id": 1,
        "customer_sequence": [
          70,
          77,
          68,
          32,
          64,
          78,
          69,
          73,
          87,
          88,
          97,
          50,
          95,
          90,
          43
        ],
        "total_demand": 297,
        "total_distance": 122.13078092508344
      },
      {
        "vehicle_id": 2,
        "customer_sequence": [
          82,
          94,
          98,
          48,
          85,
          71,
          79,
          40,
          49,
          31,
          26,
          38,
          57,
          25,
          1,
          11
        ],
        "total_demand": 298,
        "total_distance": 193.0355887864942
      },
      {
        "vehicle_id": 3,
        "customer_sequence": [
          36,
          23,
          37,
          59,
          42,
          52,
          91,
          93,
          100,
          89,
          83,
          96,
          84,
          99,
          53,
          74,
          19
        ],
        "total_demand": 299,
        "total_distance": 241.36369580666712
      },
      {
        "vehicle_id": 4,
        "customer_sequence": [
          33,
          63,
          65,
          75,
          4,
          29,
          35,
          22,
          39,
          27,
          13,
          14,
          34,
          5,
          12,
          16,
          17
        ],
        "total_demand": 300,
        "total_distance": 250.91376292156974
      },
      {
        "vehicle_id": 5,
        "customer_sequence": [
          61,
          67,
          60,
          86,
          92,
          30,
          28,
          21,
          24,
          8,
          18,
          20,
          10,
          2,
          6,
          3,
          7,
          9,
          15,
          80,
          76
        ],
        "total_demand": 240,
        "total_distance": 252.57395085386375
      }
    ],
    "total_cost": 954.4712561440429,
    "computation_time": 0.0,
    "is_valid": true,
    "convergence_history": null
  }
}