{
  "instance_id": "synthetic_30c_90q_clustered4_s1964692094",
  "instance_name": "Synthetic Clustered",
  "instance_size": 30,
  "configuration": "drl_mid_ga",
  "agent_used": "mid",
  "replicate": 5,
  "seed": 1688152038,
  "initial_cost": 393.70778056129745,
  "final_cost": 305.7347253055535,
  "improvement_gap": 22.344759133366214,
  "total_time": 21.602190494537354,
  "initialization_time": 20.743459939956665,
  "evolution_time": 0.8587305545806885,
  "generations_run": 100,
  "generations_to_convergence": 23,
  "convergence_history": [
    393.70778056129745,
    381.0007733416418,
    365.99598223885306,
    358.7946069857972,
    358.7946069857972,
    342.6201077404106,
    342.6201077404106,
    342.6201077404106,
    329.1772155160036,
    329.1772155160036,
    329.1772155160036,
    329.1772155160036,
    329.1772155160036,
    316.825541997708,
    316.825541997708,
    316.825541997708,
    316.825541997708,
    316.825541997708,
    316.825541997708,
    312.00063953765846,
    312.00063953765846,
    310.55962776560307,
    310.55962776560307,
    305.7347253055535,
    305.7347253055535,
    305.7347253055535,
    305.7347253055535,
    305.7347253055535,
    305.7347253055535,
    305.7347253055535,
    305.7347253055535,
    305.7347253055535,
    305.7347253055535,
    305.7347253055535,
    305.7347253055535,
    305.7347253055535,
    305.7347253055535,
    305.7347253055535,
    305.7347253055535,
    305.7347253055535,
    305.7347253055535,
    305.7347253055535,
    305.7347253055535,
    305.7347253055535,
    305.7347253055535,
    305.7347253055535,
    305.7347253055535,
    305.7347253055535,
    305.7347253055535,
    305.7347253055535,
    305.7347253055535,
    305.7347253055535,
    305.7347253055535,
    305.7347253055535,
    305.7347253055535,
    305.7347253055535,
    305.7347253055535,
    305.7347253055535,
    305.7347253055535,
    305.7347253055535,
    305.7347253055535,
    305.7347253055535,
    305.7347253055535,
    305.7347253055535,
    305.7347253055535,
    305.7347253055535,
    305.7347253055535,
    305.7347253055535,
    305.7347253055535,
    305.7347253055535,
    305.7347253055535,
    305.7347253055535,
    305.7347253055535,
    305.7347253055535,
    305.7347253055535,
    305.7347253055535,
    305.7347253055535,
    305.7347253055535,
    305.7347253055535,
    305.7347253055535,
    305.7347253055535,
    305.7347253055535,
    305.7347253055535,
    305.7347253055535,
    305.7347253055535,
    305.7347253055535,
    305.7347253055535,
    305.7347253055535,
    305.7347253055535,
    305.7347253055535,
    305.7347253055535,
    305.7347253055535,
    305.7347253055535,
    305.7347253055535,
    305.7347253055535,
    305.7347253055535,
    305.7347253055535,
    305.7347253055535,
    305.7347253055535,
    305.7347253055535,
    305.7347253055535
  ],
  "best_solution": {
    "id": "ga_gen0_9795",
    "instance_id": "synthetic_30c_90q_clustered4_s1964692094",
    "algorithm": "drl_mid_ga",
    "routes": [
      {
        "vehicle_id": 0,
        "customer_sequence": [
          1,
          4,
          3,
          20
        ],
        "total_demand": 90,
        "total_distance": 65.15359112956945
      },
      {
        "vehicle_id": 1,
        "customer_sequence": [
          26,
          8,
          17,
          19
        ],
        "total_demand": 77,
        "total_distance": 90.83737694374825
      },
      {
        "vehicle_id": 2,
        "customer_sequence": [
          28,
          23,
          22,
          13
        ],
        "total_demand": 88,
        "total_distance": 66.74570250818311
      },
      {
        "vehicle_id": 3,
        "customer_sequence": [
          18,
          5,
          2,
          7
        ],
        "total_demand": 78,
        "total_distance": 73.70147938104495
      },
      {
        "vehicle_id": 4,
        "customer_sequence": [
          6,
          25,
          27,
          10
        ],
        "total_demand": 70,
        "total_distance": 91.4495170004353
      },
      {
        "vehicle_id": 5,
        "customer_sequence": [
          24,
          14,
          9
        ],
        "total_demand": 65,
        "total_distance": 61.54881801889485
      },
      {
        "vehicle_id": 6,
        "customer_sequence": [
          29,
          11,
          12,
          16,
          15,
          21
        ],
        "total_demand": 79,
        "total_distance": 184.09028700086512
      },
      {
        "vehicle_id": 7,
        "customer_sequence": [
          30
        ],
        "total_demand": 13,
        "total_distance": 110.79405494550646
      }
    ],
    "total_cost": 305.7347253055535,
    "computation_time": 0.0,
    "is_valid": true,
    "convergence_history": null
  }
}