{
  "instance_id": "synthetic_40c_120q_clustered4_s1845602858",
  "instance_name": "Synthetic Clustered",
  "instance_size": 40,
  "configuration": "drl_mid_ga",
  "agent_used": "mid",
  "replicate": 5,
  "seed": 121583399,
  "initial_cost": 523.3598294629608,
  "final_cost": 412.6316234708708,
  "improvement_gap": 21.15718474337481,
  "total_time": 34.172197103500366,
  "initialization_time": 32.278050899505615,
  "evolution_time": 1.894146203994751,
  "generations_run": 100,
  "generations_to_convergence": 50,
  "convergence_history": [
    523.3598294629608,
    523.3598294629608,
    511.4927301688067,
    511.4927301688067,
    511.4927301688067,
    499.842327244,
    499.842327244,
    499.842327244,
    496.2399084715747,
    484.8739224262324,
    484.8739224262324,
    472.5287783042918,
    472.5287783042918,
    472.5287783042918,
    471.50597387689754,
    468.92635953186664,
    468.7655954867418,
    460.3523008611754,
    459.54659424981514,
    459.54659424981514,
    459.54659424981514,
    459.54659424981514,
    456.3223626082725,
    456.3223626082725,
    456.3223626082725,
    456.3223626082725,
    452.6544825711783,
    450.6958287792408,
    446.336764891313,
    446.336764891313,
    443.48241068801224,
    443.48241068801224,
    443.48241068801224,
    437.85587685898065,
    437.85587685898065,
    437.85587685898065,
    437.85587685898065,
    437.85587685898065,
    437.85587685898065,
    437.85587685898065,
    436.7320404779632,
    427.04452742073147,
    427.04452742073147,
    427.04452742073147,
    427.04452742073147,
    427.04452742073147,
    427.04452742073147,
    416.69249037877046,
    416.69249037877046,
    416.69249037877046,
    412.8609753891246,
    412.8609753891246,
    412.8609753891246,
    412.8609753891246,
    412.8609753891246,
    412.8609753891246,
    412.8609753891246,
    412.8609753891246,
    412.8609753891246,
    412.8609753891246,
    412.8609753891246,
    412.8609753891246,
    412.8609753891246,
    412.8609753891246,
    412.8609753891246,
    412.8609753891246,
    412.8609753891246,
    412.8609753891246,
    412.8609753891246,
    412.8609753891246,
    412.8609753891246,
    412.8609753891246,
    412.8609753891246,
    412.8609753891246,
    412.8609753891246,
    412.8609753891246,
    412.8609753891246,
    412.8609753891246,
    412.8609753891246,
    412.8609753891246,
    412.8609753891246,
    412.8609753891246,
    412.8609753891246,
    412.8609753891246,
    412.8609753891246,
    412.8609753891246,
    412.8609753891246,
    412.8609753891246,
    412.8609753891246,
    412.8609753891246,
    412.8609753891246,
    412.8609753891246,
    412.8609753891246,
    412.8609753891246,
    412.8609753891246,
    412.8609753891246,
    412.8609753891246,
    412.8609753891246,
    412.8609753891246,
    412.6316234708708,
    412.6316234708708
  ],
  "best_solution": {
    "id": "ga_gen0_6959",
    "instance_id": "synthetic_40c_120q_clustered4_s1845602858",
    "algorithm": "drl_mid_ga",
    "routes": [
      {
        "vehicle_id": 0,
        "customer_sequence": [
          25,
          15,
          17,
          4,
          13
        ],
        "total_demand": 98,
        "total_distance": 71.46260518392651
      },
      {
        "vehicle_id": 1,
        "customer_sequence": [
          22,
          7,
          24,
          32,
          29
        ],
        "total_demand": 114,
        "total_distance": 145.0812445562238
      },
      {
        "vehicle_id": 2,
        "customer_sequence": [
          39,
          37,
          36,
          34,
          27,
          26,
          31,
          30
        ],
        "total_demand": 116,
        "total_distance": 96.0624582435505
      },
      {
        "vehicle_id": 3,
        "customer_sequence": [
          19,
          16,
          14,
          2,
          6,
          1,
          8
        ],
        "total_demand": 118,
        "total_distance": 128.64020194877833
      },
      {
        "vehicle_id": 4,
        "customer_sequence": [
          23,
          38,
          21,
          28,
          40,
          33,
          35
        ],
        "total_demand": 119,
        "total_distance": 151.4121144109736
      },
      {
        "vehicle_id": 5,
        "customer_sequence": [
          9,
          11,
          18,
          12,
          20,
          5,
          3
        ],
        "total_demand": 120,
        "total_distance": 154.52909980567728
      },
      {
        "vehicle_id": 6,
        "customer_sequence": [
          10
        ],
        "total_demand": 6,
        "total_distance": 38.192192344481484
      }
    ],
    "total_cost": 412.6316234708708,
    "computation_time": 0.0,
    "is_valid": true,
    "convergence_history": null
  }
}