{
  "instance_id": "synthetic_110c_481q_clustered6_s447877095",
  "instance_name": "Synthetic Clustered",
  "instance_size": 110,
  "configuration": "drl_mid_ga",
  "agent_used": "mid",
  "replicate": 3,
  "seed": 552039026,
  "initial_cost": 1551.17734956306,
  "final_cost": 1257.8836157027085,
  "improvement_gap": 18.907814373576773,
  "total_time": 223.92504048347473,
  "initialization_time": 211.2834141254425,
  "evolution_time": 12.641626358032227,
  "generations_run": 100,
  "generations_to_convergence": null,
  "convergence_history": [
    1551.17734956306,
    1551.17734956306,
    1551.17734956306,
    1551.17734956306,
    1551.17734956306,
    1543.19680576247,
    1537.8102581933258,
    1525.245059141501,
    1477.1491077444236,
    1477.1491077444236,
    1461.6195336808078,
    1416.6988761204293,
    1416.6988761204293,
    1402.1237417659606,
    1402.1237417659606,
    1402.1237417659606,
    1402.1237417659606,
    1401.4411931107145,
    1387.9389839212406,
    1387.9389839212406,
    1387.2564352659945,
    1387.2564352659945,
    1387.226560100358,
    1365.4468250310836,
    1365.4468250310836,
    1365.4468250310836,
    1363.8395455777274,
    1363.8395455777274,
    1363.8395455777274,
    1363.8395455777274,
    1363.8395455777274,
    1363.8395455777274,
    1363.8395455777274,
    1363.8395455777274,
    1361.9210027728925,
    1361.9210027728925,
    1353.2163732752028,
    1353.2163732752028,
    1353.2163732752028,
    1351.8783521673715,
    1345.3736217850592,
    1345.3736217850592,
    1344.0356006772279,
    1343.7573632027809,
    1341.0986383563534,
    1341.0986383563534,
    1336.7633919432342,
    1336.7633919432342,
    1336.7633919432342,
    1323.7798590515251,
    1323.7798590515251,
    1323.7798590515251,
    1323.7798590515251,
    1322.1636004692466,
    1322.1636004692466,
    1322.1636004692466,
    1322.1636004692466,
    1322.1636004692466,
    1322.1636004692466,
    1322.1636004692466,
    1322.1636004692466,
    1319.2780957614125,
    1310.925443127838,
    1310.925443127838,
    1310.925443127838,
    1310.925443127838,
    1301.4337758970685,
    1301.4337758970685,
    1301.4337758970685,
    1301.4337758970685,
    1301.4337758970685,
    1301.1003678114134,
    1301.1003678114134,
    1298.469244754276,
    1298.1358366686209,
    1298.1358366686209,
    1298.1358366686209,
    1298.1358366686209,
    1292.3859611796736,
    1292.3859611796736,
    1292.3859611796736,
    1289.163290207873,
    1289.163290207873,
    1289.163290207873,
    1279.0625983138236,
    1279.0625983138236,
    1279.0625983138236,
    1279.0625983138236,
    1279.0625983138236,
    1279.0625983138236,
    1260.4836514018086,
    1260.4836514018086,
    1260.4836514018086,
    1260.4836514018086,
    1260.0952471046523,
    1260.0952471046523,
    1260.0952471046523,
    1260.0952471046523,
    1258.2720199998648,
    1258.2720199998648,
    1257.8836157027085
  ],
  "best_solution": {
    "id": "ga_gen0_7618",
    "instance_id": "synthetic_110c_481q_clustered6_s447877095",
    "algorithm": "drl_mid_ga",
    "routes": [
      {
        "vehicle_id": 0,
        "customer_sequence": [
          12,
          72,
          22,
          59,
          15,
          109,
          29,
          26,
          28,
          27,
          108,
          107,
          78,
          74,
          85,
          14,
          7,
          87,
          13,
          88,
          75,
          90,
          83
        ],
        "total_demand": 466,
        "total_distance": 336.2912285267449
      },
      {
        "vehicle_id": 1,
        "customer_sequence": [
          73,
          100,
          92,
          19,
          35,
          25,
          36,
          30,
          66,
          32,
          23,
          1,
          42,
          43,
          46,
          47,
          95,
          76,
          97,
          89,
          80,
          103,
          104,
          91,
          50
        ],
        "total_demand": 457,
        "total_distance": 306.92600343825205
      },
      {
        "vehicle_id": 2,
        "customer_sequence": [
          58,
          70,
          6,
          2,
          20,
          8,
          55,
          3,
          16,
          57,
          71,
          65,
          67,
          56,
          61,
          62,
          93,
          86,
          18,
          9,
          5,
          10,
          4,
          17,
          11,
          63
        ],
        "total_demand": 477,
        "total_distance": 383.0093853579194
      },
      {
        "vehicle_id": 3,
        "customer_sequence": [
          64,
          60,
          68,
          69,
          34,
          33,
          106,
          110,
          41,
          53,
          54,
          38,
          48,
          44,
          49,
          105,
          45,
          96,
          102,
          101,
          99,
          94,
          79,
          84,
          81,
          82,
          77,
          39,
          52,
          40,
          98,
          51,
          37
        ],
        "total_demand": 473,
        "total_distance": 436.87074726776495
      },
      {
        "vehicle_id": 4,
        "customer_sequence": [
          24,
          21,
          31
        ],
        "total_demand": 23,
        "total_distance": 114.46749098212894
      }
    ],
    "total_cost": 1257.8836157027085,
    "computation_time": 0.0,
    "is_valid": true,
    "convergence_history": null
  }
}