{
  "instance_id": "synthetic_60c_300q_random_s204422348",
  "instance_name": "Synthetic Random",
  "instance_size": 60,
  "configuration": "drl_mid_ga",
  "agent_used": "mid",
  "replicate": 2,
  "seed": 1248764569,
  "initial_cost": 1077.1770444796175,
  "final_cost": 779.3342083110767,
  "improvement_gap": 27.650314095992286,
  "total_time": 74.0421097278595,
  "initialization_time": 69.97066354751587,
  "evolution_time": 4.071446180343628,
  "generations_run": 100,
  "generations_to_convergence": 80,
  "convergence_history": [
    1077.1770444796175,
    1077.1770444796175,
    1077.1770444796175,
    1049.132580750609,
    1049.132580750609,
    1049.132580750609,
    1049.132580750609,
    1049.132580750609,
    985.5589585264352,
    985.5589585264352,
    985.5589585264352,
    963.2006887060335,
    963.2006887060335,
    951.7423535111034,
    951.7423535111034,
    951.7423535111034,
    951.7423535111034,
    941.5702516138892,
    941.5702516138892,
    941.5702516138892,
    941.5702516138892,
    941.5702516138892,
    941.5702516138892,
    894.9629816345475,
    894.9629816345475,
    894.9629816345475,
    894.9629816345475,
    894.9629816345475,
    894.9629816345475,
    894.9629816345475,
    883.351914342112,
    883.351914342112,
    883.351914342112,
    878.7561347180884,
    878.7561347180884,
    878.7561347180884,
    876.2202072391052,
    874.3801012297058,
    849.0875187726086,
    849.0875187726086,
    849.0875187726086,
    846.5515912936254,
    837.6025446418911,
    837.0013739635323,
    834.9311374816615,
    834.9311374816615,
    834.9311374816615,
    830.4260261662857,
    827.754619006056,
    827.754619006056,
    819.6666276411033,
    819.6666276411033,
    819.6666276411033,
    819.6666276411033,
    814.5570004272934,
    814.5570004272934,
    808.8509856953069,
    808.8509856953069,
    808.8509856953069,
    808.2498150169481,
    808.2498150169481,
    800.1069511356366,
    800.1069511356366,
    787.7610274886913,
    787.7610274886913,
    787.7610274886913,
    785.182938793175,
    785.182938793175,
    785.182938793175,
    784.5817681148162,
    784.5817681148162,
    784.5817681148162,
    784.5817681148162,
    784.5817681148162,
    781.5819031798811,
    781.5819031798811,
    781.5819031798811,
    781.5819031798811,
    781.5819031798811,
    781.5819031798811,
    779.3342083110767,
    779.3342083110767,
    779.3342083110767,
    779.3342083110767,
    779.3342083110767,
    779.3342083110767,
    779.3342083110767,
    779.3342083110767,
    779.3342083110767,
    779.3342083110767,
    779.3342083110767,
    779.3342083110767,
    779.3342083110767,
    779.3342083110767,
    779.3342083110767,
    779.3342083110767,
    779.3342083110767,
    779.3342083110767,
    779.3342083110767,
    779.3342083110767,
    779.3342083110767
  ],
  "best_solution": {
    "id": "ga_gen0_1217",
    "instance_id": "synthetic_60c_300q_random_s204422348",
    "algorithm": "drl_mid_ga",
    "routes": [
      {
        "vehicle_id": 0,
        "customer_sequence": [
          56,
          14,
          37,
          9,
          57,
          17,
          23,
          30,
          46,
          6,
          22,
          21,
          4,
          31,
          10
        ],
        "total_demand": 300,
        "total_distance": 309.07250852750144
      },
      {
        "vehicle_id": 1,
        "customer_sequence": [
          41,
          7,
          52,
          38,
          28,
          8,
          33,
          42,
          13,
          39,
          3,
          43,
          53,
          49,
          40
        ],
        "total_demand": 282,
        "total_distance": 282.02879530253625
      },
      {
        "vehicle_id": 2,
        "customer_sequence": [
          24,
          35,
          25,
          19,
          54,
          47,
          51,
          15,
          55,
          5,
          12,
          11,
          59,
          32,
          44,
          36,
          29,
          20,
          1
        ],
        "total_demand": 292,
        "total_distance": 356.2069564102582
      },
      {
        "vehicle_id": 3,
        "customer_sequence": [
          48,
          50,
          34,
          26,
          60,
          16,
          2,
          18,
          27,
          58,
          45
        ],
        "total_demand": 206,
        "total_distance": 195.413358135169
      }
    ],
    "total_cost": 779.3342083110767,
    "computation_time": 0.0,
    "is_valid": true,
    "convergence_history": null
  }
}