{
  "instance_id": "synthetic_40c_120q_clustered4_s180115407",
  "instance_name": "Synthetic Clustered",
  "instance_size": 40,
  "configuration": "drl_mid_ga",
  "agent_used": "mid",
  "replicate": 4,
  "seed": 1367155260,
  "initial_cost": 443.3875269161164,
  "final_cost": 315.9487608655039,
  "improvement_gap": 28.742072862758363,
  "total_time": 34.41720223426819,
  "initialization_time": 32.60122561454773,
  "evolution_time": 1.815976619720459,
  "generations_run": 100,
  "generations_to_convergence": 72,
  "convergence_history": [
    443.3875269161164,
    443.3875269161164,
    443.3875269161164,
    436.6281784935103,
    414.9753402527674,
    414.9753402527674,
    409.84996800296784,
    403.66940168000787,
    403.66940168000787,
    402.60611361432603,
    395.26164521111696,
    395.26164521111696,
    395.26164521111696,
    388.96579856351957,
    388.96579856351957,
    388.2528272300311,
    377.63682626444813,
    372.99825461833797,
    372.99825461833797,
    367.30054129921734,
    367.30054129921734,
    364.91964811545546,
    364.91964811545546,
    362.8194139698886,
    360.7420931123642,
    360.7420931123642,
    355.09311053834557,
    348.40436212668857,
    348.40436212668857,
    347.7341348843356,
    347.7341348843356,
    343.62993846542054,
    343.62993846542054,
    343.62993846542054,
    336.7046647090119,
    335.65763866902057,
    335.65763866902057,
    335.65763866902057,
    335.65763866902057,
    335.65763866902057,
    324.786649927893,
    324.786649927893,
    324.786649927893,
    319.6962538784062,
    319.6962538784062,
    319.6962538784062,
    318.7323364116029,
    318.7323364116029,
    318.7323364116029,
    318.7323364116029,
    318.7323364116029,
    318.7323364116029,
    318.7323364116029,
    318.7323364116029,
    318.7323364116029,
    318.7323364116029,
    318.7323364116029,
    317.47512734003993,
    317.47512734003993,
    317.47512734003993,
    317.47512734003993,
    317.47512734003993,
    317.47512734003993,
    317.47512734003993,
    317.47512734003993,
    317.47512734003993,
    317.47512734003993,
    317.47512734003993,
    317.47512734003993,
    317.47512734003993,
    317.47512734003993,
    317.47512734003993,
    315.9487608655039,
    315.9487608655039,
    315.9487608655039,
    315.9487608655039,
    315.9487608655039,
    315.9487608655039,
    315.9487608655039,
    315.9487608655039,
    315.9487608655039,
    315.9487608655039,
    315.9487608655039,
    315.9487608655039,
    315.9487608655039,
    315.9487608655039,
    315.9487608655039,
    315.9487608655039,
    315.9487608655039,
    315.9487608655039,
    315.9487608655039,
    315.9487608655039,
    315.9487608655039,
    315.9487608655039,
    315.9487608655039,
    315.9487608655039,
    315.9487608655039,
    315.9487608655039,
    315.9487608655039,
    315.9487608655039,
    315.9487608655039
  ],
  "best_solution": {
    "id": "ga_gen0_3262",
    "instance_id": "synthetic_40c_120q_clustered4_s180115407",
    "algorithm": "drl_mid_ga",
    "routes": [
      {
        "vehicle_id": 0,
        "customer_sequence": [
          39,
          13,
          11,
          8,
          17
        ],
        "total_demand": 110,
        "total_distance": 104.78827141566597
      },
      {
        "vehicle_id": 1,
        "customer_sequence": [
          1,
          23,
          33,
          32,
          35,
          36
        ],
        "total_demand": 118,
        "total_distance": 116.18525425967167
      },
      {
        "vehicle_id": 2,
        "customer_sequence": [
          27,
          28,
          21,
          24,
          25
        ],
        "total_demand": 116,
        "total_distance": 102.52521817136825
      },
      {
        "vehicle_id": 3,
        "customer_sequence": [
          6,
          29,
          12,
          4,
          14
        ],
        "total_demand": 120,
        "total_distance": 52.197697901007814
      },
      {
        "vehicle_id": 4,
        "customer_sequence": [
          34,
          37,
          15,
          38,
          31,
          22,
          30,
          26,
          40
        ],
        "total_demand": 115,
        "total_distance": 95.69495597521806
      },
      {
        "vehicle_id": 5,
        "customer_sequence": [
          7,
          9,
          5,
          18,
          2,
          20,
          16,
          3,
          19,
          10
        ],
        "total_demand": 120,
        "total_distance": 97.01841608562243
      }
    ],
    "total_cost": 315.9487608655039,
    "computation_time": 0.0,
    "is_valid": true,
    "convergence_history": null
  }
}