{
  "instance_id": "synthetic_75c_281q_clustered5_s1741607936",
  "instance_name": "Synthetic Clustered",
  "instance_size": 75,
  "configuration": "drl_mid_ga",
  "agent_used": "mid",
  "replicate": 2,
  "seed": 1983079504,
  "initial_cost": 749.2294607717847,
  "final_cost": 684.9136275442099,
  "improvement_gap": 8.584263779660073,
  "total_time": 109.43222045898438,
  "initialization_time": 104.64111161231995,
  "evolution_time": 4.791108846664429,
  "generations_run": 100,
  "generations_to_convergence": 29,
  "convergence_history": [
    749.2294607717847,
    749.2294607717847,
    749.2294607717847,
    749.2294607717847,
    749.2294607717847,
    749.2294607717847,
    749.2294607717847,
    749.2294607717847,
    748.3124032842367,
    747.3483427932005,
    747.3483427932005,
    747.3483427932005,
    746.4312853056524,
    746.4312853056524,
    742.6866722136213,
    742.6866722136213,
    741.7696147260731,
    740.5878359323101,
    738.7177336171076,
    736.0728661330656,
    736.0728661330656,
    736.0728661330656,
    736.0728661330656,
    736.0728661330656,
    736.0728661330656,
    732.9116244839608,
    732.9116244839608,
    732.9116244839608,
    732.9116244839608,
    726.9603814457413,
    726.9603814457413,
    726.9603814457413,
    726.9603814457413,
    726.9603814457413,
    726.9603814457413,
    726.9603814457413,
    726.9603814457413,
    726.9603814457413,
    726.9603814457413,
    726.9603814457413,
    726.9603814457413,
    726.9603814457413,
    726.9603814457413,
    726.9603814457413,
    726.9603814457413,
    726.9603814457413,
    726.9603814457413,
    726.9603814457413,
    726.9603814457413,
    726.9603814457413,
    726.9603814457413,
    725.2576806185148,
    725.2576806185148,
    725.2576806185148,
    725.2576806185148,
    725.2576806185148,
    723.4507560782764,
    723.4507560782764,
    723.4507560782764,
    723.4507560782764,
    723.4507560782764,
    723.4507560782764,
    723.4507560782764,
    723.4507560782764,
    723.4507560782764,
    723.2811828837238,
    723.2811828837238,
    723.2811828837238,
    723.2811828837238,
    723.2811828837238,
    723.2811828837238,
    723.0663391544925,
    723.0663391544925,
    722.4402369345339,
    722.4402369345339,
    716.3251243411669,
    716.3251243411669,
    716.3251243411669,
    716.3251243411669,
    716.3251243411669,
    716.3251243411669,
    716.3251243411669,
    716.3251243411669,
    716.3251243411669,
    716.3251243411669,
    716.3251243411669,
    716.3251243411669,
    716.3251243411669,
    716.3251243411669,
    716.3251243411669,
    716.3251243411669,
    716.3251243411669,
    716.3251243411669,
    716.3251243411669,
    716.3251243411669,
    716.3251243411669,
    716.3251243411669,
    716.3251243411669,
    716.3251243411669,
    710.6137678833234,
    684.9136275442099
  ],
  "best_solution": {
    "id": "ga_gen0_3327",
    "instance_id": "synthetic_75c_281q_clustered5_s1741607936",
    "algorithm": "drl_mid_ga",
    "routes": [
      {
        "vehicle_id": 0,
        "customer_sequence": [
          4,
          25,
          3,
          75,
          18,
          28,
          1,
          19,
          65,
          2,
          9,
          22,
          8,
          21
        ],
        "total_demand": 280,
        "total_distance": 131.3863003036215
      },
      {
        "vehicle_id": 1,
        "customer_sequence": [
          64,
          72,
          69,
          63,
          58,
          56,
          73,
          46,
          60,
          59,
          48,
          57,
          54,
          12,
          68,
          62
        ],
        "total_demand": 281,
        "total_distance": 126.58924997459468
      },
      {
        "vehicle_id": 2,
        "customer_sequence": [
          13,
          16,
          41,
          37,
          47,
          71,
          5,
          26,
          23,
          10,
          7,
          30,
          29,
          24,
          66,
          14,
          50
        ],
        "total_demand": 280,
        "total_distance": 233.71947388955718
      },
      {
        "vehicle_id": 3,
        "customer_sequence": [
          70,
          74,
          55,
          49,
          52,
          53,
          51,
          61,
          42,
          39,
          45,
          35,
          36,
          17,
          6,
          15,
          67,
          11,
          27,
          20
        ],
        "total_demand": 277,
        "total_distance": 319.3073640806493
      },
      {
        "vehicle_id": 4,
        "customer_sequence": [
          43,
          44,
          40,
          32,
          34,
          38,
          31,
          33
        ],
        "total_demand": 132,
        "total_distance": 115.77013726718337
      }
    ],
    "total_cost": 684.9136275442099,
    "computation_time": 0.0,
    "is_valid": true,
    "convergence_history": null
  }
}