{
  "instance_id": "synthetic_60c_300q_clustered5_s1382882660",
  "instance_name": "Synthetic Clustered",
  "instance_size": 60,
  "configuration": "drl_mid_ga",
  "agent_used": "mid",
  "replicate": 1,
  "seed": 1531417373,
  "initial_cost": 740.3917037815903,
  "final_cost": 616.3170034051831,
  "improvement_gap": 16.757980909657558,
  "total_time": 73.6021556854248,
  "initialization_time": 70.50265002250671,
  "evolution_time": 3.099505662918091,
  "generations_run": 100,
  "generations_to_convergence": null,
  "convergence_history": [
    740.3917037815903,
    734.5699866878363,
    734.5699866878363,
    713.0898934609479,
    713.0898934609479,
    713.0898934609479,
    697.5641557464673,
    691.9297236279239,
    690.8558564898314,
    685.221424371288,
    679.4695735990584,
    672.7612743424226,
    668.3742528557282,
    667.6571134428059,
    662.7059674017489,
    662.7059674017489,
    656.4328179211068,
    651.3609545805554,
    651.3609545805554,
    650.9357094161973,
    650.9357094161973,
    648.9861970182554,
    648.9861970182554,
    648.9861970182554,
    648.9861970182554,
    648.9861970182554,
    644.7760488320303,
    644.7760488320303,
    644.7760488320303,
    643.0100958040421,
    643.0100958040421,
    643.0100958040421,
    643.0100958040421,
    643.0100958040421,
    643.0100958040421,
    643.0100958040421,
    641.5481604465126,
    634.8673914184728,
    634.8673914184728,
    633.4054560609434,
    633.4054560609434,
    633.4054560609434,
    633.4054560609434,
    633.4054560609434,
    631.893205443359,
    631.893205443359,
    631.893205443359,
    631.893205443359,
    631.893205443359,
    631.893205443359,
    631.893205443359,
    631.893205443359,
    631.893205443359,
    631.893205443359,
    631.893205443359,
    627.8132091134694,
    627.8132091134694,
    627.8132091134694,
    627.8132091134694,
    627.8132091134694,
    627.8132091134694,
    627.8132091134694,
    626.3309952106868,
    626.3309952106868,
    626.3309952106868,
    626.3309952106868,
    626.3309952106868,
    626.3309952106868,
    626.3309952106868,
    626.3309952106868,
    626.3309952106868,
    618.8827563569896,
    618.8827563569896,
    618.8827563569896,
    618.8827563569896,
    618.8827563569896,
    618.8827563569896,
    618.8827563569896,
    618.8827563569896,
    618.8827563569896,
    618.8827563569896,
    618.8827563569896,
    618.8827563569896,
    618.8827563569896,
    618.8827563569896,
    618.8827563569896,
    618.8827563569896,
    618.8827563569896,
    618.8827563569896,
    618.8827563569896,
    616.3170034051831,
    616.3170034051831,
    616.3170034051831,
    616.3170034051831,
    616.3170034051831,
    616.3170034051831,
    616.3170034051831,
    616.3170034051831,
    616.3170034051831,
    616.3170034051831,
    616.3170034051831
  ],
  "best_solution": {
    "id": "ga_gen0_9393",
    "instance_id": "synthetic_60c_300q_clustered5_s1382882660",
    "algorithm": "drl_mid_ga",
    "routes": [
      {
        "vehicle_id": 0,
        "customer_sequence": [
          4,
          49,
          57,
          54,
          53,
          22,
          56,
          20,
          16,
          23,
          13,
          52,
          51,
          55,
          24,
          6
        ],
        "total_demand": 300,
        "total_distance": 209.33646955698237
      },
      {
        "vehicle_id": 1,
        "customer_sequence": [
          44,
          37,
          39,
          45,
          40,
          38,
          17,
          19,
          15,
          14,
          18,
          59,
          50,
          58,
          60,
          36,
          7,
          32
        ],
        "total_demand": 299,
        "total_distance": 328.498241345392
      },
      {
        "vehicle_id": 2,
        "customer_sequence": [
          43,
          41,
          11,
          27,
          5,
          1,
          29,
          12,
          9,
          30,
          25,
          26,
          31,
          35,
          10
        ],
        "total_demand": 284,
        "total_distance": 199.89055185736726
      },
      {
        "vehicle_id": 3,
        "customer_sequence": [
          8,
          33,
          34,
          2,
          28,
          3,
          46,
          42,
          48,
          47,
          21
        ],
        "total_demand": 167,
        "total_distance": 137.55693850858222
      }
    ],
    "total_cost": 616.3170034051831,
    "computation_time": 0.0,
    "is_valid": true,
    "convergence_history": null
  }
}