{
  "instance_id": "synthetic_125c_437q_random_s700967646",
  "instance_name": "Synthetic Random",
  "instance_size": 125,
  "configuration": "drl_mid_ga",
  "agent_used": "mid",
  "replicate": 2,
  "seed": 1979658969,
  "initial_cost": 1950.507023558398,
  "final_cost": 1603.0183017614438,
  "improvement_gap": 17.815302257308197,
  "total_time": 284.0329234600067,
  "initialization_time": 267.35797476768494,
  "evolution_time": 16.674948692321777,
  "generations_run": 100,
  "generations_to_convergence": null,
  "convergence_history": [
    1950.507023558398,
    1950.507023558398,
    1950.507023558398,
    1950.507023558398,
    1950.507023558398,
    1950.507023558398,
    1944.1285103872156,
    1919.2189367711678,
    1919.2189367711678,
    1919.2189367711678,
    1919.2189367711678,
    1906.6299640254845,
    1906.6299640254845,
    1906.6299640254845,
    1888.0591414488897,
    1888.0591414488897,
    1888.0591414488897,
    1860.4075883507996,
    1860.4075883507996,
    1860.4075883507996,
    1859.8428354252494,
    1841.766822587591,
    1832.671861917105,
    1832.671861917105,
    1830.7953377635358,
    1812.2588727181655,
    1812.2588727181655,
    1803.2323206156966,
    1782.8193314167572,
    1782.8193314167572,
    1782.8193314167572,
    1782.8193314167572,
    1782.8193314167572,
    1782.8193314167572,
    1782.8193314167572,
    1782.8193314167572,
    1782.8193314167572,
    1771.9209444908747,
    1771.9209444908747,
    1767.8709041287973,
    1753.2947631345294,
    1753.0337706051937,
    1753.0337706051937,
    1751.636661471813,
    1751.636661471813,
    1738.6536703764052,
    1738.6536703764052,
    1737.2565612430246,
    1737.2565612430246,
    1736.714125203578,
    1736.714125203578,
    1736.714125203578,
    1736.714125203578,
    1736.714125203578,
    1734.1467134446875,
    1734.1467134446875,
    1734.1467134446875,
    1720.4558532099902,
    1720.4558532099902,
    1720.4558532099902,
    1714.0345440831893,
    1714.0345440831893,
    1714.0345440831893,
    1714.0345440831893,
    1714.0345440831893,
    1714.0345440831893,
    1712.76273174212,
    1712.76273174212,
    1712.76273174212,
    1700.5270699456316,
    1699.2552576045625,
    1661.2251646704608,
    1661.2251646704608,
    1660.5176326809385,
    1660.5176326809385,
    1647.7176905329034,
    1647.7176905329034,
    1647.7176905329034,
    1647.7176905329034,
    1647.7176905329034,
    1647.7176905329034,
    1647.7176905329034,
    1631.292108445352,
    1631.292108445352,
    1629.1832229213785,
    1629.1832229213785,
    1623.1994514212179,
    1606.892893107456,
    1605.9687643298396,
    1605.9687643298396,
    1605.9687643298396,
    1605.9687643298396,
    1603.38138539394,
    1603.38138539394,
    1603.38138539394,
    1603.38138539394,
    1603.38138539394,
    1603.38138539394,
    1603.0183017614438,
    1603.0183017614438,
    1603.0183017614438
  ],
  "best_solution": {
    "id": "ga_gen0_9345",
    "instance_id": "synthetic_125c_437q_random_s700967646",
    "algorithm": "drl_mid_ga",
    "routes": [
      {
        "vehicle_id": 0,
        "customer_sequence": [
          33,
          17,
          13,
          97,
          123,
          27,
          5,
          115,
          110,
          74,
          47,
          37,
          55,
          24,
          85,
          31,
          4,
          11,
          26,
          42,
          76,
          70,
          68,
          93,
          59,
          88
        ],
        "total_demand": 435,
        "total_distance": 321.793531943441
      },
      {
        "vehicle_id": 1,
        "customer_sequence": [
          45,
          46,
          15,
          57,
          107,
          19,
          60,
          82,
          38,
          29,
          75,
          90,
          94,
          21,
          72,
          116,
          54,
          44,
          30,
          65,
          104,
          2,
          35,
          101,
          73,
          102
        ],
        "total_demand": 437,
        "total_distance": 473.9590835927122
      },
      {
        "vehicle_id": 2,
        "customer_sequence": [
          83,
          98,
          48,
          96,
          105,
          69,
          28,
          67,
          77,
          43,
          23,
          7,
          103,
          86,
          41,
          125,
          12,
          25,
          18,
          58,
          9,
          1,
          119,
          63
        ],
        "total_demand": 433,
        "total_distance": 382.62958378263687
      },
      {
        "vehicle_id": 3,
        "customer_sequence": [
          106,
          117,
          39,
          92,
          114,
          111,
          79,
          40,
          91,
          10,
          3,
          66,
          108,
          50,
          71,
          80,
          22,
          81,
          61,
          53,
          99,
          51,
          16,
          122,
          84,
          113,
          20,
          52
        ],
        "total_demand": 437,
        "total_distance": 389.1637622360414
      },
      {
        "vehicle_id": 4,
        "customer_sequence": [
          112,
          121,
          124,
          36,
          62,
          32,
          56,
          100,
          87,
          49,
          6,
          8,
          78,
          34,
          109,
          14,
          89,
          95,
          118,
          64,
          120
        ],
        "total_demand": 332,
        "total_distance": 312.934058107493
      }
    ],
    "total_cost": 1603.0183017614438,
    "computation_time": 0.0,
    "is_valid": true,
    "convergence_history": null
  }
}