{
  "instance_id": "synthetic_40c_120q_clustered4_s110084819",
  "instance_name": "Synthetic Clustered",
  "instance_size": 40,
  "configuration": "drl_mid_ga",
  "agent_used": "mid",
  "replicate": 3,
  "seed": 1766609666,
  "initial_cost": 443.6760437268289,
  "final_cost": 359.51865923386265,
  "improvement_gap": 18.968205672331024,
  "total_time": 35.83294439315796,
  "initialization_time": 33.86811017990112,
  "evolution_time": 1.964834213256836,
  "generations_run": 100,
  "generations_to_convergence": 49,
  "convergence_history": [
    443.6760437268289,
    443.6760437268289,
    443.6760437268289,
    443.6760437268289,
    443.6760437268289,
    443.6760437268289,
    443.6760437268289,
    437.7432807160763,
    437.7432807160763,
    435.9791358555581,
    435.9791358555581,
    435.9791358555581,
    432.02828596057526,
    432.02828596057526,
    418.64261191126946,
    418.64261191126946,
    418.64261191126946,
    418.64261191126946,
    407.9304888648321,
    407.9304888648321,
    398.81074343448904,
    398.42050429357346,
    397.54629829939563,
    395.5385815683526,
    395.5385815683526,
    394.2741364332593,
    394.2741364332593,
    390.618228398965,
    390.618228398965,
    389.3537832638717,
    389.3537832638717,
    379.33671323239,
    379.33671323239,
    379.33671323239,
    379.33671323239,
    370.9528774428537,
    370.9528774428537,
    369.833292686347,
    368.9535060767388,
    367.8339213202321,
    367.8339213202321,
    367.8339213202321,
    367.8339213202321,
    362.6914564207258,
    362.6914564207258,
    362.6914564207258,
    359.9246959958451,
    359.9246959958451,
    359.9246959958451,
    359.51865923386265,
    359.51865923386265,
    359.51865923386265,
    359.51865923386265,
    359.51865923386265,
    359.51865923386265,
    359.51865923386265,
    359.51865923386265,
    359.51865923386265,
    359.51865923386265,
    359.51865923386265,
    359.51865923386265,
    359.51865923386265,
    359.51865923386265,
    359.51865923386265,
    359.51865923386265,
    359.51865923386265,
    359.51865923386265,
    359.51865923386265,
    359.51865923386265,
    359.51865923386265,
    359.51865923386265,
    359.51865923386265,
    359.51865923386265,
    359.51865923386265,
    359.51865923386265,
    359.51865923386265,
    359.51865923386265,
    359.51865923386265,
    359.51865923386265,
    359.51865923386265,
    359.51865923386265,
    359.51865923386265,
    359.51865923386265,
    359.51865923386265,
    359.51865923386265,
    359.51865923386265,
    359.51865923386265,
    359.51865923386265,
    359.51865923386265,
    359.51865923386265,
    359.51865923386265,
    359.51865923386265,
    359.51865923386265,
    359.51865923386265,
    359.51865923386265,
    359.51865923386265,
    359.51865923386265,
    359.51865923386265,
    359.51865923386265,
    359.51865923386265,
    359.51865923386265
  ],
  "best_solution": {
    "id": "ga_gen0_7587",
    "instance_id": "synthetic_40c_120q_clustered4_s110084819",
    "algorithm": "drl_mid_ga",
    "routes": [
      {
        "vehicle_id": 0,
        "customer_sequence": [
          20,
          1,
          21,
          27,
          28,
          10
        ],
        "total_demand": 114,
        "total_distance": 88.80332778134662
      },
      {
        "vehicle_id": 1,
        "customer_sequence": [
          39,
          36,
          31,
          19,
          12
        ],
        "total_demand": 103,
        "total_distance": 89.95146275705928
      },
      {
        "vehicle_id": 2,
        "customer_sequence": [
          11,
          13,
          7,
          18,
          16,
          8
        ],
        "total_demand": 111,
        "total_distance": 65.32458159645265
      },
      {
        "vehicle_id": 3,
        "customer_sequence": [
          2,
          17,
          15,
          5,
          4,
          6,
          14,
          23
        ],
        "total_demand": 115,
        "total_distance": 115.60299463313953
      },
      {
        "vehicle_id": 4,
        "customer_sequence": [
          3,
          32,
          33,
          37,
          34,
          40
        ],
        "total_demand": 104,
        "total_distance": 104.36100892385313
      },
      {
        "vehicle_id": 5,
        "customer_sequence": [
          38,
          35,
          9,
          30,
          24,
          26
        ],
        "total_demand": 103,
        "total_distance": 142.1130913164136
      },
      {
        "vehicle_id": 6,
        "customer_sequence": [
          29,
          25,
          22
        ],
        "total_demand": 35,
        "total_distance": 101.74126988407166
      }
    ],
    "total_cost": 359.51865923386265,
    "computation_time": 0.0,
    "is_valid": true,
    "convergence_history": null
  }
}