{
  "instance_id": "synthetic_100c_300q_clustered5_s873773925",
  "instance_name": "Synthetic Clustered",
  "instance_size": 100,
  "configuration": "drl_mid_ga",
  "agent_used": "mid",
  "replicate": 3,
  "seed": 1897821756,
  "initial_cost": 1363.7004580595126,
  "final_cost": 1119.8331218817946,
  "improvement_gap": 17.882764117035702,
  "total_time": 185.97258472442627,
  "initialization_time": 175.2271077632904,
  "evolution_time": 10.745476961135864,
  "generations_run": 100,
  "generations_to_convergence": null,
  "convergence_history": [
    1363.7004580595126,
    1363.7004580595126,
    1363.7004580595126,
    1363.7004580595126,
    1363.7004580595126,
    1363.7004580595126,
    1363.7004580595126,
    1363.7004580595126,
    1363.7004580595126,
    1363.7004580595126,
    1360.2915081777926,
    1341.4465184527223,
    1341.4465184527223,
    1333.6552528588736,
    1333.6552528588736,
    1333.6552528588736,
    1319.3508600664018,
    1319.3508600664018,
    1314.5287854188614,
    1313.3666260765713,
    1313.3666260765713,
    1299.2315550422543,
    1299.2315550422543,
    1299.2315550422543,
    1299.2315550422543,
    1291.6364846035292,
    1245.413669822693,
    1245.413669822693,
    1245.413669822693,
    1245.413669822693,
    1245.413669822693,
    1245.389624945469,
    1240.2265248266544,
    1240.2265248266544,
    1238.7938949905658,
    1238.7938949905658,
    1236.9807137192633,
    1235.5480838831747,
    1235.5480838831747,
    1235.5480838831747,
    1235.1032955325315,
    1235.1032955325315,
    1235.1032955325315,
    1230.376580030995,
    1230.376580030995,
    1230.376580030995,
    1230.376580030995,
    1224.0440216425725,
    1224.0440216425725,
    1224.0440216425725,
    1224.0440216425725,
    1224.0128466145895,
    1224.0128466145895,
    1224.0128466145895,
    1222.4556523059741,
    1222.4244772779912,
    1222.4244772779912,
    1222.4244772779912,
    1204.0041753836967,
    1204.0041753836967,
    1202.4158060470984,
    1202.4158060470984,
    1190.9645605049986,
    1190.9645605049986,
    1189.3761911684005,
    1189.3761911684005,
    1189.3761911684005,
    1187.2908468977494,
    1182.916954605932,
    1182.916954605932,
    1180.8316103352809,
    1179.0632710470345,
    1179.0632710470345,
    1179.0632710470345,
    1178.4307182387968,
    1178.4307182387968,
    1138.6319134790292,
    1138.6319134790292,
    1136.5057105158617,
    1136.5057105158617,
    1129.1727777057824,
    1129.1727777057824,
    1129.1727777057824,
    1128.1988906806346,
    1128.1988906806346,
    1128.1988906806346,
    1128.1988906806346,
    1124.856595724661,
    1124.856595724661,
    1124.856595724661,
    1124.8016991581044,
    1124.8016991581044,
    1124.8016991581044,
    1121.4594042021308,
    1121.4594042021308,
    1121.4594042021308,
    1121.4594042021308,
    1120.0559049674553,
    1120.0559049674553,
    1120.0559049674553,
    1119.8331218817946
  ],
  "best_solution": {
    "id": "ga_gen0_3790",
    "instance_id": "synthetic_100c_300q_clustered5_s873773925",
    "algorithm": "drl_mid_ga",
    "routes": [
      {
        "vehicle_id": 0,
        "customer_sequence": [
          69,
          55,
          41,
          8,
          74,
          44,
          3,
          65,
          77,
          64,
          78,
          71,
          84,
          83,
          25
        ],
        "total_demand": 299,
        "total_distance": 188.84471654068062
      },
      {
        "vehicle_id": 1,
        "customer_sequence": [
          92,
          81,
          29,
          20,
          18,
          19,
          5,
          12,
          98,
          33,
          38,
          91,
          86,
          90,
          88
        ],
        "total_demand": 297,
        "total_distance": 213.74876178268656
      },
      {
        "vehicle_id": 2,
        "customer_sequence": [
          21,
          35,
          87,
          96,
          95,
          93,
          76,
          62,
          79,
          50,
          80,
          26,
          24,
          37,
          22,
          32
        ],
        "total_demand": 297,
        "total_distance": 235.81779663697452
      },
      {
        "vehicle_id": 3,
        "customer_sequence": [
          72,
          46,
          60,
          51,
          52,
          75,
          68,
          97,
          30,
          36,
          31,
          27,
          40,
          34,
          85,
          89,
          73,
          66,
          67
        ],
        "total_demand": 300,
        "total_distance": 294.0028211829775
      },
      {
        "vehicle_id": 4,
        "customer_sequence": [
          82,
          94,
          48,
          47,
          63,
          100,
          70,
          57,
          56,
          43,
          49,
          53,
          45,
          54,
          16,
          7,
          58,
          14
        ],
        "total_demand": 296,
        "total_distance": 274.9388292400434
      },
      {
        "vehicle_id": 5,
        "customer_sequence": [
          2,
          15,
          59,
          61,
          17,
          4,
          13,
          42,
          11,
          10,
          6,
          1,
          9,
          28,
          23,
          39,
          99
        ],
        "total_demand": 234,
        "total_distance": 241.00373712521917
      }
    ],
    "total_cost": 1119.8331218817946,
    "computation_time": 0.0,
    "is_valid": true,
    "convergence_history": null
  }
}