{
  "instance_id": "synthetic_150c_525q_random_s377631396",
  "instance_name": "Synthetic Random",
  "instance_size": 150,
  "configuration": "drl_mid_ga",
  "agent_used": "mid",
  "replicate": 1,
  "seed": 535397908,
  "initial_cost": 2472.792638491708,
  "final_cost": 1994.8908059998519,
  "improvement_gap": 19.326401456102477,
  "total_time": 404.38202714920044,
  "initialization_time": 379.10828590393066,
  "evolution_time": 25.273741245269775,
  "generations_run": 100,
  "generations_to_convergence": null,
  "convergence_history": [
    2472.792638491708,
    2472.792638491708,
    2472.792638491708,
    2472.792638491708,
    2472.792638491708,
    2472.792638491708,
    2472.792638491708,
    2472.792638491708,
    2464.530274111551,
    2462.5330893357172,
    2462.5330893357172,
    2436.685439049215,
    2413.1710020155506,
    2413.1710020155506,
    2413.1710020155506,
    2400.2649238342547,
    2388.960931704525,
    2344.9993881462747,
    2344.9993881462747,
    2339.4096110622663,
    2339.4096110622663,
    2315.199540751241,
    2315.199540751241,
    2314.6187246478835,
    2310.681600751951,
    2310.681600751951,
    2310.681600751951,
    2305.0918236679427,
    2300.4250728047055,
    2300.4250728047055,
    2296.6878778025,
    2289.719742658923,
    2285.2545531416954,
    2278.041012275723,
    2276.2745913450153,
    2276.2745913450153,
    2276.2745913450153,
    2274.7376433194745,
    2273.3039551715906,
    2273.3039551715906,
    2271.7670071460498,
    2171.6429765765297,
    2171.6429765765297,
    2171.6429765765297,
    2164.706326655779,
    2164.706326655779,
    2164.706326655779,
    2164.083837853758,
    2157.753445318595,
    2157.753445318595,
    2156.098654529704,
    2153.5066191841447,
    2151.731254621364,
    2150.194306595823,
    2146.5537378469608,
    2121.619364333951,
    2121.619364333951,
    2117.978795585089,
    2117.4632474312043,
    2117.4632474312043,
    2113.1562849100105,
    2112.640736756126,
    2109.0001680072637,
    2091.957647863749,
    2091.957647863749,
    2091.957647863749,
    2081.9769521908543,
    2081.9769521908543,
    2065.8777644899465,
    2038.3576160391556,
    2038.3576160391556,
    2037.8069002562077,
    2033.5287025116954,
    2033.5287025116954,
    2032.9779867287475,
    2032.9779867287475,
    2032.9779867287475,
    2032.9779867287475,
    2032.9779867287475,
    2032.9779867287475,
    2032.9779867287475,
    2032.9779867287475,
    2032.9779867287475,
    2032.9779867287475,
    2032.9779867287475,
    2032.9779867287475,
    2032.9779867287475,
    2027.30150645558,
    2003.1526956530554,
    2003.1526956530554,
    2003.1526956530554,
    1997.4762153798877,
    1997.4762153798877,
    1997.4762153798877,
    1997.4762153798877,
    1997.4762153798877,
    1994.8908059998519,
    1994.8908059998519,
    1994.8908059998519,
    1994.8908059998519,
    1994.8908059998519
  ],
  "best_solution": {
    "id": "ga_gen0_1799",
    "instance_id": "synthetic_150c_525q_random_s377631396",
    "algorithm": "drl_mid_ga",
    "routes": [
      {
        "vehicle_id": 0,
        "customer_sequence": [
          21,
          54,
          127,
          80,
          34,
          74,
          135,
          76,
          118,
          8,
          59,
          47,
          144,
          107,
          73,
          28,
          69,
          130,
          53,
          105,
          23,
          63,
          18,
          85,
          147,
          141
        ],
        "total_demand": 525,
        "total_distance": 399.0008913944656
      },
      {
        "vehicle_id": 1,
        "customer_sequence": [
          22,
          133,
          75,
          97,
          19,
          92,
          103,
          41,
          124,
          131,
          6,
          143,
          115,
          67,
          12,
          78,
          15,
          38,
          39,
          119,
          150,
          84,
          13,
          134,
          93,
          149,
          108
        ],
        "total_demand": 524,
        "total_distance": 311.09337424685253
      },
      {
        "vehicle_id": 2,
        "customer_sequence": [
          48,
          26,
          117,
          82,
          7,
          71,
          62,
          101,
          35,
          37,
          81,
          50,
          1,
          138,
          87,
          4,
          25,
          56,
          33,
          104,
          14,
          40,
          61,
          129,
          106,
          27,
          30,
          113
        ],
        "total_demand": 521,
        "total_distance": 454.32009641992806
      },
      {
        "vehicle_id": 3,
        "customer_sequence": [
          43,
          11,
          110,
          70,
          132,
          29,
          86,
          36,
          136,
          66,
          146,
          77,
          58,
          126,
          98,
          49,
          139,
          44,
          137,
          60,
          90,
          17,
          64,
          94,
          140,
          3,
          57,
          45,
          52,
          116
        ],
        "total_demand": 524,
        "total_distance": 428.1581362016289
      },
      {
        "vehicle_id": 4,
        "customer_sequence": [
          16,
          2,
          65,
          72,
          121,
          46,
          24,
          111,
          112,
          83,
          125,
          142,
          20,
          31,
          99,
          32,
          89,
          79,
          88,
          55,
          68,
          122,
          91,
          9,
          114,
          51,
          42,
          123,
          145,
          120,
          96
        ],
        "total_demand": 508,
        "total_distance": 525.7264666091123
      },
      {
        "vehicle_id": 5,
        "customer_sequence": [
          102,
          95,
          10,
          100,
          5,
          148,
          128,
          109
        ],
        "total_demand": 154,
        "total_distance": 288.3620920164329
      }
    ],
    "total_cost": 1994.8908059998519,
    "computation_time": 0.0,
    "is_valid": true,
    "convergence_history": null
  }
}