{
  "instance_id": "synthetic_110c_481q_clustered6_s1158569504",
  "instance_name": "Synthetic Clustered",
  "instance_size": 110,
  "configuration": "drl_mid_ga",
  "agent_used": "mid",
  "replicate": 2,
  "seed": 1733566956,
  "initial_cost": 1467.995415169911,
  "final_cost": 1083.331173618641,
  "improvement_gap": 26.20336804708259,
  "total_time": 224.86990237236023,
  "initialization_time": 212.0398268699646,
  "evolution_time": 12.83007550239563,
  "generations_run": 100,
  "generations_to_convergence": null,
  "convergence_history": [
    1467.995415169911,
    1467.995415169911,
    1467.995415169911,
    1467.4666294405295,
    1467.4666294405295,
    1450.6401024526172,
    1450.6401024526172,
    1410.5477145559332,
    1410.5477145559332,
    1410.5477145559332,
    1410.5477145559332,
    1378.6490028646842,
    1378.6490028646842,
    1378.6490028646842,
    1369.960656492731,
    1336.9620466170652,
    1336.9620466170652,
    1336.9620466170652,
    1333.7449670999279,
    1333.7449670999279,
    1317.5105177544417,
    1317.5105177544417,
    1317.5105177544417,
    1314.6787825943888,
    1314.6787825943888,
    1314.6787825943888,
    1314.6787825943888,
    1314.530346974601,
    1281.712911070751,
    1281.712911070751,
    1246.422069780838,
    1246.422069780838,
    1218.6827062350958,
    1218.6827062350958,
    1218.6827062350958,
    1218.6827062350958,
    1218.6827062350958,
    1215.436727084832,
    1215.436727084832,
    1211.2963529026079,
    1211.2963529026079,
    1208.2574371381656,
    1208.2574371381656,
    1208.2574371381656,
    1208.2574371381656,
    1208.2574371381656,
    1194.717870076471,
    1194.717870076471,
    1192.519558583752,
    1192.519558583752,
    1192.519558583752,
    1179.2202234624601,
    1179.2202234624601,
    1176.984851015895,
    1176.984851015895,
    1169.8361868441482,
    1167.600814397583,
    1164.1169228168721,
    1161.881550370307,
    1147.2370902622233,
    1147.2370902622233,
    1145.0017178156581,
    1145.0017178156581,
    1145.0017178156581,
    1144.3178717622893,
    1143.5413343281182,
    1143.5413343281182,
    1143.5413343281182,
    1142.8574882747494,
    1142.8574882747494,
    1142.8574882747494,
    1142.8574882747494,
    1142.8574882747494,
    1142.8574882747494,
    1133.0196444074636,
    1133.0196444074636,
    1133.0196444074636,
    1133.0196444074636,
    1133.0196444074636,
    1133.0196444074636,
    1133.0196444074636,
    1132.4784060734792,
    1132.4784060734792,
    1109.980357582622,
    1109.980357582622,
    1109.980357582622,
    1109.980357582622,
    1109.980357582622,
    1108.597142475454,
    1103.9766040119475,
    1103.9766040119475,
    1103.9766040119475,
    1103.9766040119475,
    1103.9766040119475,
    1103.9470082145285,
    1103.9470082145285,
    1102.1318776095989,
    1088.7319401220327,
    1087.2901353402062,
    1083.331173618641,
    1083.331173618641
  ],
  "best_solution": {
    "id": "ga_gen0_7281",
    "instance_id": "synthetic_110c_481q_clustered6_s1158569504",
    "algorithm": "drl_mid_ga",
    "routes": [
      {
        "vehicle_id": 0,
        "customer_sequence": [
          77,
          78,
          26,
          66,
          87,
          33,
          61,
          89,
          34,
          72,
          28,
          30,
          23,
          5,
          6,
          40,
          71,
          49,
          83,
          52,
          10,
          51,
          50,
          39
        ],
        "total_demand": 478,
        "total_distance": 214.06413691488203
      },
      {
        "vehicle_id": 1,
        "customer_sequence": [
          48,
          9,
          55,
          12,
          14,
          7,
          3,
          8,
          67,
          13,
          64,
          11,
          41,
          42,
          53,
          38,
          15,
          75,
          74,
          80,
          108,
          73,
          36,
          84,
          21,
          24
        ],
        "total_demand": 480,
        "total_distance": 288.98915239223663
      },
      {
        "vehicle_id": 2,
        "customer_sequence": [
          101,
          98,
          91,
          97,
          107,
          95,
          100,
          104,
          92,
          94,
          103,
          29,
          57,
          32,
          56,
          2,
          17,
          18,
          1,
          45,
          16,
          47,
          43,
          90,
          99,
          102,
          54,
          76,
          60,
          44
        ],
        "total_demand": 480,
        "total_distance": 380.4828385887152
      },
      {
        "vehicle_id": 3,
        "customer_sequence": [
          81,
          82,
          79,
          88,
          19,
          106,
          105,
          110,
          93,
          85,
          86,
          25,
          35,
          31,
          20,
          22,
          37,
          62,
          65,
          27,
          63,
          58,
          59,
          70,
          68,
          46,
          69,
          4
        ],
        "total_demand": 479,
        "total_distance": 359.77923224375104
      },
      {
        "vehicle_id": 4,
        "customer_sequence": [
          109,
          96
        ],
        "total_demand": 18,
        "total_distance": 117.34413892485556
      }
    ],
    "total_cost": 1083.331173618641,
    "computation_time": 0.0,
    "is_valid": true,
    "convergence_history": null
  }
}