{
  "instance_id": "synthetic_50c_150q_clustered4_s1394648208",
  "instance_name": "Synthetic Clustered",
  "instance_size": 50,
  "configuration": "drl_mid_ga",
  "agent_used": "mid",
  "replicate": 5,
  "seed": 1902971515,
  "initial_cost": 567.984995111244,
  "final_cost": 483.54121891115466,
  "improvement_gap": 14.86725475618425,
  "total_time": 49.87241172790527,
  "initialization_time": 47.789633989334106,
  "evolution_time": 2.082777738571167,
  "generations_run": 100,
  "generations_to_convergence": 37,
  "convergence_history": [
    567.984995111244,
    567.984995111244,
    567.984995111244,
    567.984995111244,
    567.984995111244,
    565.7222530444637,
    565.7222530444637,
    565.7222530444637,
    544.8692344547511,
    544.8692344547511,
    544.8692344547511,
    544.8692344547511,
    544.8692344547511,
    540.1439904099915,
    539.9122818665028,
    538.0427918817093,
    538.0427918817093,
    530.6550838712874,
    519.3211549411434,
    519.3211549411434,
    519.3211549411434,
    519.3211549411434,
    518.7717709163021,
    518.7343062914968,
    512.6791702429143,
    512.5930980942209,
    512.5930980942209,
    511.6147276341329,
    505.1412049362607,
    505.1412049362607,
    500.9653449163424,
    500.41596089150113,
    500.41596089150113,
    499.900902307561,
    499.900902307561,
    499.900902307561,
    495.88980512546226,
    495.37474654152214,
    495.37474654152214,
    495.37474654152214,
    495.37474654152214,
    495.37474654152214,
    495.37474654152214,
    495.37474654152214,
    495.37474654152214,
    495.37474654152214,
    495.37474654152214,
    495.37474654152214,
    495.37474654152214,
    495.37474654152214,
    495.37474654152214,
    495.37474654152214,
    495.37474654152214,
    495.37474654152214,
    495.37474654152214,
    495.37474654152214,
    495.37474654152214,
    495.37474654152214,
    495.37474654152214,
    495.37474654152214,
    495.37474654152214,
    495.37474654152214,
    490.8360022990059,
    490.8360022990059,
    490.8360022990059,
    490.8360022990059,
    490.8360022990059,
    490.8360022990059,
    490.8360022990059,
    490.8360022990059,
    490.8360022990059,
    490.8360022990059,
    490.8360022990059,
    490.8360022990059,
    490.8360022990059,
    490.8360022990059,
    490.8360022990059,
    490.8360022990059,
    490.8360022990059,
    490.8360022990059,
    490.8360022990059,
    490.8360022990059,
    490.8360022990059,
    490.8360022990059,
    489.5994904655091,
    488.9168351982911,
    488.9168351982911,
    488.9168351982911,
    488.9168351982911,
    488.9168351982911,
    488.9168351982911,
    488.9168351982911,
    488.9168351982911,
    488.9168351982911,
    488.9168351982911,
    488.9168351982911,
    483.89426530140685,
    483.54121891115466,
    483.54121891115466,
    483.54121891115466,
    483.54121891115466
  ],
  "best_solution": {
    "id": "ga_gen0_6668",
    "instance_id": "synthetic_50c_150q_clustered4_s1394648208",
    "algorithm": "drl_mid_ga",
    "routes": [
      {
        "vehicle_id": 0,
        "customer_sequence": [
          30,
          26,
          47,
          25,
          3,
          42,
          2,
          14
        ],
        "total_demand": 139,
        "total_distance": 108.01067061881866
      },
      {
        "vehicle_id": 1,
        "customer_sequence": [
          24,
          16,
          15,
          35,
          17,
          28,
          48,
          37,
          29
        ],
        "total_demand": 145,
        "total_distance": 166.3906761571778
      },
      {
        "vehicle_id": 2,
        "customer_sequence": [
          7,
          11,
          9,
          12,
          8,
          5,
          4
        ],
        "total_demand": 140,
        "total_distance": 113.72007358478712
      },
      {
        "vehicle_id": 3,
        "customer_sequence": [
          32,
          40,
          6,
          45,
          38,
          50,
          49,
          44
        ],
        "total_demand": 139,
        "total_distance": 194.7906016711712
      },
      {
        "vehicle_id": 4,
        "customer_sequence": [
          36,
          27,
          46,
          21,
          34,
          13,
          39,
          43,
          41
        ],
        "total_demand": 140,
        "total_distance": 104.8028212141418
      },
      {
        "vehicle_id": 5,
        "customer_sequence": [
          10,
          1,
          33,
          23,
          18,
          19,
          22,
          31
        ],
        "total_demand": 135,
        "total_distance": 90.95808487348633
      },
      {
        "vehicle_id": 6,
        "customer_sequence": [
          20
        ],
        "total_demand": 16,
        "total_distance": 42.10790030529461
      }
    ],
    "total_cost": 483.54121891115466,
    "computation_time": 0.0,
    "is_valid": true,
    "convergence_history": null
  }
}