{
  "instance_id": "synthetic_100c_300q_clustered5_s1449289238",
  "instance_name": "Synthetic Clustered",
  "instance_size": 100,
  "configuration": "drl_mid_ga",
  "agent_used": "mid",
  "replicate": 5,
  "seed": 152974522,
  "initial_cost": 1290.3502096707193,
  "final_cost": 1060.9660201233792,
  "improvement_gap": 17.77689404226749,
  "total_time": 182.01855540275574,
  "initialization_time": 171.3275089263916,
  "evolution_time": 10.691046476364136,
  "generations_run": 100,
  "generations_to_convergence": null,
  "convergence_history": [
    1290.3502096707193,
    1290.3502096707193,
    1290.3502096707193,
    1290.3502096707193,
    1290.3502096707193,
    1286.6307698417615,
    1286.6307698417615,
    1286.6307698417615,
    1286.6307698417615,
    1286.6307698417615,
    1286.6307698417615,
    1283.700960000805,
    1282.2105196165749,
    1282.2105196165749,
    1267.1577889867845,
    1257.3053785577285,
    1257.3053785577285,
    1254.375568716772,
    1242.252647927938,
    1242.252647927938,
    1236.2632236777183,
    1236.2632236777183,
    1236.2632236777183,
    1235.9395648609175,
    1230.6074384957733,
    1229.343025153476,
    1229.343025153476,
    1222.9785143067759,
    1222.9785143067759,
    1222.9785143067759,
    1212.9362462331653,
    1187.7511103584466,
    1187.7511103584466,
    1187.7511103584466,
    1157.1227519174563,
    1157.1227519174563,
    1157.1227519174563,
    1157.1227519174563,
    1157.1227519174563,
    1157.1227519174563,
    1151.3818027305997,
    1151.3818027305997,
    1151.3818027305997,
    1151.3818027305997,
    1151.3818027305997,
    1151.1557529587756,
    1150.9405529635756,
    1148.8368150558679,
    1148.8368150558679,
    1147.926134748187,
    1147.926134748187,
    1140.8215008234263,
    1138.2749747632442,
    1138.2749747632442,
    1138.2749747632442,
    1128.7881533873312,
    1128.7881533873312,
    1123.5381394746357,
    1123.5381394746357,
    1117.6358199937076,
    1117.6358199937076,
    1117.6358199937076,
    1117.6358199937076,
    1117.6358199937076,
    1117.6358199937076,
    1117.6358199937076,
    1117.6358199937076,
    1117.6358199937076,
    1116.250474455637,
    1116.250474455637,
    1116.250474455637,
    1116.250474455637,
    1084.8139679945502,
    1084.8139679945502,
    1084.8139679945502,
    1084.8139679945502,
    1084.8139679945502,
    1084.8139679945502,
    1084.8139679945502,
    1084.8139679945502,
    1072.3062638014142,
    1072.3062638014142,
    1072.3062638014142,
    1072.3062638014142,
    1065.0604270732902,
    1065.0604270732902,
    1065.0604270732902,
    1064.592423820738,
    1062.8094756881667,
    1062.8094756881667,
    1062.8094756881667,
    1062.8094756881667,
    1062.8094756881667,
    1060.9660201233792,
    1060.9660201233792,
    1060.9660201233792,
    1060.9660201233792,
    1060.9660201233792,
    1060.9660201233792,
    1060.9660201233792,
    1060.9660201233792
  ],
  "best_solution": {
    "id": "ga_gen0_8053",
    "instance_id": "synthetic_100c_300q_clustered5_s1449289238",
    "algorithm": "drl_mid_ga",
    "routes": [
      {
        "vehicle_id": 0,
        "customer_sequence": [
          45,
          51,
          52,
          57,
          20,
          9,
          8,
          5,
          15,
          3,
          62,
          61,
          69,
          71
        ],
        "total_demand": 300,
        "total_distance": 132.90764271365265
      },
      {
        "vehicle_id": 1,
        "customer_sequence": [
          94,
          84,
          100,
          36,
          34,
          32,
          24,
          31,
          33,
          38,
          29,
          44,
          58,
          43,
          80
        ],
        "total_demand": 299,
        "total_distance": 239.73082784751278
      },
      {
        "vehicle_id": 2,
        "customer_sequence": [
          56,
          50,
          77,
          47,
          55,
          42,
          59,
          48,
          53,
          67,
          41,
          60,
          76,
          65,
          79,
          78,
          64
        ],
        "total_demand": 298,
        "total_distance": 163.6859740056472
      },
      {
        "vehicle_id": 3,
        "customer_sequence": [
          49,
          54,
          66,
          63,
          83,
          93,
          91,
          85,
          92,
          90,
          30,
          12,
          14,
          10,
          11,
          6,
          13
        ],
        "total_demand": 300,
        "total_distance": 273.1721440982679
      },
      {
        "vehicle_id": 4,
        "customer_sequence": [
          46,
          70,
          72,
          75,
          74,
          73,
          68,
          89,
          27,
          21,
          28,
          39,
          87,
          1,
          23,
          37,
          25,
          18,
          22
        ],
        "total_demand": 300,
        "total_distance": 273.4935006549197
      },
      {
        "vehicle_id": 5,
        "customer_sequence": [
          17,
          16,
          19,
          7,
          40,
          4,
          2,
          35,
          26,
          88,
          81,
          95,
          82,
          86,
          99,
          98,
          96,
          97
        ],
        "total_demand": 258,
        "total_distance": 291.2603366047594
      }
    ],
    "total_cost": 1060.9660201233792,
    "computation_time": 0.0,
    "is_valid": true,
    "convergence_history": null
  }
}