{
  "instance_id": "synthetic_125c_437q_clustered6_s1470637096",
  "instance_name": "Synthetic Clustered",
  "instance_size": 125,
  "configuration": "drl_mid_ga",
  "agent_used": "mid",
  "replicate": 1,
  "seed": 1954999463,
  "initial_cost": 1731.7343587089476,
  "final_cost": 1276.089795279869,
  "improvement_gap": 26.311458286753254,
  "total_time": 284.60237407684326,
  "initialization_time": 267.8370928764343,
  "evolution_time": 16.765281200408936,
  "generations_run": 100,
  "generations_to_convergence": null,
  "convergence_history": [
    1731.7343587089476,
    1731.7343587089476,
    1607.1700027283437,
    1607.1700027283437,
    1607.1700027283437,
    1604.485888066717,
    1604.485888066717,
    1602.3251802531206,
    1602.009497919541,
    1599.6410655914938,
    1576.6073057006975,
    1571.7624832254746,
    1571.7624832254746,
    1569.2860930782986,
    1565.0692089857962,
    1565.0692089857962,
    1565.0692089857962,
    1563.1236528780364,
    1560.8722889829726,
    1560.8722889829726,
    1559.7274647483048,
    1550.722661229952,
    1549.5778369952843,
    1549.5778369952843,
    1541.196010927614,
    1526.8157671627494,
    1480.8392386872981,
    1457.4631786595116,
    1447.7667151674164,
    1447.7667151674164,
    1447.7667151674164,
    1447.7667151674164,
    1447.1979150596123,
    1441.0542081146502,
    1432.9054863904719,
    1426.1929793377058,
    1422.8866962541042,
    1416.174189201338,
    1394.7920817738961,
    1386.810187488894,
    1386.810187488894,
    1386.810187488894,
    1385.8346432852545,
    1385.8346432852545,
    1385.8346432852545,
    1385.686849530452,
    1385.686849530452,
    1385.686849530452,
    1373.862733115186,
    1373.862733115186,
    1373.862733115186,
    1373.862733115186,
    1358.2661401413895,
    1358.2661401413895,
    1356.2682562016512,
    1356.2682562016512,
    1355.7835477811695,
    1353.7856638414312,
    1353.7856638414312,
    1352.179316642365,
    1314.2452708973617,
    1312.6389236982955,
    1312.6389236982955,
    1312.6389236982955,
    1312.6389236982955,
    1311.1928462885703,
    1309.9926360793079,
    1309.9926360793079,
    1309.9926360793079,
    1309.9926360793079,
    1309.9926360793079,
    1309.9926360793079,
    1309.838546866524,
    1304.3833778247188,
    1304.3833778247188,
    1304.3833778247188,
    1304.2292886119349,
    1304.2292886119349,
    1302.2269487766387,
    1302.2269487766387,
    1302.2269487766387,
    1302.2269487766387,
    1302.2269487766387,
    1302.2269487766387,
    1302.2269487766387,
    1302.2269487766387,
    1302.2269487766387,
    1299.0415124225312,
    1299.0415124225312,
    1299.0415124225312,
    1290.084096037763,
    1290.084096037763,
    1287.2267759121523,
    1287.2267759121523,
    1278.2693595273838,
    1278.2693595273838,
    1276.272646983325,
    1276.272646983325,
    1276.089795279869,
    1276.089795279869,
    1276.089795279869
  ],
  "best_solution": {
    "id": "ga_gen0_8804",
    "instance_id": "synthetic_125c_437q_clustered6_s1470637096",
    "algorithm": "drl_mid_ga",
    "routes": [
      {
        "vehicle_id": 0,
        "customer_sequence": [
          83,
          1,
          116,
          119,
          103,
          108,
          114,
          110,
          28,
          24,
          22,
          104,
          105,
          118,
          6,
          79,
          74,
          67,
          63,
          80
        ],
        "total_demand": 429,
        "total_distance": 300.9863338914254
      },
      {
        "vehicle_id": 1,
        "customer_sequence": [
          25,
          29,
          31,
          26,
          21,
          90,
          125,
          94,
          37,
          34,
          123,
          40,
          46,
          51,
          59,
          72,
          54,
          48,
          58,
          82,
          84,
          100
        ],
        "total_demand": 419,
        "total_distance": 240.79210428128903
      },
      {
        "vehicle_id": 2,
        "customer_sequence": [
          81,
          98,
          85,
          99,
          39,
          27,
          92,
          86,
          89,
          87,
          55,
          47,
          60,
          42,
          53,
          73,
          52,
          91,
          32,
          88,
          121,
          122
        ],
        "total_demand": 435,
        "total_distance": 274.03882606219116
      },
      {
        "vehicle_id": 3,
        "customer_sequence": [
          17,
          20,
          18,
          2,
          15,
          5,
          117,
          4,
          12,
          101,
          61,
          102,
          9,
          77,
          41,
          19,
          43,
          14,
          13,
          36
        ],
        "total_demand": 437,
        "total_distance": 225.6670894109728
      },
      {
        "vehicle_id": 4,
        "customer_sequence": [
          120,
          3,
          115,
          97,
          93,
          30,
          23,
          35,
          38,
          33,
          95,
          96,
          44,
          50,
          45,
          49,
          64,
          57,
          78,
          62,
          65,
          66,
          69,
          75
        ],
        "total_demand": 437,
        "total_distance": 307.05453518982745
      },
      {
        "vehicle_id": 5,
        "customer_sequence": [
          124,
          111,
          113,
          11,
          106,
          8,
          71,
          56,
          68,
          76,
          10,
          70,
          16,
          7,
          112,
          107,
          109
        ],
        "total_demand": 230,
        "total_distance": 305.0524272497474
      }
    ],
    "total_cost": 1276.089795279869,
    "computation_time": 0.0,
    "is_valid": true,
    "convergence_history": null
  }
}