{
  "instance_id": "synthetic_125c_437q_clustered6_s214637918",
  "instance_name": "Synthetic Clustered",
  "instance_size": 125,
  "configuration": "drl_mid_ga",
  "agent_used": "mid",
  "replicate": 3,
  "seed": 1780232976,
  "initial_cost": 1418.6101637268935,
  "final_cost": 1160.8510537825516,
  "improvement_gap": 18.16983386522281,
  "total_time": 282.5653395652771,
  "initialization_time": 266.2344877719879,
  "evolution_time": 16.330851793289185,
  "generations_run": 100,
  "generations_to_convergence": null,
  "convergence_history": [
    1418.6101637268935,
    1418.6101637268935,
    1418.6101637268935,
    1418.6101637268935,
    1418.6101637268935,
    1409.3584737637152,
    1409.3584737637152,
    1409.3584737637152,
    1372.1157195095716,
    1372.1157195095716,
    1372.1157195095716,
    1372.1157195095716,
    1367.1766753726968,
    1352.6532760503394,
    1352.6532760503394,
    1352.6532760503394,
    1344.2958315094534,
    1344.2958315094534,
    1322.9089344863796,
    1321.75719469444,
    1314.5514899454938,
    1314.5514899454938,
    1314.1759642735262,
    1312.8678860467799,
    1312.8678860467799,
    1299.7584301849954,
    1299.7584301849954,
    1289.6610435321393,
    1274.0414396106721,
    1274.0414396106721,
    1274.0414396106721,
    1274.0414396106721,
    1265.4405642228721,
    1265.4405642228721,
    1265.4405642228721,
    1265.4405642228721,
    1263.0382294682818,
    1263.0382294682818,
    1263.0382294682818,
    1254.7025419794913,
    1254.7025419794913,
    1252.4452170018503,
    1252.300207224901,
    1251.0228483681835,
    1251.0228483681835,
    1247.434820322433,
    1245.7211967106732,
    1245.7211967106732,
    1244.4438378539562,
    1244.1722335363388,
    1242.8948746796218,
    1242.8948746796218,
    1239.9059287258574,
    1239.9059287258574,
    1239.9059287258574,
    1239.064938859507,
    1239.064938859507,
    1239.064938859507,
    1239.064938859507,
    1239.064938859507,
    1239.064938859507,
    1233.0844445220773,
    1233.0844445220773,
    1228.822729325544,
    1228.822729325544,
    1225.3433175081645,
    1219.8635212096603,
    1219.6722222226074,
    1200.6976204173952,
    1195.1413646275687,
    1195.1413646275687,
    1191.6619528101892,
    1188.683239031735,
    1188.683239031735,
    1188.683239031735,
    1185.510591226438,
    1185.510591226438,
    1185.510591226438,
    1181.224503443715,
    1181.224503443715,
    1181.224503443715,
    1176.4064000250535,
    1176.4064000250535,
    1174.9222667673548,
    1163.1863773795433,
    1163.1863773795433,
    1163.1863773795433,
    1161.7022441218446,
    1160.8510537825516,
    1160.8510537825516,
    1160.8510537825516,
    1160.8510537825516,
    1160.8510537825516,
    1160.8510537825516,
    1160.8510537825516,
    1160.8510537825516,
    1160.8510537825516,
    1160.8510537825516,
    1160.8510537825516,
    1160.8510537825516,
    1160.8510537825516
  ],
  "best_solution": {
    "id": "ga_gen0_4952",
    "instance_id": "synthetic_125c_437q_clustered6_s214637918",
    "algorithm": "drl_mid_ga",
    "routes": [
      {
        "vehicle_id": 0,
        "customer_sequence": [
          80,
          85,
          113,
          78,
          109,
          101,
          112,
          86,
          110,
          114,
          58,
          57,
          51,
          49,
          68,
          66,
          96,
          15,
          18,
          7,
          1
        ],
        "total_demand": 435,
        "total_distance": 191.03681673216468
      },
      {
        "vehicle_id": 1,
        "customer_sequence": [
          50,
          37,
          25,
          30,
          32,
          42,
          29,
          21,
          39,
          23,
          33,
          40,
          55,
          28,
          26,
          115,
          69,
          79,
          77,
          64,
          76
        ],
        "total_demand": 433,
        "total_distance": 167.1000572643666
      },
      {
        "vehicle_id": 2,
        "customer_sequence": [
          44,
          90,
          91,
          87,
          104,
          70,
          67,
          111,
          71,
          92,
          95,
          63,
          73,
          74,
          43,
          60,
          45,
          100,
          75,
          83,
          97,
          116,
          106,
          107,
          103
        ],
        "total_demand": 433,
        "total_distance": 172.50744361686142
      },
      {
        "vehicle_id": 3,
        "customer_sequence": [
          88,
          102,
          118,
          65,
          47,
          46,
          52,
          61,
          41,
          82,
          59,
          89,
          94,
          84,
          93,
          121,
          108,
          105,
          119,
          117,
          98,
          81,
          8,
          9,
          16,
          12,
          2,
          11
        ],
        "total_demand": 431,
        "total_distance": 329.8826770272466
      },
      {
        "vehicle_id": 4,
        "customer_sequence": [
          13,
          4,
          6,
          125,
          123,
          72,
          120,
          48,
          124,
          20,
          5,
          10,
          14,
          38,
          17,
          27,
          36,
          24,
          19,
          3,
          22,
          34,
          53,
          35,
          54,
          62,
          122,
          56,
          31
        ],
        "total_demand": 431,
        "total_distance": 543.1305866661047
      },
      {
        "vehicle_id": 5,
        "customer_sequence": [
          99
        ],
        "total_demand": 11,
        "total_distance": 93.30899266526656
      }
    ],
    "total_cost": 1160.8510537825516,
    "computation_time": 0.0,
    "is_valid": true,
    "convergence_history": null
  }
}