{
  "instance_id": "synthetic_110c_481q_random_s379193170",
  "instance_name": "Synthetic Random",
  "instance_size": 110,
  "configuration": "drl_mid_ga",
  "agent_used": "mid",
  "replicate": 4,
  "seed": 869193163,
  "initial_cost": 2068.279779620635,
  "final_cost": 1704.6027868528613,
  "improvement_gap": 17.58354920602084,
  "total_time": 219.2934594154358,
  "initialization_time": 205.38756108283997,
  "evolution_time": 13.905898332595825,
  "generations_run": 100,
  "generations_to_convergence": null,
  "convergence_history": [
    2068.279779620635,
    2068.279779620635,
    2068.279779620635,
    2064.694035190086,
    2064.694035190086,
    2056.9985571166,
    2056.9985571166,
    2021.5525096994752,
    2021.5525096994752,
    2021.5525096994752,
    2021.5525096994752,
    1978.6656484566306,
    1978.6656484566306,
    1973.795134576527,
    1973.795134576527,
    1966.4153829663442,
    1966.4153829663442,
    1946.553476285375,
    1946.553476285375,
    1940.2517208974778,
    1928.666754955771,
    1900.78311997306,
    1900.78311997306,
    1883.6147646509817,
    1879.3406594132484,
    1878.6152941412383,
    1874.4733251709795,
    1873.5270328036902,
    1869.964294308998,
    1869.2459283014723,
    1861.8243486768856,
    1861.8243486768856,
    1857.5432441746677,
    1849.5435078916937,
    1849.5435078916937,
    1849.2732718006605,
    1849.2491193288959,
    1846.81800420518,
    1846.81800420518,
    1846.195911495987,
    1846.195911495987,
    1843.7406439005067,
    1837.478296074504,
    1837.478296074504,
    1837.478296074504,
    1816.1739229259517,
    1816.1739229259517,
    1816.1739229259517,
    1816.1739229259517,
    1816.1739229259517,
    1803.8374991415692,
    1803.8374991415692,
    1803.8374991415692,
    1787.166927751222,
    1787.166927751222,
    1787.166927751222,
    1785.5977627606292,
    1774.3963570617761,
    1772.8271920711832,
    1762.4633792778611,
    1762.4633792778611,
    1762.4633792778611,
    1751.7711086213178,
    1751.7711086213178,
    1751.7711086213178,
    1751.0805227562698,
    1751.0805227562698,
    1749.9563784683414,
    1748.9767725408733,
    1748.9767725408733,
    1748.9767725408733,
    1748.9767725408733,
    1748.9767725408733,
    1748.2861866758253,
    1736.6084458101482,
    1736.6084458101482,
    1736.6084458101482,
    1725.236454769148,
    1725.236454769148,
    1725.236454769148,
    1725.236454769148,
    1725.236454769148,
    1725.236454769148,
    1725.236454769148,
    1725.236454769148,
    1725.236454769148,
    1724.4256937153414,
    1722.5684921246418,
    1722.5684921246418,
    1721.7577310708352,
    1710.7081022111377,
    1710.7081022111377,
    1710.7081022111377,
    1709.3279289787474,
    1709.3279289787474,
    1709.3279289787474,
    1708.4700523259971,
    1707.9804720470008,
    1705.4606635056116,
    1705.4606635056116,
    1704.6027868528613
  ],
  "best_solution": {
    "id": "ga_gen0_6566",
    "instance_id": "synthetic_110c_481q_random_s379193170",
    "algorithm": "drl_mid_ga",
    "routes": [
      {
        "vehicle_id": 0,
        "customer_sequence": [
          43,
          104,
          39,
          42,
          53,
          55,
          49,
          72,
          25,
          4,
          77,
          56,
          46,
          92,
          18,
          79,
          11,
          2,
          10,
          89,
          36,
          30,
          8,
          29,
          98,
          87,
          85
        ],
        "total_demand": 465,
        "total_distance": 381.9620151365294
      },
      {
        "vehicle_id": 1,
        "customer_sequence": [
          31,
          62,
          97,
          107,
          82,
          109,
          75,
          83,
          16,
          61,
          58,
          35,
          88,
          44,
          12,
          9,
          102,
          99,
          47,
          21,
          19,
          17,
          6,
          93
        ],
        "total_demand": 478,
        "total_distance": 381.7036962085332
      },
      {
        "vehicle_id": 2,
        "customer_sequence": [
          26,
          65,
          91,
          94,
          90,
          96,
          1,
          84,
          22,
          48,
          7,
          81,
          68,
          106,
          51,
          3,
          95,
          78,
          105,
          40,
          50,
          32,
          20,
          67,
          28,
          86,
          73,
          59,
          71,
          33
        ],
        "total_demand": 473,
        "total_distance": 573.8285763040219
      },
      {
        "vehicle_id": 3,
        "customer_sequence": [
          108,
          34,
          24,
          110,
          14,
          37,
          63,
          70,
          54,
          57,
          52,
          100,
          15,
          23,
          69,
          76,
          41,
          64,
          103,
          38,
          13,
          5,
          60,
          80,
          27
        ],
        "total_demand": 457,
        "total_distance": 576.5815381204164
      },
      {
        "vehicle_id": 4,
        "customer_sequence": [
          101,
          66,
          45,
          74
        ],
        "total_demand": 74,
        "total_distance": 195.4328106240561
      }
    ],
    "total_cost": 1704.6027868528613,
    "computation_time": 0.0,
    "is_valid": true,
    "convergence_history": null
  }
}