{
  "instance_id": "synthetic_110c_481q_clustered6_s1964921483",
  "instance_name": "Synthetic Clustered",
  "instance_size": 110,
  "configuration": "drl_mid_ga",
  "agent_used": "mid",
  "replicate": 3,
  "seed": 1101137732,
  "initial_cost": 1272.3370739453712,
  "final_cost": 1045.0381751927373,
  "improvement_gap": 17.86467622513004,
  "total_time": 222.62410593032837,
  "initialization_time": 210.1601917743683,
  "evolution_time": 12.463914155960083,
  "generations_run": 100,
  "generations_to_convergence": null,
  "convergence_history": [
    1272.3370739453712,
    1272.3370739453712,
    1272.3370739453712,
    1272.3370739453712,
    1272.3370739453712,
    1272.3370739453712,
    1232.6123048260129,
    1232.6123048260129,
    1226.2847422026869,
    1226.2847422026869,
    1226.2847422026869,
    1226.2847422026869,
    1224.1543322151024,
    1224.1543322151024,
    1224.1543322151024,
    1197.891904656347,
    1197.891904656347,
    1197.891904656347,
    1176.1875078373764,
    1176.1875078373764,
    1166.0590060447435,
    1160.2722127940308,
    1160.2722127940308,
    1160.2722127940308,
    1145.9083541126638,
    1145.9083541126638,
    1133.6765848169907,
    1133.6765848169907,
    1133.6765848169907,
    1133.6765848169907,
    1133.6765848169907,
    1127.9355365166205,
    1127.9355365166205,
    1127.9355365166205,
    1127.9355365166205,
    1127.9355365166205,
    1127.9355365166205,
    1127.9355365166205,
    1127.9355365166205,
    1122.7236187142248,
    1122.7236187142248,
    1122.7236187142248,
    1122.7236187142248,
    1120.7327272823293,
    1120.7327272823293,
    1119.3255223013539,
    1119.3255223013539,
    1119.3255223013539,
    1099.0808590482732,
    1099.0808590482732,
    1091.1995364324862,
    1091.1995364324862,
    1091.1995364324862,
    1082.5221298718207,
    1082.5221298718207,
    1076.413070326341,
    1076.413070326341,
    1076.413070326341,
    1076.413070326341,
    1065.8917287023007,
    1065.8917287023007,
    1064.9448528540304,
    1064.9448528540304,
    1064.9448528540304,
    1064.1202637666627,
    1064.1202637666627,
    1064.1202637666627,
    1059.1179469938031,
    1059.1179469938031,
    1056.7209326527977,
    1056.7209326527977,
    1055.7740568045274,
    1055.7740568045274,
    1055.7740568045274,
    1055.7740568045274,
    1055.7740568045274,
    1055.7740568045274,
    1055.7740568045274,
    1055.7740568045274,
    1055.7740568045274,
    1055.7740568045274,
    1055.7740568045274,
    1055.7740568045274,
    1055.7740568045274,
    1055.2886355124535,
    1055.2886355124535,
    1055.2886355124535,
    1055.2886355124535,
    1054.3444318279453,
    1048.2109954075186,
    1047.2667917230103,
    1047.2667917230103,
    1047.2667917230103,
    1047.2667917230103,
    1047.2667917230103,
    1047.2667917230103,
    1047.2667917230103,
    1045.0381751927373,
    1045.0381751927373,
    1045.0381751927373,
    1045.0381751927373
  ],
  "best_solution": {
    "id": "ga_gen0_6793",
    "instance_id": "synthetic_110c_481q_clustered6_s1964921483",
    "algorithm": "drl_mid_ga",
    "routes": [
      {
        "vehicle_id": 0,
        "customer_sequence": [
          51,
          49,
          110,
          37,
          3,
          48,
          5,
          6,
          14,
          18,
          9,
          47,
          40,
          11,
          42,
          38,
          63,
          20,
          33,
          99,
          95,
          34,
          109,
          91,
          81,
          72
        ],
        "total_demand": 481,
        "total_distance": 314.3550870907698
      },
      {
        "vehicle_id": 1,
        "customer_sequence": [
          57,
          7,
          17,
          43,
          70,
          53,
          94,
          25,
          75,
          83,
          85,
          89,
          82,
          84,
          79,
          77,
          86,
          90,
          78,
          59,
          67,
          56,
          23
        ],
        "total_demand": 459,
        "total_distance": 287.8593413883764
      },
      {
        "vehicle_id": 2,
        "customer_sequence": [
          54,
          65,
          15,
          69,
          2,
          31,
          61,
          30,
          93,
          21,
          92,
          12,
          46,
          39,
          44,
          71,
          45,
          50,
          58,
          64,
          10,
          35,
          4,
          13
        ],
        "total_demand": 479,
        "total_distance": 284.1492164334042
      },
      {
        "vehicle_id": 3,
        "customer_sequence": [
          19,
          98,
          27,
          29,
          22,
          24,
          102,
          55,
          1,
          66,
          16,
          60,
          62,
          32,
          68,
          108,
          104,
          107,
          28,
          105,
          26,
          80,
          87,
          73,
          74,
          100,
          76,
          97
        ],
        "total_demand": 463,
        "total_distance": 262.31428895503507
      },
      {
        "vehicle_id": 4,
        "customer_sequence": [
          101,
          96,
          103,
          106,
          36,
          88,
          52,
          8,
          41
        ],
        "total_demand": 130,
        "total_distance": 218.73704471238383
      }
    ],
    "total_cost": 1045.0381751927373,
    "computation_time": 0.0,
    "is_valid": true,
    "convergence_history": null
  }
}