{
  "instance_id": "synthetic_40c_120q_random_s1770044149",
  "instance_name": "Synthetic Random",
  "instance_size": 40,
  "configuration": "drl_mid_ga",
  "agent_used": "mid",
  "replicate": 2,
  "seed": 19702817,
  "initial_cost": 616.5735631639777,
  "final_cost": 540.52213230132,
  "improvement_gap": 12.334526714443623,
  "total_time": 35.17751502990723,
  "initialization_time": 33.57948899269104,
  "evolution_time": 1.5980260372161865,
  "generations_run": 100,
  "generations_to_convergence": 42,
  "convergence_history": [
    616.5735631639777,
    616.5735631639777,
    616.5735631639777,
    616.5735631639777,
    616.5735631639777,
    616.5735631639777,
    616.5735631639777,
    616.5735631639777,
    616.5735631639777,
    616.1383830287269,
    616.1383830287269,
    616.1383830287269,
    605.1768921406176,
    599.0920055006773,
    598.6568253654265,
    587.6953344773171,
    583.0615450664227,
    583.0615450664227,
    571.6648740430626,
    571.6648740430626,
    571.6648740430626,
    571.6648740430626,
    553.2444440231592,
    553.2444440231592,
    548.5568402289625,
    548.5568402289625,
    548.5568402289625,
    548.5568402289625,
    548.5568402289625,
    548.5568402289625,
    548.5568402289625,
    544.0346529746183,
    544.0346529746183,
    543.4787383944526,
    543.4787383944526,
    540.5606110778064,
    540.5606110778064,
    540.5606110778064,
    540.5606110778064,
    540.5606110778064,
    540.5606110778064,
    540.5606110778064,
    540.52213230132,
    540.52213230132,
    540.52213230132,
    540.52213230132,
    540.52213230132,
    540.52213230132,
    540.52213230132,
    540.52213230132,
    540.52213230132,
    540.52213230132,
    540.52213230132,
    540.52213230132,
    540.52213230132,
    540.52213230132,
    540.52213230132,
    540.52213230132,
    540.52213230132,
    540.52213230132,
    540.52213230132,
    540.52213230132,
    540.52213230132,
    540.52213230132,
    540.52213230132,
    540.52213230132,
    540.52213230132,
    540.52213230132,
    540.52213230132,
    540.52213230132,
    540.52213230132,
    540.52213230132,
    540.52213230132,
    540.52213230132,
    540.52213230132,
    540.52213230132,
    540.52213230132,
    540.52213230132,
    540.52213230132,
    540.52213230132,
    540.52213230132,
    540.52213230132,
    540.52213230132,
    540.52213230132,
    540.52213230132,
    540.52213230132,
    540.52213230132,
    540.52213230132,
    540.52213230132,
    540.52213230132,
    540.52213230132,
    540.52213230132,
    540.52213230132,
    540.52213230132,
    540.52213230132,
    540.52213230132,
    540.52213230132,
    540.52213230132,
    540.52213230132,
    540.52213230132,
    540.52213230132
  ],
  "best_solution": {
    "id": "ga_gen0_7984",
    "instance_id": "synthetic_40c_120q_random_s1770044149",
    "algorithm": "drl_mid_ga",
    "routes": [
      {
        "vehicle_id": 0,
        "customer_sequence": [
          9,
          12,
          33,
          37,
          32
        ],
        "total_demand": 118,
        "total_distance": 135.77758557528495
      },
      {
        "vehicle_id": 1,
        "customer_sequence": [
          36,
          1,
          38,
          29,
          30,
          35
        ],
        "total_demand": 117,
        "total_distance": 81.75863993711071
      },
      {
        "vehicle_id": 2,
        "customer_sequence": [
          3,
          18,
          5,
          24,
          23,
          26
        ],
        "total_demand": 117,
        "total_distance": 80.06071140436327
      },
      {
        "vehicle_id": 3,
        "customer_sequence": [
          21,
          6,
          31,
          13,
          19,
          15,
          14
        ],
        "total_demand": 118,
        "total_distance": 180.12988470276875
      },
      {
        "vehicle_id": 4,
        "customer_sequence": [
          11,
          7,
          25,
          34,
          22,
          4,
          39
        ],
        "total_demand": 115,
        "total_distance": 157.8931395309253
      },
      {
        "vehicle_id": 5,
        "customer_sequence": [
          10,
          16,
          20,
          8,
          27,
          28,
          17,
          40
        ],
        "total_demand": 115,
        "total_distance": 213.81615681249372
      },
      {
        "vehicle_id": 6,
        "customer_sequence": [
          2
        ],
        "total_demand": 30,
        "total_distance": 124.65938066215813
      }
    ],
    "total_cost": 540.52213230132,
    "computation_time": 0.0,
    "is_valid": true,
    "convergence_history": null
  }
}