{
  "instance_id": "synthetic_150c_525q_clustered6_s181653072",
  "instance_name": "Synthetic Clustered",
  "instance_size": 150,
  "configuration": "drl_mid_ga",
  "agent_used": "mid",
  "replicate": 4,
  "seed": 1218709870,
  "initial_cost": 1772.200963307083,
  "final_cost": 1361.9202785220764,
  "improvement_gap": 23.15091196087529,
  "total_time": 383.27901673316956,
  "initialization_time": 359.30544447898865,
  "evolution_time": 23.973572254180908,
  "generations_run": 100,
  "generations_to_convergence": null,
  "convergence_history": [
    1772.200963307083,
    1755.1189449119636,
    1755.1189449119636,
    1755.1189449119636,
    1755.1189449119636,
    1668.491117185099,
    1668.491117185099,
    1668.491117185099,
    1668.491117185099,
    1646.6714820008394,
    1532.6071070911398,
    1532.6071070911398,
    1524.2283344102589,
    1524.2283344102589,
    1512.9750930510086,
    1512.9750930510086,
    1512.9750930510086,
    1512.7042209071346,
    1503.2828234484107,
    1500.714226936933,
    1500.714226936933,
    1500.714226936933,
    1487.4837266163786,
    1487.4837266163786,
    1480.810554439006,
    1480.810554439006,
    1480.810554439006,
    1479.0018858004812,
    1479.0018858004812,
    1478.7636636675068,
    1478.7636636675068,
    1476.9549950289818,
    1472.5145756534782,
    1472.5145756534782,
    1470.4676848819788,
    1470.4676848819788,
    1464.9418014118617,
    1464.9418014118617,
    1463.6482861007569,
    1463.6482861007569,
    1463.6482861007569,
    1461.8396174622324,
    1459.6733140965086,
    1459.6733140965086,
    1457.081587980404,
    1456.7118930848153,
    1451.260397073066,
    1451.260397073066,
    1451.260397073066,
    1446.481294179975,
    1446.481294179975,
    1446.481294179975,
    1446.481294179975,
    1439.2143364516735,
    1439.2143364516735,
    1439.2143364516735,
    1438.1817254008502,
    1437.519028416488,
    1437.519028416488,
    1435.5140994105736,
    1435.5140994105736,
    1422.0836725194476,
    1422.0836725194476,
    1422.0836725194476,
    1417.4872365683011,
    1417.4872365683011,
    1417.4872365683011,
    1417.4872365683011,
    1417.4872365683011,
    1417.4872365683011,
    1417.4872365683011,
    1417.4872365683011,
    1417.4872365683011,
    1417.4872365683011,
    1417.4872365683011,
    1417.4872365683011,
    1417.4872365683011,
    1417.4872365683011,
    1417.4872365683011,
    1417.4872365683011,
    1416.327097236781,
    1411.5265251456551,
    1411.5265251456551,
    1411.5265251456551,
    1411.5265251456551,
    1411.5265251456551,
    1370.7956414663036,
    1370.7956414663036,
    1370.7956414663036,
    1366.3651661804033,
    1364.6940524391794,
    1363.8400477690034,
    1363.8400477690034,
    1363.8400477690034,
    1363.8400477690034,
    1363.8400477690034,
    1363.8400477690034,
    1363.8400477690034,
    1361.9202785220764,
    1361.9202785220764,
    1361.9202785220764
  ],
  "best_solution": {
    "id": "ga_gen0_9731",
    "instance_id": "synthetic_150c_525q_clustered6_s181653072",
    "algorithm": "drl_mid_ga",
    "routes": [
      {
        "vehicle_id": 0,
        "customer_sequence": [
          97,
          95,
          45,
          76,
          99,
          41,
          85,
          88,
          90,
          78,
          27,
          91,
          37,
          77,
          34,
          80,
          32,
          96,
          31,
          112,
          121,
          131,
          120,
          130,
          118,
          113,
          123,
          129
        ],
        "total_demand": 517,
        "total_distance": 228.63792684011443
      },
      {
        "vehicle_id": 1,
        "customer_sequence": [
          140,
          150,
          107,
          50,
          7,
          93,
          20,
          49,
          100,
          1,
          59,
          56,
          65,
          75,
          52,
          5,
          109,
          139,
          105,
          124,
          111,
          138,
          102,
          127,
          133
        ],
        "total_demand": 514,
        "total_distance": 275.29754279201427
      },
      {
        "vehicle_id": 2,
        "customer_sequence": [
          145,
          72,
          17,
          30,
          92,
          53,
          82,
          94,
          15,
          6,
          62,
          55,
          64,
          144,
          149,
          141,
          132,
          137,
          117,
          18,
          25,
          19,
          73,
          14,
          4,
          28,
          79,
          115
        ],
        "total_demand": 524,
        "total_distance": 459.85928697437134
      },
      {
        "vehicle_id": 3,
        "customer_sequence": [
          142,
          125,
          128,
          143,
          119,
          148,
          114,
          122,
          106,
          104,
          116,
          136,
          87,
          98,
          126,
          86,
          103,
          135,
          147,
          83,
          81,
          35,
          40,
          33,
          42,
          26,
          47,
          60,
          66,
          51
        ],
        "total_demand": 522,
        "total_distance": 358.7526238155972
      },
      {
        "vehicle_id": 4,
        "customer_sequence": [
          48,
          38,
          89,
          13,
          74,
          8,
          9,
          11,
          24,
          16,
          22,
          57,
          63,
          10,
          69,
          54,
          58,
          71,
          68,
          67,
          61,
          21,
          2,
          12,
          23,
          36,
          39,
          29,
          3,
          44
        ],
        "total_demand": 518,
        "total_distance": 258.7331823890873
      },
      {
        "vehicle_id": 5,
        "customer_sequence": [
          43,
          84,
          146,
          110,
          101,
          46,
          134,
          108,
          70
        ],
        "total_demand": 156,
        "total_distance": 187.88705597106275
      }
    ],
    "total_cost": 1361.9202785220764,
    "computation_time": 0.0,
    "is_valid": true,
    "convergence_history": null
  }
}