{
  "instance_id": "synthetic_60c_300q_clustered5_s932253173",
  "instance_name": "Synthetic Clustered",
  "instance_size": 60,
  "configuration": "drl_mid_ga",
  "agent_used": "mid",
  "replicate": 3,
  "seed": 1664641637,
  "initial_cost": 778.564660839458,
  "final_cost": 618.1718028369586,
  "improvement_gap": 20.601096616633214,
  "total_time": 73.53841924667358,
  "initialization_time": 70.59416365623474,
  "evolution_time": 2.9442555904388428,
  "generations_run": 100,
  "generations_to_convergence": 47,
  "convergence_history": [
    778.564660839458,
    778.564660839458,
    775.2683154398901,
    775.2683154398901,
    773.9010969796368,
    773.9010969796368,
    752.1687122034975,
    752.1687122034975,
    752.1687122034975,
    752.1687122034975,
    752.1687122034975,
    752.1687122034975,
    735.3016157218942,
    735.3016157218942,
    735.3016157218942,
    731.8169634759995,
    731.8169634759995,
    731.2444774222749,
    731.2444774222749,
    703.688032844431,
    703.688032844431,
    703.688032844431,
    703.688032844431,
    703.688032844431,
    700.9685959917596,
    700.9685959917596,
    697.8133541284905,
    695.348221533843,
    695.348221533843,
    692.1929796705739,
    692.1929796705739,
    692.1929796705739,
    692.1929796705739,
    692.1929796705739,
    692.1929796705739,
    692.1929796705739,
    692.1929796705739,
    692.1929796705739,
    688.2947586643967,
    688.2947586643967,
    688.2947586643967,
    688.2947586643967,
    688.2947586643967,
    669.1450269116312,
    669.1450269116312,
    664.1891099541083,
    664.1891099541083,
    646.4915646563804,
    646.4915646563804,
    646.4915646563804,
    646.4915646563804,
    646.4915646563804,
    646.4915646563804,
    646.4915646563804,
    646.4915646563804,
    646.4915646563804,
    646.4915646563804,
    646.4915646563804,
    646.4915646563804,
    646.4915646563804,
    646.4915646563804,
    646.4915646563804,
    646.4915646563804,
    646.4915646563804,
    646.4915646563804,
    646.4915646563804,
    646.4915646563804,
    646.4915646563804,
    646.4915646563804,
    646.4915646563804,
    639.9755808187052,
    635.8416592062052,
    635.8416592062052,
    635.8416592062052,
    629.3256753685299,
    629.3256753685299,
    629.3256753685299,
    629.3256753685299,
    629.3256753685299,
    629.3256753685299,
    628.3088870366755,
    628.3088870366755,
    628.3088870366755,
    628.3088870366755,
    628.3088870366755,
    628.3088870366755,
    628.3088870366755,
    622.391758964913,
    622.391758964913,
    622.391758964913,
    622.391758964913,
    622.391758964913,
    622.391758964913,
    622.391758964913,
    622.391758964913,
    622.391758964913,
    618.1718028369586,
    618.1718028369586,
    618.1718028369586,
    618.1718028369586,
    618.1718028369586
  ],
  "best_solution": {
    "id": "ga_gen0_9783",
    "instance_id": "synthetic_60c_300q_clustered5_s932253173",
    "algorithm": "drl_mid_ga",
    "routes": [
      {
        "vehicle_id": 0,
        "customer_sequence": [
          41,
          40,
          38,
          57,
          59,
          52,
          20,
          54,
          21,
          17,
          16,
          19,
          22,
          56
        ],
        "total_demand": 300,
        "total_distance": 141.43217811056033
      },
      {
        "vehicle_id": 1,
        "customer_sequence": [
          37,
          44,
          26,
          28,
          43,
          29,
          32,
          33,
          25,
          35,
          42,
          8,
          11,
          5,
          1,
          18
        ],
        "total_demand": 300,
        "total_distance": 158.7512649823414
      },
      {
        "vehicle_id": 2,
        "customer_sequence": [
          31,
          30,
          45,
          46,
          47,
          49,
          53,
          50,
          48,
          27,
          34,
          36,
          4,
          2,
          6,
          7,
          23
        ],
        "total_demand": 300,
        "total_distance": 323.90114773236735
      },
      {
        "vehicle_id": 3,
        "customer_sequence": [
          14,
          24,
          58,
          51,
          60,
          39,
          15,
          13,
          55,
          9,
          10,
          12,
          3
        ],
        "total_demand": 214,
        "total_distance": 210.2272553417463
      }
    ],
    "total_cost": 618.1718028369586,
    "computation_time": 0.0,
    "is_valid": true,
    "convergence_history": null
  }
}