{
  "instance_id": "synthetic_150c_525q_random_s377631396",
  "instance_name": "Synthetic Random",
  "instance_size": 150,
  "configuration": "drl_mid_ga",
  "agent_used": "mid",
  "replicate": 3,
  "seed": 1496953489,
  "initial_cost": 2462.0988893069834,
  "final_cost": 2018.5807854238353,
  "improvement_gap": 18.013821695357933,
  "total_time": 395.048437833786,
  "initialization_time": 371.5320677757263,
  "evolution_time": 23.516370058059692,
  "generations_run": 100,
  "generations_to_convergence": null,
  "convergence_history": [
    2462.0988893069834,
    2462.0988893069834,
    2462.0988893069834,
    2442.166845345541,
    2442.166845345541,
    2442.166845345541,
    2395.6534466843295,
    2395.6534466843295,
    2320.7207783353965,
    2320.7207783353965,
    2320.7207783353965,
    2320.7207783353965,
    2320.7207783353965,
    2320.7207783353965,
    2320.7207783353965,
    2320.7207783353965,
    2316.965747717514,
    2316.965747717514,
    2284.968473456937,
    2284.968473456937,
    2284.968473456937,
    2277.1732375850306,
    2277.1732375850306,
    2273.4182069671483,
    2273.4182069671483,
    2220.9760773307803,
    2220.9760773307803,
    2220.9760773307803,
    2208.9872995597157,
    2208.9872995597157,
    2204.0234269581456,
    2204.0234269581456,
    2203.915502180838,
    2195.2138583970363,
    2195.2138583970363,
    2191.9046021764507,
    2190.6019258538468,
    2190.6019258538468,
    2188.434723545988,
    2176.168297804648,
    2171.5563652614583,
    2171.5563652614583,
    2157.7904527453684,
    2157.7904527453684,
    2142.1736186723,
    2142.1736186723,
    2142.1736186723,
    2142.1736186723,
    2142.1736186723,
    2137.6728823598633,
    2137.6728823598633,
    2137.6728823598633,
    2094.754067249067,
    2094.754067249067,
    2094.754067249067,
    2094.754067249067,
    2062.7695123380345,
    2062.7695123380345,
    2062.7695123380345,
    2058.771340421412,
    2058.771340421412,
    2058.771340421412,
    2058.771340421412,
    2057.082634418371,
    2057.082634418371,
    2054.7416436492545,
    2054.7416436492545,
    2053.052937646213,
    2053.052937646213,
    2053.052937646213,
    2053.052937646213,
    2053.052937646213,
    2053.052937646213,
    2053.052937646213,
    2051.023372655509,
    2051.023372655509,
    2051.023372655509,
    2051.023372655509,
    2051.023372655509,
    2051.023372655509,
    2048.8996544269203,
    2048.8996544269203,
    2047.567909458261,
    2047.567909458261,
    2045.4441912296725,
    2045.4441912296725,
    2045.4441912296725,
    2033.641788341694,
    2031.5180701131053,
    2031.5180701131053,
    2030.9051802278977,
    2030.9051802278977,
    2030.9051802278977,
    2025.6335451075854,
    2025.6335451075854,
    2018.5807854238353,
    2018.5807854238353,
    2018.5807854238353,
    2018.5807854238353,
    2018.5807854238353,
    2018.5807854238353
  ],
  "best_solution": {
    "id": "ga_gen0_1188",
    "instance_id": "synthetic_150c_525q_random_s377631396",
    "algorithm": "drl_mid_ga",
    "routes": [
      {
        "vehicle_id": 0,
        "customer_sequence": [
          21,
          54,
          22,
          116,
          119,
          127,
          80,
          62,
          101,
          71,
          47,
          59,
          56,
          10,
          117,
          82,
          7,
          100,
          5,
          8,
          140,
          144,
          107,
          94,
          25,
          76,
          64,
          79
        ],
        "total_demand": 524,
        "total_distance": 395.88722488948275
      },
      {
        "vehicle_id": 1,
        "customer_sequence": [
          124,
          131,
          12,
          52,
          112,
          24,
          111,
          113,
          15,
          39,
          38,
          18,
          41,
          103,
          92,
          19,
          75,
          97,
          142,
          88,
          91,
          87,
          122,
          1,
          90,
          68,
          137,
          49
        ],
        "total_demand": 524,
        "total_distance": 372.4003902094134
      },
      {
        "vehicle_id": 2,
        "customer_sequence": [
          34,
          57,
          104,
          14,
          61,
          129,
          105,
          69,
          63,
          53,
          23,
          130,
          125,
          109,
          128,
          83,
          30,
          27,
          135,
          74,
          147,
          85,
          138,
          4,
          55,
          51,
          114
        ],
        "total_demand": 524,
        "total_distance": 372.82109058933173
      },
      {
        "vehicle_id": 3,
        "customer_sequence": [
          6,
          143,
          115,
          67,
          33,
          148,
          45,
          28,
          73,
          3,
          118,
          48,
          26,
          81,
          50,
          44,
          17,
          70,
          123,
          13,
          93,
          126,
          146,
          40,
          106,
          78,
          35,
          37,
          139,
          60,
          99
        ],
        "total_demand": 515,
        "total_distance": 569.1814614039612
      },
      {
        "vehicle_id": 4,
        "customer_sequence": [
          32,
          46,
          72,
          121,
          132,
          133,
          20,
          31,
          102,
          110,
          11,
          95,
          145,
          9,
          89,
          42,
          29,
          86,
          96,
          141,
          43,
          120,
          108,
          149,
          65,
          36,
          136,
          98,
          66,
          2
        ],
        "total_demand": 522,
        "total_distance": 515.6552013717397
      },
      {
        "vehicle_id": 5,
        "customer_sequence": [
          58,
          77,
          150,
          16,
          84,
          134
        ],
        "total_demand": 147,
        "total_distance": 183.85301348533767
      }
    ],
    "total_cost": 2018.5807854238353,
    "computation_time": 0.0,
    "is_valid": true,
    "convergence_history": null
  }
}