{
  "instance_id": "synthetic_150c_525q_random_s2090336853",
  "instance_name": "Synthetic Random",
  "instance_size": 150,
  "configuration": "drl_mid_ga",
  "agent_used": "mid",
  "replicate": 5,
  "seed": 116589934,
  "initial_cost": 2771.126126733615,
  "final_cost": 2185.025655550545,
  "improvement_gap": 21.150263264051397,
  "total_time": 382.7884244918823,
  "initialization_time": 359.17859148979187,
  "evolution_time": 23.609833002090454,
  "generations_run": 100,
  "generations_to_convergence": null,
  "convergence_history": [
    2771.126126733615,
    2771.126126733615,
    2771.126126733615,
    2771.126126733615,
    2771.126126733615,
    2771.126126733615,
    2771.126126733615,
    2771.126126733615,
    2771.126126733615,
    2771.126126733615,
    2701.9115102467717,
    2701.9115102467717,
    2701.9115102467717,
    2701.9115102467717,
    2701.9115102467717,
    2689.028433698144,
    2689.028433698144,
    2689.028433698144,
    2689.028433698144,
    2689.028433698144,
    2646.85202646603,
    2646.85202646603,
    2644.878579304219,
    2644.878579304219,
    2615.649655276035,
    2615.649655276035,
    2611.6444039668777,
    2611.6444039668777,
    2611.6444039668777,
    2573.473248043921,
    2571.74526215319,
    2571.74526215319,
    2523.5399774958787,
    2523.5399774958787,
    2523.5399774958787,
    2511.786766688386,
    2511.6717080953767,
    2511.6717080953767,
    2508.204448513401,
    2508.089389920392,
    2508.089389920392,
    2508.089389920392,
    2508.089389920392,
    2508.089389920392,
    2505.6704450399293,
    2505.6704450399293,
    2505.6704450399293,
    2499.689779336294,
    2499.689779336294,
    2499.689779336294,
    2497.1991005102163,
    2497.1991005102163,
    2497.1991005102163,
    2490.0399775599135,
    2428.5660023346163,
    2428.5660023346163,
    2428.5660023346163,
    2428.5660023346163,
    2404.955404096643,
    2388.537198515122,
    2388.537198515122,
    2379.929738480504,
    2361.779901829299,
    2341.9154901263028,
    2341.9154901263028,
    2341.9154901263028,
    2336.5086800843183,
    2336.5086800843183,
    2336.5086800843183,
    2336.5086800843183,
    2336.5086800843183,
    2325.189334868656,
    2325.189334868656,
    2325.189334868656,
    2322.531752181968,
    2310.0932597029205,
    2310.0932597029205,
    2310.0932597029205,
    2307.4356770162326,
    2307.4356770162326,
    2253.3531740614735,
    2253.3531740614735,
    2253.3531740614735,
    2253.3531740614735,
    2253.3531740614735,
    2253.3531740614735,
    2252.549414190214,
    2252.549414190214,
    2252.549414190214,
    2252.549414190214,
    2252.549414190214,
    2252.549414190214,
    2206.7870684439795,
    2206.7870684439795,
    2206.7870684439795,
    2191.003806216849,
    2191.003806216849,
    2191.003806216849,
    2187.6379709161456,
    2187.6379709161456,
    2185.025655550545
  ],
  "best_solution": {
    "id": "ga_gen0_9559",
    "instance_id": "synthetic_150c_525q_random_s2090336853",
    "algorithm": "drl_mid_ga",
    "routes": [
      {
        "vehicle_id": 0,
        "customer_sequence": [
          130,
          9,
          34,
          103,
          27,
          132,
          3,
          93,
          113,
          52,
          98,
          38,
          90,
          109,
          36,
          73,
          71,
          32,
          48,
          4,
          78,
          125,
          31,
          7,
          94,
          83,
          20
        ],
        "total_demand": 525,
        "total_distance": 401.1750904240831
      },
      {
        "vehicle_id": 1,
        "customer_sequence": [
          72,
          42,
          24,
          147,
          105,
          136,
          25,
          120,
          84,
          137,
          37,
          39,
          69,
          99,
          67,
          128,
          17,
          117,
          21,
          82,
          49,
          77,
          149,
          134,
          56,
          126,
          144,
          86
        ],
        "total_demand": 523,
        "total_distance": 389.0078638159225
      },
      {
        "vehicle_id": 2,
        "customer_sequence": [
          40,
          123,
          15,
          59,
          16,
          85,
          115,
          29,
          100,
          41,
          30,
          61,
          119,
          102,
          140,
          92,
          111,
          47,
          5,
          104,
          121,
          114,
          107,
          53,
          64,
          148,
          70,
          135,
          101
        ],
        "total_demand": 524,
        "total_distance": 482.115610928013
      },
      {
        "vehicle_id": 3,
        "customer_sequence": [
          45,
          58,
          133,
          62,
          88,
          106,
          44,
          55,
          46,
          8,
          116,
          76,
          68,
          124,
          127,
          91,
          122,
          96,
          108,
          22,
          75,
          43,
          54,
          89,
          35,
          142
        ],
        "total_demand": 525,
        "total_distance": 459.2841441181273
      },
      {
        "vehicle_id": 4,
        "customer_sequence": [
          145,
          2,
          14,
          1,
          81,
          13,
          141,
          66,
          19,
          95,
          139,
          26,
          33,
          112,
          57,
          63,
          138,
          97,
          118,
          80,
          131,
          10,
          87,
          60,
          79,
          6,
          12,
          110,
          23,
          150,
          129,
          11,
          28,
          50,
          143
        ],
        "total_demand": 525,
        "total_distance": 593.1961693436143
      },
      {
        "vehicle_id": 5,
        "customer_sequence": [
          65,
          51,
          146,
          18,
          74
        ],
        "total_demand": 106,
        "total_distance": 233.13744074944685
      }
    ],
    "total_cost": 2185.025655550545,
    "computation_time": 0.0,
    "is_valid": true,
    "convergence_history": null
  }
}