{
  "instance_id": "synthetic_90c_337q_clustered5_s400407272",
  "instance_name": "Synthetic Clustered",
  "instance_size": 90,
  "configuration": "drl_mid_ga",
  "agent_used": "mid",
  "replicate": 2,
  "seed": 400316263,
  "initial_cost": 994.4493489645793,
  "final_cost": 873.9448908497629,
  "improvement_gap": 12.11770697424515,
  "total_time": 153.35832285881042,
  "initialization_time": 146.6926667690277,
  "evolution_time": 6.665656089782715,
  "generations_run": 100,
  "generations_to_convergence": null,
  "convergence_history": [
    994.4493489645793,
    994.4493489645793,
    994.4493489645793,
    994.4493489645793,
    994.4493489645793,
    994.4493489645793,
    971.8442449091419,
    971.8442449091419,
    971.8442449091419,
    961.9402183046138,
    961.9402183046138,
    961.9402183046138,
    961.9402183046138,
    957.0263739009943,
    957.0263739009943,
    952.2119445446349,
    952.2119445446349,
    952.2119445446349,
    948.0786080939165,
    948.0786080939165,
    948.0786080939165,
    943.2641787375571,
    943.2641787375571,
    943.2641787375571,
    943.2641787375571,
    943.2641787375571,
    943.2641787375571,
    943.2641787375571,
    943.2641787375571,
    943.2641787375571,
    943.2641787375571,
    943.0412868511814,
    943.0412868511814,
    942.3461465880063,
    927.0748955233986,
    927.0748955233986,
    927.0748955233986,
    927.0748955233986,
    927.0748955233986,
    927.0748955233986,
    927.0748955233986,
    927.0748955233986,
    927.0748955233986,
    927.0748955233986,
    927.0748955233986,
    927.0748955233986,
    927.0748955233986,
    927.0748955233986,
    927.0748955233986,
    927.0748955233986,
    927.0748955233986,
    927.0748955233986,
    923.2890511846231,
    923.2890511846231,
    923.2890511846231,
    923.2890511846231,
    923.2890511846231,
    923.2890511846231,
    923.2890511846231,
    923.2890511846231,
    923.2890511846231,
    920.8535921652364,
    914.2323340040048,
    914.2323340040048,
    911.7968749846181,
    911.7968749846181,
    911.7968749846181,
    911.7968749846181,
    911.5287061124246,
    911.5287061124246,
    911.5287061124246,
    910.8788428350672,
    908.2574957732036,
    908.2574957732036,
    908.2574957732036,
    906.1217483934108,
    906.1217483934108,
    906.1217483934108,
    906.1217483934108,
    905.7102845250182,
    905.0903567641788,
    897.2784551907807,
    896.8669913223881,
    896.8669913223881,
    891.6269839549374,
    891.6269839549374,
    879.6282199716908,
    877.7179299748575,
    877.7179299748575,
    877.7179299748575,
    877.7179299748575,
    874.1163617090949,
    874.1163617090949,
    874.1163617090949,
    874.1163617090949,
    874.1163617090949,
    874.1163617090949,
    874.1163617090949,
    873.9448908497629,
    873.9448908497629,
    873.9448908497629
  ],
  "best_solution": {
    "id": "ga_gen0_1760",
    "instance_id": "synthetic_90c_337q_clustered5_s400407272",
    "algorithm": "drl_mid_ga",
    "routes": [
      {
        "vehicle_id": 0,
        "customer_sequence": [
          40,
          42,
          52,
          65,
          37,
          35,
          21,
          26,
          23,
          34,
          25,
          19,
          27,
          30,
          76,
          14,
          11
        ],
        "total_demand": 334,
        "total_distance": 191.69995635275808
      },
      {
        "vehicle_id": 1,
        "customer_sequence": [
          83,
          89,
          79,
          82,
          80,
          86,
          74,
          78,
          88,
          1,
          16,
          85,
          18,
          17
        ],
        "total_demand": 333,
        "total_distance": 114.81512827267815
      },
      {
        "vehicle_id": 2,
        "customer_sequence": [
          47,
          54,
          8,
          49,
          15,
          6,
          44,
          43,
          48,
          45,
          59,
          63,
          61,
          55,
          70,
          62,
          64
        ],
        "total_demand": 337,
        "total_distance": 205.36645538833244
      },
      {
        "vehicle_id": 3,
        "customer_sequence": [
          81,
          33,
          73,
          77,
          5,
          90,
          87,
          39,
          50,
          53,
          31,
          24,
          32,
          68,
          60,
          57,
          72,
          67,
          66,
          56,
          58,
          69,
          22,
          29,
          28
        ],
        "total_demand": 336,
        "total_distance": 340.7220419214453
      },
      {
        "vehicle_id": 4,
        "customer_sequence": [
          51,
          38,
          9,
          46,
          4,
          3,
          13,
          7,
          41,
          2,
          12,
          10,
          84,
          75,
          36,
          20,
          71
        ],
        "total_demand": 237,
        "total_distance": 249.0526520053562
      }
    ],
    "total_cost": 873.9448908497629,
    "computation_time": 0.0,
    "is_valid": true,
    "convergence_history": null
  }
}