{
  "instance_id": "synthetic_60c_300q_clustered5_s1865702916",
  "instance_name": "Synthetic Clustered",
  "instance_size": 60,
  "configuration": "drl_mid_ga",
  "agent_used": "mid",
  "replicate": 1,
  "seed": 1447798279,
  "initial_cost": 810.4308625731621,
  "final_cost": 644.1910984429567,
  "improvement_gap": 20.51251646591853,
  "total_time": 73.43376731872559,
  "initialization_time": 70.5350866317749,
  "evolution_time": 2.8986806869506836,
  "generations_run": 100,
  "generations_to_convergence": null,
  "convergence_history": [
    810.4308625731621,
    810.4308625731621,
    810.4308625731621,
    810.4308625731621,
    810.4308625731621,
    810.4308625731621,
    810.4308625731621,
    809.8210946778213,
    809.8210946778213,
    809.8210946778213,
    807.0813561093001,
    806.31656705686,
    801.9973901875894,
    799.9791050962708,
    786.970930684751,
    786.970930684751,
    785.2316386620757,
    785.2316386620757,
    777.1289411032005,
    775.9068561726064,
    774.7959597107907,
    773.3086039024719,
    773.3086039024719,
    773.3086039024719,
    769.7093570267469,
    769.7093570267469,
    740.5098441403036,
    740.5098441403036,
    732.0394357562343,
    730.2470464097939,
    730.2470464097939,
    730.2470464097939,
    730.2470464097939,
    729.5285571330566,
    729.5285571330566,
    729.5285571330566,
    728.4260118178447,
    728.4260118178447,
    728.4260118178447,
    728.4260118178447,
    728.4260118178447,
    728.4260118178447,
    728.4260118178447,
    728.4260118178447,
    728.4260118178447,
    697.5893129870385,
    697.5893129870385,
    697.5893129870385,
    697.5893129870385,
    697.5893129870385,
    677.2658194484553,
    676.7667835234479,
    676.7667835234479,
    673.9127049510939,
    673.9127049510939,
    672.2982128354216,
    672.2982128354216,
    669.3962608767124,
    653.9374088341305,
    650.9860928272522,
    650.9860928272522,
    650.9860928272522,
    650.9860928272522,
    650.9860928272522,
    650.9860928272522,
    650.300204629551,
    650.300204629551,
    650.300204629551,
    650.300204629551,
    650.300204629551,
    650.300204629551,
    650.300204629551,
    649.0414127551896,
    649.0414127551896,
    649.0414127551896,
    649.0414127551896,
    649.0414127551896,
    645.0487264131959,
    645.0487264131959,
    645.0487264131959,
    645.0487264131959,
    645.0487264131959,
    645.0487264131959,
    645.0487264131959,
    645.0487264131959,
    645.0487264131959,
    644.1910984429567,
    644.1910984429567,
    644.1910984429567,
    644.1910984429567,
    644.1910984429567,
    644.1910984429567,
    644.1910984429567,
    644.1910984429567,
    644.1910984429567,
    644.1910984429567,
    644.1910984429567,
    644.1910984429567,
    644.1910984429567,
    644.1910984429567,
    644.1910984429567
  ],
  "best_solution": {
    "id": "ga_gen0_1343",
    "instance_id": "synthetic_60c_300q_clustered5_s1865702916",
    "algorithm": "drl_mid_ga",
    "routes": [
      {
        "vehicle_id": 0,
        "customer_sequence": [
          6,
          4,
          16,
          12,
          8,
          19,
          17,
          13,
          5,
          34,
          29,
          32,
          28
        ],
        "total_demand": 298,
        "total_distance": 187.58549470183098
      },
      {
        "vehicle_id": 1,
        "customer_sequence": [
          31,
          55,
          41,
          37,
          59,
          48,
          54,
          60,
          49,
          30,
          2,
          22,
          3,
          14,
          11,
          18,
          10
        ],
        "total_demand": 299,
        "total_distance": 238.1623915256857
      },
      {
        "vehicle_id": 2,
        "customer_sequence": [
          43,
          39,
          40,
          38,
          46,
          47,
          44,
          42,
          53,
          57,
          56,
          51,
          45,
          35,
          52,
          7,
          9,
          1
        ],
        "total_demand": 298,
        "total_distance": 227.48209510176972
      },
      {
        "vehicle_id": 3,
        "customer_sequence": [
          24,
          15,
          23,
          21,
          20,
          36,
          25,
          26,
          27,
          33,
          50,
          58
        ],
        "total_demand": 209,
        "total_distance": 237.64968151339156
      }
    ],
    "total_cost": 644.1910984429567,
    "computation_time": 0.0,
    "is_valid": true,
    "convergence_history": null
  }
}