{
  "instance_id": "synthetic_60c_300q_clustered5_s1865702916",
  "instance_name": "Synthetic Clustered",
  "instance_size": 60,
  "configuration": "drl_mid_ga",
  "agent_used": "mid",
  "replicate": 3,
  "seed": 550155743,
  "initial_cost": 757.7087969008941,
  "final_cost": 642.0698908208994,
  "improvement_gap": 15.261655474104233,
  "total_time": 73.34599447250366,
  "initialization_time": 70.30054593086243,
  "evolution_time": 3.0454485416412354,
  "generations_run": 100,
  "generations_to_convergence": null,
  "convergence_history": [
    757.7087969008941,
    757.7087969008941,
    757.7087969008941,
    757.7087969008941,
    757.7087969008941,
    754.6357171575979,
    745.8918744895195,
    745.8918744895195,
    745.4215618382892,
    740.901314221998,
    734.5225276091619,
    731.3487689065907,
    730.8784562553606,
    719.8473541195151,
    718.7788808776731,
    718.7788808776731,
    706.8417648610812,
    706.0932321914305,
    706.0932321914305,
    695.3403500740055,
    690.3497898064838,
    690.3497898064838,
    686.6665058816425,
    686.6665058816425,
    686.6665058816425,
    686.6665058816425,
    686.6665058816425,
    680.315768263659,
    680.315768263659,
    680.315768263659,
    680.315768263659,
    680.315768263659,
    680.315768263659,
    680.315768263659,
    680.315768263659,
    679.1150521713594,
    679.1150521713594,
    664.8107022184197,
    664.8107022184197,
    663.6099861261201,
    663.6099861261201,
    663.6099861261201,
    663.6099861261201,
    663.6099861261201,
    663.6099861261201,
    663.6099861261201,
    663.6099861261201,
    663.6099861261201,
    663.5872249882013,
    663.5872249882013,
    663.5872249882013,
    663.5872249882013,
    663.5872249882013,
    656.369871391487,
    656.369871391487,
    656.369871391487,
    656.369871391487,
    656.369871391487,
    656.369871391487,
    656.369871391487,
    656.369871391487,
    656.369871391487,
    656.369871391487,
    656.0905730608608,
    656.0905730608608,
    648.0756879821556,
    648.0756879821556,
    648.0756879821556,
    648.0756879821556,
    648.0756879821556,
    648.0756879821556,
    648.0756879821556,
    648.0756879821556,
    648.0756879821556,
    647.5029879271176,
    647.5029879271176,
    647.5029879271176,
    647.5029879271176,
    647.5029879271176,
    647.5029879271176,
    647.5029879271176,
    647.5029879271176,
    647.5029879271176,
    647.5029879271176,
    647.5029879271176,
    647.5029879271176,
    645.772616396163,
    644.1375623275658,
    644.1375623275658,
    644.1375623275658,
    643.7049448894967,
    643.7049448894967,
    643.7049448894967,
    643.7049448894967,
    642.0698908208994,
    642.0698908208994,
    642.0698908208994,
    642.0698908208994,
    642.0698908208994,
    642.0698908208994,
    642.0698908208994
  ],
  "best_solution": {
    "id": "ga_gen0_5335",
    "instance_id": "synthetic_60c_300q_clustered5_s1865702916",
    "algorithm": "drl_mid_ga",
    "routes": [
      {
        "vehicle_id": 0,
        "customer_sequence": [
          6,
          7,
          9,
          16,
          12,
          8,
          17,
          27,
          30,
          49,
          50,
          60,
          55,
          35
        ],
        "total_demand": 297,
        "total_distance": 155.4638120113347
      },
      {
        "vehicle_id": 1,
        "customer_sequence": [
          31,
          2,
          1,
          4,
          14,
          24,
          13,
          5,
          19,
          3,
          22,
          37,
          41,
          53,
          45,
          54,
          48
        ],
        "total_demand": 297,
        "total_distance": 212.5148610575567
      },
      {
        "vehicle_id": 2,
        "customer_sequence": [
          23,
          15,
          11,
          21,
          20,
          18,
          10,
          28,
          32,
          36,
          29,
          25,
          44,
          38,
          46
        ],
        "total_demand": 299,
        "total_distance": 298.58605012149746
      },
      {
        "vehicle_id": 3,
        "customer_sequence": [
          26,
          34,
          52,
          42,
          57,
          33,
          58,
          51,
          56,
          59,
          39,
          40,
          43,
          47
        ],
        "total_demand": 211,
        "total_distance": 194.39979100618507
      }
    ],
    "total_cost": 642.0698908208994,
    "computation_time": 0.0,
    "is_valid": true,
    "convergence_history": null
  }
}