{
  "instance_id": "synthetic_125c_437q_random_s1134366121",
  "instance_name": "Synthetic Random",
  "instance_size": 125,
  "configuration": "drl_mid_ga",
  "agent_used": "mid",
  "replicate": 2,
  "seed": 1204275633,
  "initial_cost": 2142.4452390777788,
  "final_cost": 1783.8084655733287,
  "improvement_gap": 16.739600479068777,
  "total_time": 282.4548165798187,
  "initialization_time": 265.84193229675293,
  "evolution_time": 16.612884283065796,
  "generations_run": 100,
  "generations_to_convergence": null,
  "convergence_history": [
    2142.4452390777788,
    2142.4452390777788,
    2142.4452390777788,
    2142.4452390777788,
    2142.4452390777788,
    2142.4452390777788,
    2142.4452390777788,
    2142.4452390777788,
    2086.0360074390014,
    2086.0360074390014,
    2086.0360074390014,
    2086.0360074390014,
    2086.0360074390014,
    2086.0360074390014,
    2086.0360074390014,
    2086.0360074390014,
    2075.804465924114,
    2075.804465924114,
    2064.4737728162895,
    2057.84644438251,
    2057.84644438251,
    2057.84644438251,
    2057.84644438251,
    2055.7846921559076,
    2055.7846921559076,
    2054.948063898343,
    2050.4555721528614,
    2050.4555721528614,
    2048.462630528455,
    2048.462630528455,
    2046.794835765506,
    2045.9582075079416,
    2038.4774426290094,
    2038.4774426290094,
    2036.484501004603,
    2036.484501004603,
    2036.484501004603,
    1991.2400524230723,
    1991.2400524230723,
    1991.2400524230723,
    1991.2400524230723,
    1991.2400524230723,
    1991.2400524230723,
    1991.2400524230723,
    1991.2400524230723,
    1991.2400524230723,
    1987.5694118354843,
    1987.5694118354843,
    1987.5694118354843,
    1987.5694118354843,
    1979.883569109111,
    1979.883569109111,
    1979.883569109111,
    1979.883569109111,
    1979.883569109111,
    1979.883569109111,
    1979.883569109111,
    1978.4227747341881,
    1978.4227747341881,
    1974.194067445582,
    1964.1984815230915,
    1963.9853244120907,
    1963.9853244120907,
    1963.9853244120907,
    1958.2958227485617,
    1938.2899853351053,
    1938.2899853351053,
    1924.0656921240086,
    1924.0656921240086,
    1907.5176795348857,
    1905.030990814205,
    1902.1292649079444,
    1890.593540492108,
    1888.9113429403744,
    1875.629041518063,
    1875.629041518063,
    1875.629041518063,
    1875.629041518063,
    1867.7465838250973,
    1854.4665189084672,
    1847.7790488969326,
    1847.7790488969326,
    1847.7790488969326,
    1847.7790488969326,
    1847.7790488969326,
    1830.891513427921,
    1830.891513427921,
    1830.891513427921,
    1830.7122918195973,
    1830.7122918195973,
    1830.7122918195973,
    1830.7122918195973,
    1828.8165238252627,
    1828.8165238252627,
    1825.228112297921,
    1825.228112297921,
    1825.228112297921,
    1824.8901553241642,
    1784.1464225470854,
    1783.8084655733287,
    1783.8084655733287
  ],
  "best_solution": {
    "id": "ga_gen0_1757",
    "instance_id": "synthetic_125c_437q_random_s1134366121",
    "algorithm": "drl_mid_ga",
    "routes": [
      {
        "vehicle_id": 0,
        "customer_sequence": [
          38,
          32,
          21,
          82,
          5,
          39,
          111,
          10,
          53,
          104,
          46,
          13,
          113,
          108,
          3,
          73,
          78,
          25,
          29,
          61,
          112,
          80,
          26
        ],
        "total_demand": 435,
        "total_distance": 409.89433791508503
      },
      {
        "vehicle_id": 1,
        "customer_sequence": [
          47,
          84,
          48,
          15,
          35,
          117,
          115,
          64,
          36,
          124,
          2,
          107,
          81,
          75,
          76,
          83,
          114,
          50,
          27,
          98,
          100,
          67,
          33,
          88
        ],
        "total_demand": 412,
        "total_distance": 426.37916246423686
      },
      {
        "vehicle_id": 2,
        "customer_sequence": [
          118,
          102,
          123,
          109,
          14,
          103,
          51,
          110,
          59,
          125,
          30,
          122,
          8,
          22,
          56,
          121,
          71,
          62,
          42,
          79,
          18,
          34,
          23,
          120,
          65
        ],
        "total_demand": 420,
        "total_distance": 331.8535061388828
      },
      {
        "vehicle_id": 3,
        "customer_sequence": [
          60,
          7,
          97,
          91,
          37,
          19,
          119,
          55,
          72,
          44,
          87,
          94,
          70,
          89,
          96,
          90,
          41,
          57,
          95,
          20,
          40
        ],
        "total_demand": 414,
        "total_distance": 309.6781949175586
      },
      {
        "vehicle_id": 4,
        "customer_sequence": [
          12,
          77,
          69,
          101,
          43,
          6,
          49,
          86,
          24,
          63,
          52,
          16,
          85,
          99,
          11,
          54,
          106,
          66,
          1,
          93,
          58
        ],
        "total_demand": 435,
        "total_distance": 329.6724812654512
      },
      {
        "vehicle_id": 5,
        "customer_sequence": [
          4,
          45,
          116,
          9,
          74,
          31,
          17,
          28,
          105,
          68,
          92
        ],
        "total_demand": 144,
        "total_distance": 344.51736392750695
      }
    ],
    "total_cost": 1783.8084655733287,
    "computation_time": 0.0,
    "is_valid": true,
    "convergence_history": null
  }
}