{
  "instance_id": "synthetic_90c_337q_clustered5_s905692967",
  "instance_name": "Synthetic Clustered",
  "instance_size": 90,
  "configuration": "drl_mid_ga",
  "agent_used": "mid",
  "replicate": 1,
  "seed": 1794101420,
  "initial_cost": 902.8975626686358,
  "final_cost": 689.1414348082463,
  "improvement_gap": 23.674460614181342,
  "total_time": 153.68125224113464,
  "initialization_time": 146.85923957824707,
  "evolution_time": 6.822012662887573,
  "generations_run": 100,
  "generations_to_convergence": null,
  "convergence_history": [
    902.8975626686358,
    902.8975626686358,
    901.5325508999656,
    901.5325508999656,
    854.7128274796621,
    854.7128274796621,
    845.4524331808796,
    845.4524331808796,
    834.3800441967671,
    832.577921704808,
    832.577921704808,
    832.577921704808,
    824.7074274189656,
    824.7074274189656,
    824.7074274189656,
    798.5053723990721,
    798.5053723990721,
    787.8010688849802,
    787.8010688849802,
    778.7733597534263,
    768.0690562393344,
    768.0690562393344,
    767.7994335238811,
    767.7994335238811,
    767.7994335238811,
    766.9287236790798,
    766.9287236790798,
    766.9287236790798,
    766.9287236790798,
    766.9287236790798,
    755.1070917278337,
    755.1070917278337,
    755.1070917278337,
    745.1104812955822,
    744.638305335806,
    744.638305335806,
    744.638305335806,
    744.638305335806,
    744.5170497387498,
    744.5170497387498,
    743.6554212916382,
    743.6554212916382,
    743.6554212916382,
    743.5341656945819,
    743.5341656945819,
    743.5341656945819,
    743.5341656945819,
    739.8693591876686,
    739.8693591876686,
    739.8693591876686,
    731.6662854062344,
    731.6662854062344,
    725.1612969142141,
    725.1612969142141,
    724.7068669280318,
    724.7068669280318,
    724.7068669280318,
    724.7068669280318,
    724.700226152563,
    719.356081387978,
    719.356081387978,
    719.356081387978,
    719.3494406125092,
    719.3494406125092,
    719.3494406125092,
    719.3494406125092,
    719.3494406125092,
    719.3494406125092,
    719.3494406125092,
    714.3113727975131,
    714.3113727975131,
    714.3113727975131,
    714.3113727975131,
    714.3113727975131,
    714.3113727975131,
    712.7924606658546,
    712.7924606658546,
    712.7924606658546,
    712.7924606658546,
    712.4114998331048,
    712.4114998331048,
    712.4114998331048,
    712.4114998331048,
    712.4114998331048,
    712.4114998331048,
    712.4114998331048,
    712.4114998331048,
    704.0460753721569,
    691.9035865729064,
    691.9035865729064,
    691.9035865729064,
    691.9035865729064,
    691.9035865729064,
    691.5718587716937,
    689.7132482713251,
    689.7132482713251,
    689.7132482713251,
    689.3815204701123,
    689.3815204701123,
    689.1414348082463,
    689.1414348082463
  ],
  "best_solution": {
    "id": "ga_gen0_1273",
    "instance_id": "synthetic_90c_337q_clustered5_s905692967",
    "algorithm": "drl_mid_ga",
    "routes": [
      {
        "vehicle_id": 0,
        "customer_sequence": [
          66,
          61,
          11,
          15,
          43,
          60,
          69,
          70,
          64,
          34,
          75,
          79,
          84,
          73,
          87
        ],
        "total_demand": 333,
        "total_distance": 155.34196791240225
      },
      {
        "vehicle_id": 1,
        "customer_sequence": [
          23,
          31,
          32,
          25,
          29,
          21,
          62,
          5,
          49,
          47,
          51,
          40,
          2,
          54,
          37,
          6,
          39,
          52,
          7
        ],
        "total_demand": 336,
        "total_distance": 138.52602930873428
      },
      {
        "vehicle_id": 2,
        "customer_sequence": [
          19,
          38,
          18,
          4,
          63,
          55,
          71,
          57,
          10,
          12,
          45,
          50,
          16,
          9,
          35,
          44,
          41,
          42,
          46,
          3
        ],
        "total_demand": 335,
        "total_distance": 145.58301229689707
      },
      {
        "vehicle_id": 3,
        "customer_sequence": [
          28,
          56,
          14,
          72,
          68,
          8,
          53,
          1,
          67,
          58,
          59,
          20,
          82,
          22,
          48,
          74,
          77,
          76,
          86,
          89,
          36,
          83,
          80
        ],
        "total_demand": 336,
        "total_distance": 276.9727453360554
      },
      {
        "vehicle_id": 4,
        "customer_sequence": [
          17,
          65,
          13,
          30,
          26,
          33,
          27,
          90,
          24,
          85,
          88,
          78,
          81
        ],
        "total_demand": 194,
        "total_distance": 199.73403756174844
      }
    ],
    "total_cost": 689.1414348082463,
    "computation_time": 0.0,
    "is_valid": true,
    "convergence_history": null
  }
}