{
  "instance_id": "synthetic_125c_437q_clustered6_s1304513617",
  "instance_name": "Synthetic Clustered",
  "instance_size": 125,
  "configuration": "drl_mid_ga",
  "agent_used": "mid",
  "replicate": 2,
  "seed": 2013709125,
  "initial_cost": 1479.0120799645563,
  "final_cost": 1271.252773120216,
  "improvement_gap": 14.047167677583747,
  "total_time": 280.3450026512146,
  "initialization_time": 263.8668739795685,
  "evolution_time": 16.478128671646118,
  "generations_run": 100,
  "generations_to_convergence": null,
  "convergence_history": [
    1479.0120799645563,
    1479.0120799645563,
    1479.0120799645563,
    1479.0120799645563,
    1479.0120799645563,
    1433.521052236622,
    1433.521052236622,
    1433.521052236622,
    1424.8145679079703,
    1424.8145679079703,
    1409.4671446944785,
    1409.4671446944785,
    1387.3054409666775,
    1387.3054409666775,
    1375.2224130809714,
    1375.2224130809714,
    1375.2224130809714,
    1368.5856610904286,
    1368.5856610904286,
    1368.5856610904286,
    1363.3616938701082,
    1363.3616938701082,
    1363.3616938701082,
    1349.4936671164003,
    1349.4936671164003,
    1349.4936671164003,
    1349.4936671164003,
    1349.4936671164003,
    1348.387372585489,
    1348.387372585489,
    1336.5078452428625,
    1335.4015507119511,
    1335.137539733479,
    1335.137539733479,
    1323.562467956892,
    1323.562467956892,
    1322.1921624475083,
    1322.1921624475083,
    1322.1921624475083,
    1321.7227234613963,
    1321.7227234613963,
    1318.780809963328,
    1318.780809963328,
    1316.0379363619854,
    1316.0379363619854,
    1312.6265838778052,
    1312.464450889812,
    1312.1335542818065,
    1312.1335542818065,
    1304.8931313178734,
    1304.8931313178734,
    1304.8931313178734,
    1304.8931313178734,
    1304.8931313178734,
    1304.8931313178734,
    1304.8931313178734,
    1304.8931313178734,
    1304.8931313178734,
    1304.8931313178734,
    1299.795365853774,
    1297.522683663325,
    1297.522683663325,
    1294.3511525927815,
    1292.4249181992257,
    1292.4249181992257,
    1289.1928289509574,
    1284.0950634868582,
    1278.6698225325845,
    1278.6698225325845,
    1278.6698225325845,
    1276.0168353020565,
    1276.0168353020565,
    1276.0168353020565,
    1276.0168353020565,
    1276.0168353020565,
    1276.0168353020565,
    1274.2857092959182,
    1274.2857092959182,
    1274.2857092959182,
    1274.1213136842425,
    1274.1213136842425,
    1274.1213136842425,
    1274.1213136842425,
    1274.1213136842425,
    1274.1213136842425,
    1274.1213136842425,
    1274.1213136842425,
    1274.1213136842425,
    1274.1213136842425,
    1274.1213136842425,
    1271.252773120216,
    1271.252773120216,
    1271.252773120216,
    1271.252773120216,
    1271.252773120216,
    1271.252773120216,
    1271.252773120216,
    1271.252773120216,
    1271.252773120216,
    1271.252773120216,
    1271.252773120216
  ],
  "best_solution": {
    "id": "ga_gen0_3518",
    "instance_id": "synthetic_125c_437q_clustered6_s1304513617",
    "algorithm": "drl_mid_ga",
    "routes": [
      {
        "vehicle_id": 0,
        "customer_sequence": [
          103,
          40,
          114,
          108,
          107,
          109,
          1,
          106,
          25,
          79,
          70,
          2,
          118,
          5,
          8,
          7,
          3,
          96,
          11,
          12,
          84,
          10
        ],
        "total_demand": 435,
        "total_distance": 186.5291970380581
      },
      {
        "vehicle_id": 1,
        "customer_sequence": [
          39,
          30,
          22,
          31,
          27,
          32,
          24,
          16,
          77,
          9,
          6,
          67,
          119,
          116,
          105,
          113,
          21,
          62,
          102,
          120,
          110,
          41
        ],
        "total_demand": 434,
        "total_distance": 187.72151019553147
      },
      {
        "vehicle_id": 2,
        "customer_sequence": [
          93,
          117,
          115,
          23,
          34,
          36,
          37,
          29,
          35,
          78,
          68,
          64,
          76,
          66,
          72,
          65,
          100,
          88,
          97,
          42,
          57,
          92,
          47,
          85
        ],
        "total_demand": 437,
        "total_distance": 229.89453999776617
      },
      {
        "vehicle_id": 3,
        "customer_sequence": [
          53,
          91,
          63,
          75,
          33,
          104,
          61,
          71,
          74,
          20,
          99,
          43,
          19,
          94,
          122,
          87,
          54,
          124,
          58,
          82,
          90,
          56,
          52
        ],
        "total_demand": 436,
        "total_distance": 292.00039719955
      },
      {
        "vehicle_id": 4,
        "customer_sequence": [
          112,
          95,
          89,
          13,
          121,
          50,
          98,
          81,
          51,
          60,
          59,
          49,
          45,
          18,
          101,
          15,
          111,
          17,
          14,
          4,
          69,
          80,
          73,
          28
        ],
        "total_demand": 428,
        "total_distance": 421.1456133237881
      },
      {
        "vehicle_id": 5,
        "customer_sequence": [
          44,
          46,
          83,
          55,
          48,
          86,
          26,
          38,
          123,
          125
        ],
        "total_demand": 153,
        "total_distance": 245.10905137482825
      }
    ],
    "total_cost": 1271.252773120216,
    "computation_time": 0.0,
    "is_valid": true,
    "convergence_history": null
  }
}