{
  "instance_id": "synthetic_30c_90q_clustered4_s1627527975",
  "instance_name": "Synthetic Clustered",
  "instance_size": 30,
  "configuration": "drl_mid_ga",
  "agent_used": "mid",
  "replicate": 4,
  "seed": 277304029,
  "initial_cost": 340.27618377817316,
  "final_cost": 299.0693281994881,
  "improvement_gap": 12.109826530071793,
  "total_time": 21.15790343284607,
  "initialization_time": 20.0414297580719,
  "evolution_time": 1.11647367477417,
  "generations_run": 100,
  "generations_to_convergence": 26,
  "convergence_history": [
    340.27618377817316,
    340.27618377817316,
    334.2820994196389,
    327.71805522128057,
    327.71805522128057,
    315.9031063693013,
    315.9031063693013,
    309.6851459977853,
    309.6851459977853,
    306.90721154649697,
    306.90721154649697,
    306.90721154649697,
    306.90721154649697,
    304.88741787611264,
    302.1094834248243,
    302.1094834248243,
    302.1094834248243,
    302.0126205886591,
    302.0126205886591,
    302.0126205886591,
    302.0126205886591,
    302.0126205886591,
    302.0126205886591,
    302.0126205886591,
    302.0126205886591,
    302.0126205886591,
    299.0693281994881,
    299.0693281994881,
    299.0693281994881,
    299.0693281994881,
    299.0693281994881,
    299.0693281994881,
    299.0693281994881,
    299.0693281994881,
    299.0693281994881,
    299.0693281994881,
    299.0693281994881,
    299.0693281994881,
    299.0693281994881,
    299.0693281994881,
    299.0693281994881,
    299.0693281994881,
    299.0693281994881,
    299.0693281994881,
    299.0693281994881,
    299.0693281994881,
    299.0693281994881,
    299.0693281994881,
    299.0693281994881,
    299.0693281994881,
    299.0693281994881,
    299.0693281994881,
    299.0693281994881,
    299.0693281994881,
    299.0693281994881,
    299.0693281994881,
    299.0693281994881,
    299.0693281994881,
    299.0693281994881,
    299.0693281994881,
    299.0693281994881,
    299.0693281994881,
    299.0693281994881,
    299.0693281994881,
    299.0693281994881,
    299.0693281994881,
    299.0693281994881,
    299.0693281994881,
    299.0693281994881,
    299.0693281994881,
    299.0693281994881,
    299.0693281994881,
    299.0693281994881,
    299.0693281994881,
    299.0693281994881,
    299.0693281994881,
    299.0693281994881,
    299.0693281994881,
    299.0693281994881,
    299.0693281994881,
    299.0693281994881,
    299.0693281994881,
    299.0693281994881,
    299.0693281994881,
    299.0693281994881,
    299.0693281994881,
    299.0693281994881,
    299.0693281994881,
    299.0693281994881,
    299.0693281994881,
    299.0693281994881,
    299.0693281994881,
    299.0693281994881,
    299.0693281994881,
    299.0693281994881,
    299.0693281994881,
    299.0693281994881,
    299.0693281994881,
    299.0693281994881,
    299.0693281994881,
    299.0693281994881
  ],
  "best_solution": {
    "id": "ga_gen0_4265",
    "instance_id": "synthetic_30c_90q_clustered4_s1627527975",
    "algorithm": "drl_mid_ga",
    "routes": [
      {
        "vehicle_id": 0,
        "customer_sequence": [
          7,
          1,
          25,
          17,
          18
        ],
        "total_demand": 89,
        "total_distance": 65.45889837709404
      },
      {
        "vehicle_id": 1,
        "customer_sequence": [
          14,
          9,
          12,
          10
        ],
        "total_demand": 90,
        "total_distance": 90.6186918502803
      },
      {
        "vehicle_id": 2,
        "customer_sequence": [
          27,
          28,
          16,
          24
        ],
        "total_demand": 90,
        "total_distance": 84.5271435115738
      },
      {
        "vehicle_id": 3,
        "customer_sequence": [
          20,
          19,
          21,
          4,
          5
        ],
        "total_demand": 83,
        "total_distance": 89.17108008716609
      },
      {
        "vehicle_id": 4,
        "customer_sequence": [
          22,
          23,
          2,
          3,
          29
        ],
        "total_demand": 81,
        "total_distance": 172.96536841349698
      },
      {
        "vehicle_id": 5,
        "customer_sequence": [
          26,
          6,
          15,
          30
        ],
        "total_demand": 87,
        "total_distance": 135.6466427406133
      },
      {
        "vehicle_id": 6,
        "customer_sequence": [
          13,
          8,
          11
        ],
        "total_demand": 32,
        "total_distance": 96.09454417481788
      }
    ],
    "total_cost": 299.0693281994881,
    "computation_time": 0.0,
    "is_valid": true,
    "convergence_history": null
  }
}