{
  "instance_id": "synthetic_125c_437q_clustered6_s1415847851",
  "instance_name": "Synthetic Clustered",
  "instance_size": 125,
  "configuration": "drl_mid_ga",
  "agent_used": "mid",
  "replicate": 4,
  "seed": 1628536356,
  "initial_cost": 1441.720376858456,
  "final_cost": 1240.451621323213,
  "improvement_gap": 13.96031843385695,
  "total_time": 271.2624008655548,
  "initialization_time": 254.6448655128479,
  "evolution_time": 16.61753535270691,
  "generations_run": 100,
  "generations_to_convergence": 65,
  "convergence_history": [
    1441.720376858456,
    1441.720376858456,
    1441.720376858456,
    1441.720376858456,
    1441.720376858456,
    1438.47426318304,
    1438.47426318304,
    1438.47426318304,
    1426.8072773491672,
    1426.8072773491672,
    1423.5611636737513,
    1423.5611636737513,
    1411.74921705113,
    1411.74921705113,
    1394.82538124052,
    1394.82538124052,
    1394.82538124052,
    1384.4752004711215,
    1384.4752004711215,
    1384.4752004711215,
    1384.4752004711215,
    1384.4752004711215,
    1384.0695215314615,
    1384.0695215314615,
    1383.795555692979,
    1380.4637655831646,
    1380.4637655831646,
    1380.4637655831646,
    1376.0037347187822,
    1376.0037347187822,
    1373.7521135074992,
    1373.7521135074992,
    1373.7521135074992,
    1373.7521135074992,
    1373.7521135074992,
    1373.7521135074992,
    1373.7521135074992,
    1368.9574457442147,
    1367.0374899336355,
    1367.0374899336355,
    1367.0374899336355,
    1365.2784398365538,
    1353.766121261183,
    1353.766121261183,
    1353.766121261183,
    1336.2959973639986,
    1336.2959973639986,
    1336.2959973639986,
    1336.2959973639986,
    1336.2959973639986,
    1336.2959973639986,
    1336.2959973639986,
    1336.2959973639986,
    1335.2817840581574,
    1335.2817840581574,
    1335.2817840581574,
    1285.8680835005352,
    1285.8680835005352,
    1284.853870194694,
    1284.853870194694,
    1284.853870194694,
    1284.4928190262708,
    1284.4928190262708,
    1284.4928190262708,
    1279.8365659359752,
    1279.4755147675519,
    1279.4755147675519,
    1279.4755147675519,
    1279.4755147675519,
    1279.4755147675519,
    1279.4755147675519,
    1279.4755147675519,
    1279.4755147675519,
    1279.4755147675519,
    1279.4755147675519,
    1279.4755147675519,
    1279.4755147675519,
    1279.4755147675519,
    1279.4755147675519,
    1279.4755147675519,
    1279.4755147675519,
    1279.4755147675519,
    1279.4755147675519,
    1279.4755147675519,
    1279.4755147675519,
    1279.4755147675519,
    1279.4755147675519,
    1279.4755147675519,
    1279.4755147675519,
    1279.4755147675519,
    1278.7698240208406,
    1278.7698240208406,
    1248.9520544107863,
    1248.9520544107863,
    1248.9520544107863,
    1248.9520544107863,
    1248.9520544107863,
    1248.9520544107863,
    1246.2277021821315,
    1243.175973551868,
    1240.451621323213
  ],
  "best_solution": {
    "id": "ga_gen0_7797",
    "instance_id": "synthetic_125c_437q_clustered6_s1415847851",
    "algorithm": "drl_mid_ga",
    "routes": [
      {
        "vehicle_id": 0,
        "customer_sequence": [
          79,
          74,
          66,
          29,
          90,
          92,
          31,
          94,
          86,
          85,
          115,
          101,
          103,
          98,
          23,
          88,
          83,
          32,
          33,
          37,
          117,
          109,
          102,
          67,
          76,
          64
        ],
        "total_demand": 433,
        "total_distance": 305.70866072131446
      },
      {
        "vehicle_id": 1,
        "customer_sequence": [
          28,
          50,
          27,
          22,
          56,
          121,
          87,
          99,
          97,
          100,
          46,
          20,
          1,
          19,
          8,
          48,
          24,
          59,
          51,
          58,
          69,
          65
        ],
        "total_demand": 436,
        "total_distance": 230.72609870423383
      },
      {
        "vehicle_id": 2,
        "customer_sequence": [
          95,
          96,
          34,
          82,
          26,
          38,
          35,
          55,
          49,
          77,
          78,
          44,
          63,
          45,
          43,
          52,
          75,
          60,
          57,
          125,
          2,
          18,
          5,
          89,
          91
        ],
        "total_demand": 435,
        "total_distance": 251.68321815987605
      },
      {
        "vehicle_id": 3,
        "customer_sequence": [
          81,
          39,
          25,
          68,
          113,
          108,
          104,
          114,
          107,
          124,
          123,
          71,
          61,
          42,
          73,
          16,
          54,
          72,
          70,
          53,
          62,
          80,
          41,
          47,
          30,
          84,
          17,
          10,
          122,
          9,
          7
        ],
        "total_demand": 437,
        "total_distance": 356.7571152152482
      },
      {
        "vehicle_id": 4,
        "customer_sequence": [
          119,
          106,
          112,
          21,
          11,
          6,
          13,
          12,
          40,
          3,
          36,
          14,
          116,
          118,
          4,
          93,
          15,
          120,
          110,
          105,
          111
        ],
        "total_demand": 268,
        "total_distance": 352.6284595235059
      }
    ],
    "total_cost": 1240.451621323213,
    "computation_time": 0.0,
    "is_valid": true,
    "convergence_history": null
  }
}