{
  "instance_id": "synthetic_140c_490q_random_s1447092322",
  "instance_name": "Synthetic Random",
  "instance_size": 140,
  "configuration": "drl_expert_ga",
  "agent_used": "expert",
  "replicate": 3,
  "seed": 1789698274,
  "initial_cost": 2313.4403818848386,
  "final_cost": 1806.2469825460316,
  "improvement_gap": 21.923772201364415,
  "total_time": 331.3736665248871,
  "initialization_time": 310.83061933517456,
  "evolution_time": 20.543047189712524,
  "generations_run": 100,
  "generations_to_convergence": null,
  "convergence_history": [
    2313.4403818848386,
    2313.4403818848386,
    2313.4403818848386,
    2313.4403818848386,
    2313.4403818848386,
    2313.4403818848386,
    2313.4403818848386,
    2313.4403818848386,
    2305.019478102376,
    2252.274503065988,
    2252.274503065988,
    2230.317840427176,
    2203.703280205014,
    2203.4057980558255,
    2166.894558935418,
    2144.9378962966066,
    2144.9378962966066,
    2134.2383611317564,
    2134.2383611317564,
    2134.2383611317564,
    2125.907150731533,
    2125.907150731533,
    2125.907150731533,
    2118.1091344264964,
    2118.1091344264964,
    2103.166982630868,
    2103.166982630868,
    2103.166982630868,
    2077.8843241253207,
    2077.8843241253207,
    2077.8843241253207,
    2077.58568536222,
    2077.58568536222,
    2070.763918267308,
    2048.718174218167,
    2048.718174218167,
    2041.597768360154,
    2041.597768360154,
    2041.597768360154,
    2041.597768360154,
    2039.4429058864098,
    2039.4429058864098,
    2031.4529005261838,
    2031.4529005261838,
    1993.1806443323876,
    1993.1806443323876,
    1952.6408724695484,
    1952.6408724695484,
    1952.1629017486794,
    1952.1629017486794,
    1945.0424958906665,
    1860.8716181530958,
    1860.8716181530958,
    1860.8716181530958,
    1853.751212295083,
    1853.751212295083,
    1853.751212295083,
    1853.751212295083,
    1853.751212295083,
    1853.751212295083,
    1853.751212295083,
    1851.23234734876,
    1850.4259654053185,
    1850.4259654053185,
    1850.4259654053185,
    1850.4259654053185,
    1850.4259654053185,
    1835.5883621833061,
    1835.5883621833061,
    1835.5883621833061,
    1835.5883621833061,
    1835.5883621833061,
    1835.5883621833061,
    1835.5883621833061,
    1835.5883621833061,
    1835.5883621833061,
    1835.5883621833061,
    1835.5883621833061,
    1835.5883621833061,
    1821.2997497334577,
    1821.2997497334577,
    1819.6679677938212,
    1819.6679677938212,
    1818.7582140620927,
    1818.2873840092218,
    1817.1264321224562,
    1816.6556020695853,
    1816.6556020695853,
    1816.4390461604496,
    1816.4390461604496,
    1816.4390461604496,
    1816.4390461604496,
    1816.4390461604496,
    1816.4390461604496,
    1816.4390461604496,
    1816.4390461604496,
    1816.4390461604496,
    1816.4390461604496,
    1806.2469825460316,
    1806.2469825460316,
    1806.2469825460316
  ],
  "best_solution": {
    "id": "ga_gen0_5084",
    "instance_id": "synthetic_140c_490q_random_s1447092322",
    "algorithm": "drl_expert_ga",
    "routes": [
      {
        "vehicle_id": 0,
        "customer_sequence": [
          32,
          113,
          139,
          128,
          26,
          13,
          132,
          133,
          40,
          25,
          84,
          71,
          35,
          39,
          106,
          91,
          104,
          105,
          121,
          66,
          102,
          97,
          119,
          9
        ],
        "total_demand": 486,
        "total_distance": 377.3132100235782
      },
      {
        "vehicle_id": 1,
        "customer_sequence": [
          100,
          67,
          137,
          130,
          74,
          92,
          78,
          1,
          62,
          46,
          72,
          27,
          127,
          80,
          36,
          56,
          86,
          31,
          55,
          76,
          94,
          45,
          54,
          44,
          103,
          129,
          24
        ],
        "total_demand": 467,
        "total_distance": 308.3406266179789
      },
      {
        "vehicle_id": 2,
        "customer_sequence": [
          98,
          109,
          21,
          18,
          77,
          16,
          59,
          3,
          22,
          28,
          70,
          114,
          20,
          68,
          48,
          93,
          117,
          69,
          134,
          79,
          108,
          116
        ],
        "total_demand": 479,
        "total_distance": 421.41582806867706
      },
      {
        "vehicle_id": 3,
        "customer_sequence": [
          12,
          65,
          50,
          73,
          120,
          99,
          58,
          2,
          115,
          140,
          135,
          15,
          122,
          47,
          61,
          42,
          33,
          17,
          82,
          7,
          57,
          101,
          136,
          8,
          51,
          131
        ],
        "total_demand": 480,
        "total_distance": 391.7887055272528
      },
      {
        "vehicle_id": 4,
        "customer_sequence": [
          107,
          124,
          75,
          14,
          87,
          83,
          126,
          125,
          63,
          85,
          89,
          38,
          96,
          23,
          30,
          49,
          81,
          19,
          11,
          90,
          111,
          5,
          4,
          88,
          37,
          138,
          53,
          60,
          64,
          112,
          41,
          34,
          43,
          52
        ],
        "total_demand": 490,
        "total_distance": 623.7197089757982
      },
      {
        "vehicle_id": 5,
        "customer_sequence": [
          6,
          95,
          118,
          10,
          123,
          29,
          110
        ],
        "total_demand": 94,
        "total_distance": 158.82948617516297
      }
    ],
    "total_cost": 1806.2469825460316,
    "computation_time": 0.0,
    "is_valid": true,
    "convergence_history": null
  }
}