{
  "instance_id": "synthetic_60c_300q_random_s912583937",
  "instance_name": "Synthetic Random",
  "instance_size": 60,
  "configuration": "drl_expert_ga",
  "agent_used": "expert",
  "replicate": 3,
  "seed": 539182544,
  "initial_cost": 1296.5766746321797,
  "final_cost": 916.3030146650433,
  "improvement_gap": 29.329052990638953,
  "total_time": 72.39341711997986,
  "initialization_time": 67.81048822402954,
  "evolution_time": 4.582928895950317,
  "generations_run": 100,
  "generations_to_convergence": null,
  "convergence_history": [
    1296.5766746321797,
    1269.2350218909924,
    1269.2350218909924,
    1269.2350218909924,
    1269.2350218909924,
    1269.2350218909924,
    1269.2350218909924,
    1269.2350218909924,
    1245.3394468781657,
    1245.3394468781657,
    1245.3394468781657,
    1235.5655385348537,
    1235.55343011204,
    1235.55343011204,
    1231.0272034200511,
    1231.0150949972374,
    1220.809566454781,
    1216.636176827189,
    1216.636176827189,
    1216.636176827189,
    1208.2226629329962,
    1208.2226629329962,
    1208.2226629329962,
    1183.5317489559102,
    1183.5317489559102,
    1183.5317489559102,
    1172.3095659069681,
    1166.9776637743455,
    1166.9776637743455,
    1166.9776637743455,
    1166.9776637743455,
    1166.9776637743455,
    1155.3208307897103,
    1155.3208307897103,
    1155.3208307897103,
    1144.0986477407685,
    1144.0986477407685,
    1140.8531503293573,
    1140.8531503293573,
    1140.8531503293573,
    1106.2193508773016,
    1096.6951687111352,
    1096.6948195569769,
    1058.81552269351,
    1058.81552269351,
    1058.81552269351,
    1055.1859847642418,
    1049.0717194380195,
    1045.442181508751,
    1045.442181508751,
    1045.442181508751,
    1044.7895951983608,
    1038.650267164173,
    1038.650267164173,
    1038.650267164173,
    1034.574095521708,
    1033.2322749958826,
    1033.2322749958826,
    1029.8086896638076,
    1029.8086896638076,
    998.9420487836549,
    998.9420487836549,
    998.9420487836549,
    998.9420487836549,
    998.9420487836549,
    998.9420487836549,
    998.9420487836549,
    998.9420487836549,
    998.9420487836549,
    998.9420487836549,
    998.9420487836549,
    998.9420487836549,
    998.9420487836549,
    976.2857197601437,
    976.2857197601437,
    976.2857197601437,
    972.57750732882,
    972.57750732882,
    958.2461232011087,
    958.2461232011087,
    958.2461232011087,
    952.4956197516472,
    952.4956197516472,
    952.4956197516472,
    952.4956197516472,
    952.4956197516472,
    952.4956197516472,
    949.3915074911142,
    949.3915074911142,
    947.6180644846163,
    944.5139522240834,
    944.5139522240834,
    916.3030146650433,
    916.3030146650433,
    916.3030146650433,
    916.3030146650433,
    916.3030146650433,
    916.3030146650433,
    916.3030146650433,
    916.3030146650433,
    916.3030146650433
  ],
  "best_solution": {
    "id": "ga_gen0_7310",
    "instance_id": "synthetic_60c_300q_random_s912583937",
    "algorithm": "drl_expert_ga",
    "routes": [
      {
        "vehicle_id": 0,
        "customer_sequence": [
          31,
          58,
          45,
          2,
          60,
          16,
          9,
          32,
          38,
          30,
          11,
          51,
          4
        ],
        "total_demand": 298,
        "total_distance": 217.19822709352985
      },
      {
        "vehicle_id": 1,
        "customer_sequence": [
          35,
          33,
          17,
          1,
          54,
          15,
          26,
          29,
          47,
          21,
          57,
          34,
          44,
          20,
          42
        ],
        "total_demand": 296,
        "total_distance": 264.9304089786868
      },
      {
        "vehicle_id": 2,
        "customer_sequence": [
          56,
          40,
          46,
          50,
          27,
          43,
          39,
          18,
          6,
          5,
          13,
          36,
          28,
          7,
          53,
          10,
          23,
          3
        ],
        "total_demand": 294,
        "total_distance": 351.1570085052059
      },
      {
        "vehicle_id": 3,
        "customer_sequence": [
          41,
          55,
          25,
          48,
          59,
          52,
          14,
          19,
          22,
          8,
          12,
          49,
          24,
          37
        ],
        "total_demand": 196,
        "total_distance": 399.58544745219814
      }
    ],
    "total_cost": 916.3030146650433,
    "computation_time": 0.0,
    "is_valid": true,
    "convergence_history": null
  }
}