{
  "instance_id": "synthetic_110c_481q_clustered6_s1158569504",
  "instance_name": "Synthetic Clustered",
  "instance_size": 110,
  "configuration": "drl_expert_ga",
  "agent_used": "expert",
  "replicate": 3,
  "seed": 1646459294,
  "initial_cost": 1371.6671039257758,
  "final_cost": 1134.6616330348518,
  "improvement_gap": 17.27864364557575,
  "total_time": 215.22353720664978,
  "initialization_time": 202.45619320869446,
  "evolution_time": 12.767343997955322,
  "generations_run": 100,
  "generations_to_convergence": null,
  "convergence_history": [
    1371.6671039257758,
    1371.6671039257758,
    1371.6671039257758,
    1371.6671039257758,
    1371.6671039257758,
    1337.3010220745264,
    1337.3010220745264,
    1337.3010220745264,
    1337.3010220745264,
    1335.4279223100036,
    1326.0779105511563,
    1326.0779105511563,
    1320.7786503036427,
    1320.5807087818928,
    1320.1139309475145,
    1316.0907409216932,
    1316.0907409216932,
    1293.8075829297352,
    1293.8075829297352,
    1289.3176150695356,
    1289.3176150695356,
    1289.3176150695356,
    1286.3511780290373,
    1277.4674688564664,
    1277.4674688564664,
    1277.4674688564664,
    1276.8706366001384,
    1274.401873561519,
    1274.401873561519,
    1266.9474701266108,
    1266.9474701266108,
    1266.9474701266108,
    1264.4117641136704,
    1264.4117641136704,
    1253.7118898832023,
    1253.7118898832023,
    1251.1133681677138,
    1250.6960121026418,
    1246.3622829278174,
    1242.6380364072081,
    1239.6221586266477,
    1235.2884294518233,
    1235.2884294518233,
    1233.589329418492,
    1233.589329418492,
    1233.589329418492,
    1233.3350010312258,
    1224.5660022219572,
    1224.5660022219572,
    1218.383961829079,
    1218.383961829079,
    1178.0019832725416,
    1178.0019832725416,
    1165.004835456233,
    1165.004835456233,
    1165.004835456233,
    1165.004835456233,
    1163.1131699659165,
    1163.1131699659165,
    1163.1131699659165,
    1162.3812230800468,
    1156.6196138334508,
    1156.6196138334508,
    1156.6196138334508,
    1156.6152525538705,
    1156.6152525538705,
    1156.6152525538705,
    1156.6152525538705,
    1151.5140857585702,
    1151.5140857585702,
    1151.5140857585702,
    1151.5140857585702,
    1151.5140857585702,
    1151.5140857585702,
    1148.7005019202559,
    1148.7005019202559,
    1138.2534882102434,
    1138.2534882102434,
    1134.8905084512314,
    1134.8905084512314,
    1134.7962497381511,
    1134.7962497381511,
    1134.7962497381511,
    1134.7962497381511,
    1134.7962497381511,
    1134.7962497381511,
    1134.7962497381511,
    1134.7962497381511,
    1134.7962497381511,
    1134.7962497381511,
    1134.7962497381511,
    1134.7962497381511,
    1134.7962497381511,
    1134.7962497381511,
    1134.7962497381511,
    1134.6616330348518,
    1134.6616330348518,
    1134.6616330348518,
    1134.6616330348518,
    1134.6616330348518,
    1134.6616330348518
  ],
  "best_solution": {
    "id": "ga_gen0_2120",
    "instance_id": "synthetic_110c_481q_clustered6_s1158569504",
    "algorithm": "drl_expert_ga",
    "routes": [
      {
        "vehicle_id": 0,
        "customer_sequence": [
          77,
          102,
          99,
          105,
          107,
          95,
          80,
          81,
          96,
          10,
          53,
          66,
          23,
          9,
          55,
          25,
          84,
          19,
          88,
          79,
          91,
          109
        ],
        "total_demand": 478,
        "total_distance": 403.34243960159483
      },
      {
        "vehicle_id": 1,
        "customer_sequence": [
          26,
          33,
          57,
          14,
          7,
          8,
          97,
          32,
          37,
          22,
          75,
          82,
          74,
          94,
          103,
          100,
          106,
          104,
          92,
          108,
          73,
          85,
          93,
          110,
          98,
          101
        ],
        "total_demand": 481,
        "total_distance": 324.81879214437663
      },
      {
        "vehicle_id": 2,
        "customer_sequence": [
          71,
          68,
          63,
          59,
          5,
          40,
          49,
          6,
          27,
          56,
          58,
          62,
          87,
          78,
          44,
          60,
          42,
          64,
          11,
          67,
          69,
          4,
          50,
          39
        ],
        "total_demand": 481,
        "total_distance": 207.45658253164223
      },
      {
        "vehicle_id": 3,
        "customer_sequence": [
          83,
          43,
          18,
          17,
          2,
          46,
          13,
          1,
          36,
          72,
          34,
          89,
          35,
          61,
          28,
          30,
          31,
          70,
          12,
          3,
          51,
          41,
          15,
          38,
          45,
          52,
          47,
          16,
          76,
          90,
          54,
          48,
          65,
          29,
          20,
          21
        ],
        "total_demand": 478,
        "total_distance": 406.77756442544205
      },
      {
        "vehicle_id": 4,
        "customer_sequence": [
          24,
          86
        ],
        "total_demand": 17,
        "total_distance": 92.4445212039889
      }
    ],
    "total_cost": 1134.6616330348518,
    "computation_time": 0.0,
    "is_valid": true,
    "convergence_history": null
  }
}