{
  "instance_id": "synthetic_150c_525q_clustered6_s1716751590",
  "instance_name": "Synthetic Clustered",
  "instance_size": 150,
  "configuration": "drl_expert_ga",
  "agent_used": "expert",
  "replicate": 3,
  "seed": 1422587964,
  "initial_cost": 1978.1362211570884,
  "final_cost": 1746.11045786583,
  "improvement_gap": 11.72951391363419,
  "total_time": 385.7956259250641,
  "initialization_time": 361.6226954460144,
  "evolution_time": 24.172930479049683,
  "generations_run": 100,
  "generations_to_convergence": null,
  "convergence_history": [
    1978.1362211570884,
    1978.1362211570884,
    1978.1362211570884,
    1978.1362211570884,
    1978.1362211570884,
    1978.1362211570884,
    1969.265418442935,
    1969.265418442935,
    1968.7780689512554,
    1959.907266237102,
    1959.907266237102,
    1959.907266237102,
    1959.907266237102,
    1929.1359682398818,
    1929.1359682398818,
    1927.365871840682,
    1927.365871840682,
    1927.365871840682,
    1927.365871840682,
    1927.365871840682,
    1913.7068397777832,
    1913.7068397777832,
    1913.7068397777832,
    1913.7068397777832,
    1913.7068397777832,
    1913.7068397777832,
    1913.7068397777832,
    1913.7068397777832,
    1913.676862261672,
    1907.0329629576938,
    1904.5760253024016,
    1897.9021484823122,
    1881.1131910710358,
    1881.1131910710358,
    1881.1131910710358,
    1881.1131910710358,
    1861.623714890694,
    1861.623714890694,
    1854.7670676812781,
    1854.7670676812781,
    1843.2599769473768,
    1843.2599769473768,
    1843.2599769473768,
    1839.1307640482178,
    1839.1307640482178,
    1839.1307640482178,
    1836.4848424553256,
    1836.4848424553256,
    1836.2580733871996,
    1831.7764873044566,
    1831.7764873044566,
    1831.7764873044566,
    1831.5497182363306,
    1831.5497182363306,
    1831.5497182363306,
    1830.0010131587678,
    1830.0010131587678,
    1826.0893229241533,
    1826.0893229241533,
    1826.0893229241533,
    1826.0893229241533,
    1826.0893229241533,
    1781.9503017551087,
    1781.9503017551087,
    1781.9503017551087,
    1780.5466087342497,
    1780.5466087342497,
    1780.5466087342497,
    1780.5466087342497,
    1780.5466087342497,
    1780.5466087342497,
    1777.2668634791758,
    1777.2668634791758,
    1777.2668634791758,
    1777.2668634791758,
    1777.2668634791758,
    1777.2668634791758,
    1769.3446074901185,
    1769.3446074901185,
    1769.3446074901185,
    1769.3446074901185,
    1769.3446074901185,
    1769.3446074901185,
    1769.3446074901185,
    1769.3446074901185,
    1769.3446074901185,
    1769.3446074901185,
    1769.3446074901185,
    1769.3446074901185,
    1769.3446074901185,
    1769.3446074901185,
    1769.1722528933556,
    1769.1722528933556,
    1769.1722528933556,
    1769.1722528933556,
    1769.1722528933556,
    1751.877733732637,
    1751.877733732637,
    1747.6753292410199,
    1746.11045786583,
    1746.11045786583
  ],
  "best_solution": {
    "id": "ga_gen0_9426",
    "instance_id": "synthetic_150c_525q_clustered6_s1716751590",
    "algorithm": "drl_expert_ga",
    "routes": [
      {
        "vehicle_id": 0,
        "customer_sequence": [
          110,
          91,
          95,
          92,
          84,
          88,
          18,
          81,
          98,
          2,
          87,
          85,
          7,
          46,
          124,
          70,
          112,
          122,
          67,
          105,
          68,
          51
        ],
        "total_demand": 525,
        "total_distance": 173.42878755682443
      },
      {
        "vehicle_id": 1,
        "customer_sequence": [
          49,
          43,
          45,
          27,
          29,
          47,
          36,
          86,
          97,
          150,
          130,
          100,
          20,
          12,
          10,
          6,
          3,
          34,
          31,
          118,
          35,
          48,
          119,
          116,
          25,
          8,
          24,
          93
        ],
        "total_demand": 524,
        "total_distance": 434.28190004620416
      },
      {
        "vehicle_id": 2,
        "customer_sequence": [
          114,
          72,
          117,
          60,
          103,
          75,
          54,
          108,
          106,
          44,
          41,
          71,
          61,
          65,
          134,
          107,
          52,
          104,
          125,
          138,
          73,
          63,
          58,
          69,
          57,
          53
        ],
        "total_demand": 524,
        "total_distance": 301.88570042210586
      },
      {
        "vehicle_id": 3,
        "customer_sequence": [
          109,
          142,
          89,
          82,
          77,
          14,
          96,
          115,
          80,
          111,
          66,
          123,
          56,
          62,
          42,
          38,
          40,
          94,
          11,
          76,
          5,
          13,
          1,
          39,
          33,
          50,
          28,
          21,
          79,
          22,
          19,
          16,
          17,
          144,
          146
        ],
        "total_demand": 523,
        "total_distance": 512.3520678798881
      },
      {
        "vehicle_id": 4,
        "customer_sequence": [
          83,
          141,
          99,
          59,
          64,
          74,
          137,
          127,
          135,
          149,
          131,
          132,
          140,
          136,
          128,
          133,
          148,
          120,
          147,
          113,
          15,
          9,
          37,
          32,
          23,
          30,
          102,
          101,
          78,
          143,
          4,
          90
        ],
        "total_demand": 523,
        "total_distance": 452.20362676781457
      },
      {
        "vehicle_id": 5,
        "customer_sequence": [
          129,
          145,
          126,
          139,
          26,
          121,
          55
        ],
        "total_demand": 71,
        "total_distance": 178.508303991953
      }
    ],
    "total_cost": 1746.11045786583,
    "computation_time": 0.0,
    "is_valid": true,
    "convergence_history": null
  }
}