{
  "instance_id": "synthetic_30c_90q_clustered4_s83732290",
  "instance_name": "Synthetic Clustered",
  "instance_size": 30,
  "configuration": "drl_expert_ga",
  "agent_used": "expert",
  "replicate": 1,
  "seed": 533034434,
  "initial_cost": 464.1857196403875,
  "final_cost": 308.2155866761929,
  "improvement_gap": 33.60080380866247,
  "total_time": 21.625187158584595,
  "initialization_time": 20.55913519859314,
  "evolution_time": 1.066051959991455,
  "generations_run": 100,
  "generations_to_convergence": 28,
  "convergence_history": [
    464.1857196403875,
    443.08575362835666,
    443.08575362835666,
    432.326625261721,
    432.326625261721,
    424.64037050292535,
    415.7751353765469,
    406.6732547670023,
    406.6732547670023,
    396.90520265026737,
    389.4679788086459,
    360.86420116632854,
    349.33993690635276,
    349.33993690635276,
    349.33993690635276,
    348.0710093675895,
    347.2817795705215,
    337.0422288934454,
    337.0422288934454,
    329.71681659434404,
    324.4458442899318,
    324.4458442899318,
    324.4458442899318,
    322.38768695410056,
    319.93322985708335,
    319.12053347003285,
    319.12053347003285,
    319.12053347003285,
    308.2155866761929,
    308.2155866761929,
    308.2155866761929,
    308.2155866761929,
    308.2155866761929,
    308.2155866761929,
    308.2155866761929,
    308.2155866761929,
    308.2155866761929,
    308.2155866761929,
    308.2155866761929,
    308.2155866761929,
    308.2155866761929,
    308.2155866761929,
    308.2155866761929,
    308.2155866761929,
    308.2155866761929,
    308.2155866761929,
    308.2155866761929,
    308.2155866761929,
    308.2155866761929,
    308.2155866761929,
    308.2155866761929,
    308.2155866761929,
    308.2155866761929,
    308.2155866761929,
    308.2155866761929,
    308.2155866761929,
    308.2155866761929,
    308.2155866761929,
    308.2155866761929,
    308.2155866761929,
    308.2155866761929,
    308.2155866761929,
    308.2155866761929,
    308.2155866761929,
    308.2155866761929,
    308.2155866761929,
    308.2155866761929,
    308.2155866761929,
    308.2155866761929,
    308.2155866761929,
    308.2155866761929,
    308.2155866761929,
    308.2155866761929,
    308.2155866761929,
    308.2155866761929,
    308.2155866761929,
    308.2155866761929,
    308.2155866761929,
    308.2155866761929,
    308.2155866761929,
    308.2155866761929,
    308.2155866761929,
    308.2155866761929,
    308.2155866761929,
    308.2155866761929,
    308.2155866761929,
    308.2155866761929,
    308.2155866761929,
    308.2155866761929,
    308.2155866761929,
    308.2155866761929,
    308.2155866761929,
    308.2155866761929,
    308.2155866761929,
    308.2155866761929,
    308.2155866761929,
    308.2155866761929,
    308.2155866761929,
    308.2155866761929,
    308.2155866761929,
    308.2155866761929
  ],
  "best_solution": {
    "id": "ga_gen0_6304",
    "instance_id": "synthetic_30c_90q_clustered4_s83732290",
    "algorithm": "drl_expert_ga",
    "routes": [
      {
        "vehicle_id": 0,
        "customer_sequence": [
          22,
          11,
          16,
          21
        ],
        "total_demand": 81,
        "total_distance": 53.13218591788906
      },
      {
        "vehicle_id": 1,
        "customer_sequence": [
          3,
          12,
          27,
          24
        ],
        "total_demand": 72,
        "total_distance": 72.86028758390252
      },
      {
        "vehicle_id": 2,
        "customer_sequence": [
          8,
          10,
          6,
          7
        ],
        "total_demand": 76,
        "total_distance": 69.70108903425572
      },
      {
        "vehicle_id": 3,
        "customer_sequence": [
          23,
          13,
          29,
          28,
          30
        ],
        "total_demand": 81,
        "total_distance": 122.41572926255992
      },
      {
        "vehicle_id": 4,
        "customer_sequence": [
          19,
          25,
          20
        ],
        "total_demand": 76,
        "total_distance": 53.707709473833674
      },
      {
        "vehicle_id": 5,
        "customer_sequence": [
          9,
          14,
          15,
          18,
          17
        ],
        "total_demand": 87,
        "total_distance": 111.01372554304919
      },
      {
        "vehicle_id": 6,
        "customer_sequence": [
          1,
          5,
          2,
          26,
          4
        ],
        "total_demand": 61,
        "total_distance": 107.58391359627558
      }
    ],
    "total_cost": 308.2155866761929,
    "computation_time": 0.0,
    "is_valid": true,
    "convergence_history": null
  }
}