{
  "instance_id": "synthetic_100c_300q_clustered5_s2030798714",
  "instance_name": "Synthetic Clustered",
  "instance_size": 100,
  "configuration": "drl_expert_ga",
  "agent_used": "expert",
  "replicate": 1,
  "seed": 1152814299,
  "initial_cost": 1199.012486748155,
  "final_cost": 939.46617502871,
  "improvement_gap": 21.646672956956536,
  "total_time": 178.321462392807,
  "initialization_time": 167.79510116577148,
  "evolution_time": 10.526361227035522,
  "generations_run": 100,
  "generations_to_convergence": null,
  "convergence_history": [
    1199.012486748155,
    1196.4435214772764,
    1196.4435214772764,
    1196.4435214772764,
    1194.6580568625573,
    1194.6580568625573,
    1113.2334713638961,
    1102.6021286243747,
    1102.6021286243747,
    1102.6021286243747,
    1086.673467223206,
    1086.673467223206,
    1084.1127214672008,
    1071.7499260892262,
    1071.7499260892262,
    1071.7499260892262,
    1064.5071764227027,
    1064.5071764227027,
    1059.6671593071885,
    1059.6671593071885,
    1050.5069955869756,
    1050.5069955869756,
    1050.5069955869756,
    1050.5069955869756,
    1048.6023938938433,
    1048.6023938938433,
    1046.1046666383895,
    1046.1046666383895,
    1044.2000649452573,
    1044.2000649452573,
    1044.2000649452573,
    1043.9859520804648,
    1043.9859520804648,
    1042.295438123336,
    1042.295438123336,
    1041.8673863791796,
    1034.034741503649,
    1034.034741503649,
    1034.034741503649,
    1031.7020629375716,
    1031.4879500727793,
    1024.051907613269,
    1024.051907613269,
    1023.8377947484767,
    1022.1472807913478,
    1021.9331679265556,
    1003.1645457265206,
    1001.2599189045995,
    1001.2599189045995,
    1001.2599189045995,
    1001.2599189045995,
    1001.2599189045995,
    999.3348567951899,
    999.3348567951899,
    999.3348567951899,
    999.3348567951899,
    999.3348567951899,
    999.3348567951899,
    997.505407149018,
    997.505407149018,
    996.4840294989455,
    996.358090386974,
    994.6545798527736,
    982.8551485706181,
    982.8551485706181,
    981.0256989244463,
    977.4008866963302,
    977.1436539876069,
    975.1712513644975,
    973.0491754581495,
    969.4243632300336,
    969.4243632300336,
    967.1947278982009,
    967.1947278982009,
    965.8638371645449,
    965.8638371645449,
    957.9796491825775,
    957.9796491825775,
    956.6487584489215,
    946.4704127530055,
    946.4704127530055,
    946.4704127530055,
    946.4704127530055,
    946.4704127530055,
    946.4704127530055,
    946.4704127530055,
    946.4704127530055,
    946.4704127530055,
    946.4704127530055,
    946.4704127530055,
    946.4704127530055,
    945.3230959909614,
    942.3989564054733,
    942.3989564054733,
    942.3989564054733,
    942.3989564054733,
    940.6134917907541,
    940.6134917907541,
    940.6134917907541,
    939.46617502871,
    939.46617502871
  ],
  "best_solution": {
    "id": "ga_gen0_8440",
    "instance_id": "synthetic_100c_300q_clustered5_s2030798714",
    "algorithm": "drl_expert_ga",
    "routes": [
      {
        "vehicle_id": 0,
        "customer_sequence": [
          70,
          77,
          79,
          60,
          71,
          48,
          98,
          92,
          100,
          87,
          85,
          81,
          41
        ],
        "total_demand": 299,
        "total_distance": 129.79384499999597
      },
      {
        "vehicle_id": 1,
        "customer_sequence": [
          32,
          68,
          4,
          65,
          76,
          16,
          19,
          5,
          97,
          43,
          54,
          83,
          96
        ],
        "total_demand": 298,
        "total_distance": 184.20058244358765
      },
      {
        "vehicle_id": 2,
        "customer_sequence": [
          36,
          23,
          49,
          37,
          59,
          52,
          38,
          57,
          27,
          13,
          25,
          35,
          29,
          34
        ],
        "total_demand": 297,
        "total_distance": 120.82931442417924
      },
      {
        "vehicle_id": 3,
        "customer_sequence": [
          69,
          94,
          88,
          82,
          53,
          51,
          47,
          58,
          40,
          55,
          46,
          56,
          44,
          99,
          84,
          73
        ],
        "total_demand": 294,
        "total_distance": 192.5527398972248
      },
      {
        "vehicle_id": 4,
        "customer_sequence": [
          10,
          2,
          3,
          7,
          17,
          12,
          11,
          9,
          1,
          15,
          80,
          74,
          75,
          63,
          66,
          64,
          33,
          39,
          42,
          95,
          90
        ],
        "total_demand": 284,
        "total_distance": 278.608737903985
      },
      {
        "vehicle_id": 5,
        "customer_sequence": [
          62,
          78,
          72,
          67,
          50,
          45,
          91,
          89,
          93,
          86,
          61,
          21,
          31,
          26,
          24,
          22,
          30,
          28,
          14,
          6,
          20,
          18,
          8
        ],
        "total_demand": 261,
        "total_distance": 312.82579492242525
      }
    ],
    "total_cost": 939.46617502871,
    "computation_time": 0.0,
    "is_valid": true,
    "convergence_history": null
  }
}