{
  "instance_id": "synthetic_50c_150q_random_s59596092",
  "instance_name": "Synthetic Random",
  "instance_size": 50,
  "configuration": "drl_expert_ga",
  "agent_used": "expert",
  "replicate": 4,
  "seed": 631028357,
  "initial_cost": 1084.9281776441906,
  "final_cost": 811.800877620545,
  "improvement_gap": 25.17468950034216,
  "total_time": 50.42724347114563,
  "initialization_time": 48.32094407081604,
  "evolution_time": 2.10629940032959,
  "generations_run": 100,
  "generations_to_convergence": 77,
  "convergence_history": [
    1084.9281776441906,
    1084.9281776441906,
    1051.770157083386,
    1051.770157083386,
    1051.770157083386,
    1051.237723696347,
    974.4268521081286,
    974.4268521081286,
    974.4268521081286,
    956.8242486931068,
    955.2784227560022,
    949.594537633342,
    947.9302662539346,
    947.9302662539346,
    946.38444031683,
    946.38444031683,
    940.7005551941699,
    940.7005551941699,
    940.168121807131,
    937.2151812557728,
    936.6827478687339,
    936.6827478687339,
    935.8713793240627,
    935.8713793240627,
    930.7237701635752,
    930.7237701635752,
    899.5281995731132,
    899.5281995731132,
    899.5281995731132,
    875.1121555694338,
    875.1121555694338,
    875.1121555694338,
    861.5553424062964,
    854.0263082511153,
    851.8252255404033,
    850.4298654978218,
    850.4298654978218,
    850.4298654978218,
    850.4298654978218,
    850.4298654978218,
    850.4298654978218,
    842.9008313426407,
    842.9008313426407,
    842.9008313426407,
    842.9008313426407,
    842.9008313426407,
    842.9008313426407,
    842.9008313426407,
    842.9008313426407,
    842.9008313426407,
    842.9008313426407,
    842.9008313426407,
    842.9008313426407,
    842.9008313426407,
    842.9008313426407,
    842.9008313426407,
    842.9008313426407,
    842.9008313426407,
    842.8118407052493,
    832.7404694420904,
    832.7404694420904,
    832.7404694420904,
    832.7404694420904,
    832.7404694420904,
    823.5977587722841,
    823.5977587722841,
    823.5977587722841,
    823.4911032482828,
    816.8419824052523,
    816.8419824052523,
    816.7353268812509,
    816.7353268812509,
    816.7353268812509,
    816.7353268812509,
    816.7353268812509,
    816.7353268812509,
    816.7353268812509,
    811.800877620545,
    811.800877620545,
    811.800877620545,
    811.800877620545,
    811.800877620545,
    811.800877620545,
    811.800877620545,
    811.800877620545,
    811.800877620545,
    811.800877620545,
    811.800877620545,
    811.800877620545,
    811.800877620545,
    811.800877620545,
    811.800877620545,
    811.800877620545,
    811.800877620545,
    811.800877620545,
    811.800877620545,
    811.800877620545,
    811.800877620545,
    811.800877620545,
    811.800877620545,
    811.800877620545
  ],
  "best_solution": {
    "id": "ga_gen0_8212",
    "instance_id": "synthetic_50c_150q_random_s59596092",
    "algorithm": "drl_expert_ga",
    "routes": [
      {
        "vehicle_id": 0,
        "customer_sequence": [
          42,
          32,
          47,
          5,
          2,
          25
        ],
        "total_demand": 150,
        "total_distance": 154.3374347289737
      },
      {
        "vehicle_id": 1,
        "customer_sequence": [
          48,
          11,
          24,
          30,
          38,
          27,
          20
        ],
        "total_demand": 147,
        "total_distance": 145.0828391105752
      },
      {
        "vehicle_id": 2,
        "customer_sequence": [
          44,
          9,
          19,
          13,
          43,
          40,
          50
        ],
        "total_demand": 149,
        "total_distance": 220.896441780374
      },
      {
        "vehicle_id": 3,
        "customer_sequence": [
          34,
          4,
          45,
          28,
          36,
          8,
          7,
          22,
          35
        ],
        "total_demand": 149,
        "total_distance": 173.9725090858335
      },
      {
        "vehicle_id": 4,
        "customer_sequence": [
          6,
          23,
          29,
          15,
          33,
          14,
          3,
          1,
          39,
          17
        ],
        "total_demand": 147,
        "total_distance": 291.4161263864581
      },
      {
        "vehicle_id": 5,
        "customer_sequence": [
          31,
          41,
          18,
          26,
          46,
          12,
          10,
          16,
          37
        ],
        "total_demand": 130,
        "total_distance": 298.7087287387017
      },
      {
        "vehicle_id": 6,
        "customer_sequence": [
          21,
          49
        ],
        "total_demand": 40,
        "total_distance": 142.85615439082318
      }
    ],
    "total_cost": 811.800877620545,
    "computation_time": 0.0,
    "is_valid": true,
    "convergence_history": null
  }
}