{
  "instance_id": "synthetic_75c_281q_clustered5_s259384487",
  "instance_name": "Synthetic Clustered",
  "instance_size": 75,
  "configuration": "drl_expert_ga",
  "agent_used": "expert",
  "replicate": 3,
  "seed": 1443421035,
  "initial_cost": 889.0441569669663,
  "final_cost": 677.2356590524334,
  "improvement_gap": 23.824294468919486,
  "total_time": 104.48729586601257,
  "initialization_time": 99.82197785377502,
  "evolution_time": 4.665318012237549,
  "generations_run": 100,
  "generations_to_convergence": null,
  "convergence_history": [
    889.0441569669663,
    889.0441569669663,
    889.0441569669663,
    889.0441569669663,
    881.6548141761348,
    881.6548141761348,
    881.6548141761348,
    881.6548141761348,
    873.7148046432101,
    873.7148046432101,
    873.7148046432101,
    873.7148046432101,
    871.5724167627989,
    871.5724167627989,
    871.5724167627989,
    847.5607977155611,
    840.4216288917462,
    840.4216288917462,
    820.1185809287651,
    820.1185809287651,
    820.1185809287651,
    820.1185809287651,
    820.1185809287651,
    815.4354766072358,
    802.9789660401125,
    798.547612606832,
    794.3761256078205,
    794.3761256078205,
    794.3761256078205,
    794.3761256078205,
    792.3937091039793,
    792.3937091039793,
    791.0126717346377,
    791.0126717346377,
    791.0126717346377,
    791.0126717346377,
    791.0126717346377,
    789.8899520928778,
    789.8899520928778,
    789.8899520928778,
    772.5960833715787,
    769.0460736639643,
    769.0460736639643,
    769.0460736639643,
    769.0460736639643,
    769.0460736639643,
    762.5207029044108,
    762.5207029044108,
    761.2392561975273,
    761.2392561975273,
    754.7138854379738,
    754.7138854379738,
    749.8208181288028,
    749.8208181288028,
    749.8208181288028,
    749.1983864755823,
    749.1983864755823,
    749.1983864755823,
    749.1983864755823,
    749.1983864755823,
    749.1983864755823,
    748.5124218268328,
    748.5124218268328,
    748.5124218268328,
    748.5124218268328,
    748.5124218268328,
    738.7097714698268,
    738.7097714698268,
    738.1218337141787,
    738.1218337141787,
    728.3191833571727,
    728.3191833571727,
    728.3191833571727,
    728.3191833571727,
    728.3191833571727,
    728.3191833571727,
    726.1370673169715,
    726.1370673169715,
    726.1370673169715,
    721.3837785709809,
    707.2008527038886,
    707.2008527038886,
    700.9266906055975,
    698.463832321401,
    697.1882336391102,
    697.1882336391102,
    694.7253753549137,
    694.7253753549137,
    692.302300904994,
    689.8394426207974,
    689.8394426207974,
    689.2279308145739,
    686.3936875385521,
    686.3936875385521,
    686.3936875385521,
    686.3936875385521,
    685.1207408672111,
    683.5547368786447,
    680.0746097123408,
    679.996653704734,
    677.2356590524334
  ],
  "best_solution": {
    "id": "ga_gen0_7088",
    "instance_id": "synthetic_75c_281q_clustered5_s259384487",
    "algorithm": "drl_expert_ga",
    "routes": [
      {
        "vehicle_id": 0,
        "customer_sequence": [
          62,
          24,
          75,
          20,
          28,
          13,
          15,
          22,
          11,
          16,
          9
        ],
        "total_demand": 280,
        "total_distance": 114.56789986347857
      },
      {
        "vehicle_id": 1,
        "customer_sequence": [
          64,
          73,
          33,
          35,
          43,
          60,
          42,
          44,
          54,
          51,
          48
        ],
        "total_demand": 280,
        "total_distance": 104.44814858497784
      },
      {
        "vehicle_id": 2,
        "customer_sequence": [
          66,
          5,
          74,
          17,
          21,
          29,
          6,
          19,
          18,
          1,
          26,
          72,
          69,
          71,
          23,
          61,
          67
        ],
        "total_demand": 281,
        "total_distance": 127.1227635857059
      },
      {
        "vehicle_id": 3,
        "customer_sequence": [
          49,
          36,
          55,
          58,
          46,
          56,
          38,
          34,
          57,
          32,
          39,
          47,
          59,
          50,
          40,
          63,
          3,
          4
        ],
        "total_demand": 278,
        "total_distance": 244.3577994381605
      },
      {
        "vehicle_id": 4,
        "customer_sequence": [
          14,
          12,
          10,
          25,
          2,
          30,
          8,
          65,
          70,
          52,
          53,
          31,
          45,
          41,
          37,
          27,
          68,
          7
        ],
        "total_demand": 190,
        "total_distance": 295.9929332718385
      }
    ],
    "total_cost": 677.2356590524334,
    "computation_time": 0.0,
    "is_valid": true,
    "convergence_history": null
  }
}