{
  "instance_id": "synthetic_50c_150q_random_s733385356",
  "instance_name": "Synthetic Random",
  "instance_size": 50,
  "configuration": "drl_expert_ga",
  "agent_used": "expert",
  "replicate": 2,
  "seed": 1297736906,
  "initial_cost": 1008.4549281447013,
  "final_cost": 887.8437920080405,
  "improvement_gap": 11.959992734484858,
  "total_time": 50.59215521812439,
  "initialization_time": 48.33759593963623,
  "evolution_time": 2.254559278488159,
  "generations_run": 100,
  "generations_to_convergence": 59,
  "convergence_history": [
    1008.4549281447013,
    1008.4549281447013,
    1008.4549281447013,
    1008.0159633192009,
    1008.0159633192009,
    1008.0159633192009,
    1007.9099534192804,
    1003.1706647956814,
    1003.1706647956814,
    968.7924334703872,
    968.7924334703872,
    944.3550323519432,
    940.5527353079938,
    940.5527353079938,
    929.1833192364994,
    929.1833192364994,
    925.2015368646038,
    925.2015368646038,
    923.2820037864648,
    923.2820037864648,
    923.2820037864648,
    919.9350976576056,
    919.9350976576056,
    918.3303012566328,
    918.3303012566328,
    915.2490818963805,
    913.5725093052464,
    913.5725093052464,
    913.5725093052464,
    913.5725093052464,
    913.5725093052464,
    909.6583543499955,
    909.6583543499955,
    909.6583543499955,
    909.1646546704012,
    909.1646546704012,
    907.4337556387429,
    907.4337556387429,
    893.2872521861455,
    893.2872521861455,
    893.2872521861455,
    891.6987551002078,
    891.6987551002078,
    891.6987551002078,
    891.6987551002078,
    891.6987551002078,
    891.6987551002078,
    891.6987551002078,
    891.6987551002078,
    891.6987551002078,
    891.6987551002078,
    891.6987551002078,
    891.6987551002078,
    891.6987551002078,
    891.6987551002078,
    891.6987551002078,
    891.6987551002078,
    891.6987551002078,
    891.6987551002078,
    887.8437920080405,
    887.8437920080405,
    887.8437920080405,
    887.8437920080405,
    887.8437920080405,
    887.8437920080405,
    887.8437920080405,
    887.8437920080405,
    887.8437920080405,
    887.8437920080405,
    887.8437920080405,
    887.8437920080405,
    887.8437920080405,
    887.8437920080405,
    887.8437920080405,
    887.8437920080405,
    887.8437920080405,
    887.8437920080405,
    887.8437920080405,
    887.8437920080405,
    887.8437920080405,
    887.8437920080405,
    887.8437920080405,
    887.8437920080405,
    887.8437920080405,
    887.8437920080405,
    887.8437920080405,
    887.8437920080405,
    887.8437920080405,
    887.8437920080405,
    887.8437920080405,
    887.8437920080405,
    887.8437920080405,
    887.8437920080405,
    887.8437920080405,
    887.8437920080405,
    887.8437920080405,
    887.8437920080405,
    887.8437920080405,
    887.8437920080405,
    887.8437920080405,
    887.8437920080405
  ],
  "best_solution": {
    "id": "ga_gen0_6845",
    "instance_id": "synthetic_50c_150q_random_s733385356",
    "algorithm": "drl_expert_ga",
    "routes": [
      {
        "vehicle_id": 0,
        "customer_sequence": [
          23,
          18,
          40,
          13,
          31,
          7,
          2
        ],
        "total_demand": 148,
        "total_distance": 131.7576340790182
      },
      {
        "vehicle_id": 1,
        "customer_sequence": [
          32,
          5,
          22,
          17,
          36,
          6
        ],
        "total_demand": 146,
        "total_distance": 129.55923825989163
      },
      {
        "vehicle_id": 2,
        "customer_sequence": [
          47,
          39,
          44,
          15,
          21,
          33
        ],
        "total_demand": 146,
        "total_distance": 265.98151811185807
      },
      {
        "vehicle_id": 3,
        "customer_sequence": [
          11,
          3,
          28,
          8,
          16,
          50,
          30
        ],
        "total_demand": 146,
        "total_distance": 189.64169905208334
      },
      {
        "vehicle_id": 4,
        "customer_sequence": [
          4,
          41,
          49,
          19,
          20,
          42,
          37,
          38
        ],
        "total_demand": 147,
        "total_distance": 241.183360576444
      },
      {
        "vehicle_id": 5,
        "customer_sequence": [
          34,
          24,
          29,
          46,
          48,
          14,
          35,
          9,
          10,
          27,
          1
        ],
        "total_demand": 149,
        "total_distance": 348.61041526230844
      },
      {
        "vehicle_id": 6,
        "customer_sequence": [
          12,
          25,
          26,
          43,
          45
        ],
        "total_demand": 62,
        "total_distance": 152.36361285341025
      }
    ],
    "total_cost": 887.8437920080405,
    "computation_time": 0.0,
    "is_valid": true,
    "convergence_history": null
  }
}