{
  "instance_id": "synthetic_90c_337q_random_s916952474",
  "instance_name": "Synthetic Random",
  "instance_size": 90,
  "configuration": "drl_expert_ga",
  "agent_used": "expert",
  "replicate": 1,
  "seed": 369385684,
  "initial_cost": 1759.878632618187,
  "final_cost": 1399.9797250489219,
  "improvement_gap": 20.450211787266287,
  "total_time": 146.37778115272522,
  "initialization_time": 137.65441060066223,
  "evolution_time": 8.723370552062988,
  "generations_run": 100,
  "generations_to_convergence": null,
  "convergence_history": [
    1759.878632618187,
    1759.878632618187,
    1676.166602619861,
    1676.166602619861,
    1676.166602619861,
    1676.166602619861,
    1637.81223593998,
    1637.81223593998,
    1637.81223593998,
    1637.81223593998,
    1628.2366302458736,
    1599.5987422178162,
    1599.5987422178162,
    1599.5987422178162,
    1599.5987422178162,
    1590.0231365237098,
    1589.7232145189887,
    1589.7232145189887,
    1588.9613414007551,
    1580.1476088248824,
    1579.5074532669732,
    1579.5074532669732,
    1574.6088055444886,
    1573.9686499865797,
    1573.9686499865797,
    1573.9686499865797,
    1573.9686499865797,
    1573.9686499865797,
    1550.8771474133978,
    1550.8771474133978,
    1543.109220823148,
    1543.109220823148,
    1543.109220823148,
    1538.0728255319623,
    1538.0728255319623,
    1538.0728255319623,
    1530.0132018719514,
    1528.435520690004,
    1528.435520690004,
    1499.1496584627198,
    1499.1496584627198,
    1499.1496584627198,
    1498.8579613929587,
    1498.8579613929587,
    1489.5596714384637,
    1489.5596714384637,
    1489.5596714384637,
    1489.5596714384637,
    1455.1370164455252,
    1455.1370164455252,
    1455.1370164455252,
    1455.1370164455252,
    1453.0904706434653,
    1453.0904706434653,
    1435.7307830475693,
    1435.7307830475693,
    1429.4100171489272,
    1429.4100171489272,
    1425.4895117077822,
    1424.3594429873137,
    1424.3594429873137,
    1420.4389375461687,
    1420.4389375461687,
    1420.4389375461687,
    1420.4389375461687,
    1420.0460056217278,
    1417.9994598196681,
    1417.9994598196681,
    1417.9994598196681,
    1416.846147811128,
    1416.846147811128,
    1416.6348880902979,
    1416.6348880902979,
    1416.4749128499438,
    1415.4301582827984,
    1415.2701830424448,
    1415.2701830424448,
    1415.2701830424448,
    1415.2701830424448,
    1415.2701830424448,
    1415.2701830424448,
    1415.2701830424448,
    1415.2701830424448,
    1411.7049953571086,
    1411.7049953571086,
    1411.7049953571086,
    1411.7049953571086,
    1408.2103501448082,
    1408.2103501448082,
    1408.2103501448082,
    1408.2103501448082,
    1408.2103501448082,
    1408.2103501448082,
    1408.2103501448082,
    1399.9797250489219,
    1399.9797250489219,
    1399.9797250489219,
    1399.9797250489219,
    1399.9797250489219,
    1399.9797250489219,
    1399.9797250489219
  ],
  "best_solution": {
    "id": "ga_gen0_9951",
    "instance_id": "synthetic_90c_337q_random_s916952474",
    "algorithm": "drl_expert_ga",
    "routes": [
      {
        "vehicle_id": 0,
        "customer_sequence": [
          55,
          48,
          36,
          20,
          71,
          24,
          72,
          64,
          51,
          86,
          22,
          84,
          31,
          1,
          90,
          38
        ],
        "total_demand": 321,
        "total_distance": 243.05470495474574
      },
      {
        "vehicle_id": 1,
        "customer_sequence": [
          14,
          83,
          13,
          29,
          87,
          80,
          43,
          82,
          45,
          77,
          23,
          81,
          16,
          50,
          78,
          58
        ],
        "total_demand": 325,
        "total_distance": 225.79224721545395
      },
      {
        "vehicle_id": 2,
        "customer_sequence": [
          4,
          76,
          39,
          65,
          18,
          37,
          61,
          11,
          12,
          21,
          52,
          53,
          63,
          88,
          10,
          41,
          79,
          54,
          62
        ],
        "total_demand": 331,
        "total_distance": 434.87120680493695
      },
      {
        "vehicle_id": 3,
        "customer_sequence": [
          70,
          69,
          46,
          17,
          85,
          35,
          26,
          59,
          56,
          25,
          47,
          57,
          44,
          9,
          32,
          89,
          73,
          6,
          67,
          7,
          27,
          15
        ],
        "total_demand": 331,
        "total_distance": 448.85933970570386
      },
      {
        "vehicle_id": 4,
        "customer_sequence": [
          3,
          28,
          40,
          74,
          49,
          60,
          19,
          75,
          34,
          68,
          30,
          5,
          66,
          33,
          8,
          42,
          2
        ],
        "total_demand": 223,
        "total_distance": 406.64445704877375
      }
    ],
    "total_cost": 1399.9797250489219,
    "computation_time": 0.0,
    "is_valid": true,
    "convergence_history": null
  }
}