{
  "instance_id": "synthetic_110c_481q_random_s598206558",
  "instance_name": "Synthetic Random",
  "instance_size": 110,
  "configuration": "drl_expert_ga",
  "agent_used": "expert",
  "replicate": 4,
  "seed": 337967336,
  "initial_cost": 1997.8260350803337,
  "final_cost": 1546.083506097586,
  "improvement_gap": 22.611704975833035,
  "total_time": 213.48201251029968,
  "initialization_time": 200.53603839874268,
  "evolution_time": 12.945974111557007,
  "generations_run": 100,
  "generations_to_convergence": null,
  "convergence_history": [
    1997.8260350803337,
    1997.8260350803337,
    1997.8260350803337,
    1997.8260350803337,
    1997.8260350803337,
    1997.8260350803337,
    1896.3207493383848,
    1896.3207493383848,
    1890.438997213184,
    1890.438997213184,
    1858.5655680649022,
    1858.5655680649022,
    1856.5473979822643,
    1856.5473979822643,
    1852.537726787475,
    1852.537726787475,
    1850.5195567048372,
    1850.5195567048372,
    1849.9809008748334,
    1848.2782220582478,
    1809.4986339337072,
    1807.2572992871178,
    1807.2572992871178,
    1807.2572992871178,
    1807.2572992871178,
    1807.2572992871178,
    1779.2003423588915,
    1779.2003423588915,
    1747.1124509831911,
    1747.1124509831911,
    1747.0680608284115,
    1719.8491954101592,
    1700.6174467341132,
    1700.6174467341132,
    1695.160403715497,
    1695.160403715497,
    1673.354191161081,
    1673.354191161081,
    1673.354191161081,
    1673.354191161081,
    1673.354191161081,
    1673.354191161081,
    1673.354191161081,
    1673.354191161081,
    1673.354191161081,
    1673.354191161081,
    1672.985503012017,
    1672.985503012017,
    1672.985503012017,
    1672.985503012017,
    1672.985503012017,
    1672.446782010441,
    1672.446782010441,
    1672.446782010441,
    1672.446782010441,
    1672.446782010441,
    1672.446782010441,
    1645.9219431700399,
    1645.9219431700399,
    1645.9219431700399,
    1638.412720385068,
    1635.12307059478,
    1635.12307059478,
    1608.5982317543794,
    1607.8792583421155,
    1607.8792583421155,
    1607.8792583421155,
    1607.8792583421155,
    1607.834990905193,
    1607.834990905193,
    1607.834990905193,
    1606.8573725269318,
    1606.8573725269318,
    1606.8573725269318,
    1602.5948219090774,
    1602.5948219090774,
    1601.617203530816,
    1596.4892232855157,
    1596.4892232855157,
    1591.5752960454038,
    1589.3586580566853,
    1576.8953858109383,
    1576.8953858109383,
    1560.635690951149,
    1560.635690951149,
    1560.635690951149,
    1560.635690951149,
    1560.3957878851995,
    1560.3957878851995,
    1560.3957878851995,
    1560.3957878851995,
    1560.3957878851995,
    1560.3957878851995,
    1560.3957878851995,
    1559.12316500923,
    1548.2958575639016,
    1548.2958575639016,
    1547.3561289735555,
    1546.083506097586,
    1546.083506097586,
    1546.083506097586
  ],
  "best_solution": {
    "id": "ga_gen0_8627",
    "instance_id": "synthetic_110c_481q_random_s598206558",
    "algorithm": "drl_expert_ga",
    "routes": [
      {
        "vehicle_id": 0,
        "customer_sequence": [
          98,
          39,
          67,
          50,
          34,
          109,
          29,
          65,
          97,
          17,
          81,
          46,
          15,
          44,
          31,
          48,
          105,
          96,
          78,
          64,
          58
        ],
        "total_demand": 477,
        "total_distance": 273.00055865605276
      },
      {
        "vehicle_id": 1,
        "customer_sequence": [
          89,
          93,
          27,
          57,
          66,
          84,
          86,
          79,
          10,
          73,
          11,
          60,
          55,
          32,
          5,
          26,
          21,
          107,
          85,
          35,
          12,
          13,
          53,
          24
        ],
        "total_demand": 459,
        "total_distance": 335.4213517575028
      },
      {
        "vehicle_id": 2,
        "customer_sequence": [
          6,
          104,
          92,
          37,
          20,
          76,
          33,
          100,
          83,
          42,
          52,
          87,
          63,
          1,
          54,
          102,
          45,
          3,
          80,
          62,
          61,
          56,
          95,
          41,
          36,
          103,
          68
        ],
        "total_demand": 468,
        "total_distance": 516.940626840472
      },
      {
        "vehicle_id": 3,
        "customer_sequence": [
          75,
          88,
          110,
          74,
          106,
          4,
          9,
          90,
          38,
          49,
          70,
          101,
          25,
          40,
          72,
          22,
          94,
          2,
          82,
          30,
          77,
          18,
          28,
          43,
          69,
          108,
          99,
          59,
          14,
          16
        ],
        "total_demand": 464,
        "total_distance": 571.3217931686496
      },
      {
        "vehicle_id": 4,
        "customer_sequence": [
          19,
          7,
          23,
          47,
          91,
          8,
          71,
          51
        ],
        "total_demand": 114,
        "total_distance": 175.74369053272295
      }
    ],
    "total_cost": 1546.083506097586,
    "computation_time": 0.0,
    "is_valid": true,
    "convergence_history": null
  }
}