{
  "instance_id": "synthetic_20c_60q_random_s948417114",
  "instance_name": "Synthetic Random",
  "instance_size": 20,
  "configuration": "drl_expert_ga",
  "agent_used": "expert",
  "replicate": 4,
  "seed": 723530167,
  "initial_cost": 415.6640061229137,
  "final_cost": 299.81454358130105,
  "improvement_gap": 27.870939228583442,
  "total_time": 11.060283660888672,
  "initialization_time": 10.600293397903442,
  "evolution_time": 0.4599902629852295,
  "generations_run": 100,
  "generations_to_convergence": 14,
  "convergence_history": [
    415.6640061229137,
    415.6640061229137,
    415.6640061229137,
    376.66164197698714,
    374.6527813047343,
    374.6527813047343,
    336.95466460400394,
    333.13797763731634,
    333.13797763731634,
    333.13797763731634,
    307.6114286561252,
    307.6114286561252,
    307.6114286561252,
    307.6114286561252,
    299.81454358130105,
    299.81454358130105,
    299.81454358130105,
    299.81454358130105,
    299.81454358130105,
    299.81454358130105,
    299.81454358130105,
    299.81454358130105,
    299.81454358130105,
    299.81454358130105,
    299.81454358130105,
    299.81454358130105,
    299.81454358130105,
    299.81454358130105,
    299.81454358130105,
    299.81454358130105,
    299.81454358130105,
    299.81454358130105,
    299.81454358130105,
    299.81454358130105,
    299.81454358130105,
    299.81454358130105,
    299.81454358130105,
    299.81454358130105,
    299.81454358130105,
    299.81454358130105,
    299.81454358130105,
    299.81454358130105,
    299.81454358130105,
    299.81454358130105,
    299.81454358130105,
    299.81454358130105,
    299.81454358130105,
    299.81454358130105,
    299.81454358130105,
    299.81454358130105,
    299.81454358130105,
    299.81454358130105,
    299.81454358130105,
    299.81454358130105,
    299.81454358130105,
    299.81454358130105,
    299.81454358130105,
    299.81454358130105,
    299.81454358130105,
    299.81454358130105,
    299.81454358130105,
    299.81454358130105,
    299.81454358130105,
    299.81454358130105,
    299.81454358130105,
    299.81454358130105,
    299.81454358130105,
    299.81454358130105,
    299.81454358130105,
    299.81454358130105,
    299.81454358130105,
    299.81454358130105,
    299.81454358130105,
    299.81454358130105,
    299.81454358130105,
    299.81454358130105,
    299.81454358130105,
    299.81454358130105,
    299.81454358130105,
    299.81454358130105,
    299.81454358130105,
    299.81454358130105,
    299.81454358130105,
    299.81454358130105,
    299.81454358130105,
    299.81454358130105,
    299.81454358130105,
    299.81454358130105,
    299.81454358130105,
    299.81454358130105,
    299.81454358130105,
    299.81454358130105,
    299.81454358130105,
    299.81454358130105,
    299.81454358130105,
    299.81454358130105,
    299.81454358130105,
    299.81454358130105,
    299.81454358130105,
    299.81454358130105,
    299.81454358130105
  ],
  "best_solution": {
    "id": "ga_gen0_9397",
    "instance_id": "synthetic_20c_60q_random_s948417114",
    "algorithm": "drl_expert_ga",
    "routes": [
      {
        "vehicle_id": 0,
        "customer_sequence": [
          14,
          16
        ],
        "total_demand": 37,
        "total_distance": 97.56576403028623
      },
      {
        "vehicle_id": 1,
        "customer_sequence": [
          15,
          5
        ],
        "total_demand": 51,
        "total_distance": 53.266137268705535
      },
      {
        "vehicle_id": 2,
        "customer_sequence": [
          13,
          17,
          19
        ],
        "total_demand": 56,
        "total_distance": 106.90875330903695
      },
      {
        "vehicle_id": 3,
        "customer_sequence": [
          10,
          20,
          7
        ],
        "total_demand": 56,
        "total_distance": 155.42377238262486
      },
      {
        "vehicle_id": 4,
        "customer_sequence": [
          4,
          2,
          6,
          8,
          18
        ],
        "total_demand": 58,
        "total_distance": 198.51189101459863
      },
      {
        "vehicle_id": 5,
        "customer_sequence": [
          12,
          3,
          9,
          11
        ],
        "total_demand": 57,
        "total_distance": 134.77650984905225
      },
      {
        "vehicle_id": 6,
        "customer_sequence": [
          1
        ],
        "total_demand": 5,
        "total_distance": 101.20548043307114
      }
    ],
    "total_cost": 299.81454358130105,
    "computation_time": 0.0,
    "is_valid": true,
    "convergence_history": null
  }
}