{
  "instance_id": "synthetic_20c_60q_random_s1338516669",
  "instance_name": "Synthetic Random",
  "instance_size": 20,
  "configuration": "drl_expert_ga",
  "agent_used": "expert",
  "replicate": 1,
  "seed": 243450243,
  "initial_cost": 442.6969663438597,
  "final_cost": 260.38037670898075,
  "improvement_gap": 41.18315766665242,
  "total_time": 10.98797082901001,
  "initialization_time": 10.579881429672241,
  "evolution_time": 0.40808939933776855,
  "generations_run": 100,
  "generations_to_convergence": 8,
  "convergence_history": [
    442.6969663438597,
    386.91356962097495,
    373.72782413947243,
    352.82679245063497,
    325.6232680577239,
    325.6232680577239,
    325.6232680577239,
    279.9117226927223,
    260.38037670898075,
    260.38037670898075,
    260.38037670898075,
    260.38037670898075,
    260.38037670898075,
    260.38037670898075,
    260.38037670898075,
    260.38037670898075,
    260.38037670898075,
    260.38037670898075,
    260.38037670898075,
    260.38037670898075,
    260.38037670898075,
    260.38037670898075,
    260.38037670898075,
    260.38037670898075,
    260.38037670898075,
    260.38037670898075,
    260.38037670898075,
    260.38037670898075,
    260.38037670898075,
    260.38037670898075,
    260.38037670898075,
    260.38037670898075,
    260.38037670898075,
    260.38037670898075,
    260.38037670898075,
    260.38037670898075,
    260.38037670898075,
    260.38037670898075,
    260.38037670898075,
    260.38037670898075,
    260.38037670898075,
    260.38037670898075,
    260.38037670898075,
    260.38037670898075,
    260.38037670898075,
    260.38037670898075,
    260.38037670898075,
    260.38037670898075,
    260.38037670898075,
    260.38037670898075,
    260.38037670898075,
    260.38037670898075,
    260.38037670898075,
    260.38037670898075,
    260.38037670898075,
    260.38037670898075,
    260.38037670898075,
    260.38037670898075,
    260.38037670898075,
    260.38037670898075,
    260.38037670898075,
    260.38037670898075,
    260.38037670898075,
    260.38037670898075,
    260.38037670898075,
    260.38037670898075,
    260.38037670898075,
    260.38037670898075,
    260.38037670898075,
    260.38037670898075,
    260.38037670898075,
    260.38037670898075,
    260.38037670898075,
    260.38037670898075,
    260.38037670898075,
    260.38037670898075,
    260.38037670898075,
    260.38037670898075,
    260.38037670898075,
    260.38037670898075,
    260.38037670898075,
    260.38037670898075,
    260.38037670898075,
    260.38037670898075,
    260.38037670898075,
    260.38037670898075,
    260.38037670898075,
    260.38037670898075,
    260.38037670898075,
    260.38037670898075,
    260.38037670898075,
    260.38037670898075,
    260.38037670898075,
    260.38037670898075,
    260.38037670898075,
    260.38037670898075,
    260.38037670898075,
    260.38037670898075,
    260.38037670898075,
    260.38037670898075,
    260.38037670898075
  ],
  "best_solution": {
    "id": "ga_gen0_9515",
    "instance_id": "synthetic_20c_60q_random_s1338516669",
    "algorithm": "drl_expert_ga",
    "routes": [
      {
        "vehicle_id": 0,
        "customer_sequence": [
          5,
          18,
          4,
          1
        ],
        "total_demand": 56,
        "total_distance": 128.4195128626101
      },
      {
        "vehicle_id": 1,
        "customer_sequence": [
          10,
          8
        ],
        "total_demand": 53,
        "total_distance": 72.17642732834142
      },
      {
        "vehicle_id": 2,
        "customer_sequence": [
          3,
          7
        ],
        "total_demand": 39,
        "total_distance": 98.39372431363839
      },
      {
        "vehicle_id": 3,
        "customer_sequence": [
          2,
          16
        ],
        "total_demand": 44,
        "total_distance": 122.59853145840745
      },
      {
        "vehicle_id": 4,
        "customer_sequence": [
          9,
          15
        ],
        "total_demand": 42,
        "total_distance": 97.13169877879575
      },
      {
        "vehicle_id": 5,
        "customer_sequence": [
          14,
          20
        ],
        "total_demand": 45,
        "total_distance": 133.63623801491232
      },
      {
        "vehicle_id": 6,
        "customer_sequence": [
          11,
          17,
          6,
          12
        ],
        "total_demand": 52,
        "total_distance": 127.17526551788907
      },
      {
        "vehicle_id": 7,
        "customer_sequence": [
          19,
          13
        ],
        "total_demand": 19,
        "total_distance": 154.77538704154182
      }
    ],
    "total_cost": 260.38037670898075,
    "computation_time": 0.0,
    "is_valid": true,
    "convergence_history": null
  }
}