{
  "instance_id": "synthetic_125c_437q_random_s41234086",
  "instance_name": "Synthetic Random",
  "instance_size": 125,
  "configuration": "drl_expert_ga",
  "agent_used": "expert",
  "replicate": 1,
  "seed": 2126850728,
  "initial_cost": 1970.8856075047288,
  "final_cost": 1706.9580866297576,
  "improvement_gap": 13.391316059642893,
  "total_time": 272.71216201782227,
  "initialization_time": 256.10109210014343,
  "evolution_time": 16.611069917678833,
  "generations_run": 100,
  "generations_to_convergence": null,
  "convergence_history": [
    1970.8856075047288,
    1970.8856075047288,
    1970.8856075047288,
    1969.1842401597478,
    1969.1842401597478,
    1969.1842401597478,
    1969.1842401597478,
    1969.1842401597478,
    1969.1842401597478,
    1969.1842401597478,
    1969.1842401597478,
    1945.1869857407714,
    1945.1869857407714,
    1945.1869857407714,
    1943.3534919073395,
    1943.3534919073395,
    1943.3534919073395,
    1932.6063187612476,
    1932.6063187612476,
    1932.6063187612476,
    1926.1009609886473,
    1926.1009609886473,
    1923.4397067164202,
    1848.5299033509104,
    1848.5299033509104,
    1848.5299033509104,
    1848.5299033509104,
    1848.5299033509104,
    1848.5299033509104,
    1848.5299033509104,
    1848.5299033509104,
    1848.5299033509104,
    1848.5299033509104,
    1846.9166850207512,
    1846.9166850207512,
    1843.5407248640813,
    1843.5407248640813,
    1841.964475755302,
    1836.3751556711154,
    1836.3751556711154,
    1836.3751556711154,
    1836.3751556711154,
    1836.3751556711154,
    1836.3751556711154,
    1836.3751556711154,
    1818.3179773688553,
    1818.3179773688553,
    1815.3413878148444,
    1815.3413878148444,
    1815.3413878148444,
    1815.3413878148444,
    1815.1130469344907,
    1815.1130469344907,
    1815.1130469344907,
    1813.499828604331,
    1813.499828604331,
    1813.499828604331,
    1794.8225070195895,
    1793.2092886894297,
    1793.2092886894297,
    1793.2092886894297,
    1790.096771391312,
    1786.2036842309421,
    1778.8232241582527,
    1778.8232241582527,
    1762.2353362584945,
    1759.1228189603764,
    1746.6369543321248,
    1726.3627280210892,
    1723.2502107229711,
    1723.2502107229711,
    1723.2502107229711,
    1723.2502107229711,
    1723.2502107229711,
    1723.2502107229711,
    1723.2502107229711,
    1723.2502107229711,
    1723.2502107229711,
    1723.2502107229711,
    1723.2502107229711,
    1723.2502107229711,
    1723.2502107229711,
    1714.2549585984266,
    1714.2549585984266,
    1714.2549585984266,
    1714.2549585984266,
    1714.2549585984266,
    1714.2549585984266,
    1714.2549585984266,
    1714.2549585984266,
    1714.2549585984266,
    1714.2549585984266,
    1714.2549585984266,
    1709.326045529949,
    1709.326045529949,
    1709.326045529949,
    1709.326045529949,
    1709.326045529949,
    1706.9580866297576,
    1706.9580866297576,
    1706.9580866297576
  ],
  "best_solution": {
    "id": "ga_gen0_3166",
    "instance_id": "synthetic_125c_437q_random_s41234086",
    "algorithm": "drl_expert_ga",
    "routes": [
      {
        "vehicle_id": 0,
        "customer_sequence": [
          110,
          48,
          114,
          2,
          87,
          18,
          49,
          81,
          26,
          14,
          83,
          55,
          90,
          8,
          58,
          69,
          75,
          41,
          50
        ],
        "total_demand": 435,
        "total_distance": 325.1935727645524
      },
      {
        "vehicle_id": 1,
        "customer_sequence": [
          118,
          117,
          29,
          20,
          112,
          38,
          52,
          122,
          77,
          16,
          56,
          106,
          66,
          10,
          63,
          6,
          107,
          123,
          62,
          46,
          22,
          42
        ],
        "total_demand": 436,
        "total_distance": 349.1726928540364
      },
      {
        "vehicle_id": 2,
        "customer_sequence": [
          53,
          120,
          72,
          51,
          19,
          45,
          68,
          25,
          71,
          86,
          21,
          98,
          92,
          17,
          36,
          78,
          113,
          60,
          74,
          99,
          12,
          33,
          119
        ],
        "total_demand": 433,
        "total_distance": 279.9656312779181
      },
      {
        "vehicle_id": 3,
        "customer_sequence": [
          47,
          65,
          30,
          23,
          100,
          24,
          54,
          97,
          35,
          39,
          15,
          9,
          124,
          13,
          76,
          44,
          109,
          95,
          7,
          73,
          59,
          61,
          108,
          103,
          104,
          5,
          3,
          89,
          70,
          79
        ],
        "total_demand": 435,
        "total_distance": 510.6267145039055
      },
      {
        "vehicle_id": 4,
        "customer_sequence": [
          82,
          64,
          1,
          94,
          11,
          67,
          96,
          125,
          28,
          101,
          57,
          102,
          80,
          40,
          27,
          4,
          43,
          34,
          105,
          116,
          115,
          31,
          93,
          91,
          32,
          121,
          111,
          37,
          84,
          88,
          85
        ],
        "total_demand": 392,
        "total_distance": 570.2848687236315
      }
    ],
    "total_cost": 1706.9580866297576,
    "computation_time": 0.0,
    "is_valid": true,
    "convergence_history": null
  }
}