{
  "instance_id": "synthetic_140c_490q_random_s1447092322",
  "instance_name": "Synthetic Random",
  "instance_size": 140,
  "configuration": "drl_expert_ga",
  "agent_used": "expert",
  "replicate": 4,
  "seed": 479910820,
  "initial_cost": 2662.2163432633315,
  "final_cost": 2294.391982446201,
  "improvement_gap": 13.816471442972711,
  "total_time": 334.87577056884766,
  "initialization_time": 313.910635471344,
  "evolution_time": 20.965135097503662,
  "generations_run": 100,
  "generations_to_convergence": null,
  "convergence_history": [
    2662.2163432633315,
    2662.2163432633315,
    2662.2163432633315,
    2662.2163432633315,
    2662.2163432633315,
    2662.2163432633315,
    2662.2163432633315,
    2662.2163432633315,
    2662.2163432633315,
    2662.2163432633315,
    2662.2163432633315,
    2634.8404922151967,
    2621.4660598688392,
    2621.4660598688392,
    2621.4660598688392,
    2621.4660598688392,
    2607.692130383098,
    2607.692130383098,
    2607.692130383098,
    2607.692130383098,
    2607.692130383098,
    2603.4038200939594,
    2567.6632303705815,
    2567.6632303705815,
    2567.6632303705815,
    2563.374920081443,
    2562.1974958227133,
    2561.94787401153,
    2559.790242755643,
    2558.3631966857297,
    2554.7307200021337,
    2554.7307200021337,
    2551.8380150379953,
    2546.6622836867923,
    2545.2352376168797,
    2545.2352376168797,
    2545.2352376168797,
    2545.2352376168797,
    2545.2352376168797,
    2545.2352376168797,
    2500.4174045625396,
    2500.4174045625396,
    2500.4174045625396,
    2495.197742048732,
    2495.197742048732,
    2495.197742048732,
    2489.019815009068,
    2489.019815009068,
    2482.167753258423,
    2480.7616628338096,
    2475.989826218759,
    2475.989826218759,
    2455.8433883873513,
    2455.8433883873513,
    2455.8433883873513,
    2454.2616807962936,
    2454.244841002165,
    2454.244841002165,
    2454.244841002165,
    2448.0340557685454,
    2448.0340557685454,
    2448.017215974417,
    2448.017215974417,
    2448.017215974417,
    2448.017215974417,
    2448.017215974417,
    2448.017215974417,
    2448.017215974417,
    2444.0172862987256,
    2437.2876463506022,
    2437.2876463506022,
    2424.8532630722757,
    2386.8787797620116,
    2386.8787797620116,
    2386.8787797620116,
    2386.8787797620116,
    2356.337351274102,
    2356.337351274102,
    2356.337351274102,
    2356.337351274102,
    2354.445124276713,
    2354.445124276713,
    2354.445124276713,
    2354.445124276713,
    2354.445124276713,
    2354.445124276713,
    2354.445124276713,
    2354.445124276713,
    2354.445124276713,
    2354.445124276713,
    2354.445124276713,
    2354.445124276713,
    2354.445124276713,
    2354.37727412374,
    2347.101462080211,
    2347.101462080211,
    2347.033611927238,
    2308.475122466407,
    2308.475122466407,
    2302.9606666795407,
    2294.391982446201
  ],
  "best_solution": {
    "id": "ga_gen0_4994",
    "instance_id": "synthetic_140c_490q_random_s1447092322",
    "algorithm": "drl_expert_ga",
    "routes": [
      {
        "vehicle_id": 0,
        "customer_sequence": [
          32,
          63,
          85,
          100,
          67,
          137,
          74,
          130,
          92,
          78,
          91,
          106,
          110,
          115,
          17,
          98,
          26,
          22,
          13,
          119,
          9,
          102,
          18
        ],
        "total_demand": 488,
        "total_distance": 406.3852660233527
      },
      {
        "vehicle_id": 1,
        "customer_sequence": [
          36,
          127,
          27,
          56,
          139,
          58,
          113,
          5,
          103,
          112,
          129,
          24,
          52,
          70,
          114,
          28,
          90,
          72,
          46,
          40,
          25,
          121
        ],
        "total_demand": 487,
        "total_distance": 296.4094047934247
      },
      {
        "vehicle_id": 2,
        "customer_sequence": [
          53,
          73,
          4,
          62,
          105,
          104,
          11,
          48,
          134,
          8,
          3,
          59,
          77,
          16,
          19,
          81,
          66,
          89,
          31,
          39,
          71,
          57,
          101,
          93,
          124,
          108
        ],
        "total_demand": 488,
        "total_distance": 690.3190174430514
      },
      {
        "vehicle_id": 3,
        "customer_sequence": [
          111,
          132,
          133,
          45,
          54,
          44,
          94,
          76,
          96,
          38,
          80,
          2,
          15,
          140,
          135,
          10,
          79,
          107,
          82,
          7,
          37,
          88,
          138,
          33,
          61,
          12,
          65,
          120,
          60
        ],
        "total_demand": 490,
        "total_distance": 437.84373795312683
      },
      {
        "vehicle_id": 4,
        "customer_sequence": [
          125,
          117,
          83,
          109,
          21,
          75,
          136,
          126,
          87,
          14,
          64,
          128,
          20,
          51,
          131,
          69,
          68,
          49,
          23,
          30,
          43,
          97,
          41,
          123,
          29,
          1,
          35,
          84,
          118,
          116,
          6,
          42,
          50,
          47,
          122
        ],
        "total_demand": 490,
        "total_distance": 659.1567898747694
      },
      {
        "vehicle_id": 5,
        "customer_sequence": [
          99,
          95,
          55,
          86,
          34
        ],
        "total_demand": 53,
        "total_distance": 192.76835616468318
      }
    ],
    "total_cost": 2294.391982446201,
    "computation_time": 0.0,
    "is_valid": true,
    "convergence_history": null
  }
}