{
  "instance_id": "synthetic_100c_300q_clustered5_s1647997837",
  "instance_name": "Synthetic Clustered",
  "instance_size": 100,
  "configuration": "drl_expert_ga",
  "agent_used": "expert",
  "replicate": 1,
  "seed": 37171791,
  "initial_cost": 1235.2515569280722,
  "final_cost": 994.7512423158374,
  "improvement_gap": 19.469743896565593,
  "total_time": 179.37341403961182,
  "initialization_time": 168.5212435722351,
  "evolution_time": 10.852170467376709,
  "generations_run": 100,
  "generations_to_convergence": null,
  "convergence_history": [
    1235.2515569280722,
    1235.2515569280722,
    1231.02805172118,
    1231.02805172118,
    1231.02805172118,
    1231.02805172118,
    1231.02805172118,
    1227.7470143580167,
    1211.343489824732,
    1211.343489824732,
    1208.5897587528468,
    1204.4450354925348,
    1204.4450354925348,
    1197.2277098761408,
    1189.5443117405123,
    1167.520924316865,
    1165.6474788566215,
    1158.1011603207594,
    1157.764886613027,
    1156.2277148605162,
    1149.8654436480517,
    1149.8654436480517,
    1149.8654436480517,
    1149.8654436480517,
    1144.2050624205763,
    1144.2050624205763,
    1140.661749844377,
    1140.661749844377,
    1140.661749844377,
    1137.4530517193834,
    1137.4530517193834,
    1134.3650438510658,
    1133.4644803918154,
    1133.4644803918154,
    1133.4644803918154,
    1131.0270515307684,
    1130.3764725234978,
    1130.3764725234978,
    1128.3261006511138,
    1128.3261006511138,
    1128.3261006511138,
    1128.3261006511138,
    1128.3261006511138,
    1128.3261006511138,
    1123.407180239647,
    1123.407180239647,
    1123.407180239647,
    1123.407180239647,
    1117.0992304940632,
    1115.1803124073729,
    1115.1803124073729,
    1106.8225514663839,
    1106.8225514663839,
    1101.0047953895644,
    1093.9937706637543,
    1093.9937706637543,
    1093.9937706637543,
    1093.429921109403,
    1091.884766001715,
    1086.7190034770085,
    1083.2267728959105,
    1053.7264148457216,
    1053.7264148457216,
    1053.7264148457216,
    1049.8907887954292,
    1045.3235056312649,
    1045.3235056312649,
    1039.7446843964433,
    1038.5903512761,
    1037.7259123474419,
    1036.47280112738,
    1028.734255119829,
    1028.734255119829,
    1027.8698161911707,
    1023.5303225313828,
    1023.5303225313828,
    1023.5303225313828,
    1023.5303225313828,
    1022.0807465358905,
    1022.0807465358905,
    1022.0807465358905,
    1020.811575044985,
    1017.8289336136793,
    1017.8289336136793,
    1015.1101861272815,
    1013.994801167676,
    1013.994801167676,
    1009.7429882454647,
    1009.7429882454647,
    1005.3339822483607,
    1005.3339822483607,
    1005.3339822483607,
    1005.2251284610732,
    1005.2251284610732,
    1005.2251284610732,
    1005.2251284610732,
    1005.2251284610732,
    994.7512423158374,
    994.7512423158374,
    994.7512423158374,
    994.7512423158374
  ],
  "best_solution": {
    "id": "ga_gen0_8611",
    "instance_id": "synthetic_100c_300q_clustered5_s1647997837",
    "algorithm": "drl_expert_ga",
    "routes": [
      {
        "vehicle_id": 0,
        "customer_sequence": [
          84,
          89,
          92,
          2,
          14,
          3,
          5,
          1,
          52,
          47,
          26,
          24,
          50,
          38
        ],
        "total_demand": 299,
        "total_distance": 137.72657284124483
      },
      {
        "vehicle_id": 1,
        "customer_sequence": [
          37,
          82,
          27,
          68,
          76,
          77,
          66,
          70,
          79,
          97,
          18,
          67,
          25
        ],
        "total_demand": 300,
        "total_distance": 125.00727833504698
      },
      {
        "vehicle_id": 2,
        "customer_sequence": [
          83,
          87,
          15,
          17,
          19,
          10,
          90,
          11,
          93,
          95,
          8,
          86,
          16,
          65,
          69,
          64
        ],
        "total_demand": 300,
        "total_distance": 201.9266699926937
      },
      {
        "vehicle_id": 3,
        "customer_sequence": [
          53,
          55,
          51,
          100,
          7,
          96,
          29,
          81,
          78,
          61,
          72,
          63,
          75,
          74,
          62,
          98,
          13,
          12
        ],
        "total_demand": 299,
        "total_distance": 220.61351211003725
      },
      {
        "vehicle_id": 4,
        "customer_sequence": [
          20,
          9,
          99,
          6,
          85,
          91,
          43,
          30,
          33,
          88,
          41,
          54,
          35,
          46,
          44,
          42,
          49,
          56
        ],
        "total_demand": 299,
        "total_distance": 245.34587864127175
      },
      {
        "vehicle_id": 5,
        "customer_sequence": [
          80,
          71,
          73,
          58,
          22,
          23,
          21,
          28,
          32,
          48,
          57,
          60,
          40,
          34,
          39,
          31,
          36,
          94,
          45,
          59,
          4
        ],
        "total_demand": 277,
        "total_distance": 370.56797704416266
      }
    ],
    "total_cost": 994.7512423158374,
    "computation_time": 0.0,
    "is_valid": true,
    "convergence_history": null
  }
}