{
  "instance_id": "synthetic_100c_300q_random_s65293674",
  "instance_name": "Synthetic Random",
  "instance_size": 100,
  "configuration": "drl_expert_ga",
  "agent_used": "expert",
  "replicate": 5,
  "seed": 455690220,
  "initial_cost": 1966.5214206668143,
  "final_cost": 1447.5176278638987,
  "improvement_gap": 26.391972512912172,
  "total_time": 176.0687689781189,
  "initialization_time": 165.39429187774658,
  "evolution_time": 10.674477100372314,
  "generations_run": 100,
  "generations_to_convergence": null,
  "convergence_history": [
    1966.5214206668143,
    1966.5214206668143,
    1966.5214206668143,
    1966.5214206668143,
    1966.5214206668143,
    1966.5214206668143,
    1966.5214206668143,
    1966.5214206668143,
    1966.5214206668143,
    1966.5214206668143,
    1966.4661430686924,
    1963.4455437362617,
    1963.4455437362617,
    1890.4572832210424,
    1816.2118910553781,
    1816.2118910553781,
    1806.7168559178363,
    1789.5366763263273,
    1789.5366763263273,
    1789.5366763263273,
    1781.346949412029,
    1781.346949412029,
    1776.2339401749005,
    1768.8626011877823,
    1768.8626011877823,
    1747.7272966017517,
    1747.7272966017517,
    1743.5226525282383,
    1743.5226525282383,
    1723.3607180840522,
    1723.3607180840522,
    1723.3607180840522,
    1723.3607180840522,
    1716.5327395946251,
    1702.1664323461114,
    1702.1664323461114,
    1702.1664323461114,
    1686.4057038752553,
    1683.7823694593417,
    1678.140898913558,
    1663.4675942538952,
    1663.4675942538952,
    1661.5847227233326,
    1661.5847227233326,
    1652.8260319152287,
    1652.8260319152287,
    1636.8983185754078,
    1636.8983185754078,
    1606.5300067345206,
    1582.940289611916,
    1582.940289611916,
    1568.7608707986597,
    1568.7608707986597,
    1568.7608707986597,
    1541.315057754058,
    1541.315057754058,
    1541.315057754058,
    1540.218370728738,
    1526.0389519154817,
    1526.0389519154817,
    1518.803690110086,
    1501.3072743817136,
    1501.3072743817136,
    1500.2105873563935,
    1500.2105873563935,
    1494.0720125763178,
    1494.0720125763178,
    1492.9753255509977,
    1492.5175328040493,
    1492.5175328040493,
    1491.4208457787292,
    1491.4208457787292,
    1491.4208457787292,
    1491.4208457787292,
    1491.4208457787292,
    1491.3868215458285,
    1479.7529975331636,
    1479.7529975331636,
    1476.5858958155368,
    1476.5858958155368,
    1476.5858958155368,
    1473.5685211671862,
    1473.5685211671862,
    1462.8170127494493,
    1462.8170127494493,
    1462.8170127494493,
    1460.7542948736905,
    1460.7542948736905,
    1460.7542948736905,
    1460.7542948736905,
    1460.7542948736905,
    1460.7542948736905,
    1457.0852424639527,
    1457.0852424639527,
    1457.0852424639527,
    1455.8752110665496,
    1455.8752110665496,
    1455.8752110665496,
    1451.783602903717,
    1451.783602903717,
    1447.5176278638987
  ],
  "best_solution": {
    "id": "ga_gen0_9106",
    "instance_id": "synthetic_100c_300q_random_s65293674",
    "algorithm": "drl_expert_ga",
    "routes": [
      {
        "vehicle_id": 0,
        "customer_sequence": [
          48,
          15,
          89,
          67,
          23,
          95,
          27,
          65,
          54,
          79,
          28,
          82,
          92,
          32
        ],
        "total_demand": 300,
        "total_distance": 233.10838204793336
      },
      {
        "vehicle_id": 1,
        "customer_sequence": [
          40,
          22,
          36,
          90,
          44,
          4,
          19,
          69,
          14,
          31,
          85,
          43
        ],
        "total_demand": 299,
        "total_distance": 210.31872684393278
      },
      {
        "vehicle_id": 2,
        "customer_sequence": [
          12,
          52,
          78,
          80,
          58,
          86,
          64,
          72,
          75,
          61,
          6,
          45,
          84,
          33,
          59
        ],
        "total_demand": 297,
        "total_distance": 257.74716892573144
      },
      {
        "vehicle_id": 3,
        "customer_sequence": [
          34,
          94,
          63,
          35,
          2,
          55,
          13,
          39,
          9,
          51,
          1,
          21,
          26,
          10,
          38,
          62
        ],
        "total_demand": 300,
        "total_distance": 353.8045978650916
      },
      {
        "vehicle_id": 4,
        "customer_sequence": [
          24,
          70,
          17,
          25,
          100,
          37,
          41,
          47,
          98,
          56,
          5,
          77,
          93,
          42,
          7,
          71,
          60,
          3,
          96
        ],
        "total_demand": 296,
        "total_distance": 328.2226079893144
      },
      {
        "vehicle_id": 5,
        "customer_sequence": [
          87,
          91,
          46,
          73,
          81,
          16,
          57,
          49,
          99,
          8,
          53,
          18,
          68,
          11,
          20,
          66,
          50,
          76,
          29,
          97,
          83,
          88,
          30
        ],
        "total_demand": 298,
        "total_distance": 425.39405974272285
      },
      {
        "vehicle_id": 6,
        "customer_sequence": [
          74
        ],
        "total_demand": 8,
        "total_distance": 92.82117614929841
      }
    ],
    "total_cost": 1447.5176278638987,
    "computation_time": 0.0,
    "is_valid": true,
    "convergence_history": null
  }
}