{
  "instance_id": "synthetic_100c_300q_clustered5_s2030798714",
  "instance_name": "Synthetic Clustered",
  "instance_size": 100,
  "configuration": "drl_expert_ga",
  "agent_used": "expert",
  "replicate": 5,
  "seed": 774969922,
  "initial_cost": 1322.8968547055579,
  "final_cost": 1000.1988987426464,
  "improvement_gap": 24.39328166932074,
  "total_time": 179.6863238811493,
  "initialization_time": 168.82681488990784,
  "evolution_time": 10.859508991241455,
  "generations_run": 100,
  "generations_to_convergence": null,
  "convergence_history": [
    1322.8968547055579,
    1322.8968547055579,
    1322.8968547055579,
    1322.8968547055579,
    1322.8968547055579,
    1314.2573032517291,
    1314.2573032517291,
    1314.2573032517291,
    1300.271135128367,
    1291.449121777598,
    1237.7591967032567,
    1237.7591967032567,
    1198.0326636999935,
    1198.0326636999935,
    1185.336235455892,
    1185.336235455892,
    1185.336235455892,
    1181.0817936067704,
    1181.0817936067704,
    1169.4766068506929,
    1169.4766068506929,
    1169.2869162119705,
    1165.1383205936252,
    1148.5002805340796,
    1148.5002805340796,
    1137.701917620403,
    1137.701917620403,
    1117.996145093056,
    1117.996145093056,
    1117.996145093056,
    1117.996145093056,
    1113.657858835988,
    1113.657858835988,
    1113.657858835988,
    1113.657858835988,
    1102.5528349271056,
    1100.3499707710632,
    1100.3499707710632,
    1097.8827425983122,
    1095.67987844227,
    1086.980358588833,
    1084.5748545333875,
    1078.9426409853725,
    1072.3340951017658,
    1072.3340951017658,
    1065.990811747077,
    1065.990811747077,
    1062.4209171700975,
    1062.4209171700975,
    1058.763614433788,
    1055.1937198568085,
    1055.1937198568085,
    1055.1937198568085,
    1055.1937198568085,
    1049.6905543225625,
    1049.6905543225625,
    1049.6905543225625,
    1049.6905543225625,
    1041.5708493374805,
    1041.5708493374805,
    1039.6255368598745,
    1037.0050576349674,
    1037.0050576349674,
    1035.777301517658,
    1035.777301517658,
    1029.789359561699,
    1029.789359561699,
    1029.789359561699,
    1029.789359561699,
    1029.789359561699,
    1029.789359561699,
    1024.478878185885,
    1024.478878185885,
    1024.478878185885,
    1024.478878185885,
    1024.478878185885,
    1018.1057768557795,
    1018.1057768557795,
    1018.1057768557795,
    1018.1057768557795,
    1018.1057768557795,
    1018.1057768557795,
    1018.1057768557795,
    1018.1057768557795,
    1018.1057768557795,
    1018.1057768557795,
    1016.3934345661697,
    1016.3934345661697,
    1016.3934345661697,
    1016.3934345661697,
    1016.3934345661697,
    1002.9085510483073,
    1002.9085510483073,
    1002.9085510483073,
    1002.9085510483073,
    1002.271215798062,
    1002.271215798062,
    1002.271215798062,
    1000.1988987426464,
    1000.1988987426464,
    1000.1988987426464
  ],
  "best_solution": {
    "id": "ga_gen0_2745",
    "instance_id": "synthetic_100c_300q_clustered5_s2030798714",
    "algorithm": "drl_expert_ga",
    "routes": [
      {
        "vehicle_id": 0,
        "customer_sequence": [
          3,
          16,
          11,
          19,
          5,
          13,
          25,
          35,
          77,
          32,
          41,
          81
        ],
        "total_demand": 298,
        "total_distance": 177.00016313424248
      },
      {
        "vehicle_id": 1,
        "customer_sequence": [
          79,
          60,
          71,
          85,
          84,
          72,
          73,
          69,
          1,
          4,
          65,
          68,
          70,
          78
        ],
        "total_demand": 297,
        "total_distance": 173.27580377944315
      },
      {
        "vehicle_id": 2,
        "customer_sequence": [
          24,
          57,
          27,
          38,
          49,
          40,
          59,
          22,
          6,
          2,
          10,
          8,
          18,
          20,
          12,
          7,
          9,
          17,
          15,
          76,
          33
        ],
        "total_demand": 299,
        "total_distance": 221.41987908456983
      },
      {
        "vehicle_id": 3,
        "customer_sequence": [
          36,
          58,
          51,
          31,
          23,
          44,
          95,
          46,
          90,
          83,
          100,
          93,
          96,
          62,
          66
        ],
        "total_demand": 300,
        "total_distance": 197.8954430357147
      },
      {
        "vehicle_id": 4,
        "customer_sequence": [
          53,
          47,
          55,
          52,
          37,
          39,
          42,
          26,
          21,
          28,
          94,
          98,
          87,
          88,
          50,
          43,
          54,
          91
        ],
        "total_demand": 300,
        "total_distance": 223.75447592672077
      },
      {
        "vehicle_id": 5,
        "customer_sequence": [
          34,
          29,
          64,
          61,
          67,
          99,
          45,
          56,
          97,
          92,
          89,
          86,
          48,
          82,
          63,
          75,
          74,
          80,
          14,
          30
        ],
        "total_demand": 239,
        "total_distance": 244.96286211305122
      }
    ],
    "total_cost": 1000.1988987426464,
    "computation_time": 0.0,
    "is_valid": true,
    "convergence_history": null
  }
}