{
  "instance_id": "synthetic_150c_525q_clustered6_s2020659595",
  "instance_name": "Synthetic Clustered",
  "instance_size": 150,
  "configuration": "drl_expert_ga",
  "agent_used": "expert",
  "replicate": 4,
  "seed": 1448261756,
  "initial_cost": 1888.1043627164217,
  "final_cost": 1616.2096845631095,
  "improvement_gap": 14.400405164158222,
  "total_time": 381.56202507019043,
  "initialization_time": 358.257928609848,
  "evolution_time": 23.304096460342407,
  "generations_run": 100,
  "generations_to_convergence": null,
  "convergence_history": [
    1888.1043627164217,
    1888.1043627164217,
    1888.1043627164217,
    1888.1043627164217,
    1888.1043627164217,
    1864.5187508173783,
    1861.5516550711372,
    1861.5516550711372,
    1854.4638036967563,
    1854.4638036967563,
    1854.4638036967563,
    1854.4638036967563,
    1849.8358315035457,
    1848.5134453567243,
    1848.5134453567243,
    1848.5134453567243,
    1828.8124733636055,
    1816.8343261236203,
    1775.9317127147797,
    1775.9317127147797,
    1767.7007213917032,
    1767.7007213917032,
    1767.7007213917032,
    1767.7007213917032,
    1767.7007213917032,
    1767.7007213917032,
    1760.9946349711367,
    1760.9946349711367,
    1760.9946349711367,
    1760.9946349711367,
    1760.9946349711367,
    1758.307033257644,
    1756.3666627779264,
    1756.3666627779264,
    1756.3666627779264,
    1753.6790610644337,
    1753.6790610644337,
    1753.6790610644337,
    1753.6790610644337,
    1753.6790610644337,
    1753.6790610644337,
    1753.6790610644337,
    1753.6790610644337,
    1741.977938767542,
    1741.977938767542,
    1741.977938767542,
    1741.977938767542,
    1737.9030561386169,
    1737.9030561386169,
    1737.0672905636982,
    1737.0672905636982,
    1735.2491958431713,
    1735.2491958431713,
    1734.4134302682526,
    1734.4134302682526,
    1734.4134302682526,
    1734.4134302682526,
    1734.4134302682526,
    1733.9335353973122,
    1728.8430449320078,
    1728.8430449320078,
    1728.8430449320078,
    1728.3631500610675,
    1711.6757953963172,
    1711.6757953963172,
    1711.1959005253768,
    1711.1959005253768,
    1711.1959005253768,
    1706.8938734538654,
    1706.8938734538654,
    1706.8938734538654,
    1706.2987359142637,
    1706.2987359142637,
    1706.2987359142637,
    1703.2230137468566,
    1703.2230137468566,
    1702.627876207255,
    1702.627876207255,
    1702.627876207255,
    1702.627876207255,
    1681.1220001901718,
    1681.1220001901718,
    1681.1220001901718,
    1650.649977770155,
    1629.274767765265,
    1629.274767765265,
    1629.274767765265,
    1629.274767765265,
    1629.274767765265,
    1625.1128415665692,
    1625.1128415665692,
    1625.1128415665692,
    1625.1128415665692,
    1620.941820402476,
    1619.0284319714638,
    1619.0284319714638,
    1617.7515441237676,
    1617.7515441237676,
    1617.7515441237676,
    1616.7081040260534,
    1616.2096845631095
  ],
  "best_solution": {
    "id": "ga_gen0_4276",
    "instance_id": "synthetic_150c_525q_clustered6_s2020659595",
    "algorithm": "drl_expert_ga",
    "routes": [
      {
        "vehicle_id": 0,
        "customer_sequence": [
          120,
          94,
          61,
          113,
          116,
          122,
          35,
          30,
          45,
          104,
          56,
          59,
          40,
          72,
          47,
          65,
          46,
          36,
          28,
          139,
          126,
          142,
          67,
          66,
          49,
          77
        ],
        "total_demand": 524,
        "total_distance": 252.04822600185597
      },
      {
        "vehicle_id": 1,
        "customer_sequence": [
          51,
          92,
          146,
          88,
          76,
          84,
          87,
          147,
          107,
          137,
          2,
          23,
          12,
          64,
          110,
          20,
          63,
          54,
          21,
          27,
          26,
          43,
          115,
          70,
          48,
          33
        ],
        "total_demand": 522,
        "total_distance": 339.1272056130203
      },
      {
        "vehicle_id": 2,
        "customer_sequence": [
          127,
          133,
          131,
          145,
          136,
          138,
          150,
          149,
          144,
          141,
          132,
          140,
          143,
          79,
          85,
          83,
          89,
          29,
          103,
          62,
          114,
          118,
          109,
          13,
          10,
          124
        ],
        "total_demand": 525,
        "total_distance": 273.7772944508402
      },
      {
        "vehicle_id": 3,
        "customer_sequence": [
          108,
          91,
          99,
          96,
          78,
          81,
          97,
          82,
          80,
          112,
          117,
          4,
          17,
          19,
          9,
          5,
          14,
          24,
          22,
          1,
          7,
          105,
          148,
          106,
          121,
          74,
          42,
          68
        ],
        "total_demand": 525,
        "total_distance": 306.55547416975264
      },
      {
        "vehicle_id": 4,
        "customer_sequence": [
          38,
          11,
          69,
          31,
          55,
          57,
          58,
          39,
          50,
          101,
          71,
          52,
          41,
          73,
          6,
          18,
          123,
          15,
          111,
          75,
          44,
          37,
          125,
          102,
          134,
          34,
          53,
          86,
          90,
          98,
          100,
          93,
          95,
          135,
          128,
          129
        ],
        "total_demand": 517,
        "total_distance": 515.5335808555824
      },
      {
        "vehicle_id": 5,
        "customer_sequence": [
          60,
          32,
          3,
          8,
          16,
          25,
          119,
          130
        ],
        "total_demand": 90,
        "total_distance": 176.50159278917985
      }
    ],
    "total_cost": 1616.2096845631095,
    "computation_time": 0.0,
    "is_valid": true,
    "convergence_history": null
  }
}