{
  "instance_id": "synthetic_140c_490q_clustered6_s1599123032",
  "instance_name": "Synthetic Clustered",
  "instance_size": 140,
  "configuration": "drl_expert_ga",
  "agent_used": "expert",
  "replicate": 4,
  "seed": 120373302,
  "initial_cost": 1899.7706709530335,
  "final_cost": 1474.5700498454994,
  "improvement_gap": 22.381681516023676,
  "total_time": 338.2901060581207,
  "initialization_time": 317.79482769966125,
  "evolution_time": 20.495278358459473,
  "generations_run": 100,
  "generations_to_convergence": null,
  "convergence_history": [
    1899.7706709530335,
    1899.7706709530335,
    1899.7706709530335,
    1899.7706709530335,
    1899.7706709530335,
    1899.7706709530335,
    1893.1071329757563,
    1893.1071329757563,
    1893.1071329757563,
    1893.1071329757563,
    1878.436571956615,
    1878.436571956615,
    1878.436571956615,
    1878.436571956615,
    1873.4975094140332,
    1873.4975094140332,
    1873.4975094140332,
    1865.7055271448794,
    1865.7055271448794,
    1865.7055271448794,
    1860.6145312648773,
    1828.1063094937108,
    1828.1063094937108,
    1828.1063094937108,
    1828.1063094937108,
    1809.3098424043797,
    1809.3098424043797,
    1809.3098424043797,
    1807.8706664198585,
    1805.4147195397454,
    1799.0839075654094,
    1799.0839075654094,
    1799.0839075654094,
    1795.1887847007756,
    1792.6579656272124,
    1788.7628427625782,
    1788.615592001814,
    1782.1896500636171,
    1768.7379993453555,
    1768.7379993453555,
    1768.7379993453555,
    1768.7379993453555,
    1768.7379993453555,
    1766.979470377521,
    1766.979470377521,
    1750.2517454922358,
    1741.130754508869,
    1707.7507464750947,
    1707.7507464750947,
    1707.7507464750947,
    1689.2644926219755,
    1683.8430744860739,
    1683.8430744860739,
    1683.8430744860739,
    1681.0182796859158,
    1681.0182796859158,
    1657.514134404702,
    1657.514134404702,
    1654.6893396045439,
    1638.574146599732,
    1638.574146599732,
    1638.574146599732,
    1632.8833827559847,
    1632.8833827559847,
    1632.8833827559847,
    1608.7378625837678,
    1608.7378625837678,
    1608.329360593259,
    1608.329360593259,
    1608.329360593259,
    1608.329360593259,
    1606.6202661073166,
    1606.6202661073166,
    1573.1238410635447,
    1573.1238410635447,
    1572.372747980492,
    1560.2104081819116,
    1560.2104081819116,
    1560.2104081819116,
    1560.2104081819116,
    1559.459315098859,
    1558.4563067674258,
    1556.2286669468872,
    1556.2286669468872,
    1556.2286669468872,
    1555.4775738638346,
    1552.381143874392,
    1551.404872615943,
    1551.404872615943,
    1549.0585118420718,
    1547.5573495434478,
    1547.5573495434478,
    1546.3897112026657,
    1546.3897112026657,
    1543.3395410229873,
    1543.3395410229873,
    1543.3395410229873,
    1474.5700498454994,
    1474.5700498454994,
    1474.5700498454994,
    1474.5700498454994
  ],
  "best_solution": {
    "id": "ga_gen0_1386",
    "instance_id": "synthetic_140c_490q_clustered6_s1599123032",
    "algorithm": "drl_expert_ga",
    "routes": [
      {
        "vehicle_id": 0,
        "customer_sequence": [
          138,
          109,
          135,
          57,
          134,
          51,
          128,
          126,
          79,
          88,
          90,
          65,
          48,
          67,
          81,
          86,
          89,
          87,
          56,
          18,
          139,
          23,
          11
        ],
        "total_demand": 488,
        "total_distance": 248.4681215786432
      },
      {
        "vehicle_id": 1,
        "customer_sequence": [
          136,
          102,
          116,
          42,
          107,
          131,
          111,
          99,
          76,
          47,
          121,
          92,
          9,
          124,
          33,
          125,
          137,
          26,
          28,
          5,
          17,
          8,
          12,
          7,
          21
        ],
        "total_demand": 489,
        "total_distance": 263.83522890056105
      },
      {
        "vehicle_id": 2,
        "customer_sequence": [
          105,
          100,
          108,
          104,
          110,
          114,
          132,
          112,
          45,
          123,
          31,
          32,
          2,
          13,
          119,
          60,
          53,
          50,
          72,
          54,
          77,
          66,
          83,
          62,
          55,
          74,
          59,
          1
        ],
        "total_demand": 488,
        "total_distance": 390.0491340238669
      },
      {
        "vehicle_id": 3,
        "customer_sequence": [
          118,
          130,
          22,
          3,
          15,
          97,
          94,
          133,
          96,
          95,
          106,
          120,
          117,
          44,
          46,
          24,
          140,
          37,
          34,
          129,
          10,
          25,
          43,
          35,
          6,
          39,
          19
        ],
        "total_demand": 487,
        "total_distance": 334.8372229331124
      },
      {
        "vehicle_id": 4,
        "customer_sequence": [
          64,
          49,
          58,
          78,
          69,
          63,
          75,
          91,
          103,
          101,
          98,
          115,
          113,
          122,
          93,
          30,
          41,
          38,
          40,
          27,
          36,
          29,
          16,
          4,
          20,
          14,
          52,
          61,
          84,
          80,
          73,
          82,
          71,
          85,
          68,
          70,
          127
        ],
        "total_demand": 489,
        "total_distance": 416.1841652174781
      }
    ],
    "total_cost": 1474.5700498454994,
    "computation_time": 0.0,
    "is_valid": true,
    "convergence_history": null
  }
}