{
  "instance_id": "synthetic_40c_120q_random_s1921601310",
  "instance_name": "Synthetic Random",
  "instance_size": 40,
  "configuration": "drl_expert_ga",
  "agent_used": "expert",
  "replicate": 2,
  "seed": 831094630,
  "initial_cost": 898.9298592012454,
  "final_cost": 679.7730513156672,
  "improvement_gap": 24.379745053781235,
  "total_time": 34.48175597190857,
  "initialization_time": 33.107349157333374,
  "evolution_time": 1.3744068145751953,
  "generations_run": 100,
  "generations_to_convergence": 50,
  "convergence_history": [
    898.9298592012454,
    890.3040100554795,
    890.3040100554795,
    809.6311677101543,
    809.6311677101543,
    787.5486434087637,
    787.5486434087637,
    777.2017721111619,
    777.2017721111619,
    763.5804404116593,
    763.5804404116593,
    759.0039455763625,
    748.6570742787607,
    748.6570742787607,
    735.6012067757449,
    735.6012067757449,
    735.6012067757449,
    735.6012067757449,
    735.6012067757449,
    735.6012067757449,
    735.6012067757449,
    735.6012067757449,
    735.6012067757449,
    722.7585891796946,
    722.7585891796946,
    722.7585891796946,
    722.7585891796946,
    722.7585891796946,
    722.7585891796946,
    722.7585891796946,
    721.7984799797164,
    721.7984799797164,
    718.6135913944543,
    717.653482194476,
    717.653482194476,
    717.653482194476,
    717.653482194476,
    717.653482194476,
    717.653482194476,
    717.653482194476,
    717.653482194476,
    717.653482194476,
    717.653482194476,
    703.8577856035938,
    703.5352770010427,
    689.7395804101602,
    689.7395804101602,
    689.7395804101602,
    689.7395804101602,
    689.7395804101602,
    679.7730513156672,
    679.7730513156672,
    679.7730513156672,
    679.7730513156672,
    679.7730513156672,
    679.7730513156672,
    679.7730513156672,
    679.7730513156672,
    679.7730513156672,
    679.7730513156672,
    679.7730513156672,
    679.7730513156672,
    679.7730513156672,
    679.7730513156672,
    679.7730513156672,
    679.7730513156672,
    679.7730513156672,
    679.7730513156672,
    679.7730513156672,
    679.7730513156672,
    679.7730513156672,
    679.7730513156672,
    679.7730513156672,
    679.7730513156672,
    679.7730513156672,
    679.7730513156672,
    679.7730513156672,
    679.7730513156672,
    679.7730513156672,
    679.7730513156672,
    679.7730513156672,
    679.7730513156672,
    679.7730513156672,
    679.7730513156672,
    679.7730513156672,
    679.7730513156672,
    679.7730513156672,
    679.7730513156672,
    679.7730513156672,
    679.7730513156672,
    679.7730513156672,
    679.7730513156672,
    679.7730513156672,
    679.7730513156672,
    679.7730513156672,
    679.7730513156672,
    679.7730513156672,
    679.7730513156672,
    679.7730513156672,
    679.7730513156672,
    679.7730513156672
  ],
  "best_solution": {
    "id": "ga_gen0_9087",
    "instance_id": "synthetic_40c_120q_random_s1921601310",
    "algorithm": "drl_expert_ga",
    "routes": [
      {
        "vehicle_id": 0,
        "customer_sequence": [
          2,
          17,
          5,
          35
        ],
        "total_demand": 103,
        "total_distance": 146.05029661505594
      },
      {
        "vehicle_id": 1,
        "customer_sequence": [
          11,
          7,
          27,
          34,
          10
        ],
        "total_demand": 120,
        "total_distance": 142.7748587892827
      },
      {
        "vehicle_id": 2,
        "customer_sequence": [
          8,
          28,
          19,
          22,
          26,
          36,
          29
        ],
        "total_demand": 119,
        "total_distance": 179.67029933827516
      },
      {
        "vehicle_id": 3,
        "customer_sequence": [
          3,
          31,
          32,
          1,
          30
        ],
        "total_demand": 115,
        "total_distance": 225.20411128061534
      },
      {
        "vehicle_id": 4,
        "customer_sequence": [
          9,
          23,
          6,
          25,
          39,
          18,
          12,
          21
        ],
        "total_demand": 111,
        "total_distance": 162.05320933561813
      },
      {
        "vehicle_id": 5,
        "customer_sequence": [
          38,
          20,
          13,
          40,
          14,
          15,
          37,
          24
        ],
        "total_demand": 116,
        "total_distance": 235.58779260095812
      },
      {
        "vehicle_id": 6,
        "customer_sequence": [
          33,
          4,
          16
        ],
        "total_demand": 24,
        "total_distance": 170.61195974621504
      }
    ],
    "total_cost": 679.7730513156672,
    "computation_time": 0.0,
    "is_valid": true,
    "convergence_history": null
  }
}