{
  "instance_id": "synthetic_20c_60q_random_s1338516669",
  "instance_name": "Synthetic Random",
  "instance_size": 20,
  "configuration": "drl_expert_ga",
  "agent_used": "expert",
  "replicate": 3,
  "seed": 434493522,
  "initial_cost": 440.9313988241868,
  "final_cost": 303.73285287809097,
  "improvement_gap": 31.11562168445191,
  "total_time": 10.96077823638916,
  "initialization_time": 10.529147386550903,
  "evolution_time": 0.43163084983825684,
  "generations_run": 100,
  "generations_to_convergence": 13,
  "convergence_history": [
    440.9313988241868,
    440.9313988241868,
    381.98775905995717,
    381.98775905995717,
    354.8318983127314,
    354.8318983127314,
    354.8318983127314,
    354.8318983127314,
    348.22687859983915,
    328.1637426502151,
    324.9150068540708,
    324.9150068540708,
    324.9150068540708,
    303.73285287809097,
    303.73285287809097,
    303.73285287809097,
    303.73285287809097,
    303.73285287809097,
    303.73285287809097,
    303.73285287809097,
    303.73285287809097,
    303.73285287809097,
    303.73285287809097,
    303.73285287809097,
    303.73285287809097,
    303.73285287809097,
    303.73285287809097,
    303.73285287809097,
    303.73285287809097,
    303.73285287809097,
    303.73285287809097,
    303.73285287809097,
    303.73285287809097,
    303.73285287809097,
    303.73285287809097,
    303.73285287809097,
    303.73285287809097,
    303.73285287809097,
    303.73285287809097,
    303.73285287809097,
    303.73285287809097,
    303.73285287809097,
    303.73285287809097,
    303.73285287809097,
    303.73285287809097,
    303.73285287809097,
    303.73285287809097,
    303.73285287809097,
    303.73285287809097,
    303.73285287809097,
    303.73285287809097,
    303.73285287809097,
    303.73285287809097,
    303.73285287809097,
    303.73285287809097,
    303.73285287809097,
    303.73285287809097,
    303.73285287809097,
    303.73285287809097,
    303.73285287809097,
    303.73285287809097,
    303.73285287809097,
    303.73285287809097,
    303.73285287809097,
    303.73285287809097,
    303.73285287809097,
    303.73285287809097,
    303.73285287809097,
    303.73285287809097,
    303.73285287809097,
    303.73285287809097,
    303.73285287809097,
    303.73285287809097,
    303.73285287809097,
    303.73285287809097,
    303.73285287809097,
    303.73285287809097,
    303.73285287809097,
    303.73285287809097,
    303.73285287809097,
    303.73285287809097,
    303.73285287809097,
    303.73285287809097,
    303.73285287809097,
    303.73285287809097,
    303.73285287809097,
    303.73285287809097,
    303.73285287809097,
    303.73285287809097,
    303.73285287809097,
    303.73285287809097,
    303.73285287809097,
    303.73285287809097,
    303.73285287809097,
    303.73285287809097,
    303.73285287809097,
    303.73285287809097,
    303.73285287809097,
    303.73285287809097,
    303.73285287809097,
    303.73285287809097
  ],
  "best_solution": {
    "id": "ga_gen0_2057",
    "instance_id": "synthetic_20c_60q_random_s1338516669",
    "algorithm": "drl_expert_ga",
    "routes": [
      {
        "vehicle_id": 0,
        "customer_sequence": [
          10,
          4,
          18
        ],
        "total_demand": 49,
        "total_distance": 100.60513522119203
      },
      {
        "vehicle_id": 1,
        "customer_sequence": [
          16,
          3,
          17
        ],
        "total_demand": 50,
        "total_distance": 169.65252701483251
      },
      {
        "vehicle_id": 2,
        "customer_sequence": [
          2,
          19
        ],
        "total_demand": 39,
        "total_distance": 120.41708109190705
      },
      {
        "vehicle_id": 3,
        "customer_sequence": [
          9,
          8,
          13
        ],
        "total_demand": 58,
        "total_distance": 163.444299042192
      },
      {
        "vehicle_id": 4,
        "customer_sequence": [
          15,
          7,
          11
        ],
        "total_demand": 55,
        "total_distance": 127.72265809330712
      },
      {
        "vehicle_id": 5,
        "customer_sequence": [
          6,
          12,
          14,
          1
        ],
        "total_demand": 51,
        "total_distance": 120.42929532788229
      },
      {
        "vehicle_id": 6,
        "customer_sequence": [
          5,
          20
        ],
        "total_demand": 48,
        "total_distance": 130.061204243419
      }
    ],
    "total_cost": 303.73285287809097,
    "computation_time": 0.0,
    "is_valid": true,
    "convergence_history": null
  }
}