{
  "instance_id": "synthetic_100c_300q_clustered5_s1647997837",
  "instance_name": "Synthetic Clustered",
  "instance_size": 100,
  "configuration": "drl_expert_ga",
  "agent_used": "expert",
  "replicate": 2,
  "seed": 243318870,
  "initial_cost": 1349.9510278605565,
  "final_cost": 1139.8253649188816,
  "improvement_gap": 15.565428567782075,
  "total_time": 177.68724584579468,
  "initialization_time": 166.98007249832153,
  "evolution_time": 10.707173347473145,
  "generations_run": 100,
  "generations_to_convergence": null,
  "convergence_history": [
    1349.9510278605565,
    1349.9510278605565,
    1349.9510278605565,
    1349.9510278605565,
    1349.5516653433783,
    1345.597425528151,
    1345.597425528151,
    1345.597425528151,
    1338.7347706095118,
    1338.7347706095118,
    1338.048029122517,
    1336.22455108578,
    1335.0077988927742,
    1335.0077988927742,
    1320.2133222728953,
    1317.3037402319856,
    1315.6640983227776,
    1311.4073588264714,
    1311.4073588264714,
    1308.6816129130907,
    1297.956188109599,
    1288.55858463905,
    1286.9372811776502,
    1280.9148910208228,
    1280.9148910208228,
    1278.8640707437658,
    1276.1413744549322,
    1270.8605989548137,
    1270.8605989548137,
    1268.8097786777566,
    1265.675904021074,
    1265.675904021074,
    1263.243705115934,
    1222.13351923678,
    1222.13351923678,
    1222.13351923678,
    1219.70132033164,
    1205.277872402307,
    1205.277872402307,
    1205.277872402307,
    1202.845673497167,
    1202.845673497167,
    1202.845673497167,
    1202.845673497167,
    1202.845673497167,
    1202.845673497167,
    1202.7976943445487,
    1202.7976943445487,
    1202.7976943445487,
    1202.7976943445487,
    1200.8134240384302,
    1200.8134240384302,
    1200.607358198461,
    1188.19616496657,
    1186.1639155078337,
    1186.1639155078337,
    1186.1639155078337,
    1186.1639155078337,
    1186.1639155078337,
    1186.1639155078337,
    1186.1639155078337,
    1185.6939866752882,
    1168.4002668164935,
    1168.4002668164935,
    1167.930337983948,
    1167.930337983948,
    1167.930337983948,
    1167.930337983948,
    1166.5588838467263,
    1166.5588838467263,
    1166.5588838467263,
    1166.5588838467263,
    1166.5588838467263,
    1166.5588838467263,
    1166.5588838467263,
    1166.5588838467263,
    1166.5588838467263,
    1166.5588838467263,
    1162.513171184394,
    1157.485585107786,
    1157.485585107786,
    1157.485585107786,
    1157.3255230923473,
    1157.3255230923473,
    1157.3255230923473,
    1157.3255230923473,
    1157.3255230923473,
    1157.3255230923473,
    1157.3255230923473,
    1157.3255230923473,
    1157.3255230923473,
    1145.5112561398378,
    1145.5112561398378,
    1145.5112561398378,
    1139.8253649188816,
    1139.8253649188816,
    1139.8253649188816,
    1139.8253649188816,
    1139.8253649188816,
    1139.8253649188816,
    1139.8253649188816
  ],
  "best_solution": {
    "id": "ga_gen0_3618",
    "instance_id": "synthetic_100c_300q_clustered5_s1647997837",
    "algorithm": "drl_expert_ga",
    "routes": [
      {
        "vehicle_id": 0,
        "customer_sequence": [
          1,
          57,
          54,
          38,
          47,
          52,
          84,
          18,
          67,
          27,
          68,
          76
        ],
        "total_demand": 298,
        "total_distance": 143.16094219157753
      },
      {
        "vehicle_id": 1,
        "customer_sequence": [
          89,
          37,
          25,
          82,
          65,
          79,
          4,
          14,
          12,
          3,
          100,
          92,
          83
        ],
        "total_demand": 298,
        "total_distance": 143.8255816489666
      },
      {
        "vehicle_id": 2,
        "customer_sequence": [
          87,
          15,
          85,
          99,
          11,
          98,
          16,
          90,
          19,
          17,
          20,
          50,
          24,
          22,
          21
        ],
        "total_demand": 297,
        "total_distance": 193.3394625249879
      },
      {
        "vehicle_id": 3,
        "customer_sequence": [
          29,
          97,
          74,
          70,
          61,
          77,
          88,
          53,
          44,
          51,
          42,
          55,
          46,
          35
        ],
        "total_demand": 297,
        "total_distance": 153.16427447289095
      },
      {
        "vehicle_id": 4,
        "customer_sequence": [
          96,
          13,
          93,
          5,
          69,
          64,
          56,
          41,
          48,
          60,
          59,
          43,
          91,
          30,
          40,
          33,
          31,
          34,
          39,
          32,
          26,
          66
        ],
        "total_demand": 300,
        "total_distance": 364.8680641081055
      },
      {
        "vehicle_id": 5,
        "customer_sequence": [
          63,
          72,
          78,
          71,
          80,
          73,
          81,
          75,
          45,
          7,
          2,
          9,
          10,
          6,
          86,
          8,
          95,
          62,
          58,
          94,
          36,
          23,
          28,
          49
        ],
        "total_demand": 284,
        "total_distance": 385.38074755996433
      }
    ],
    "total_cost": 1139.8253649188816,
    "computation_time": 0.0,
    "is_valid": true,
    "convergence_history": null
  }
}