{
  "instance_id": "synthetic_50c_150q_random_s2054244932",
  "instance_name": "Synthetic Random",
  "instance_size": 50,
  "configuration": "drl_expert_ga",
  "agent_used": "expert",
  "replicate": 3,
  "seed": 1636187898,
  "initial_cost": 1114.0734221973244,
  "final_cost": 854.8772177743631,
  "improvement_gap": 23.26563036677959,
  "total_time": 49.61795687675476,
  "initialization_time": 47.49829602241516,
  "evolution_time": 2.1196608543395996,
  "generations_run": 100,
  "generations_to_convergence": null,
  "convergence_history": [
    1114.0734221973244,
    1114.0734221973244,
    1114.0734221973244,
    1114.0734221973244,
    1057.788281892179,
    1057.260683827641,
    1040.821616745169,
    1033.9767370289755,
    1033.9767370289755,
    1016.5899536277707,
    1016.5899536277707,
    1009.7450739115773,
    1009.7450739115773,
    1009.7450739115773,
    1009.7450739115773,
    1005.241332301802,
    1003.0132774639922,
    972.6609897854973,
    972.6609897854973,
    956.9860964154988,
    956.9860964154988,
    956.9860964154988,
    953.0890424414334,
    950.3121621650082,
    950.3121621650082,
    950.3121621650082,
    950.3121621650082,
    947.9379849137665,
    947.4647518370623,
    947.4647518370623,
    945.0905745858206,
    945.0905745858206,
    944.0173776246211,
    944.0173776246211,
    941.1030298443011,
    941.1030298443011,
    941.1030298443011,
    941.1030298443011,
    940.631640839077,
    940.631640839077,
    940.631640839077,
    940.631640839077,
    940.631640839077,
    926.4575743076655,
    926.4575743076655,
    926.4575743076655,
    914.3401920261042,
    914.3401920261042,
    914.3401920261042,
    914.3401920261042,
    903.1447566350106,
    903.1447566350106,
    903.0980625880899,
    892.822748429079,
    892.822748429079,
    892.822748429079,
    872.7693141456704,
    872.7226200987496,
    872.7226200987496,
    872.7226200987496,
    872.7226200987496,
    872.7226200987496,
    872.7226200987496,
    872.7226200987496,
    872.7226200987496,
    872.7226200987496,
    872.7226200987496,
    872.7226200987496,
    872.7226200987496,
    870.1816387611026,
    870.1816387611026,
    870.1816387611026,
    870.1816387611026,
    870.1816387611026,
    870.1816387611026,
    870.1816387611026,
    870.1816387611026,
    870.1816387611026,
    870.1816387611026,
    870.1816387611026,
    870.1816387611026,
    865.5971297313182,
    865.5971297313182,
    865.5971297313182,
    865.5971297313182,
    865.5971297313182,
    865.5971297313182,
    854.8772177743631,
    854.8772177743631,
    854.8772177743631,
    854.8772177743631,
    854.8772177743631,
    854.8772177743631,
    854.8772177743631,
    854.8772177743631,
    854.8772177743631,
    854.8772177743631,
    854.8772177743631,
    854.8772177743631,
    854.8772177743631,
    854.8772177743631
  ],
  "best_solution": {
    "id": "ga_gen0_5761",
    "instance_id": "synthetic_50c_150q_random_s2054244932",
    "algorithm": "drl_expert_ga",
    "routes": [
      {
        "vehicle_id": 0,
        "customer_sequence": [
          16,
          12,
          22,
          7,
          35,
          39,
          19
        ],
        "total_demand": 149,
        "total_distance": 185.73554346449117
      },
      {
        "vehicle_id": 1,
        "customer_sequence": [
          48,
          38,
          33,
          15,
          34,
          10,
          49
        ],
        "total_demand": 146,
        "total_distance": 219.21489395181158
      },
      {
        "vehicle_id": 2,
        "customer_sequence": [
          44,
          40,
          43,
          4,
          37,
          13,
          46
        ],
        "total_demand": 146,
        "total_distance": 144.91833987687164
      },
      {
        "vehicle_id": 3,
        "customer_sequence": [
          9,
          47,
          28,
          18,
          36,
          30,
          1,
          11,
          14,
          26
        ],
        "total_demand": 150,
        "total_distance": 272.2851564287422
      },
      {
        "vehicle_id": 4,
        "customer_sequence": [
          27,
          29,
          17,
          5,
          24,
          42,
          41,
          3,
          50
        ],
        "total_demand": 145,
        "total_distance": 228.6072376070747
      },
      {
        "vehicle_id": 5,
        "customer_sequence": [
          8,
          20,
          6,
          31,
          23,
          32,
          45,
          21,
          2,
          25
        ],
        "total_demand": 106,
        "total_distance": 335.5950985500953
      }
    ],
    "total_cost": 854.8772177743631,
    "computation_time": 0.0,
    "is_valid": true,
    "convergence_history": null
  }
}