{
  "instance_id": "synthetic_90c_337q_random_s613083777",
  "instance_name": "Synthetic Random",
  "instance_size": 90,
  "configuration": "drl_expert_ga",
  "agent_used": "expert",
  "replicate": 1,
  "seed": 942703276,
  "initial_cost": 1637.630466091354,
  "final_cost": 1251.1168091147592,
  "improvement_gap": 23.60200698385355,
  "total_time": 147.866352558136,
  "initialization_time": 138.92839097976685,
  "evolution_time": 8.93796157836914,
  "generations_run": 100,
  "generations_to_convergence": null,
  "convergence_history": [
    1637.630466091354,
    1637.630466091354,
    1637.630466091354,
    1637.630466091354,
    1637.630466091354,
    1633.256543388087,
    1633.256543388087,
    1585.9769490600181,
    1585.9769490600181,
    1585.9769490600181,
    1581.3449597588287,
    1581.3449597588287,
    1581.3449597588287,
    1569.857161868461,
    1569.857161868461,
    1567.2345798600231,
    1567.2345798600231,
    1567.2345798600231,
    1567.2345798600231,
    1555.7467819696553,
    1555.7467819696553,
    1555.7467819696553,
    1555.7467819696553,
    1554.0699757420593,
    1554.0699757420593,
    1546.3216548561481,
    1546.3216548561481,
    1546.3216548561481,
    1504.0855608949435,
    1504.0855608949435,
    1502.4087546673475,
    1502.4087546673475,
    1502.4087546673475,
    1498.2926082971755,
    1494.880945687958,
    1491.9776414876244,
    1451.3079083012624,
    1451.3079083012624,
    1448.4046041009287,
    1439.8567850991822,
    1439.8567850991822,
    1433.541818289631,
    1427.396771394889,
    1409.02608058228,
    1408.7227747409147,
    1397.2716515388347,
    1394.1632947709822,
    1394.1632947709822,
    1392.4864885433863,
    1391.1329682576425,
    1391.1329682576425,
    1391.1329682576425,
    1391.1329682576425,
    1390.7718616768375,
    1387.0541001755155,
    1387.0541001755155,
    1385.9055749530673,
    1365.7919103525392,
    1362.0741488512172,
    1354.229105665743,
    1354.229105665743,
    1354.229105665743,
    1354.229105665743,
    1354.229105665743,
    1354.229105665743,
    1354.229105665743,
    1347.2770115351434,
    1347.2770115351434,
    1347.2770115351434,
    1347.2770115351434,
    1347.2770115351434,
    1346.9159049543382,
    1346.9159049543382,
    1341.556129719454,
    1341.556129719454,
    1332.005360438195,
    1332.005360438195,
    1332.005360438195,
    1319.9182176116701,
    1319.9182176116701,
    1319.9182176116701,
    1319.7500120400605,
    1310.367448330411,
    1310.367448330411,
    1310.367448330411,
    1310.367448330411,
    1310.367448330411,
    1310.367448330411,
    1305.717605013724,
    1305.717605013724,
    1300.9754462660164,
    1296.9040250200346,
    1295.924116601774,
    1295.4100688048281,
    1273.513741505394,
    1267.1615476357617,
    1267.1615476357617,
    1267.1615476357617,
    1266.24601349126,
    1266.24601349126,
    1251.1168091147592
  ],
  "best_solution": {
    "id": "ga_gen0_9338",
    "instance_id": "synthetic_90c_337q_random_s613083777",
    "algorithm": "drl_expert_ga",
    "routes": [
      {
        "vehicle_id": 0,
        "customer_sequence": [
          70,
          81,
          85,
          63,
          35,
          72,
          22,
          30,
          71,
          89,
          29,
          1,
          31,
          33,
          4,
          15,
          58
        ],
        "total_demand": 336,
        "total_distance": 212.66939506167068
      },
      {
        "vehicle_id": 1,
        "customer_sequence": [
          77,
          27,
          79,
          26,
          47,
          64,
          7,
          50,
          2,
          16,
          37,
          23,
          87,
          13
        ],
        "total_demand": 334,
        "total_distance": 215.2070879600273
      },
      {
        "vehicle_id": 2,
        "customer_sequence": [
          49,
          48,
          59,
          68,
          76,
          6,
          32,
          5,
          43,
          36,
          73,
          12,
          10,
          61,
          8,
          34,
          74,
          41
        ],
        "total_demand": 335,
        "total_distance": 333.7627657185757
      },
      {
        "vehicle_id": 3,
        "customer_sequence": [
          67,
          66,
          56,
          90,
          51,
          57,
          54,
          21,
          42,
          44,
          28,
          14,
          11,
          17,
          78,
          25,
          86,
          19,
          52,
          46,
          38,
          39,
          65,
          69
        ],
        "total_demand": 337,
        "total_distance": 483.83412166998005
      },
      {
        "vehicle_id": 4,
        "customer_sequence": [
          18,
          3,
          55,
          75,
          62,
          40,
          84,
          80,
          9,
          83,
          45,
          82,
          88,
          24,
          60,
          20,
          53
        ],
        "total_demand": 226,
        "total_distance": 313.6954773717641
      }
    ],
    "total_cost": 1251.1168091147592,
    "computation_time": 0.0,
    "is_valid": true,
    "convergence_history": null
  }
}