{
  "instance_id": "synthetic_110c_481q_random_s1543721749",
  "instance_name": "Synthetic Random",
  "instance_size": 110,
  "configuration": "drl_expert_ga",
  "agent_used": "expert",
  "replicate": 4,
  "seed": 1408311159,
  "initial_cost": 2059.781422339349,
  "final_cost": 1657.11568164256,
  "improvement_gap": 19.548954871117857,
  "total_time": 207.46323704719543,
  "initialization_time": 194.40306854248047,
  "evolution_time": 13.060168504714966,
  "generations_run": 100,
  "generations_to_convergence": null,
  "convergence_history": [
    2059.781422339349,
    2059.781422339349,
    2059.781422339349,
    1970.9410707879579,
    1970.9410707879579,
    1970.9410707879579,
    1970.9410707879579,
    1970.9410707879579,
    1970.9410707879579,
    1967.0988005747322,
    1967.0988005747322,
    1964.0074705000015,
    1958.9858471967477,
    1957.1911773560141,
    1950.2252019202215,
    1942.552757773221,
    1926.8337007996665,
    1926.8337007996665,
    1926.8337007996665,
    1921.4506077260025,
    1920.2197891906617,
    1914.615967468274,
    1914.615967468274,
    1906.2993889231157,
    1906.2993889231157,
    1898.956039398689,
    1898.4394797004868,
    1894.649715623294,
    1887.3063660988669,
    1887.3063660988669,
    1887.3063660988669,
    1887.3063660988669,
    1887.3063660988669,
    1864.0806258366829,
    1864.0806258366829,
    1864.0806258366829,
    1864.0806258366829,
    1864.0806258366829,
    1864.0806258366829,
    1854.5587882013465,
    1854.5587882013465,
    1854.5587882013465,
    1854.5587882013465,
    1846.1073870225528,
    1846.1073870225528,
    1846.1073870225528,
    1817.6530126316084,
    1817.6530126316084,
    1817.6530126316084,
    1807.170238322538,
    1798.8145218481957,
    1798.8145218481957,
    1774.3751552005283,
    1774.3751552005283,
    1756.2434110188797,
    1750.0758741424315,
    1746.0256624000717,
    1746.0256624000717,
    1746.0256624000717,
    1737.11646226222,
    1737.11646226222,
    1733.4596315056938,
    1733.4596315056938,
    1733.4596315056938,
    1710.592833299996,
    1706.9360025434698,
    1706.9360025434698,
    1706.9360025434698,
    1706.9360025434698,
    1706.9360025434698,
    1706.9360025434698,
    1704.5727133968514,
    1704.5727133968514,
    1704.5727133968514,
    1695.9620353024275,
    1695.9620353024275,
    1690.922883967229,
    1688.0117011179636,
    1688.0117011179636,
    1688.0117011179636,
    1688.0117011179636,
    1688.0117011179636,
    1688.0117011179636,
    1688.0117011179636,
    1688.0117011179636,
    1688.0117011179636,
    1688.0117011179636,
    1688.0117011179636,
    1667.3300212142794,
    1667.3300212142794,
    1667.3300212142794,
    1667.3300212142794,
    1666.7816263941343,
    1664.593486874179,
    1664.593486874179,
    1664.0450920540338,
    1664.0450920540338,
    1664.0450920540338,
    1663.7729604674637,
    1663.7729604674637,
    1657.11568164256
  ],
  "best_solution": {
    "id": "ga_gen0_1209",
    "instance_id": "synthetic_110c_481q_random_s1543721749",
    "algorithm": "drl_expert_ga",
    "routes": [
      {
        "vehicle_id": 0,
        "customer_sequence": [
          53,
          26,
          85,
          65,
          73,
          94,
          106,
          105,
          98,
          87,
          19,
          16,
          7,
          29,
          70,
          58,
          6,
          22,
          64,
          71,
          57,
          81,
          52,
          1
        ],
        "total_demand": 478,
        "total_distance": 427.0372129410193
      },
      {
        "vehicle_id": 1,
        "customer_sequence": [
          72,
          93,
          27,
          11,
          56,
          76,
          25,
          2,
          103,
          4,
          95,
          68,
          82,
          47,
          32,
          36,
          66,
          12,
          20,
          74,
          15,
          43,
          92,
          5,
          44
        ],
        "total_demand": 474,
        "total_distance": 354.8529628316589
      },
      {
        "vehicle_id": 2,
        "customer_sequence": [
          42,
          10,
          38,
          107,
          3,
          77,
          41,
          34,
          30,
          91,
          8,
          90,
          40,
          79,
          100,
          83,
          17,
          55,
          9,
          109,
          48,
          23,
          31,
          104,
          28,
          62,
          60,
          21,
          24,
          63,
          110
        ],
        "total_demand": 465,
        "total_distance": 609.487333708642
      },
      {
        "vehicle_id": 3,
        "customer_sequence": [
          59,
          84,
          99,
          49,
          69,
          86,
          97,
          80,
          67,
          50,
          39,
          37,
          45,
          33,
          75,
          101,
          61,
          102,
          78,
          14,
          51,
          96,
          35,
          88,
          108,
          54,
          46,
          89,
          13,
          18
        ],
        "total_demand": 467,
        "total_distance": 607.3040620870381
      }
    ],
    "total_cost": 1657.11568164256,
    "computation_time": 0.0,
    "is_valid": true,
    "convergence_history": null
  }
}