{
  "instance_id": "synthetic_30c_90q_random_s1892812490",
  "instance_name": "Synthetic Random",
  "instance_size": 30,
  "configuration": "drl_expert_ga",
  "agent_used": "expert",
  "replicate": 4,
  "seed": 1805512619,
  "initial_cost": 679.4232637645553,
  "final_cost": 560.8902634052117,
  "improvement_gap": 17.446120361345105,
  "total_time": 21.405364990234375,
  "initialization_time": 20.478037118911743,
  "evolution_time": 0.9273278713226318,
  "generations_run": 100,
  "generations_to_convergence": 18,
  "convergence_history": [
    679.4232637645553,
    679.4232637645553,
    679.4232637645553,
    679.4232637645553,
    679.4232637645553,
    656.7173074264106,
    656.7173074264106,
    615.91990506155,
    615.91990506155,
    615.91990506155,
    615.91990506155,
    606.3577815025368,
    590.6394349850102,
    590.6394349850102,
    590.6394349850102,
    590.6394349850102,
    590.6394349850102,
    590.6394349850102,
    560.8902634052117,
    560.8902634052117,
    560.8902634052117,
    560.8902634052117,
    560.8902634052117,
    560.8902634052117,
    560.8902634052117,
    560.8902634052117,
    560.8902634052117,
    560.8902634052117,
    560.8902634052117,
    560.8902634052117,
    560.8902634052117,
    560.8902634052117,
    560.8902634052117,
    560.8902634052117,
    560.8902634052117,
    560.8902634052117,
    560.8902634052117,
    560.8902634052117,
    560.8902634052117,
    560.8902634052117,
    560.8902634052117,
    560.8902634052117,
    560.8902634052117,
    560.8902634052117,
    560.8902634052117,
    560.8902634052117,
    560.8902634052117,
    560.8902634052117,
    560.8902634052117,
    560.8902634052117,
    560.8902634052117,
    560.8902634052117,
    560.8902634052117,
    560.8902634052117,
    560.8902634052117,
    560.8902634052117,
    560.8902634052117,
    560.8902634052117,
    560.8902634052117,
    560.8902634052117,
    560.8902634052117,
    560.8902634052117,
    560.8902634052117,
    560.8902634052117,
    560.8902634052117,
    560.8902634052117,
    560.8902634052117,
    560.8902634052117,
    560.8902634052117,
    560.8902634052117,
    560.8902634052117,
    560.8902634052117,
    560.8902634052117,
    560.8902634052117,
    560.8902634052117,
    560.8902634052117,
    560.8902634052117,
    560.8902634052117,
    560.8902634052117,
    560.8902634052117,
    560.8902634052117,
    560.8902634052117,
    560.8902634052117,
    560.8902634052117,
    560.8902634052117,
    560.8902634052117,
    560.8902634052117,
    560.8902634052117,
    560.8902634052117,
    560.8902634052117,
    560.8902634052117,
    560.8902634052117,
    560.8902634052117,
    560.8902634052117,
    560.8902634052117,
    560.8902634052117,
    560.8902634052117,
    560.8902634052117,
    560.8902634052117,
    560.8902634052117,
    560.8902634052117
  ],
  "best_solution": {
    "id": "ga_gen0_2885",
    "instance_id": "synthetic_30c_90q_random_s1892812490",
    "algorithm": "drl_expert_ga",
    "routes": [
      {
        "vehicle_id": 0,
        "customer_sequence": [
          8,
          11,
          4,
          18
        ],
        "total_demand": 89,
        "total_distance": 172.2686338415125
      },
      {
        "vehicle_id": 1,
        "customer_sequence": [
          7,
          9,
          5,
          17,
          19
        ],
        "total_demand": 88,
        "total_distance": 187.14731424409086
      },
      {
        "vehicle_id": 2,
        "customer_sequence": [
          29,
          27,
          16,
          13
        ],
        "total_demand": 85,
        "total_distance": 116.37872241264618
      },
      {
        "vehicle_id": 3,
        "customer_sequence": [
          12,
          22,
          10
        ],
        "total_demand": 77,
        "total_distance": 159.32493594896897
      },
      {
        "vehicle_id": 4,
        "customer_sequence": [
          30,
          24,
          2,
          26,
          25
        ],
        "total_demand": 77,
        "total_distance": 145.94552161275183
      },
      {
        "vehicle_id": 5,
        "customer_sequence": [
          14,
          20,
          15,
          3,
          21,
          23,
          6
        ],
        "total_demand": 88,
        "total_distance": 233.31428714106178
      },
      {
        "vehicle_id": 6,
        "customer_sequence": [
          28,
          1
        ],
        "total_demand": 27,
        "total_distance": 90.70591033771396
      }
    ],
    "total_cost": 560.8902634052117,
    "computation_time": 0.0,
    "is_valid": true,
    "convergence_history": null
  }
}