{
  "instance_id": "synthetic_30c_90q_clustered4_s1059562644",
  "instance_name": "Synthetic Clustered",
  "instance_size": 30,
  "configuration": "drl_expert_ga",
  "agent_used": "expert",
  "replicate": 1,
  "seed": 723789496,
  "initial_cost": 442.180966888124,
  "final_cost": 390.92848205461837,
  "improvement_gap": 11.590839197398783,
  "total_time": 21.5422420501709,
  "initialization_time": 20.63959765434265,
  "evolution_time": 0.9026443958282471,
  "generations_run": 100,
  "generations_to_convergence": 20,
  "convergence_history": [
    442.180966888124,
    442.180966888124,
    442.180966888124,
    442.180966888124,
    442.180966888124,
    433.03405178310027,
    430.830550388838,
    416.0681676766593,
    416.0681676766593,
    406.9212525716357,
    406.9212525716357,
    406.9212525716357,
    406.9212525716357,
    406.9212525716357,
    406.9212525716357,
    406.9212525716357,
    406.9212525716357,
    406.9212525716357,
    399.23099706739606,
    399.23099706739606,
    390.92848205461837,
    390.92848205461837,
    390.92848205461837,
    390.92848205461837,
    390.92848205461837,
    390.92848205461837,
    390.92848205461837,
    390.92848205461837,
    390.92848205461837,
    390.92848205461837,
    390.92848205461837,
    390.92848205461837,
    390.92848205461837,
    390.92848205461837,
    390.92848205461837,
    390.92848205461837,
    390.92848205461837,
    390.92848205461837,
    390.92848205461837,
    390.92848205461837,
    390.92848205461837,
    390.92848205461837,
    390.92848205461837,
    390.92848205461837,
    390.92848205461837,
    390.92848205461837,
    390.92848205461837,
    390.92848205461837,
    390.92848205461837,
    390.92848205461837,
    390.92848205461837,
    390.92848205461837,
    390.92848205461837,
    390.92848205461837,
    390.92848205461837,
    390.92848205461837,
    390.92848205461837,
    390.92848205461837,
    390.92848205461837,
    390.92848205461837,
    390.92848205461837,
    390.92848205461837,
    390.92848205461837,
    390.92848205461837,
    390.92848205461837,
    390.92848205461837,
    390.92848205461837,
    390.92848205461837,
    390.92848205461837,
    390.92848205461837,
    390.92848205461837,
    390.92848205461837,
    390.92848205461837,
    390.92848205461837,
    390.92848205461837,
    390.92848205461837,
    390.92848205461837,
    390.92848205461837,
    390.92848205461837,
    390.92848205461837,
    390.92848205461837,
    390.92848205461837,
    390.92848205461837,
    390.92848205461837,
    390.92848205461837,
    390.92848205461837,
    390.92848205461837,
    390.92848205461837,
    390.92848205461837,
    390.92848205461837,
    390.92848205461837,
    390.92848205461837,
    390.92848205461837,
    390.92848205461837,
    390.92848205461837,
    390.92848205461837,
    390.92848205461837,
    390.92848205461837,
    390.92848205461837,
    390.92848205461837,
    390.92848205461837
  ],
  "best_solution": {
    "id": "ga_gen0_7071",
    "instance_id": "synthetic_30c_90q_clustered4_s1059562644",
    "algorithm": "drl_expert_ga",
    "routes": [
      {
        "vehicle_id": 0,
        "customer_sequence": [
          22,
          25,
          27,
          28,
          10
        ],
        "total_demand": 89,
        "total_distance": 100.56832860772404
      },
      {
        "vehicle_id": 1,
        "customer_sequence": [
          18,
          16,
          5,
          26
        ],
        "total_demand": 88,
        "total_distance": 133.90651329033477
      },
      {
        "vehicle_id": 2,
        "customer_sequence": [
          14,
          29,
          23,
          24
        ],
        "total_demand": 86,
        "total_distance": 131.8371485211754
      },
      {
        "vehicle_id": 3,
        "customer_sequence": [
          4,
          6,
          30,
          7
        ],
        "total_demand": 88,
        "total_distance": 96.89203194361588
      },
      {
        "vehicle_id": 4,
        "customer_sequence": [
          11,
          13,
          8,
          12,
          9,
          2
        ],
        "total_demand": 89,
        "total_distance": 135.1727004063598
      },
      {
        "vehicle_id": 5,
        "customer_sequence": [
          20,
          15,
          17,
          19,
          21,
          3,
          1
        ],
        "total_demand": 71,
        "total_distance": 150.82739206368535
      }
    ],
    "total_cost": 390.92848205461837,
    "computation_time": 0.0,
    "is_valid": true,
    "convergence_history": null
  }
}