{
  "instance_id": "synthetic_75c_281q_clustered5_s407233915",
  "instance_name": "Synthetic Clustered",
  "instance_size": 75,
  "configuration": "drl_expert_ga",
  "agent_used": "expert",
  "replicate": 4,
  "seed": 535504585,
  "initial_cost": 833.719041856672,
  "final_cost": 679.2608140815389,
  "improvement_gap": 18.52641237882229,
  "total_time": 106.38001704216003,
  "initialization_time": 101.6300916671753,
  "evolution_time": 4.749925374984741,
  "generations_run": 100,
  "generations_to_convergence": null,
  "convergence_history": [
    833.719041856672,
    833.719041856672,
    833.719041856672,
    833.719041856672,
    833.719041856672,
    833.719041856672,
    831.2205763079949,
    827.8213857021486,
    811.6235165037007,
    811.6235165037007,
    811.6235165037007,
    811.5667270525853,
    808.9405431386059,
    803.4468888766028,
    800.8916338768104,
    800.8207049626234,
    793.8619966361713,
    787.4703308871071,
    787.1600839116617,
    784.5338999976823,
    782.0637710437979,
    782.0637710437979,
    775.2588238895231,
    775.2588238895231,
    774.6796885105648,
    770.8111722457148,
    768.7438136290414,
    764.8752973641914,
    764.8752973641914,
    761.9583308901994,
    758.0898146253494,
    757.3495193917427,
    751.8505928853322,
    751.8505928853322,
    749.0021803381078,
    747.2176138758878,
    747.0410132039453,
    743.8925885806115,
    736.9091076880906,
    736.9091076880906,
    735.0160515702195,
    735.0160515702195,
    735.0160515702195,
    730.8162866065405,
    730.8162866065405,
    730.8162866065405,
    729.6635257222763,
    719.454329603425,
    719.454329603425,
    719.454329603425,
    719.454329603425,
    719.454329603425,
    719.454329603425,
    706.3103531172936,
    706.3103531172936,
    706.3103531172936,
    705.7577570504096,
    705.7577570504096,
    703.3849310460881,
    703.3849310460881,
    698.9308853671616,
    698.9308853671616,
    698.9308853671616,
    698.6114161363536,
    698.6114161363536,
    685.0960916132077,
    685.0960916132077,
    685.0960916132077,
    685.0960916132077,
    685.0960916132077,
    685.0960916132077,
    685.0960916132077,
    685.0960916132077,
    685.0960916132077,
    685.0960916132077,
    683.7148597604654,
    683.7148597604654,
    683.7148597604654,
    683.7148597604654,
    683.7148597604654,
    683.7148597604654,
    683.7148597604654,
    683.7148597604654,
    683.7148597604654,
    683.7148597604654,
    683.7148597604654,
    683.7148597604654,
    679.8134101484229,
    679.8134101484229,
    679.8134101484229,
    679.8134101484229,
    679.8134101484229,
    679.8134101484229,
    679.2608140815389,
    679.2608140815389,
    679.2608140815389,
    679.2608140815389,
    679.2608140815389,
    679.2608140815389,
    679.2608140815389,
    679.2608140815389
  ],
  "best_solution": {
    "id": "ga_gen0_2439",
    "instance_id": "synthetic_75c_281q_clustered5_s407233915",
    "algorithm": "drl_expert_ga",
    "routes": [
      {
        "vehicle_id": 0,
        "customer_sequence": [
          32,
          35,
          33,
          22,
          71,
          62,
          69,
          42,
          13,
          65,
          37
        ],
        "total_demand": 280,
        "total_distance": 130.0818729840016
      },
      {
        "vehicle_id": 1,
        "customer_sequence": [
          61,
          68,
          67,
          30,
          11,
          12,
          29,
          19,
          44,
          59,
          57,
          50
        ],
        "total_demand": 277,
        "total_distance": 130.1923353736666
      },
      {
        "vehicle_id": 2,
        "customer_sequence": [
          39,
          21,
          14,
          7,
          6,
          40,
          41,
          31,
          3,
          45,
          38,
          23,
          18,
          28,
          2
        ],
        "total_demand": 281,
        "total_distance": 166.46853955751254
      },
      {
        "vehicle_id": 3,
        "customer_sequence": [
          55,
          53,
          54,
          48,
          52,
          47,
          56,
          46,
          51,
          49,
          58,
          75,
          9,
          4,
          10
        ],
        "total_demand": 281,
        "total_distance": 230.2778125714552
      },
      {
        "vehicle_id": 4,
        "customer_sequence": [
          17,
          63,
          24,
          27,
          1,
          43,
          26,
          5,
          25,
          16,
          20,
          15,
          74,
          72,
          64,
          70,
          36,
          66,
          8,
          34,
          73,
          60
        ],
        "total_demand": 238,
        "total_distance": 247.63226733570718
      }
    ],
    "total_cost": 679.2608140815389,
    "computation_time": 0.0,
    "is_valid": true,
    "convergence_history": null
  }
}