{
  "instance_id": "synthetic_125c_437q_random_s1134366121",
  "instance_name": "Synthetic Random",
  "instance_size": 125,
  "configuration": "drl_expert_ga",
  "agent_used": "expert",
  "replicate": 2,
  "seed": 196656632,
  "initial_cost": 2270.981323278967,
  "final_cost": 1842.4253778996936,
  "improvement_gap": 18.870958602182643,
  "total_time": 269.2674181461334,
  "initialization_time": 252.32457733154297,
  "evolution_time": 16.942840814590454,
  "generations_run": 100,
  "generations_to_convergence": null,
  "convergence_history": [
    2270.981323278967,
    2270.981323278967,
    2270.981323278967,
    2270.981323278967,
    2261.789366421392,
    2216.275052695457,
    2216.275052695457,
    2140.5713183402527,
    2140.5713183402527,
    2113.8490594976042,
    2113.8490594976042,
    2083.431754629137,
    2080.7180093358575,
    2080.7180093358575,
    2060.26729682569,
    2060.26729682569,
    2056.050824205149,
    2045.4166291844842,
    2035.600111694982,
    2034.5233534015968,
    2026.852841920192,
    2014.2570520384952,
    2013.18029374511,
    2013.18029374511,
    2010.75803270918,
    2005.6806259993498,
    2005.6806259993498,
    2003.2583649634198,
    2003.2583649634198,
    2001.2958042479452,
    2001.2958042479452,
    2001.2958042479452,
    2001.2958042479452,
    2001.2958042479452,
    2001.2958042479452,
    1996.2042489092482,
    1996.2042489092482,
    1996.2042489092482,
    1996.2042489092482,
    1996.2042489092482,
    1996.2042489092482,
    1984.2857440363437,
    1984.2857440363437,
    1984.2857440363437,
    1955.6512124946298,
    1955.6512124946298,
    1955.6512124946298,
    1955.6512124946298,
    1955.6512124946298,
    1955.6512124946298,
    1952.7026643007252,
    1952.7026643007252,
    1940.1930132132657,
    1940.1930132132657,
    1940.1930132132657,
    1937.0337061905607,
    1937.0337061905607,
    1937.0337061905607,
    1933.7153816337363,
    1933.7153816337363,
    1927.208035055362,
    1923.9845897354267,
    1923.8897104985376,
    1920.6662651786023,
    1918.8158087080928,
    1918.8158087080928,
    1918.8158087080928,
    1918.8158087080928,
    1918.8158087080928,
    1918.342546206724,
    1918.342546206724,
    1918.342546206724,
    1913.5697818984727,
    1913.5697818984727,
    1913.0965193971042,
    1911.8036237740453,
    1907.419496504041,
    1907.419496504041,
    1907.419496504041,
    1907.419496504041,
    1907.419496504041,
    1907.419496504041,
    1907.419496504041,
    1890.9833351024981,
    1890.9833351024981,
    1890.9833351024981,
    1888.0395385919737,
    1888.0395385919737,
    1888.0395385919737,
    1888.0395385919737,
    1862.753045742661,
    1862.753045742661,
    1862.753045742661,
    1862.753045742661,
    1862.753045742661,
    1860.368464763968,
    1846.2985887601149,
    1846.2985887601149,
    1846.2985887601149,
    1842.5953337537649,
    1842.4253778996936
  ],
  "best_solution": {
    "id": "ga_gen0_9593",
    "instance_id": "synthetic_125c_437q_random_s1134366121",
    "algorithm": "drl_expert_ga",
    "routes": [
      {
        "vehicle_id": 0,
        "customer_sequence": [
          118,
          102,
          123,
          120,
          113,
          22,
          38,
          32,
          17,
          1,
          66,
          18,
          106,
          61,
          12,
          91,
          37,
          122
        ],
        "total_demand": 422,
        "total_distance": 334.68922603656154
      },
      {
        "vehicle_id": 1,
        "customer_sequence": [
          47,
          58,
          97,
          40,
          98,
          27,
          89,
          112,
          8,
          94,
          71,
          121,
          67,
          56,
          49,
          45,
          88,
          54,
          99,
          11,
          9,
          70,
          65,
          41
        ],
        "total_demand": 437,
        "total_distance": 381.92996187697133
      },
      {
        "vehicle_id": 2,
        "customer_sequence": [
          103,
          51,
          83,
          75,
          76,
          50,
          100,
          57,
          95,
          20,
          30,
          125,
          55,
          19,
          119,
          72,
          44,
          77,
          59
        ],
        "total_demand": 413,
        "total_distance": 291.59312195841113
      },
      {
        "vehicle_id": 3,
        "customer_sequence": [
          60,
          96,
          90,
          29,
          25,
          78,
          69,
          7,
          43,
          3,
          15,
          73,
          48,
          84,
          92,
          114,
          6,
          109,
          68,
          86,
          34,
          80,
          116
        ],
        "total_demand": 432,
        "total_distance": 396.0120654718948
      },
      {
        "vehicle_id": 4,
        "customer_sequence": [
          28,
          117,
          81,
          124,
          107,
          36,
          115,
          64,
          2,
          13,
          5,
          82,
          31,
          39,
          74,
          63,
          53,
          111,
          10,
          23,
          46,
          93,
          110,
          42,
          24,
          52,
          16,
          85,
          26
        ],
        "total_demand": 428,
        "total_distance": 457.8753927725032
      },
      {
        "vehicle_id": 5,
        "customer_sequence": [
          108,
          14,
          105,
          21,
          104,
          35,
          62,
          79,
          4,
          33,
          87,
          101
        ],
        "total_demand": 128,
        "total_distance": 304.81801012991167
      }
    ],
    "total_cost": 1842.4253778996936,
    "computation_time": 0.0,
    "is_valid": true,
    "convergence_history": null
  }
}