{
  "instance_id": "synthetic_20c_60q_clustered4_s1111526628",
  "instance_name": "Synthetic Clustered",
  "instance_size": 20,
  "configuration": "drl_expert_ga",
  "agent_used": "expert",
  "replicate": 4,
  "seed": 1102121433,
  "initial_cost": 288.9821227095847,
  "final_cost": 197.16321707505637,
  "improvement_gap": 31.773213087926067,
  "total_time": 11.988234996795654,
  "initialization_time": 11.437558650970459,
  "evolution_time": 0.5506763458251953,
  "generations_run": 100,
  "generations_to_convergence": 24,
  "convergence_history": [
    288.9821227095847,
    269.82890010140653,
    269.82890010140653,
    269.82890010140653,
    260.2003323952715,
    239.0596982662001,
    230.90922535324916,
    220.97074758079583,
    220.97074758079583,
    210.72905673752598,
    210.72905673752598,
    208.81240055432772,
    208.81240055432772,
    206.41805783406275,
    206.41805783406275,
    200.6768880928213,
    200.6768880928213,
    200.6768880928213,
    200.6768880928213,
    200.25788495915089,
    200.25788495915089,
    200.25788495915089,
    200.25788495915089,
    200.25788495915089,
    197.16321707505637,
    197.16321707505637,
    197.16321707505637,
    197.16321707505637,
    197.16321707505637,
    197.16321707505637,
    197.16321707505637,
    197.16321707505637,
    197.16321707505637,
    197.16321707505637,
    197.16321707505637,
    197.16321707505637,
    197.16321707505637,
    197.16321707505637,
    197.16321707505637,
    197.16321707505637,
    197.16321707505637,
    197.16321707505637,
    197.16321707505637,
    197.16321707505637,
    197.16321707505637,
    197.16321707505637,
    197.16321707505637,
    197.16321707505637,
    197.16321707505637,
    197.16321707505637,
    197.16321707505637,
    197.16321707505637,
    197.16321707505637,
    197.16321707505637,
    197.16321707505637,
    197.16321707505637,
    197.16321707505637,
    197.16321707505637,
    197.16321707505637,
    197.16321707505637,
    197.16321707505637,
    197.16321707505637,
    197.16321707505637,
    197.16321707505637,
    197.16321707505637,
    197.16321707505637,
    197.16321707505637,
    197.16321707505637,
    197.16321707505637,
    197.16321707505637,
    197.16321707505637,
    197.16321707505637,
    197.16321707505637,
    197.16321707505637,
    197.16321707505637,
    197.16321707505637,
    197.16321707505637,
    197.16321707505637,
    197.16321707505637,
    197.16321707505637,
    197.16321707505637,
    197.16321707505637,
    197.16321707505637,
    197.16321707505637,
    197.16321707505637,
    197.16321707505637,
    197.16321707505637,
    197.16321707505637,
    197.16321707505637,
    197.16321707505637,
    197.16321707505637,
    197.16321707505637,
    197.16321707505637,
    197.16321707505637,
    197.16321707505637,
    197.16321707505637,
    197.16321707505637,
    197.16321707505637,
    197.16321707505637,
    197.16321707505637,
    197.16321707505637
  ],
  "best_solution": {
    "id": "ga_gen0_1219",
    "instance_id": "synthetic_20c_60q_clustered4_s1111526628",
    "algorithm": "drl_expert_ga",
    "routes": [
      {
        "vehicle_id": 0,
        "customer_sequence": [
          3,
          4
        ],
        "total_demand": 36,
        "total_distance": 68.82673894304432
      },
      {
        "vehicle_id": 1,
        "customer_sequence": [
          11,
          14
        ],
        "total_demand": 51,
        "total_distance": 37.43359412287385
      },
      {
        "vehicle_id": 2,
        "customer_sequence": [
          9,
          17,
          20,
          10
        ],
        "total_demand": 58,
        "total_distance": 121.97532670185157
      },
      {
        "vehicle_id": 3,
        "customer_sequence": [
          18,
          19,
          7,
          8
        ],
        "total_demand": 59,
        "total_distance": 97.69220246792894
      },
      {
        "vehicle_id": 4,
        "customer_sequence": [
          13,
          15,
          16,
          6,
          12,
          2,
          1
        ],
        "total_demand": 57,
        "total_distance": 124.49920701390191
      },
      {
        "vehicle_id": 5,
        "customer_sequence": [
          5
        ],
        "total_demand": 5,
        "total_distance": 65.32320557846317
      }
    ],
    "total_cost": 197.16321707505637,
    "computation_time": 0.0,
    "is_valid": true,
    "convergence_history": null
  }
}