{
  "instance_id": "synthetic_150c_525q_clustered6_s181653072",
  "instance_name": "Synthetic Clustered",
  "instance_size": 150,
  "configuration": "drl_expert_ga",
  "agent_used": "expert",
  "replicate": 2,
  "seed": 1806613330,
  "initial_cost": 1655.2296337782404,
  "final_cost": 1428.949631490317,
  "improvement_gap": 13.670610872970833,
  "total_time": 386.61465787887573,
  "initialization_time": 362.17671155929565,
  "evolution_time": 24.437946319580078,
  "generations_run": 100,
  "generations_to_convergence": null,
  "convergence_history": [
    1655.2296337782404,
    1655.2296337782404,
    1643.8398877060047,
    1643.8398877060047,
    1643.8398877060047,
    1641.0271728737455,
    1641.0271728737455,
    1641.0271728737455,
    1619.4532597077155,
    1616.0605902930902,
    1616.0605902930902,
    1610.0106510171327,
    1591.4100589929353,
    1591.4100589929353,
    1591.4100589929353,
    1591.4100589929353,
    1591.4100589929353,
    1591.4100589929353,
    1591.4100589929353,
    1586.3634489223182,
    1586.3634489223182,
    1586.3634489223182,
    1576.2701836646656,
    1576.2701836646656,
    1576.2701836646656,
    1571.7945932847992,
    1571.7945932847992,
    1571.7945932847992,
    1567.2866084068323,
    1567.2866084068323,
    1567.2866084068323,
    1567.2866084068323,
    1563.3940724660345,
    1563.1607868910237,
    1563.1607868910237,
    1557.1952264763968,
    1557.1952264763968,
    1547.0638544894587,
    1547.0638544894587,
    1547.0638544894587,
    1535.5449375478024,
    1535.5449375478024,
    1527.4469171779729,
    1527.4469171779729,
    1524.261690798597,
    1518.5510411903797,
    1514.425219674571,
    1514.425219674571,
    1514.425219674571,
    1508.0381058781086,
    1508.0381058781086,
    1506.068179882049,
    1506.0145628030155,
    1506.0145628030155,
    1506.0145628030155,
    1504.044636806956,
    1504.044636806956,
    1504.044636806956,
    1504.044636806956,
    1504.044636806956,
    1504.044636806956,
    1501.8759362610006,
    1501.8759362610006,
    1482.8252684503598,
    1482.8252684503598,
    1482.8252684503598,
    1480.656567904404,
    1477.0053205330169,
    1477.0053205330169,
    1477.0053205330169,
    1470.3054549081562,
    1470.3054549081562,
    1470.3054549081562,
    1467.4939265522376,
    1465.6638766903686,
    1465.3252260062818,
    1465.3252260062818,
    1463.495176144413,
    1463.495176144413,
    1460.6836477884945,
    1459.2052241006445,
    1459.2052241006445,
    1458.0687562865564,
    1458.0687562865564,
    1453.8779228800854,
    1453.8779228800854,
    1453.8779228800854,
    1453.8779228800854,
    1453.8779228800854,
    1453.0975530229293,
    1431.3769985656154,
    1431.3769985656154,
    1431.3769985656154,
    1430.5966287084593,
    1430.5966287084593,
    1428.949631490317,
    1428.949631490317,
    1428.949631490317,
    1428.949631490317,
    1428.949631490317,
    1428.949631490317
  ],
  "best_solution": {
    "id": "ga_gen0_7845",
    "instance_id": "synthetic_150c_525q_clustered6_s181653072",
    "algorithm": "drl_expert_ga",
    "routes": [
      {
        "vehicle_id": 0,
        "customer_sequence": [
          97,
          45,
          142,
          125,
          128,
          133,
          145,
          143,
          111,
          138,
          102,
          127,
          107,
          121,
          141,
          144,
          31,
          35,
          33,
          42,
          48,
          38,
          119
        ],
        "total_demand": 521,
        "total_distance": 270.16731891416384
      },
      {
        "vehicle_id": 1,
        "customer_sequence": [
          50,
          7,
          93,
          20,
          49,
          129,
          123,
          118,
          130,
          120,
          131,
          132,
          137,
          126,
          103,
          84,
          110,
          101,
          86,
          41,
          99,
          76
        ],
        "total_demand": 521,
        "total_distance": 168.4116346624202
      },
      {
        "vehicle_id": 2,
        "customer_sequence": [
          6,
          62,
          55,
          5,
          64,
          87,
          92,
          88,
          90,
          29,
          3,
          85,
          27,
          96,
          89,
          81,
          79,
          28,
          40,
          43,
          44,
          15,
          100,
          94,
          95,
          17
        ],
        "total_demand": 521,
        "total_distance": 257.86533544786073
      },
      {
        "vehicle_id": 3,
        "customer_sequence": [
          91,
          78,
          98,
          116,
          104,
          149,
          117,
          150,
          112,
          124,
          80,
          73,
          14,
          2,
          8,
          67,
          58,
          68,
          9,
          74,
          13,
          18,
          24,
          16,
          75,
          65,
          56
        ],
        "total_demand": 520,
        "total_distance": 287.8923580604208
      },
      {
        "vehicle_id": 4,
        "customer_sequence": [
          122,
          108,
          134,
          115,
          106,
          139,
          105,
          136,
          135,
          46,
          147,
          109,
          146,
          148,
          140,
          113,
          114,
          72,
          63,
          57,
          70,
          71,
          21,
          61,
          69,
          54,
          19,
          23,
          36,
          39,
          82,
          59,
          30,
          34,
          77,
          37,
          83
        ],
        "total_demand": 520,
        "total_distance": 452.1543972830606
      },
      {
        "vehicle_id": 5,
        "customer_sequence": [
          47,
          32,
          26,
          1,
          53,
          25,
          10,
          52,
          51,
          66,
          60,
          11,
          22,
          12,
          4
        ],
        "total_demand": 148,
        "total_distance": 231.97599777699105
      }
    ],
    "total_cost": 1428.949631490317,
    "computation_time": 0.0,
    "is_valid": true,
    "convergence_history": null
  }
}