{
  "instance_id": "synthetic_75c_281q_clustered5_s259384487",
  "instance_name": "Synthetic Clustered",
  "instance_size": 75,
  "configuration": "drl_expert_ga",
  "agent_used": "expert",
  "replicate": 1,
  "seed": 1026034567,
  "initial_cost": 901.0365403940443,
  "final_cost": 808.0117630231445,
  "improvement_gap": 10.324195878917182,
  "total_time": 105.17961573600769,
  "initialization_time": 100.43554472923279,
  "evolution_time": 4.744071006774902,
  "generations_run": 100,
  "generations_to_convergence": 48,
  "convergence_history": [
    901.0365403940443,
    884.6456848804337,
    884.6456848804337,
    884.6456848804337,
    884.6456848804337,
    879.8460092100888,
    879.8460092100888,
    879.8460092100888,
    879.8460092100888,
    872.0325047190807,
    872.0325047190807,
    868.7100995738351,
    868.7100995738351,
    868.7100995738351,
    868.7100995738351,
    868.7100995738351,
    868.7100995738351,
    868.7100995738351,
    868.7100995738351,
    868.7100995738351,
    855.7766030521368,
    855.7766030521368,
    855.7766030521368,
    855.7766030521368,
    855.7766030521368,
    854.5482937449503,
    854.5482937449503,
    854.5482937449503,
    849.8448714683007,
    849.8448714683007,
    849.8448714683007,
    848.6165621611142,
    848.6165621611142,
    844.5353156179112,
    843.3070063107248,
    836.6526488119523,
    836.6526488119523,
    836.6526488119523,
    835.5683568095458,
    835.5683568095458,
    835.5683568095458,
    834.3436893946582,
    834.3436893946582,
    834.3436893946582,
    834.3436893946582,
    834.3436893946582,
    834.3436893946582,
    834.3436893946582,
    830.5232342790466,
    830.5232342790466,
    830.5232342790466,
    830.5232342790466,
    830.5232342790466,
    830.5232342790466,
    830.5232342790466,
    830.5232342790466,
    830.5232342790466,
    830.5232342790466,
    830.5232342790466,
    830.5232342790466,
    830.5232342790466,
    830.5232342790466,
    830.5232342790466,
    830.5232342790466,
    830.5232342790466,
    830.5232342790466,
    830.5232342790466,
    830.5232342790466,
    830.5232342790466,
    830.5232342790466,
    830.5232342790466,
    829.3788547422181,
    829.1803759054752,
    829.1803759054752,
    826.2438085078384,
    826.2438085078384,
    826.2438085078384,
    826.2438085078384,
    821.170097218019,
    821.170097218019,
    816.9519894701126,
    816.9519894701126,
    811.8782781802933,
    811.8782781802933,
    811.8782781802933,
    811.8782781802933,
    811.8782781802933,
    811.8782781802933,
    808.0117630231445,
    808.0117630231445,
    808.0117630231445,
    808.0117630231445,
    808.0117630231445,
    808.0117630231445,
    808.0117630231445,
    808.0117630231445,
    808.0117630231445,
    808.0117630231445,
    808.0117630231445,
    808.0117630231445,
    808.0117630231445
  ],
  "best_solution": {
    "id": "ga_gen0_9306",
    "instance_id": "synthetic_75c_281q_clustered5_s259384487",
    "algorithm": "drl_expert_ga",
    "routes": [
      {
        "vehicle_id": 0,
        "customer_sequence": [
          62,
          24,
          75,
          20,
          13,
          22,
          15,
          18,
          29,
          68,
          5
        ],
        "total_demand": 278,
        "total_distance": 106.5983564383228
      },
      {
        "vehicle_id": 1,
        "customer_sequence": [
          64,
          16,
          6,
          42,
          44,
          31,
          38,
          54,
          39,
          51,
          48,
          58,
          50
        ],
        "total_demand": 280,
        "total_distance": 167.53189906949314
      },
      {
        "vehicle_id": 2,
        "customer_sequence": [
          33,
          43,
          35,
          27,
          28,
          26,
          11,
          25,
          69,
          71,
          61,
          67,
          66,
          7
        ],
        "total_demand": 280,
        "total_distance": 187.02891246529975
      },
      {
        "vehicle_id": 3,
        "customer_sequence": [
          73,
          49,
          36,
          55,
          40,
          63,
          3,
          9,
          2,
          19,
          41,
          32,
          57,
          34,
          46
        ],
        "total_demand": 279,
        "total_distance": 230.32082827592473
      },
      {
        "vehicle_id": 4,
        "customer_sequence": [
          52,
          37,
          45,
          47,
          59,
          53,
          56,
          60,
          70,
          72,
          65,
          21,
          17,
          74,
          4,
          8,
          30,
          10,
          14,
          12,
          1,
          23
        ],
        "total_demand": 192,
        "total_distance": 289.3976833988611
      }
    ],
    "total_cost": 808.0117630231445,
    "computation_time": 0.0,
    "is_valid": true,
    "convergence_history": null
  }
}