{
  "instance_id": "synthetic_90c_337q_random_s489782327",
  "instance_name": "Synthetic Random",
  "instance_size": 90,
  "configuration": "drl_expert_ga",
  "agent_used": "expert",
  "replicate": 5,
  "seed": 160238768,
  "initial_cost": 1829.3020541963629,
  "final_cost": 1376.9520525386463,
  "improvement_gap": 24.728010369858797,
  "total_time": 145.08714246749878,
  "initialization_time": 136.43161177635193,
  "evolution_time": 8.65553069114685,
  "generations_run": 100,
  "generations_to_convergence": null,
  "convergence_history": [
    1829.3020541963629,
    1829.3020541963629,
    1829.3020541963629,
    1829.3020541963629,
    1829.3020541963629,
    1829.3020541963629,
    1805.379803360792,
    1805.379803360792,
    1805.379803360792,
    1801.3735839749238,
    1790.3189859480249,
    1790.3189859480249,
    1755.6718281725275,
    1745.4977938146967,
    1745.4977938146967,
    1745.4977938146967,
    1713.8345231744536,
    1713.8345231744536,
    1713.8345231744536,
    1706.9953986534883,
    1703.6527650232244,
    1703.6527650232244,
    1701.167268118494,
    1691.5022114588926,
    1691.5022114588926,
    1689.016714554162,
    1658.6650626061946,
    1658.6650626061946,
    1658.6650626061946,
    1654.797012337812,
    1654.797012337812,
    1645.0942729770702,
    1643.9015051519455,
    1639.3461275163393,
    1637.242808629531,
    1635.765617910759,
    1631.3355708050779,
    1629.8583800863057,
    1629.4576982228052,
    1628.6181591752031,
    1621.6026087720024,
    1618.9120669719166,
    1618.9120669719166,
    1614.0136438540856,
    1607.392510464163,
    1601.6479205556764,
    1601.6479205556764,
    1601.6479205556764,
    1576.057649507944,
    1576.057649507944,
    1576.057649507944,
    1565.414636481626,
    1565.414636481626,
    1565.414636481626,
    1565.414636481626,
    1565.414636481626,
    1546.2377330306267,
    1546.2377330306267,
    1546.2377330306267,
    1540.165248782469,
    1540.165248782469,
    1540.165248782469,
    1539.758747701209,
    1529.8191116412836,
    1529.8191116412836,
    1526.4518330021756,
    1523.6017296607365,
    1518.3217674480627,
    1515.4716641066236,
    1507.9560514315006,
    1507.3532170040235,
    1501.7386694509532,
    1490.080356407982,
    1488.0213734271313,
    1488.0213734271313,
    1488.0213734271313,
    1487.83588714455,
    1469.2943458778964,
    1469.2943458778964,
    1469.2943458778964,
    1467.4916347298392,
    1465.247165466407,
    1461.8742006301986,
    1461.8742006301986,
    1459.6297313667667,
    1459.6297313667667,
    1458.41232036382,
    1458.41232036382,
    1438.7378761285718,
    1417.3909164116,
    1417.3909164116,
    1416.1735054086537,
    1393.466106898877,
    1393.466106898877,
    1392.2486958959305,
    1392.2486958959305,
    1383.8410436053637,
    1376.9520525386463,
    1376.9520525386463,
    1376.9520525386463,
    1376.9520525386463
  ],
  "best_solution": {
    "id": "ga_gen0_8746",
    "instance_id": "synthetic_90c_337q_random_s489782327",
    "algorithm": "drl_expert_ga",
    "routes": [
      {
        "vehicle_id": 0,
        "customer_sequence": [
          42,
          57,
          32,
          30,
          8,
          63,
          19,
          27,
          54,
          79,
          64,
          40,
          71,
          69,
          20,
          11,
          68,
          2
        ],
        "total_demand": 335,
        "total_distance": 348.32190350681327
      },
      {
        "vehicle_id": 1,
        "customer_sequence": [
          82,
          81,
          12,
          51,
          37,
          41,
          66,
          15,
          25,
          45,
          5,
          36,
          38,
          35,
          74
        ],
        "total_demand": 333,
        "total_distance": 223.1102133561956
      },
      {
        "vehicle_id": 2,
        "customer_sequence": [
          56,
          84,
          90,
          78,
          65,
          3,
          43,
          52,
          55,
          33,
          6,
          80,
          39,
          88,
          46
        ],
        "total_demand": 336,
        "total_distance": 246.1233147401881
      },
      {
        "vehicle_id": 3,
        "customer_sequence": [
          24,
          13,
          83,
          17,
          70,
          21,
          10,
          62,
          58,
          87,
          14,
          73,
          75,
          59,
          86,
          16,
          49,
          22,
          72,
          89,
          77
        ],
        "total_demand": 331,
        "total_distance": 455.7686483944549
      },
      {
        "vehicle_id": 4,
        "customer_sequence": [
          44,
          31,
          18,
          1,
          53,
          85,
          47,
          29,
          34,
          60,
          76,
          23,
          26,
          50,
          9,
          48,
          28,
          4,
          7,
          67,
          61
        ],
        "total_demand": 317,
        "total_distance": 335.95024815531457
      }
    ],
    "total_cost": 1376.9520525386463,
    "computation_time": 0.0,
    "is_valid": true,
    "convergence_history": null
  }
}