{
  "instance_id": "synthetic_140c_490q_random_s158679892",
  "instance_name": "Synthetic Random",
  "instance_size": 140,
  "configuration": "drl_expert_ga",
  "agent_used": "expert",
  "replicate": 2,
  "seed": 2127257357,
  "initial_cost": 2508.70722519973,
  "final_cost": 2012.1685814342986,
  "improvement_gap": 19.792610264671268,
  "total_time": 335.095153093338,
  "initialization_time": 314.55253505706787,
  "evolution_time": 20.54261803627014,
  "generations_run": 100,
  "generations_to_convergence": null,
  "convergence_history": [
    2508.70722519973,
    2508.70722519973,
    2508.70722519973,
    2508.70722519973,
    2508.70722519973,
    2508.70722519973,
    2508.70722519973,
    2508.70722519973,
    2508.70722519973,
    2489.5353965654895,
    2476.456317376407,
    2476.456317376407,
    2475.1351586115184,
    2475.1351586115184,
    2475.1351586115184,
    2475.1351586115184,
    2474.30441904006,
    2468.709899952682,
    2411.3298817801215,
    2404.9046231212856,
    2404.9046231212856,
    2404.9046231212856,
    2404.0738835498273,
    2388.888631682396,
    2388.0578921109377,
    2388.0578921109377,
    2347.057819816813,
    2347.057819816813,
    2347.057819816813,
    2347.057819816813,
    2347.057819816813,
    2347.057819816813,
    2347.057819816813,
    2347.057819816813,
    2347.057819816813,
    2346.6318401998747,
    2324.952085790841,
    2324.952085790841,
    2314.553148007128,
    2314.553148007128,
    2310.38443142462,
    2310.38443142462,
    2310.38443142462,
    2310.38443142462,
    2299.5513540118122,
    2299.5513540118122,
    2293.891480646044,
    2293.891480646044,
    2293.891480646044,
    2281.8257365157006,
    2281.8257365157006,
    2276.165863149932,
    2273.596073751026,
    2273.596073751026,
    2273.596073751026,
    2273.596073751026,
    2239.6599668079384,
    2239.6599668079384,
    2239.6599668079384,
    2184.032274304542,
    2175.3846240004477,
    2175.3846240004477,
    2175.3846240004477,
    2098.511836422309,
    2098.511836422309,
    2098.511836422309,
    2063.4830868304907,
    2063.4830868304907,
    2063.4830868304907,
    2063.0571072135517,
    2063.0571072135517,
    2063.0571072135517,
    2063.0571072135517,
    2025.7797580628894,
    2025.7797580628894,
    2025.7797580628894,
    2025.7797580628894,
    2025.7797580628894,
    2025.7797580628894,
    2025.7797580628894,
    2025.1684175776686,
    2025.1684175776686,
    2025.1684175776686,
    2025.1684175776686,
    2025.1684175776686,
    2021.0063914181383,
    2021.0063914181383,
    2013.2069617986585,
    2013.2069617986585,
    2013.2069617986585,
    2013.2069617986585,
    2013.2069617986585,
    2013.2069617986585,
    2013.2069617986585,
    2013.2069617986585,
    2013.2069617986585,
    2013.2069617986585,
    2013.2069617986585,
    2013.2069617986585,
    2012.1685814342986,
    2012.1685814342986
  ],
  "best_solution": {
    "id": "ga_gen0_9866",
    "instance_id": "synthetic_140c_490q_random_s158679892",
    "algorithm": "drl_expert_ga",
    "routes": [
      {
        "vehicle_id": 0,
        "customer_sequence": [
          89,
          42,
          29,
          69,
          36,
          55,
          132,
          23,
          77,
          50,
          98,
          20,
          131,
          128,
          93,
          22,
          81,
          53,
          28,
          70,
          110,
          30,
          134,
          4
        ],
        "total_demand": 488,
        "total_distance": 407.60379957221505
      },
      {
        "vehicle_id": 1,
        "customer_sequence": [
          125,
          26,
          56,
          137,
          100,
          84,
          11,
          45,
          135,
          75,
          133,
          66,
          37,
          92,
          76,
          94,
          107,
          44,
          83,
          139,
          17
        ],
        "total_demand": 488,
        "total_distance": 307.46035686538403
      },
      {
        "vehicle_id": 2,
        "customer_sequence": [
          73,
          43,
          62,
          39,
          78,
          90,
          41,
          38,
          19,
          106,
          82,
          79,
          46,
          58,
          64,
          5,
          14,
          91,
          54,
          10,
          12,
          126,
          13
        ],
        "total_demand": 486,
        "total_distance": 381.5801802343567
      },
      {
        "vehicle_id": 3,
        "customer_sequence": [
          74,
          48,
          21,
          80,
          59,
          127,
          71,
          68,
          120,
          9,
          118,
          105,
          3,
          16,
          60,
          99,
          34,
          40,
          119,
          52,
          57,
          121,
          109,
          72,
          27,
          123,
          61,
          96,
          108,
          85,
          104,
          47
        ],
        "total_demand": 487,
        "total_distance": 540.4382513680679
      },
      {
        "vehicle_id": 4,
        "customer_sequence": [
          2,
          25,
          35,
          18,
          101,
          6,
          140,
          112,
          63,
          49,
          33,
          65,
          95,
          67,
          87,
          115,
          116,
          88,
          130,
          7,
          129,
          122,
          8,
          113,
          15,
          1,
          86,
          97,
          32,
          124,
          138,
          51,
          102,
          31,
          103,
          24
        ],
        "total_demand": 489,
        "total_distance": 583.4394840893035
      },
      {
        "vehicle_id": 5,
        "customer_sequence": [
          114,
          136,
          111,
          117
        ],
        "total_demand": 63,
        "total_distance": 138.06215589396498
      }
    ],
    "total_cost": 2012.1685814342986,
    "computation_time": 0.0,
    "is_valid": true,
    "convergence_history": null
  }
}