{
  "instance_id": "synthetic_125c_437q_random_s730903354",
  "instance_name": "Synthetic Random",
  "instance_size": 125,
  "configuration": "drl_expert_ga",
  "agent_used": "expert",
  "replicate": 2,
  "seed": 329340146,
  "initial_cost": 2211.29185598463,
  "final_cost": 1915.4644563199317,
  "improvement_gap": 13.378035055122742,
  "total_time": 272.4525713920593,
  "initialization_time": 255.59830403327942,
  "evolution_time": 16.854267358779907,
  "generations_run": 100,
  "generations_to_convergence": null,
  "convergence_history": [
    2211.29185598463,
    2211.29185598463,
    2211.29185598463,
    2179.288744086251,
    2179.288744086251,
    2145.7162692210513,
    2126.5939548185816,
    2126.5939548185816,
    2123.327020399888,
    2123.327020399888,
    2103.5130344527265,
    2095.8361455469776,
    2095.8361455469776,
    2089.9735186736516,
    2087.3956305581705,
    2078.462631439113,
    2078.462631439113,
    2078.462631439113,
    2075.9920593495526,
    2075.9920593495526,
    2075.9920593495526,
    2075.9920593495526,
    2074.5092084690605,
    2074.5092084690605,
    2074.5092084690605,
    2069.3914508760176,
    2068.062893903726,
    2068.062893903726,
    2054.2815921201304,
    2027.4469539031763,
    2027.4469539031763,
    2027.4469539031763,
    2023.980623691418,
    2022.4977728109257,
    2022.4977728109257,
    2022.4977728109257,
    2021.2418743756625,
    2007.0270980254797,
    2007.0270980254797,
    2007.0270980254797,
    2003.3963060259152,
    2003.3963060259152,
    2003.3963060259152,
    2000.4693832076828,
    2000.4693832076828,
    1975.8868067969493,
    1975.8868067969493,
    1975.8868067969493,
    1975.8868067969493,
    1975.8868067969493,
    1975.8868067969493,
    1975.8868067969493,
    1975.8868067969493,
    1975.8868067969493,
    1975.8868067969493,
    1975.8868067969493,
    1975.8868067969493,
    1975.8868067969493,
    1975.8868067969493,
    1975.8868067969493,
    1975.8868067969493,
    1975.8868067969493,
    1975.8868067969493,
    1975.8868067969493,
    1970.9815999349044,
    1970.9815999349044,
    1970.9815999349044,
    1953.8421154270866,
    1953.8421154270866,
    1953.8421154270866,
    1953.8421154270866,
    1952.039605140935,
    1952.039605140935,
    1952.039605140935,
    1939.8720244912488,
    1939.8720244912488,
    1939.8720244912488,
    1939.8720244912488,
    1919.5321742366193,
    1919.5321742366193,
    1919.5321742366193,
    1919.5321742366193,
    1919.5321742366193,
    1919.5321742366193,
    1919.5321742366193,
    1919.5321742366193,
    1919.5321742366193,
    1919.5321742366193,
    1915.6635767655787,
    1915.6635767655787,
    1915.6635767655787,
    1915.6635767655787,
    1915.6635767655787,
    1915.6635767655787,
    1915.6635767655787,
    1915.6635767655787,
    1915.6635767655787,
    1915.6635767655787,
    1915.6635767655787,
    1915.4644563199317,
    1915.4644563199317
  ],
  "best_solution": {
    "id": "ga_gen0_9614",
    "instance_id": "synthetic_125c_437q_random_s730903354",
    "algorithm": "drl_expert_ga",
    "routes": [
      {
        "vehicle_id": 0,
        "customer_sequence": [
          66,
          104,
          123,
          68,
          51,
          45,
          27,
          90,
          89,
          40,
          5,
          93,
          9,
          64,
          107,
          108,
          35,
          102,
          115,
          46
        ],
        "total_demand": 435,
        "total_distance": 317.32952353907467
      },
      {
        "vehicle_id": 1,
        "customer_sequence": [
          69,
          30,
          1,
          63,
          98,
          105,
          56,
          87,
          39,
          41,
          18,
          73,
          83,
          4,
          95,
          122,
          84,
          110,
          67,
          97,
          2,
          86
        ],
        "total_demand": 430,
        "total_distance": 429.77618377878775
      },
      {
        "vehicle_id": 2,
        "customer_sequence": [
          112,
          16,
          114,
          25,
          77,
          100,
          70,
          28,
          61,
          58,
          37,
          52,
          24,
          33,
          11,
          94,
          53,
          6,
          71,
          101,
          43,
          60,
          19,
          119,
          20,
          78
        ],
        "total_demand": 433,
        "total_distance": 340.1399066031807
      },
      {
        "vehicle_id": 3,
        "customer_sequence": [
          17,
          36,
          23,
          116,
          31,
          88,
          76,
          54,
          91,
          125,
          92,
          7,
          26,
          124,
          81,
          48,
          15,
          22,
          96,
          10,
          120,
          65,
          118,
          34,
          29,
          14,
          55,
          12
        ],
        "total_demand": 433,
        "total_distance": 424.54796820141786
      },
      {
        "vehicle_id": 4,
        "customer_sequence": [
          80,
          99,
          75,
          79,
          32,
          74,
          59,
          42,
          13,
          103,
          21,
          44,
          111,
          62,
          72,
          3,
          113,
          117,
          47,
          57,
          49,
          106,
          8,
          121,
          85,
          38,
          109,
          50,
          82
        ],
        "total_demand": 345,
        "total_distance": 699.5409890052869
      }
    ],
    "total_cost": 1915.4644563199317,
    "computation_time": 0.0,
    "is_valid": true,
    "convergence_history": null
  }
}