{
  "instance_id": "synthetic_75c_281q_clustered5_s445961326",
  "instance_name": "Synthetic Clustered",
  "instance_size": 75,
  "configuration": "drl_expert_ga",
  "agent_used": "expert",
  "replicate": 5,
  "seed": 1272137853,
  "initial_cost": 904.033730790562,
  "final_cost": 688.5760403467747,
  "improvement_gap": 23.83292604086501,
  "total_time": 106.15239310264587,
  "initialization_time": 101.60318279266357,
  "evolution_time": 4.5492103099823,
  "generations_run": 100,
  "generations_to_convergence": 68,
  "convergence_history": [
    904.033730790562,
    904.033730790562,
    904.033730790562,
    904.033730790562,
    902.4156020982969,
    902.4156020982969,
    899.0358651084049,
    899.0358651084049,
    893.2349928304618,
    893.2349928304618,
    891.2268930517207,
    891.2268930517207,
    885.4260207737777,
    880.859960896596,
    871.9002165479499,
    871.9002165479499,
    864.0912444912658,
    863.8805228436755,
    862.3898385163776,
    854.9207784950294,
    854.9207784950294,
    854.9207784950294,
    842.7636647404946,
    842.7636647404946,
    842.7636647404946,
    842.7636647404946,
    842.7636647404946,
    842.7636647404946,
    842.7636647404946,
    837.7291723423505,
    837.7291723423505,
    837.7291723423505,
    821.0768821262714,
    821.0768821262714,
    821.0768821262714,
    820.8684640246241,
    814.9623309621009,
    814.9623309621009,
    812.0541521504811,
    812.0541521504811,
    796.8993194556956,
    796.8993194556956,
    796.8993194556956,
    792.6485695632258,
    792.6485695632258,
    792.6485695632258,
    792.6485695632258,
    754.9795699605902,
    754.9795699605902,
    754.9795699605902,
    754.9795699605902,
    754.9795699605902,
    754.9795699605902,
    745.8279588845866,
    733.2594299290413,
    733.2594299290413,
    733.2594299290413,
    733.2594299290413,
    733.2594299290413,
    713.1029788265957,
    713.1029788265957,
    701.8158722169319,
    701.8158722169319,
    701.8158722169319,
    701.8158722169319,
    689.8888933468563,
    689.8888933468563,
    689.8888933468563,
    688.5760403467747,
    688.5760403467747,
    688.5760403467747,
    688.5760403467747,
    688.5760403467747,
    688.5760403467747,
    688.5760403467747,
    688.5760403467747,
    688.5760403467747,
    688.5760403467747,
    688.5760403467747,
    688.5760403467747,
    688.5760403467747,
    688.5760403467747,
    688.5760403467747,
    688.5760403467747,
    688.5760403467747,
    688.5760403467747,
    688.5760403467747,
    688.5760403467747,
    688.5760403467747,
    688.5760403467747,
    688.5760403467747,
    688.5760403467747,
    688.5760403467747,
    688.5760403467747,
    688.5760403467747,
    688.5760403467747,
    688.5760403467747,
    688.5760403467747,
    688.5760403467747,
    688.5760403467747,
    688.5760403467747
  ],
  "best_solution": {
    "id": "ga_gen0_2686",
    "instance_id": "synthetic_75c_281q_clustered5_s445961326",
    "algorithm": "drl_expert_ga",
    "routes": [
      {
        "vehicle_id": 0,
        "customer_sequence": [
          27,
          47,
          8,
          15,
          9,
          69,
          35,
          52,
          51,
          43,
          56,
          70,
          66,
          62,
          45
        ],
        "total_demand": 277,
        "total_distance": 172.7489595631517
      },
      {
        "vehicle_id": 1,
        "customer_sequence": [
          14,
          4,
          5,
          6,
          10,
          32,
          55,
          54,
          1,
          44,
          41,
          13,
          68
        ],
        "total_demand": 280,
        "total_distance": 145.8532373307574
      },
      {
        "vehicle_id": 2,
        "customer_sequence": [
          22,
          53,
          74,
          42,
          36,
          65,
          73,
          38,
          59,
          31,
          40,
          12,
          2,
          3
        ],
        "total_demand": 272,
        "total_distance": 150.4676401178082
      },
      {
        "vehicle_id": 3,
        "customer_sequence": [
          25,
          19,
          21,
          26,
          18,
          30,
          24,
          16,
          17,
          29,
          46,
          75,
          61,
          33,
          23,
          20,
          28
        ],
        "total_demand": 275,
        "total_distance": 230.37088146476196
      },
      {
        "vehicle_id": 4,
        "customer_sequence": [
          67,
          50,
          37,
          64,
          48,
          34,
          71,
          63,
          39,
          57,
          58,
          72,
          49,
          7,
          11,
          60
        ],
        "total_demand": 237,
        "total_distance": 204.8444116208541
      }
    ],
    "total_cost": 688.5760403467747,
    "computation_time": 0.0,
    "is_valid": true,
    "convergence_history": null
  }
}