{
  "instance_id": "synthetic_125c_437q_random_s41234086",
  "instance_name": "Synthetic Random",
  "instance_size": 125,
  "configuration": "drl_expert_ga",
  "agent_used": "expert",
  "replicate": 3,
  "seed": 694525958,
  "initial_cost": 2372.905915326129,
  "final_cost": 1855.8729152356495,
  "improvement_gap": 21.789022343914517,
  "total_time": 272.94418454170227,
  "initialization_time": 255.9931390285492,
  "evolution_time": 16.951045513153076,
  "generations_run": 100,
  "generations_to_convergence": null,
  "convergence_history": [
    2372.905915326129,
    2372.905915326129,
    2372.905915326129,
    2363.57371691946,
    2363.57371691946,
    2363.57371691946,
    2363.57371691946,
    2363.57371691946,
    2363.57371691946,
    2361.508127336666,
    2361.508127336666,
    2356.2825086476305,
    2356.2825086476305,
    2353.682440181263,
    2302.8535766752207,
    2302.8535766752207,
    2302.8535766752207,
    2295.9717878014258,
    2249.0636545202383,
    2249.0636545202383,
    2249.0636545202383,
    2232.504275760579,
    2232.504275760579,
    2220.6581290431363,
    2220.6581290431363,
    2212.7584988402054,
    2206.9174041301894,
    2206.9174041301894,
    2206.9174041301894,
    2167.525938386674,
    2167.525938386674,
    2167.525938386674,
    2134.1980147357244,
    2134.1980147357244,
    2134.1980147357244,
    2130.165070320825,
    2130.165070320825,
    2119.274559466418,
    2116.558442669154,
    2116.558442669154,
    2107.6304927122956,
    2098.491209754149,
    2098.491209754149,
    2098.491209754149,
    2098.491209754149,
    2093.7052363811063,
    2093.7052363811063,
    2092.4924489513824,
    2091.517126897347,
    2091.517126897347,
    2090.304339467623,
    2090.304339467623,
    2022.2310134700492,
    2022.2310134700492,
    2022.2310134700492,
    2019.477540316233,
    2006.3776176944461,
    2006.3776176944461,
    2006.3776176944461,
    1997.7080234312843,
    1997.7080234312843,
    1993.6506251151986,
    1992.0582486290914,
    1992.0582486290914,
    1992.0582486290914,
    1992.0582486290914,
    1992.0582486290914,
    1992.0582486290914,
    1992.0582486290914,
    1992.0582486290914,
    1992.0582486290914,
    1985.4948798818382,
    1985.4948798818382,
    1985.4948798818382,
    1985.4948798818382,
    1972.622633232892,
    1972.622633232892,
    1972.622633232892,
    1972.4863463640363,
    1964.7051467821157,
    1953.050730967837,
    1948.7025427123817,
    1948.7025427123817,
    1948.7025427123817,
    1939.4165321567193,
    1937.2978512656373,
    1914.728460644782,
    1905.4424500891196,
    1905.4424500891196,
    1905.4424500891196,
    1905.4364911562516,
    1898.7718737323235,
    1898.7718737323235,
    1898.7659147994555,
    1898.7659147994555,
    1880.002002257343,
    1880.002002257343,
    1879.3946104308175,
    1879.3946104308175,
    1855.8729152356495,
    1855.8729152356495
  ],
  "best_solution": {
    "id": "ga_gen0_4708",
    "instance_id": "synthetic_125c_437q_random_s41234086",
    "algorithm": "drl_expert_ga",
    "routes": [
      {
        "vehicle_id": 0,
        "customer_sequence": [
          118,
          53,
          23,
          93,
          105,
          18,
          49,
          26,
          117,
          57,
          125,
          65,
          47,
          30,
          63,
          9,
          58,
          69,
          8,
          41
        ],
        "total_demand": 434,
        "total_distance": 371.64082977696967
      },
      {
        "vehicle_id": 1,
        "customer_sequence": [
          120,
          72,
          51,
          98,
          21,
          33,
          12,
          99,
          119,
          110,
          48,
          43,
          34,
          14,
          83,
          77,
          20,
          112,
          40,
          80,
          102,
          101
        ],
        "total_demand": 435,
        "total_distance": 278.4935407213691
      },
      {
        "vehicle_id": 2,
        "customer_sequence": [
          5,
          1,
          116,
          31,
          67,
          64,
          82,
          3,
          89,
          70,
          44,
          55,
          106,
          66,
          76,
          109,
          95,
          7,
          50,
          73,
          17,
          71,
          86,
          91,
          121,
          115,
          28
        ],
        "total_demand": 435,
        "total_distance": 444.06999790513953
      },
      {
        "vehicle_id": 3,
        "customer_sequence": [
          104,
          103,
          52,
          38,
          94,
          22,
          46,
          25,
          54,
          45,
          68,
          19,
          15,
          10,
          6,
          107,
          11,
          39,
          35,
          90,
          124,
          13,
          100,
          59,
          61,
          92
        ],
        "total_demand": 437,
        "total_distance": 412.65228593370307
      },
      {
        "vehicle_id": 4,
        "customer_sequence": [
          29,
          81,
          16,
          122,
          87,
          56,
          111,
          2,
          114,
          85,
          74,
          88,
          113,
          60,
          37,
          84,
          78,
          36,
          75,
          79,
          108,
          97,
          42,
          96,
          62,
          123,
          24,
          4,
          32,
          27
        ],
        "total_demand": 390,
        "total_distance": 650.8256348953694
      }
    ],
    "total_cost": 1855.8729152356495,
    "computation_time": 0.0,
    "is_valid": true,
    "convergence_history": null
  }
}