{
  "instance_id": "synthetic_110c_481q_random_s598206558",
  "instance_name": "Synthetic Random",
  "instance_size": 110,
  "configuration": "drl_expert_ga",
  "agent_used": "expert",
  "replicate": 2,
  "seed": 1872906980,
  "initial_cost": 2054.9986607727665,
  "final_cost": 1640.2346886320588,
  "improvement_gap": 20.18317481456357,
  "total_time": 207.75244450569153,
  "initialization_time": 194.95158410072327,
  "evolution_time": 12.800860404968262,
  "generations_run": 100,
  "generations_to_convergence": null,
  "convergence_history": [
    2054.9986607727665,
    2054.9986607727665,
    2054.9986607727665,
    2054.9986607727665,
    2054.9986607727665,
    2049.6456034539024,
    2001.868778019389,
    2001.868778019389,
    1995.2305452016383,
    1973.158147344101,
    1971.105893742447,
    1942.3952630671588,
    1942.3952630671588,
    1942.3952630671588,
    1941.4516094452101,
    1929.648162672553,
    1929.4468571450943,
    1929.1151292108086,
    1929.1151292108086,
    1929.1151292108086,
    1921.191909346041,
    1920.0131923919698,
    1920.0131923919698,
    1835.1877752174337,
    1828.207232729176,
    1826.085838398595,
    1826.085838398595,
    1818.3651596425493,
    1818.3651596425493,
    1818.3651596425493,
    1817.5319047571334,
    1817.5319047571334,
    1817.5319047571334,
    1816.3954451564914,
    1796.3031131635344,
    1796.3031131635344,
    1789.6259487553452,
    1789.6259487553452,
    1776.3726162606274,
    1776.3726162606274,
    1776.3726162606274,
    1769.5194525064924,
    1769.5194525064924,
    1769.5194525064924,
    1769.5194525064924,
    1768.297956937208,
    1767.7002433631692,
    1767.7002433631692,
    1766.2096449229546,
    1766.2096449229546,
    1760.7540778826103,
    1760.7540778826103,
    1736.7568456324727,
    1736.7568456324727,
    1729.8106801519136,
    1729.8106801519136,
    1729.8106801519136,
    1729.8106801519136,
    1724.0773849524808,
    1724.0773849524808,
    1722.5867865122664,
    1722.0500366659253,
    1721.992571761718,
    1721.992571761718,
    1714.8261430262778,
    1714.8261430262778,
    1711.7781681843176,
    1711.7781681843176,
    1711.7781681843176,
    1711.2583847924448,
    1711.2583847924448,
    1708.1093159036996,
    1708.1093159036996,
    1693.9287049039904,
    1687.381968656899,
    1687.381968656899,
    1685.5406442564163,
    1685.5406442564163,
    1685.5406442564163,
    1685.5406442564163,
    1685.5406442564163,
    1685.5406442564163,
    1685.5406442564163,
    1685.5406442564163,
    1685.5406442564163,
    1685.5406442564163,
    1685.5406442564163,
    1681.4031518725396,
    1681.4031518725396,
    1681.4031518725396,
    1681.4031518725396,
    1662.0318726329347,
    1662.0318726329347,
    1662.0318726329347,
    1654.8970165561486,
    1654.8970165561486,
    1654.8970165561486,
    1654.8970165561486,
    1653.1997202651237,
    1640.2346886320588,
    1640.2346886320588
  ],
  "best_solution": {
    "id": "ga_gen0_3200",
    "instance_id": "synthetic_110c_481q_random_s598206558",
    "algorithm": "drl_expert_ga",
    "routes": [
      {
        "vehicle_id": 0,
        "customer_sequence": [
          98,
          67,
          109,
          29,
          65,
          50,
          34,
          91,
          47,
          52,
          63,
          72,
          39,
          93,
          14,
          28,
          18,
          43,
          77,
          36,
          103,
          68
        ],
        "total_demand": 479,
        "total_distance": 366.34359205312137
      },
      {
        "vehicle_id": 1,
        "customer_sequence": [
          46,
          56,
          110,
          86,
          75,
          79,
          10,
          84,
          66,
          32,
          96,
          78,
          64,
          58,
          105,
          5,
          74,
          1,
          54,
          81,
          17,
          97,
          15,
          61
        ],
        "total_demand": 479,
        "total_distance": 325.82823227600517
      },
      {
        "vehicle_id": 2,
        "customer_sequence": [
          89,
          53,
          104,
          33,
          3,
          70,
          22,
          87,
          95,
          82,
          11,
          73,
          44,
          2,
          48,
          31,
          60,
          55,
          57,
          27,
          62,
          80,
          41,
          38,
          90,
          9,
          40
        ],
        "total_demand": 478,
        "total_distance": 436.2212474576525
      },
      {
        "vehicle_id": 3,
        "customer_sequence": [
          20,
          76,
          6,
          13,
          92,
          16,
          24,
          30,
          88,
          25,
          45,
          102,
          59,
          69,
          108,
          99,
          106,
          12,
          85,
          4,
          100,
          83,
          37,
          49,
          101,
          51,
          8,
          71,
          42,
          35,
          107,
          21,
          23
        ],
        "total_demand": 478,
        "total_distance": 691.3102929976848
      },
      {
        "vehicle_id": 4,
        "customer_sequence": [
          94,
          26,
          19,
          7
        ],
        "total_demand": 68,
        "total_distance": 162.56055233364026
      }
    ],
    "total_cost": 1640.2346886320588,
    "computation_time": 0.0,
    "is_valid": true,
    "convergence_history": null
  }
}