{
  "instance_id": "synthetic_50c_150q_random_s733385356",
  "instance_name": "Synthetic Random",
  "instance_size": 50,
  "configuration": "drl_expert_ga",
  "agent_used": "expert",
  "replicate": 4,
  "seed": 287933433,
  "initial_cost": 1038.6724841687435,
  "final_cost": 784.5071192184841,
  "improvement_gap": 24.47021258618106,
  "total_time": 50.268386363983154,
  "initialization_time": 48.09938430786133,
  "evolution_time": 2.169002056121826,
  "generations_run": 100,
  "generations_to_convergence": 49,
  "convergence_history": [
    1038.6724841687435,
    1038.6724841687435,
    1038.6724841687435,
    1038.6724841687435,
    990.5664759681391,
    984.3080442805054,
    984.3080442805054,
    984.3080442805054,
    958.5409610344346,
    949.1951893905821,
    949.1951893905821,
    924.4916002708833,
    914.5420935050913,
    913.1930363043114,
    909.342534175488,
    907.5894458879186,
    907.5894458879186,
    895.3946725706312,
    893.3211211004033,
    884.5626634176435,
    883.611490800066,
    871.0126863959892,
    871.0126863959892,
    868.9319480839912,
    856.7333891540499,
    844.5386158367626,
    844.5386158367626,
    843.5603704113402,
    843.5603704113402,
    840.280825649945,
    840.280825649945,
    838.7760054440582,
    835.1188134030613,
    823.3638754424531,
    819.1801086209919,
    819.1801086209919,
    819.1801086209919,
    819.1801086209919,
    819.1801086209919,
    819.1801086209919,
    801.4194618720223,
    801.4194618720223,
    801.4194618720223,
    801.104725194856,
    801.104725194856,
    794.3058986272677,
    794.3058986272677,
    789.5616210968893,
    789.2513967488625,
    784.5071192184841,
    784.5071192184841,
    784.5071192184841,
    784.5071192184841,
    784.5071192184841,
    784.5071192184841,
    784.5071192184841,
    784.5071192184841,
    784.5071192184841,
    784.5071192184841,
    784.5071192184841,
    784.5071192184841,
    784.5071192184841,
    784.5071192184841,
    784.5071192184841,
    784.5071192184841,
    784.5071192184841,
    784.5071192184841,
    784.5071192184841,
    784.5071192184841,
    784.5071192184841,
    784.5071192184841,
    784.5071192184841,
    784.5071192184841,
    784.5071192184841,
    784.5071192184841,
    784.5071192184841,
    784.5071192184841,
    784.5071192184841,
    784.5071192184841,
    784.5071192184841,
    784.5071192184841,
    784.5071192184841,
    784.5071192184841,
    784.5071192184841,
    784.5071192184841,
    784.5071192184841,
    784.5071192184841,
    784.5071192184841,
    784.5071192184841,
    784.5071192184841,
    784.5071192184841,
    784.5071192184841,
    784.5071192184841,
    784.5071192184841,
    784.5071192184841,
    784.5071192184841,
    784.5071192184841,
    784.5071192184841,
    784.5071192184841,
    784.5071192184841,
    784.5071192184841
  ],
  "best_solution": {
    "id": "ga_gen0_7177",
    "instance_id": "synthetic_50c_150q_random_s733385356",
    "algorithm": "drl_expert_ga",
    "routes": [
      {
        "vehicle_id": 0,
        "customer_sequence": [
          17,
          5,
          22,
          36,
          4,
          14,
          48
        ],
        "total_demand": 129,
        "total_distance": 153.1360453486085
      },
      {
        "vehicle_id": 1,
        "customer_sequence": [
          23,
          7,
          18,
          13,
          31,
          10,
          27,
          25
        ],
        "total_demand": 148,
        "total_distance": 124.65810083578425
      },
      {
        "vehicle_id": 2,
        "customer_sequence": [
          47,
          39,
          29,
          2,
          45,
          26,
          1
        ],
        "total_demand": 143,
        "total_distance": 223.74735076765043
      },
      {
        "vehicle_id": 3,
        "customer_sequence": [
          11,
          3,
          37,
          42,
          35,
          28
        ],
        "total_demand": 134,
        "total_distance": 123.4253072598844
      },
      {
        "vehicle_id": 4,
        "customer_sequence": [
          32,
          6,
          41,
          49,
          20,
          19,
          8
        ],
        "total_demand": 136,
        "total_distance": 202.27193615989023
      },
      {
        "vehicle_id": 5,
        "customer_sequence": [
          16,
          38,
          50,
          9,
          40,
          43,
          30,
          12
        ],
        "total_demand": 128,
        "total_distance": 242.40882988648977
      },
      {
        "vehicle_id": 6,
        "customer_sequence": [
          21,
          15,
          44,
          34,
          24,
          33,
          46
        ],
        "total_demand": 126,
        "total_distance": 261.46591313936625
      }
    ],
    "total_cost": 784.5071192184841,
    "computation_time": 0.0,
    "is_valid": true,
    "convergence_history": null
  }
}