{
  "instance_id": "synthetic_100c_300q_random_s1324923917",
  "instance_name": "Synthetic Random",
  "instance_size": 100,
  "configuration": "drl_expert_ga",
  "agent_used": "expert",
  "replicate": 3,
  "seed": 1134960259,
  "initial_cost": 1793.983331409106,
  "final_cost": 1429.6945754621092,
  "improvement_gap": 20.306139392101365,
  "total_time": 181.60874009132385,
  "initialization_time": 170.26321482658386,
  "evolution_time": 11.34552526473999,
  "generations_run": 100,
  "generations_to_convergence": null,
  "convergence_history": [
    1793.983331409106,
    1793.983331409106,
    1784.247400993113,
    1784.247400993113,
    1766.0031588137222,
    1766.0031588137222,
    1766.0031588137222,
    1759.982755229827,
    1742.2515025199555,
    1742.2515025199555,
    1740.681668280823,
    1719.7778124743431,
    1719.7778124743431,
    1714.5964470395907,
    1709.1492005062737,
    1709.1492005062737,
    1696.6304779441064,
    1696.6304779441064,
    1680.7894342967766,
    1680.7894342967766,
    1679.5040082779426,
    1679.4273795992103,
    1672.1440337139684,
    1664.3658326023574,
    1664.3658326023574,
    1654.1893358741559,
    1648.5210695797914,
    1639.0511601985706,
    1639.0511601985706,
    1626.8911873659113,
    1626.8911873659113,
    1619.195181954545,
    1619.195181954545,
    1601.456248430707,
    1601.456248430707,
    1601.456248430707,
    1601.456248430707,
    1592.7208583502131,
    1592.7208583502131,
    1592.7208583502131,
    1592.7208583502131,
    1592.7208583502131,
    1592.7208583502131,
    1592.7208583502131,
    1592.7208583502131,
    1590.7606981704337,
    1590.7606981704337,
    1590.7606981704337,
    1590.7606981704337,
    1590.7606981704337,
    1570.4513718787975,
    1570.4513718787975,
    1570.4513718787975,
    1570.4513718787975,
    1570.4513718787975,
    1570.4513718787975,
    1564.910264505491,
    1564.910264505491,
    1564.910264505491,
    1564.910264505491,
    1564.2019470491484,
    1564.2019470491484,
    1564.2019470491484,
    1564.2019470491484,
    1564.2019470491484,
    1564.2019470491484,
    1564.2019470491484,
    1559.5269727843565,
    1559.5269727843565,
    1559.5269727843565,
    1559.5269727843565,
    1558.1903431816888,
    1558.1903431816888,
    1558.1903431816888,
    1557.5967547389937,
    1557.5967547389937,
    1557.5967547389937,
    1546.3713963065882,
    1546.3713963065882,
    1537.7099014471025,
    1537.7099014471025,
    1537.1163130044074,
    1533.6707734853367,
    1533.6707734853367,
    1533.6707734853367,
    1533.6707734853367,
    1524.5723131484172,
    1524.5723131484172,
    1524.5723131484172,
    1524.5723131484172,
    1524.5723131484172,
    1524.3289911811703,
    1482.7037820781823,
    1482.7037820781823,
    1470.2917968552845,
    1459.8342482046485,
    1459.8342482046485,
    1443.211048604294,
    1429.6945754621092,
    1429.6945754621092,
    1429.6945754621092
  ],
  "best_solution": {
    "id": "ga_gen0_1238",
    "instance_id": "synthetic_100c_300q_random_s1324923917",
    "algorithm": "drl_expert_ga",
    "routes": [
      {
        "vehicle_id": 0,
        "customer_sequence": [
          24,
          20,
          97,
          51,
          87,
          72,
          14,
          9,
          5,
          79,
          23,
          58,
          12,
          78,
          77
        ],
        "total_demand": 300,
        "total_distance": 275.14275617616283
      },
      {
        "vehicle_id": 1,
        "customer_sequence": [
          49,
          88,
          68,
          13,
          91,
          19,
          29,
          75,
          17,
          37,
          57,
          53,
          63,
          21,
          35,
          94,
          38
        ],
        "total_demand": 300,
        "total_distance": 293.67069906723026
      },
      {
        "vehicle_id": 2,
        "customer_sequence": [
          33,
          22,
          2,
          41,
          96,
          74,
          55,
          85,
          59,
          83,
          26,
          11,
          44,
          3,
          61,
          69,
          4
        ],
        "total_demand": 300,
        "total_distance": 257.4334750408855
      },
      {
        "vehicle_id": 3,
        "customer_sequence": [
          10,
          15,
          54,
          95,
          43,
          93,
          86,
          40,
          84,
          52,
          16,
          42,
          56,
          89,
          46,
          100
        ],
        "total_demand": 300,
        "total_distance": 259.485995174736
      },
      {
        "vehicle_id": 4,
        "customer_sequence": [
          6,
          18,
          31,
          39,
          71,
          92,
          27,
          67,
          99,
          73,
          48,
          62,
          66,
          82,
          50,
          8,
          76,
          65,
          36
        ],
        "total_demand": 300,
        "total_distance": 372.23446387271895
      },
      {
        "vehicle_id": 5,
        "customer_sequence": [
          90,
          34,
          70,
          1,
          28,
          80,
          98,
          7,
          47,
          64,
          25,
          30,
          45,
          32,
          81,
          60
        ],
        "total_demand": 198,
        "total_distance": 404.580287076104
      }
    ],
    "total_cost": 1429.6945754621092,
    "computation_time": 0.0,
    "is_valid": true,
    "convergence_history": null
  }
}