{
  "instance_id": "synthetic_100c_300q_random_s1324923917",
  "instance_name": "Synthetic Random",
  "instance_size": 100,
  "configuration": "drl_expert_ga",
  "agent_used": "expert",
  "replicate": 4,
  "seed": 1915691236,
  "initial_cost": 1942.9584618796016,
  "final_cost": 1644.1596021058103,
  "improvement_gap": 15.378551092890364,
  "total_time": 180.2881314754486,
  "initialization_time": 169.0349690914154,
  "evolution_time": 11.253162384033203,
  "generations_run": 100,
  "generations_to_convergence": null,
  "convergence_history": [
    1942.9584618796016,
    1942.9584618796016,
    1942.9584618796016,
    1942.9584618796016,
    1942.9584618796016,
    1942.9584618796016,
    1923.0570511468245,
    1923.0570511468245,
    1923.0570511468245,
    1923.0570511468245,
    1914.0562947352819,
    1914.0562947352819,
    1910.0298240328161,
    1910.0298240328161,
    1908.2445661961547,
    1908.2445661961547,
    1905.7145524727734,
    1889.8944131388598,
    1868.6176320573773,
    1837.0975677316515,
    1837.0975677316515,
    1810.0458102309917,
    1810.0458102309917,
    1809.9668326447809,
    1809.9668326447809,
    1806.6411887845047,
    1806.6411887845047,
    1802.5369146211938,
    1802.5369146211938,
    1775.5827883367037,
    1775.5827883367037,
    1773.1334557778023,
    1773.1334557778023,
    1773.1334557778023,
    1771.9096342428024,
    1771.9096342428024,
    1771.9096342428024,
    1771.9096342428024,
    1771.4210441599553,
    1771.4210441599553,
    1754.4534641344007,
    1754.4534641344007,
    1754.4534641344007,
    1754.4534641344007,
    1747.8879799880242,
    1747.8879799880242,
    1747.8879799880242,
    1747.8879799880242,
    1747.8879799880242,
    1742.4160517518603,
    1742.4160517518603,
    1742.4160517518603,
    1739.0597977455968,
    1739.0597977455968,
    1738.8219699262231,
    1714.309271335172,
    1705.718916912118,
    1705.718916912118,
    1705.4810890927445,
    1700.3928458468004,
    1700.3928458468004,
    1700.3928458468004,
    1700.3928458468004,
    1700.1977904710586,
    1700.0346291619521,
    1700.0346291619521,
    1695.1095472251145,
    1695.1095472251145,
    1695.1095472251145,
    1694.7513305402663,
    1694.2805448732615,
    1694.2805448732615,
    1688.9972462515757,
    1688.9972462515757,
    1688.9972462515757,
    1688.9972462515757,
    1688.9972462515757,
    1688.9972462515757,
    1688.9972462515757,
    1688.9972462515757,
    1688.9972462515757,
    1688.9972462515757,
    1688.9972462515757,
    1688.9972462515757,
    1681.0075796255837,
    1681.0075796255837,
    1681.0075796255837,
    1677.1682997643043,
    1677.1682997643043,
    1676.7618753801905,
    1676.7618753801905,
    1676.7618753801905,
    1672.9225955189113,
    1672.9225955189113,
    1672.9225955189113,
    1672.9225955189113,
    1672.9225955189113,
    1672.9225955189113,
    1670.3301829258573,
    1669.8603750269292,
    1644.1596021058103
  ],
  "best_solution": {
    "id": "ga_gen0_5685",
    "instance_id": "synthetic_100c_300q_random_s1324923917",
    "algorithm": "drl_expert_ga",
    "routes": [
      {
        "vehicle_id": 0,
        "customer_sequence": [
          16,
          30,
          32,
          48,
          57,
          95,
          50,
          37,
          26,
          53,
          21,
          63,
          4,
          69,
          58,
          62,
          45
        ],
        "total_demand": 300,
        "total_distance": 396.9258307286706
      },
      {
        "vehicle_id": 1,
        "customer_sequence": [
          54,
          15,
          38,
          51,
          10,
          87,
          70,
          71,
          47,
          19,
          23,
          79,
          9,
          5
        ],
        "total_demand": 297,
        "total_distance": 243.21831384858964
      },
      {
        "vehicle_id": 2,
        "customer_sequence": [
          24,
          49,
          88,
          86,
          99,
          39,
          84,
          40,
          56,
          89,
          100,
          46,
          42,
          52,
          41
        ],
        "total_demand": 296,
        "total_distance": 293.4880019849199
      },
      {
        "vehicle_id": 3,
        "customer_sequence": [
          68,
          13,
          72,
          97,
          90,
          93,
          33,
          22,
          2,
          35,
          85,
          55,
          83,
          59,
          8,
          36,
          34
        ],
        "total_demand": 298,
        "total_distance": 193.09180312196312
      },
      {
        "vehicle_id": 4,
        "customer_sequence": [
          29,
          75,
          6,
          78,
          12,
          81,
          66,
          82,
          73,
          67,
          27,
          92,
          28,
          1,
          25,
          31,
          18,
          91
        ],
        "total_demand": 300,
        "total_distance": 262.90110704995095
      },
      {
        "vehicle_id": 5,
        "customer_sequence": [
          64,
          44,
          11,
          17,
          14,
          60,
          96,
          43,
          20,
          7,
          80,
          98,
          77,
          74,
          65,
          76,
          94,
          61,
          3
        ],
        "total_demand": 207,
        "total_distance": 605.037280997303
      }
    ],
    "total_cost": 1644.1596021058103,
    "computation_time": 0.0,
    "is_valid": true,
    "convergence_history": null
  }
}