{
  "instance_id": "synthetic_140c_490q_random_s60429384",
  "instance_name": "Synthetic Random",
  "instance_size": 140,
  "configuration": "drl_expert_ga",
  "agent_used": "expert",
  "replicate": 3,
  "seed": 250372843,
  "initial_cost": 2494.318865482409,
  "final_cost": 2069.766945217279,
  "improvement_gap": 17.02075569167538,
  "total_time": 338.7426311969757,
  "initialization_time": 317.6260447502136,
  "evolution_time": 21.116586446762085,
  "generations_run": 100,
  "generations_to_convergence": null,
  "convergence_history": [
    2494.318865482409,
    2494.318865482409,
    2494.318865482409,
    2494.318865482409,
    2494.318865482409,
    2484.8287222754616,
    2484.8287222754616,
    2480.587545751314,
    2480.587545751314,
    2464.3994118061955,
    2464.3994118061955,
    2464.3994118061955,
    2464.3994118061955,
    2464.3994118061955,
    2464.3994118061955,
    2451.0133297921484,
    2451.0133297921484,
    2445.8968086044147,
    2444.3430787523675,
    2444.3430787523675,
    2438.857276438538,
    2407.3856381806154,
    2407.3856381806154,
    2407.3856381806154,
    2407.3856381806154,
    2375.513306723604,
    2375.513306723604,
    2375.513306723604,
    2363.3572533699935,
    2349.4069627347208,
    2349.4069627347208,
    2349.4069627347208,
    2343.9196291216895,
    2343.9196291216895,
    2343.9196291216895,
    2333.751660028196,
    2333.2234341869043,
    2330.6128218562526,
    2326.7038578527327,
    2281.3767849042183,
    2281.3767849042183,
    2268.7290573492405,
    2262.480752598605,
    2245.2688582142173,
    2245.2688582142173,
    2242.0924381734185,
    2242.0924381734185,
    2242.0924381734185,
    2242.0924381734185,
    2242.0924381734185,
    2235.6586030253934,
    2235.6586030253934,
    2235.6586030253934,
    2235.452116826578,
    2218.545957265565,
    2218.545957265565,
    2212.11212211754,
    2212.11212211754,
    2212.11212211754,
    2205.5810728983092,
    2205.5810728983092,
    2205.5810728983092,
    2205.5810728983092,
    2205.5810728983092,
    2205.5810728983092,
    2205.5810728983092,
    2205.5810728983092,
    2205.5810728983092,
    2205.5810728983092,
    2203.708761730879,
    2203.708761730879,
    2192.3630973653835,
    2182.711608844238,
    2180.839297676808,
    2180.839297676808,
    2168.3554281465445,
    2137.4454377999755,
    2121.1767697650585,
    2086.6477417722976,
    2086.6477417722976,
    2086.6477417722976,
    2086.6477417722976,
    2086.6477417722976,
    2086.6477417722976,
    2086.6477417722976,
    2086.6477417722976,
    2086.6477417722976,
    2086.6477417722976,
    2086.6477417722976,
    2086.6477417722976,
    2080.057816046526,
    2080.057816046526,
    2080.057816046526,
    2073.459609231379,
    2073.459609231379,
    2071.1875827001786,
    2071.1875827001786,
    2071.1875827001786,
    2071.1875827001786,
    2069.766945217279,
    2069.766945217279
  ],
  "best_solution": {
    "id": "ga_gen0_9669",
    "instance_id": "synthetic_140c_490q_random_s60429384",
    "algorithm": "drl_expert_ga",
    "routes": [
      {
        "vehicle_id": 0,
        "customer_sequence": [
          126,
          80,
          87,
          29,
          128,
          41,
          131,
          77,
          107,
          89,
          60,
          98,
          38,
          129,
          55,
          112,
          25,
          106,
          16,
          114,
          90
        ],
        "total_demand": 482,
        "total_distance": 362.9639351048755
      },
      {
        "vehicle_id": 1,
        "customer_sequence": [
          21,
          132,
          47,
          5,
          121,
          85,
          18,
          48,
          127,
          105,
          33,
          28,
          74,
          65,
          94,
          93,
          19,
          109,
          42,
          12,
          76,
          57,
          51,
          86,
          81
        ],
        "total_demand": 477,
        "total_distance": 451.3316722288856
      },
      {
        "vehicle_id": 2,
        "customer_sequence": [
          123,
          34,
          58,
          36,
          59,
          44,
          27,
          113,
          62,
          130,
          120,
          63,
          96,
          88,
          75,
          35,
          103,
          11,
          40,
          53,
          100,
          140,
          73,
          1,
          10,
          133,
          66,
          24,
          134
        ],
        "total_demand": 474,
        "total_distance": 530.7326315519134
      },
      {
        "vehicle_id": 3,
        "customer_sequence": [
          72,
          99,
          104,
          54,
          56,
          22,
          101,
          97,
          136,
          115,
          70,
          110,
          124,
          79,
          125,
          9,
          82,
          83,
          68,
          31,
          30,
          50,
          119,
          23,
          118,
          117,
          6,
          17,
          15,
          3,
          116,
          14,
          7
        ],
        "total_demand": 483,
        "total_distance": 411.97678345041265
      },
      {
        "vehicle_id": 4,
        "customer_sequence": [
          122,
          71,
          20,
          52,
          138,
          91,
          111,
          8,
          67,
          39,
          45,
          49,
          13,
          78,
          69,
          139,
          137,
          43,
          4,
          64,
          135,
          95,
          32,
          92,
          102,
          37,
          61,
          84,
          26,
          108,
          46,
          2
        ],
        "total_demand": 449,
        "total_distance": 598.8515891199544
      }
    ],
    "total_cost": 2069.766945217279,
    "computation_time": 0.0,
    "is_valid": true,
    "convergence_history": null
  }
}