{
  "instance_id": "synthetic_150c_525q_random_s232021832",
  "instance_name": "Synthetic Random",
  "instance_size": 150,
  "configuration": "drl_expert_ga",
  "agent_used": "expert",
  "replicate": 5,
  "seed": 2052013485,
  "initial_cost": 2694.5034630289324,
  "final_cost": 2174.1980827171633,
  "improvement_gap": 19.309879814624022,
  "total_time": 262.84396266937256,
  "initialization_time": 240.05089688301086,
  "evolution_time": 22.793065786361694,
  "generations_run": 100,
  "generations_to_convergence": null,
  "convergence_history": [
    2694.5034630289324,
    2694.5034630289324,
    2694.5034630289324,
    2694.5034630289324,
    2694.5034630289324,
    2694.5034630289324,
    2694.5034630289324,
    2694.5034630289324,
    2693.5598198780212,
    2693.5598198780212,
    2693.5598198780212,
    2690.886028030867,
    2690.886028030867,
    2689.402860471756,
    2650.7623504457442,
    2650.7623504457442,
    2650.7623504457442,
    2648.0885585985898,
    2646.6053910394794,
    2641.924058001328,
    2639.46205935809,
    2639.46205935809,
    2637.799331657301,
    2626.4280347985878,
    2618.437564360122,
    2566.6004990622923,
    2566.043892368168,
    2446.3625947255487,
    2442.2378683815214,
    2442.2378683815214,
    2429.2938987985076,
    2429.2038438220193,
    2429.2038438220193,
    2429.2038438220193,
    2409.2067899143335,
    2409.2067899143335,
    2409.2067899143335,
    2409.2067899143335,
    2398.734784830917,
    2359.6718955823408,
    2359.6718955823408,
    2359.6718955823408,
    2359.6718955823408,
    2359.6718955823408,
    2357.4530979169817,
    2357.4530979169817,
    2356.354030265249,
    2356.354030265249,
    2356.354030265249,
    2356.354030265249,
    2348.4149533387817,
    2348.4149533387817,
    2348.4149533387817,
    2348.4149533387817,
    2333.9597811012954,
    2333.9597811012954,
    2333.9597811012954,
    2322.3744498842443,
    2322.3744498842443,
    2293.7874887413354,
    2291.350929116664,
    2286.160726740913,
    2281.251657856121,
    2278.8150982314496,
    2277.011955148534,
    2269.6663266390706,
    2264.4761242633194,
    2264.4761242633194,
    2264.4761242633194,
    2264.4761242633194,
    2263.0201682330235,
    2263.0201682330235,
    2244.9714204042093,
    2244.9714204042093,
    2244.9714204042093,
    2244.9714204042093,
    2229.73372514534,
    2229.73372514534,
    2209.0210504171428,
    2209.0210504171428,
    2209.0210504171428,
    2209.0210504171428,
    2209.0210504171428,
    2209.0210504171428,
    2209.0210504171428,
    2209.0210504171428,
    2207.2163409877203,
    2207.2163409877203,
    2207.2163409877203,
    2207.2163409877203,
    2207.2163409877203,
    2207.2163409877203,
    2207.2163409877203,
    2206.6799326765595,
    2206.6799326765595,
    2206.6799326765595,
    2206.6799326765595,
    2206.6799326765595,
    2206.6799326765595,
    2206.6799326765595,
    2174.1980827171633
  ],
  "best_solution": {
    "id": "ga_gen0_7164",
    "instance_id": "synthetic_150c_525q_random_s232021832",
    "algorithm": "drl_expert_ga",
    "routes": [
      {
        "vehicle_id": 0,
        "customer_sequence": [
          63,
          133,
          101,
          145,
          6,
          4,
          77,
          7,
          88,
          18,
          84,
          12,
          148,
          150,
          83,
          53,
          61,
          60,
          24,
          75,
          110,
          114,
          136,
          22,
          141,
          109,
          35,
          147
        ],
        "total_demand": 523,
        "total_distance": 531.5428994000057
      },
      {
        "vehicle_id": 1,
        "customer_sequence": [
          56,
          21,
          89,
          47,
          142,
          91,
          117,
          137,
          44,
          27,
          5,
          66,
          140,
          104,
          135,
          64,
          31,
          45,
          29,
          129,
          79,
          134,
          58,
          113,
          70,
          76,
          131,
          19,
          143,
          103
        ],
        "total_demand": 525,
        "total_distance": 434.83306930558166
      },
      {
        "vehicle_id": 2,
        "customer_sequence": [
          50,
          74,
          92,
          33,
          73,
          71,
          106,
          49,
          52,
          46,
          98,
          42,
          41,
          118,
          11,
          125,
          13,
          146,
          34,
          144,
          36,
          78,
          54,
          119,
          65,
          115,
          111,
          26,
          62,
          68,
          10
        ],
        "total_demand": 524,
        "total_distance": 480.5947186187884
      },
      {
        "vehicle_id": 3,
        "customer_sequence": [
          94,
          72,
          25,
          80,
          130,
          85,
          51,
          90,
          128,
          32,
          3,
          126,
          97,
          108,
          14,
          123,
          20,
          30,
          15,
          55,
          81,
          99,
          120,
          124,
          57,
          9,
          67,
          16
        ],
        "total_demand": 521,
        "total_distance": 415.8652031144053
      },
      {
        "vehicle_id": 4,
        "customer_sequence": [
          116,
          39,
          105,
          37,
          107,
          86,
          59,
          96,
          1,
          139,
          48,
          38,
          69,
          82,
          95,
          93,
          121,
          23,
          2,
          112,
          43,
          40,
          102,
          138,
          122,
          149,
          132,
          100,
          28,
          87,
          8,
          127,
          17
        ],
        "total_demand": 423,
        "total_distance": 667.2363994379981
      }
    ],
    "total_cost": 2174.1980827171633,
    "computation_time": 0.0,
    "is_valid": true,
    "convergence_history": null
  }
}