{
  "instance_id": "synthetic_50c_150q_clustered4_s1588775521",
  "instance_name": "Synthetic Clustered",
  "instance_size": 50,
  "configuration": "drl_expert_ga",
  "agent_used": "expert",
  "replicate": 2,
  "seed": 1983225714,
  "initial_cost": 608.5797256683084,
  "final_cost": 478.0324960256051,
  "improvement_gap": 21.45113025238288,
  "total_time": 53.04422879219055,
  "initialization_time": 50.849268198013306,
  "evolution_time": 2.194960594177246,
  "generations_run": 100,
  "generations_to_convergence": 61,
  "convergence_history": [
    608.5797256683084,
    608.5797256683084,
    608.5797256683084,
    608.5797256683084,
    608.5797256683084,
    608.5797256683084,
    605.414004911668,
    588.042654427777,
    581.4407247244221,
    581.4407247244221,
    578.2750039677817,
    559.8963584820519,
    559.8963584820519,
    556.7306377254115,
    556.7306377254115,
    556.7306377254115,
    556.7306377254115,
    546.7371284075389,
    546.7371284075389,
    546.7371284075389,
    535.3816655121678,
    526.4613199084554,
    526.4613199084554,
    515.0494570676356,
    512.0799950758177,
    512.0799950758177,
    512.0799950758177,
    512.0799950758177,
    512.0799950758177,
    512.0799950758177,
    512.0799950758177,
    512.0799950758177,
    512.0799950758177,
    504.59743444553334,
    504.59743444553334,
    504.59743444553334,
    501.5620493915049,
    500.2920393272374,
    495.7868244240485,
    495.7868244240485,
    495.7868244240485,
    495.7868244240485,
    495.7868244240485,
    495.7868244240485,
    495.7868244240485,
    495.7868244240485,
    495.7868244240485,
    485.2968583309212,
    485.2968583309212,
    485.2968583309212,
    485.2968583309212,
    485.2968583309212,
    485.2968583309212,
    485.2968583309212,
    485.2968583309212,
    485.2968583309212,
    485.2968583309212,
    485.2968583309212,
    485.2968583309212,
    485.2968583309212,
    485.2968583309212,
    484.61740174617483,
    484.61740174617483,
    484.61740174617483,
    484.61740174617483,
    484.61740174617483,
    484.61740174617483,
    484.61740174617483,
    484.61740174617483,
    484.61740174617483,
    484.61740174617483,
    484.61740174617483,
    484.61740174617483,
    484.61740174617483,
    484.61740174617483,
    484.61740174617483,
    484.61740174617483,
    484.61740174617483,
    484.61740174617483,
    484.61740174617483,
    484.61740174617483,
    484.61740174617483,
    484.61740174617483,
    484.61740174617483,
    484.61740174617483,
    484.61740174617483,
    484.61740174617483,
    484.61740174617483,
    484.61740174617483,
    484.61740174617483,
    484.61740174617483,
    484.61740174617483,
    484.61740174617483,
    478.0324960256051,
    478.0324960256051,
    478.0324960256051,
    478.0324960256051,
    478.0324960256051,
    478.0324960256051,
    478.0324960256051,
    478.0324960256051
  ],
  "best_solution": {
    "id": "ga_gen0_4189",
    "instance_id": "synthetic_50c_150q_clustered4_s1588775521",
    "algorithm": "drl_expert_ga",
    "routes": [
      {
        "vehicle_id": 0,
        "customer_sequence": [
          24,
          45,
          43,
          37,
          6,
          15,
          14
        ],
        "total_demand": 150,
        "total_distance": 100.72657418664319
      },
      {
        "vehicle_id": 1,
        "customer_sequence": [
          18,
          13,
          39,
          5,
          10,
          47,
          28
        ],
        "total_demand": 150,
        "total_distance": 76.66519539302719
      },
      {
        "vehicle_id": 2,
        "customer_sequence": [
          19,
          26,
          33,
          16,
          2,
          42,
          40
        ],
        "total_demand": 148,
        "total_distance": 129.1651100543666
      },
      {
        "vehicle_id": 3,
        "customer_sequence": [
          46,
          4,
          8,
          12,
          11,
          1,
          48,
          41,
          34,
          31
        ],
        "total_demand": 149,
        "total_distance": 145.16343676445032
      },
      {
        "vehicle_id": 4,
        "customer_sequence": [
          44,
          17,
          32,
          29,
          25,
          30,
          27,
          21,
          35,
          36,
          22,
          20,
          23
        ],
        "total_demand": 147,
        "total_distance": 143.4184715324527
      },
      {
        "vehicle_id": 5,
        "customer_sequence": [
          9,
          7,
          38,
          3,
          49,
          50
        ],
        "total_demand": 73,
        "total_distance": 126.34766418823344
      }
    ],
    "total_cost": 478.0324960256051,
    "computation_time": 0.0,
    "is_valid": true,
    "convergence_history": null
  }
}