{
  "instance_id": "synthetic_110c_481q_clustered6_s201764005",
  "instance_name": "Synthetic Clustered",
  "instance_size": 110,
  "configuration": "drl_expert_ga",
  "agent_used": "expert",
  "replicate": 1,
  "seed": 539594064,
  "initial_cost": 1222.142280790548,
  "final_cost": 1041.356608445611,
  "improvement_gap": 14.792522539028353,
  "total_time": 214.70411443710327,
  "initialization_time": 201.87996673583984,
  "evolution_time": 12.824147701263428,
  "generations_run": 100,
  "generations_to_convergence": 27,
  "convergence_history": [
    1222.142280790548,
    1222.142280790548,
    1222.142280790548,
    1222.142280790548,
    1222.142280790548,
    1222.142280790548,
    1222.142280790548,
    1213.7705165044172,
    1213.7705165044172,
    1204.7355587860084,
    1204.7355587860084,
    1196.3637944998777,
    1196.3318927525067,
    1194.9473876990558,
    1189.1815617963762,
    1178.993753735093,
    1166.642197638467,
    1156.4543895771837,
    1156.4543895771837,
    1156.4543895771837,
    1149.8957193148449,
    1149.8957193148449,
    1149.8957193148449,
    1149.5037000743323,
    1149.5037000743323,
    1081.9803546286848,
    1081.9803546286848,
    1080.7784208215235,
    1080.7784208215235,
    1080.7784208215235,
    1080.7784208215235,
    1080.7784208215235,
    1080.7784208215235,
    1080.7784208215235,
    1080.7784208215235,
    1080.7784208215235,
    1080.7784208215235,
    1080.7784208215235,
    1080.7784208215235,
    1080.7784208215235,
    1080.7784208215235,
    1080.7784208215235,
    1080.7784208215235,
    1080.7784208215235,
    1080.7784208215235,
    1080.7784208215235,
    1080.7784208215235,
    1080.7784208215235,
    1080.7784208215235,
    1080.7784208215235,
    1080.7784208215235,
    1055.331773197076,
    1055.331773197076,
    1055.331773197076,
    1055.331773197076,
    1055.331773197076,
    1055.331773197076,
    1055.331773197076,
    1055.331773197076,
    1055.331773197076,
    1055.331773197076,
    1055.331773197076,
    1055.331773197076,
    1055.331773197076,
    1055.331773197076,
    1055.331773197076,
    1055.331773197076,
    1053.7337961357339,
    1051.9305795856442,
    1050.853618887081,
    1050.853618887081,
    1050.853618887081,
    1050.1874910494307,
    1050.1874910494307,
    1049.1105303508675,
    1049.1105303508675,
    1049.1105303508675,
    1049.1105303508675,
    1049.1105303508675,
    1049.1105303508675,
    1049.1105303508675,
    1049.1105303508675,
    1049.1105303508675,
    1049.1105303508675,
    1049.1105303508675,
    1049.1105303508675,
    1049.1105303508675,
    1049.1105303508675,
    1049.004271890169,
    1049.004271890169,
    1047.6129979063269,
    1045.529926828222,
    1045.529926828222,
    1045.4236683675235,
    1043.810373101787,
    1041.356608445611,
    1041.356608445611,
    1041.356608445611,
    1041.356608445611,
    1041.356608445611,
    1041.356608445611
  ],
  "best_solution": {
    "id": "ga_gen0_6224",
    "instance_id": "synthetic_110c_481q_clustered6_s201764005",
    "algorithm": "drl_expert_ga",
    "routes": [
      {
        "vehicle_id": 0,
        "customer_sequence": [
          47,
          7,
          14,
          2,
          41,
          4,
          19,
          105,
          108,
          60,
          20,
          34,
          36,
          57,
          99,
          17,
          64,
          55,
          65,
          94,
          59,
          31
        ],
        "total_demand": 479,
        "total_distance": 267.87711246761575
      },
      {
        "vehicle_id": 1,
        "customer_sequence": [
          1,
          62,
          67,
          15,
          16,
          70,
          106,
          33,
          25,
          35,
          23,
          107,
          61,
          83,
          81,
          90,
          82,
          49,
          78,
          73,
          51,
          3,
          13,
          95
        ],
        "total_demand": 480,
        "total_distance": 243.56531801995314
      },
      {
        "vehicle_id": 2,
        "customer_sequence": [
          109,
          27,
          63,
          58,
          32,
          71,
          21,
          24,
          30,
          11,
          54,
          48,
          88,
          45,
          76,
          89,
          52,
          84,
          85,
          86,
          77,
          42,
          79,
          46,
          80
        ],
        "total_demand": 480,
        "total_distance": 289.3594062627828
      },
      {
        "vehicle_id": 3,
        "customer_sequence": [
          29,
          18,
          87,
          43,
          40,
          38,
          50,
          10,
          53,
          9,
          96,
          98,
          92,
          68,
          5,
          8,
          22,
          72,
          28,
          100,
          102,
          97,
          69,
          101,
          56,
          91,
          66,
          110,
          26,
          103,
          93,
          104,
          12,
          75,
          37,
          39
        ],
        "total_demand": 477,
        "total_distance": 404.1899650255748
      },
      {
        "vehicle_id": 4,
        "customer_sequence": [
          44,
          74,
          6
        ],
        "total_demand": 38,
        "total_distance": 131.23696795909666
      }
    ],
    "total_cost": 1041.356608445611,
    "computation_time": 0.0,
    "is_valid": true,
    "convergence_history": null
  }
}