{
  "instance_id": "synthetic_150c_525q_random_s666080025",
  "instance_name": "Synthetic Random",
  "instance_size": 150,
  "configuration": "drl_expert_ga",
  "agent_used": "expert",
  "replicate": 1,
  "seed": 611441670,
  "initial_cost": 2735.5547970209195,
  "final_cost": 2110.0883425905104,
  "improvement_gap": 22.864336518192076,
  "total_time": 385.90181016921997,
  "initialization_time": 361.42971658706665,
  "evolution_time": 24.47209358215332,
  "generations_run": 100,
  "generations_to_convergence": null,
  "convergence_history": [
    2735.5547970209195,
    2735.5547970209195,
    2735.5547970209195,
    2735.5547970209195,
    2735.5547970209195,
    2735.5547970209195,
    2671.4582437984486,
    2671.4582437984486,
    2629.517779214979,
    2594.277972465349,
    2594.277972465349,
    2584.7067447056197,
    2584.7067447056197,
    2580.245672411491,
    2547.35380714427,
    2547.35380714427,
    2547.35380714427,
    2537.688096384746,
    2537.688096384746,
    2537.688096384746,
    2463.208182540974,
    2463.208182540974,
    2463.208182540974,
    2463.208182540974,
    2463.208182540974,
    2457.6500347211413,
    2457.6500347211413,
    2457.6500347211413,
    2457.6500347211413,
    2388.538877450564,
    2388.529214079591,
    2388.529214079591,
    2375.647347999172,
    2375.647347999172,
    2375.0613349674536,
    2375.0613349674536,
    2375.0516715964804,
    2340.816209259581,
    2338.5367669761044,
    2338.5367669761044,
    2304.1081576060906,
    2304.1081576060906,
    2269.286682237472,
    2268.8515175736957,
    2260.808433898196,
    2251.3289924876344,
    2250.8938278238575,
    2250.8938278238575,
    2250.8938278238575,
    2250.8938278238575,
    2250.8938278238575,
    2226.2345010077743,
    2226.2345010077743,
    2226.2345010077743,
    2223.7635883275916,
    2223.7635883275916,
    2223.7635883275916,
    2223.7163453863773,
    2223.7163453863773,
    2223.7163453863773,
    2223.7163453863773,
    2223.7163453863773,
    2217.45164062413,
    2217.45164062413,
    2211.5516384599628,
    2211.5516384599628,
    2208.0970760960327,
    2208.0970760960327,
    2199.6477988928536,
    2199.6477988928536,
    2199.6477988928536,
    2186.5173411838573,
    2186.5173411838573,
    2186.5173411838573,
    2186.5173411838573,
    2157.09800281404,
    2157.09800281404,
    2157.09800281404,
    2157.09800281404,
    2157.09800281404,
    2157.09800281404,
    2118.677677859418,
    2118.677677859418,
    2118.677677859418,
    2118.677677859418,
    2114.046991569734,
    2112.653827151944,
    2112.653827151944,
    2112.4129730971713,
    2112.4129730971713,
    2112.4129730971713,
    2112.4129730971713,
    2112.4129730971713,
    2112.4129730971713,
    2110.1521963125574,
    2110.1521963125574,
    2110.1521963125574,
    2110.0883425905104,
    2110.0883425905104,
    2110.0883425905104,
    2110.0883425905104
  ],
  "best_solution": {
    "id": "ga_gen0_2332",
    "instance_id": "synthetic_150c_525q_random_s666080025",
    "algorithm": "drl_expert_ga",
    "routes": [
      {
        "vehicle_id": 0,
        "customer_sequence": [
          84,
          31,
          38,
          22,
          39,
          131,
          25,
          127,
          73,
          110,
          32,
          24,
          103,
          120,
          144,
          141,
          149,
          55,
          94,
          129,
          66,
          143,
          97,
          74,
          89
        ],
        "total_demand": 524,
        "total_distance": 360.4862235662979
      },
      {
        "vehicle_id": 1,
        "customer_sequence": [
          10,
          58,
          69,
          145,
          59,
          134,
          28,
          142,
          43,
          101,
          62,
          80,
          4,
          138,
          79,
          13,
          68,
          20,
          44,
          46,
          90,
          36
        ],
        "total_demand": 523,
        "total_distance": 294.71402361665815
      },
      {
        "vehicle_id": 2,
        "customer_sequence": [
          113,
          42,
          21,
          40,
          118,
          87,
          106,
          140,
          3,
          52,
          53,
          88,
          105,
          121,
          102,
          148,
          67,
          49,
          19,
          54,
          91,
          135,
          1,
          2,
          82,
          96,
          128,
          23,
          83,
          30,
          27
        ],
        "total_demand": 524,
        "total_distance": 544.1227489973146
      },
      {
        "vehicle_id": 3,
        "customer_sequence": [
          109,
          125,
          133,
          15,
          47,
          7,
          116,
          17,
          100,
          136,
          41,
          104,
          61,
          123,
          57,
          34,
          98,
          9,
          16,
          114,
          60,
          18,
          72,
          77,
          35,
          111,
          63,
          76,
          64,
          92,
          8,
          93,
          107,
          81,
          139
        ],
        "total_demand": 524,
        "total_distance": 632.8532055442879
      },
      {
        "vehicle_id": 4,
        "customer_sequence": [
          85,
          45,
          29,
          50,
          150,
          56,
          14,
          115,
          11,
          147,
          137,
          108,
          26,
          78,
          122,
          112,
          65,
          126,
          75,
          132,
          37,
          71,
          99,
          95,
          51,
          124,
          70,
          48,
          86,
          119,
          33,
          5,
          6,
          146,
          12,
          130,
          117
        ],
        "total_demand": 499,
        "total_distance": 620.0145276356637
      }
    ],
    "total_cost": 2110.0883425905104,
    "computation_time": 0.0,
    "is_valid": true,
    "convergence_history": null
  }
}