{
  "instance_id": "synthetic_100c_300q_clustered5_s1449289238",
  "instance_name": "Synthetic Clustered",
  "instance_size": 100,
  "configuration": "drl_expert_ga",
  "agent_used": "expert",
  "replicate": 1,
  "seed": 1830055182,
  "initial_cost": 1528.8619112511878,
  "final_cost": 1149.8696802133334,
  "improvement_gap": 24.789173453061917,
  "total_time": 183.6235547065735,
  "initialization_time": 172.7438063621521,
  "evolution_time": 10.879748344421387,
  "generations_run": 100,
  "generations_to_convergence": null,
  "convergence_history": [
    1528.8619112511878,
    1528.8619112511878,
    1526.604375292444,
    1526.604375292444,
    1526.604375292444,
    1526.604375292444,
    1526.604375292444,
    1510.7379847747975,
    1510.7379847747975,
    1510.7379847747975,
    1508.7460326120167,
    1503.7306625805181,
    1456.494321011135,
    1456.494321011135,
    1449.4869988168555,
    1449.4869988168555,
    1449.4869988168555,
    1449.4869988168555,
    1430.2529570489996,
    1430.2529570489996,
    1430.2529570489996,
    1430.2529570489996,
    1430.2529570489996,
    1430.2529570489996,
    1430.2529570489996,
    1393.7336213235094,
    1393.7336213235094,
    1383.225839113636,
    1383.225839113636,
    1383.225839113636,
    1378.363416496605,
    1378.363416496605,
    1365.9057394424312,
    1365.9057394424312,
    1334.4304368585983,
    1334.4304368585983,
    1328.940131129646,
    1328.940131129646,
    1328.1080786683292,
    1322.7212121787784,
    1322.7212121787784,
    1322.7212121787784,
    1320.8549818769427,
    1320.8549818769427,
    1319.6025738915696,
    1278.3174794899257,
    1278.3174794899257,
    1259.5495206610835,
    1259.5495206610835,
    1259.5495206610835,
    1259.5495206610835,
    1259.5495206610835,
    1259.5495206610835,
    1259.5495206610835,
    1259.5495206610835,
    1259.5495206610835,
    1257.4293310158466,
    1254.715575671024,
    1254.715575671024,
    1254.715575671024,
    1254.715575671024,
    1254.715575671024,
    1254.715575671024,
    1242.510877383098,
    1241.4811896900746,
    1238.6102941478794,
    1231.9636314204802,
    1228.0630481852616,
    1218.3813072261196,
    1214.480723990901,
    1214.480723990901,
    1214.480723990901,
    1204.9631657213065,
    1204.9631657213065,
    1204.9631657213065,
    1203.7597929226536,
    1196.3609859459395,
    1196.3609859459395,
    1188.6358524267887,
    1188.6358524267887,
    1185.5172141395801,
    1185.5172141395801,
    1176.380463538065,
    1176.380463538065,
    1176.380463538065,
    1176.380463538065,
    1176.380463538065,
    1176.380463538065,
    1173.2618252508564,
    1172.6777492941765,
    1172.6777492941765,
    1171.3807976961448,
    1170.8008017138402,
    1169.5038501158085,
    1165.9564104365184,
    1165.9564104365184,
    1164.079462856182,
    1163.9040206377613,
    1153.4171198926235,
    1153.4171198926235,
    1149.8696802133334
  ],
  "best_solution": {
    "id": "ga_gen0_7096",
    "instance_id": "synthetic_100c_300q_clustered5_s1449289238",
    "algorithm": "drl_expert_ga",
    "routes": [
      {
        "vehicle_id": 0,
        "customer_sequence": [
          45,
          51,
          36,
          44,
          57,
          9,
          3,
          15,
          5,
          8,
          17,
          10,
          14,
          13
        ],
        "total_demand": 297,
        "total_distance": 145.4176453218779
      },
      {
        "vehicle_id": 1,
        "customer_sequence": [
          58,
          71,
          43,
          76,
          80,
          61,
          69,
          31,
          87,
          27,
          89,
          21,
          96
        ],
        "total_demand": 297,
        "total_distance": 153.6189131352853
      },
      {
        "vehicle_id": 2,
        "customer_sequence": [
          50,
          46,
          63,
          65,
          68,
          66,
          93,
          81,
          90,
          86,
          100,
          85,
          92,
          91,
          40,
          18
        ],
        "total_demand": 299,
        "total_distance": 237.79395015575096
      },
      {
        "vehicle_id": 3,
        "customer_sequence": [
          12,
          35,
          25,
          39,
          24,
          99,
          82,
          88,
          33,
          20,
          38,
          26,
          95,
          83,
          64,
          72,
          78,
          79,
          73
        ],
        "total_demand": 299,
        "total_distance": 367.2921988403234
      },
      {
        "vehicle_id": 4,
        "customer_sequence": [
          94,
          97,
          84,
          98,
          32,
          34,
          28,
          30,
          37,
          23,
          1,
          4,
          62,
          47,
          29,
          7,
          11,
          6
        ],
        "total_demand": 300,
        "total_distance": 314.92957983252717
      },
      {
        "vehicle_id": 5,
        "customer_sequence": [
          49,
          75,
          74,
          60,
          67,
          53,
          48,
          59,
          56,
          77,
          52,
          54,
          41,
          70,
          55,
          42,
          2,
          22,
          16,
          19
        ],
        "total_demand": 263,
        "total_distance": 306.84161403545164
      }
    ],
    "total_cost": 1149.8696802133334,
    "computation_time": 0.0,
    "is_valid": true,
    "convergence_history": null
  }
}