{
  "instance_id": "synthetic_60c_300q_clustered5_s932253173",
  "instance_name": "Synthetic Clustered",
  "instance_size": 60,
  "configuration": "drl_expert_ga",
  "agent_used": "expert",
  "replicate": 5,
  "seed": 1044895921,
  "initial_cost": 817.2656201476,
  "final_cost": 724.6350939691338,
  "improvement_gap": 11.334200765931756,
  "total_time": 70.06789422035217,
  "initialization_time": 66.97242951393127,
  "evolution_time": 3.0954647064208984,
  "generations_run": 100,
  "generations_to_convergence": null,
  "convergence_history": [
    817.2656201476,
    817.2656201476,
    817.2656201476,
    817.2656201476,
    816.1566790274951,
    810.1270699351933,
    810.1270699351933,
    810.1270699351933,
    809.0181288150884,
    809.0181288150884,
    809.0181288150884,
    809.0181288150884,
    809.0181288150884,
    809.0181288150884,
    809.0181288150884,
    809.0181288150884,
    809.0181288150884,
    809.0181288150884,
    809.0181288150884,
    805.9979667958473,
    805.9979667958473,
    802.8384538148052,
    802.8384538148052,
    802.8384538148052,
    798.310978939526,
    796.769394025343,
    793.749232006102,
    792.2419191500637,
    792.2419191500637,
    792.2419191500637,
    792.2419191500637,
    792.2419191500637,
    790.221132591585,
    790.221132591585,
    790.221132591585,
    787.690940782354,
    787.690940782354,
    787.690940782354,
    787.690940782354,
    787.690940782354,
    787.690940782354,
    787.690940782354,
    782.2171624035898,
    778.5022841615518,
    778.5022841615518,
    778.5022841615518,
    778.5022841615518,
    778.5022841615518,
    778.5022841615518,
    778.5022841615518,
    778.5022841615518,
    763.2940043502977,
    763.2940043502977,
    763.2940043502977,
    763.2940043502977,
    763.2940043502977,
    763.2375340567114,
    763.2375340567114,
    762.4414412060077,
    762.4414412060077,
    762.4414412060077,
    762.4414412060077,
    735.4462254095637,
    735.4462254095637,
    735.4462254095637,
    735.4462254095637,
    735.4462254095637,
    735.4462254095637,
    734.7799821308873,
    734.7799821308873,
    734.7799821308873,
    734.7799821308873,
    734.7799821308873,
    734.7799821308873,
    734.7799821308873,
    734.7799821308873,
    734.7799821308873,
    734.5761285350454,
    727.1189820017889,
    727.1189820017889,
    727.1189820017889,
    727.1189820017889,
    727.1189820017889,
    727.1189820017889,
    727.1189820017889,
    727.1189820017889,
    727.1189820017889,
    727.1189820017889,
    727.1189820017889,
    727.1189820017889,
    727.1189820017889,
    727.1189820017889,
    727.1189820017889,
    727.1189820017889,
    727.1189820017889,
    727.1189820017889,
    724.6350939691338,
    724.6350939691338,
    724.6350939691338,
    724.6350939691338,
    724.6350939691338
  ],
  "best_solution": {
    "id": "ga_gen0_3589",
    "instance_id": "synthetic_60c_300q_clustered5_s932253173",
    "algorithm": "drl_expert_ga",
    "routes": [
      {
        "vehicle_id": 0,
        "customer_sequence": [
          40,
          41,
          11,
          43,
          29,
          32,
          33,
          35,
          42,
          46,
          44,
          37,
          24
        ],
        "total_demand": 300,
        "total_distance": 200.25362785194045
      },
      {
        "vehicle_id": 1,
        "customer_sequence": [
          55,
          13,
          47,
          31,
          25,
          27,
          34,
          4,
          2,
          6,
          8,
          12,
          10,
          5,
          9,
          48,
          1
        ],
        "total_demand": 299,
        "total_distance": 229.21969787844674
      },
      {
        "vehicle_id": 2,
        "customer_sequence": [
          52,
          20,
          38,
          39,
          15,
          60,
          56,
          22,
          58,
          14,
          23,
          16,
          17,
          21,
          54,
          18
        ],
        "total_demand": 299,
        "total_distance": 179.7743364567147
      },
      {
        "vehicle_id": 3,
        "customer_sequence": [
          59,
          57,
          19,
          51,
          49,
          53,
          30,
          28,
          45,
          26,
          50,
          7,
          3,
          36
        ],
        "total_demand": 216,
        "total_distance": 281.9783057724552
      }
    ],
    "total_cost": 724.6350939691338,
    "computation_time": 0.0,
    "is_valid": true,
    "convergence_history": null
  }
}