{
  "instance_id": "synthetic_75c_281q_clustered5_s1295647397",
  "instance_name": "Synthetic Clustered",
  "instance_size": 75,
  "configuration": "drl_expert_ga",
  "agent_used": "expert",
  "replicate": 5,
  "seed": 130610901,
  "initial_cost": 837.3497570907372,
  "final_cost": 564.2578104092983,
  "improvement_gap": 32.61384437851411,
  "total_time": 106.77692222595215,
  "initialization_time": 101.99382495880127,
  "evolution_time": 4.783097267150879,
  "generations_run": 100,
  "generations_to_convergence": null,
  "convergence_history": [
    837.3497570907372,
    789.1542976341419,
    785.4859764602783,
    785.4859764602783,
    785.4859764602783,
    767.4645211686094,
    767.4645211686094,
    763.3417249961084,
    752.7416482477029,
    752.7416482477029,
    752.7416482477029,
    752.7416482477029,
    744.105196292348,
    744.105196292348,
    744.105196292348,
    742.5539019546513,
    742.5539019546513,
    736.1853422811926,
    736.1853422811926,
    736.1853422811926,
    734.3775674035976,
    734.3775674035976,
    731.526835509785,
    721.623663080845,
    721.623663080845,
    719.4017487662419,
    719.4017487662419,
    714.724215829752,
    714.724215829752,
    704.3488868921712,
    703.7896473805455,
    703.2683027943785,
    703.2683027943785,
    703.032938951187,
    702.6449470010314,
    669.0444252673024,
    669.0444252673024,
    669.0444252673024,
    665.7690141572914,
    665.7690141572914,
    665.7690141572914,
    657.9799668295514,
    657.9579076165155,
    657.9579076165155,
    657.5405419436523,
    655.9148986161106,
    655.9148986161106,
    654.8198435128381,
    654.8198435128381,
    653.7392594150456,
    653.7392594150456,
    650.8440765701671,
    650.8440765701671,
    644.0790648953212,
    643.4234346779477,
    642.5000823578216,
    642.5000823578216,
    642.5000823578216,
    642.5000823578216,
    642.5000823578216,
    642.5000823578216,
    640.2370211184643,
    622.9041468258217,
    622.9041468258217,
    622.9041468258217,
    620.6410855864644,
    620.6410855864644,
    620.6410855864644,
    620.6410855864644,
    617.4805461481078,
    615.7649349812134,
    615.7649349812134,
    614.7698857517291,
    614.7698857517291,
    614.7698857517291,
    614.7698857517291,
    614.7698857517291,
    614.7698857517291,
    614.7698857517291,
    612.8107046617057,
    612.8107046617057,
    612.8107046617057,
    612.0640571818067,
    608.7491536406047,
    608.7491536406047,
    608.7491536406047,
    608.7491536406047,
    608.5399652147854,
    608.5399652147854,
    608.5399652147854,
    604.4280824464661,
    603.0229139701643,
    603.0229139701643,
    602.972582222946,
    598.5390037623692,
    598.5390037623692,
    598.5390037623692,
    598.5390037623692,
    570.6298841587126,
    564.2578104092983,
    564.2578104092983
  ],
  "best_solution": {
    "id": "ga_gen0_7624",
    "instance_id": "synthetic_75c_281q_clustered5_s1295647397",
    "algorithm": "drl_expert_ga",
    "routes": [
      {
        "vehicle_id": 0,
        "customer_sequence": [
          12,
          1,
          31,
          44,
          37,
          70,
          60,
          61,
          46,
          34,
          71,
          68,
          74
        ],
        "total_demand": 273,
        "total_distance": 118.2403956866947
      },
      {
        "vehicle_id": 1,
        "customer_sequence": [
          3,
          6,
          8,
          11,
          24,
          9,
          18,
          13,
          29,
          16,
          25,
          10,
          22
        ],
        "total_demand": 280,
        "total_distance": 122.25832805944096
      },
      {
        "vehicle_id": 2,
        "customer_sequence": [
          20,
          19,
          21,
          26,
          27,
          5,
          65,
          72,
          62,
          30,
          67,
          69,
          38,
          73,
          39
        ],
        "total_demand": 281,
        "total_distance": 150.93434230373083
      },
      {
        "vehicle_id": 3,
        "customer_sequence": [
          48,
          35,
          47,
          36,
          42,
          58,
          51,
          55,
          64,
          50,
          56,
          49,
          15,
          75,
          4,
          54,
          59,
          43,
          14,
          41
        ],
        "total_demand": 272,
        "total_distance": 200.5138158763967
      },
      {
        "vehicle_id": 4,
        "customer_sequence": [
          57,
          63,
          52,
          2,
          66,
          53,
          45,
          33,
          40,
          32,
          7,
          23,
          28,
          17
        ],
        "total_demand": 154,
        "total_distance": 178.38787542550253
      }
    ],
    "total_cost": 564.2578104092983,
    "computation_time": 0.0,
    "is_valid": true,
    "convergence_history": null
  }
}