{
  "instance_id": "synthetic_140c_490q_clustered6_s1712485283",
  "instance_name": "Synthetic Clustered",
  "instance_size": 140,
  "configuration": "drl_expert_ga",
  "agent_used": "expert",
  "replicate": 1,
  "seed": 1050432053,
  "initial_cost": 1502.5502953815044,
  "final_cost": 1187.6785476254718,
  "improvement_gap": 20.95582082835272,
  "total_time": 335.3308870792389,
  "initialization_time": 314.8686144351959,
  "evolution_time": 20.46227264404297,
  "generations_run": 100,
  "generations_to_convergence": null,
  "convergence_history": [
    1502.5502953815044,
    1497.7987584823538,
    1497.7987584823538,
    1479.890660824623,
    1479.890660824623,
    1479.890660824623,
    1479.890660824623,
    1479.890660824623,
    1479.890660824623,
    1479.890660824623,
    1465.6312544505822,
    1389.4407848273918,
    1389.4407848273918,
    1389.4264568736207,
    1389.4264568736207,
    1386.5764542708719,
    1386.5764542708719,
    1386.5764542708719,
    1384.926567641121,
    1384.926567641121,
    1384.926567641121,
    1381.25014304831,
    1381.25014304831,
    1381.25014304831,
    1381.25014304831,
    1338.2527008948132,
    1338.2527008948132,
    1338.2527008948132,
    1338.2527008948132,
    1338.2527008948132,
    1324.8398164573862,
    1324.8398164573862,
    1324.8398164573862,
    1320.7046422953927,
    1309.0884067934298,
    1301.6877615604496,
    1301.6877615604496,
    1301.6877615604496,
    1301.6877615604496,
    1301.6877615604496,
    1301.6877615604496,
    1301.6877615604496,
    1298.4779077939122,
    1297.6536899414334,
    1297.6536899414334,
    1296.4936471455921,
    1296.4936471455921,
    1292.8575031820023,
    1292.8575031820023,
    1292.8575031820023,
    1291.697460386161,
    1291.697460386161,
    1281.768888741833,
    1281.768888741833,
    1281.768888741833,
    1270.1430116099264,
    1270.1430116099264,
    1270.1430116099264,
    1270.1430116099264,
    1265.6271918747002,
    1262.4736035488859,
    1262.4736035488859,
    1257.9577838136593,
    1257.9577838136593,
    1255.4671288873878,
    1252.9824581574198,
    1252.9824581574198,
    1249.7726043908822,
    1249.7726043908822,
    1246.846908868439,
    1246.846908868439,
    1246.846908868439,
    1244.0829622833458,
    1244.0829622833458,
    1241.459210006904,
    1237.4042162355095,
    1237.4042162355095,
    1237.4042162355095,
    1232.901729576006,
    1231.428830177214,
    1228.1890161026763,
    1221.7742044842448,
    1221.7742044842448,
    1220.6913669916116,
    1220.6913669916116,
    1219.553850085339,
    1219.553850085339,
    1217.0639347458948,
    1215.98241404707,
    1213.93493786929,
    1209.572539866775,
    1194.0884218057668,
    1194.0884218057668,
    1191.3059798711886,
    1187.6785476254718,
    1187.6785476254718,
    1187.6785476254718,
    1187.6785476254718,
    1187.6785476254718,
    1187.6785476254718,
    1187.6785476254718
  ],
  "best_solution": {
    "id": "ga_gen0_3642",
    "instance_id": "synthetic_140c_490q_clustered6_s1712485283",
    "algorithm": "drl_expert_ga",
    "routes": [
      {
        "vehicle_id": 0,
        "customer_sequence": [
          7,
          12,
          6,
          69,
          124,
          14,
          49,
          11,
          2,
          120,
          65,
          52,
          125,
          121,
          119,
          116,
          10,
          57,
          137,
          23,
          127,
          97
        ],
        "total_demand": 490,
        "total_distance": 103.88381940662602
      },
      {
        "vehicle_id": 1,
        "customer_sequence": [
          100,
          5,
          114,
          31,
          140,
          26,
          98,
          27,
          108,
          74,
          80,
          128,
          62,
          126,
          136,
          130,
          66,
          138,
          61,
          58,
          67,
          34,
          106,
          105
        ],
        "total_demand": 487,
        "total_distance": 246.48906874666793
      },
      {
        "vehicle_id": 2,
        "customer_sequence": [
          22,
          29,
          107,
          24,
          41,
          135,
          117,
          8,
          50,
          132,
          15,
          47,
          19,
          13,
          17,
          60,
          3,
          134,
          131,
          70,
          79,
          109,
          46,
          101,
          39,
          28,
          88,
          111,
          75,
          44
        ],
        "total_demand": 487,
        "total_distance": 288.4239019821655
      },
      {
        "vehicle_id": 3,
        "customer_sequence": [
          55,
          45,
          112,
          25,
          42,
          37,
          30,
          38,
          85,
          43,
          35,
          32,
          90,
          103,
          113,
          93,
          99,
          91,
          82,
          81,
          76,
          84,
          77,
          87,
          102,
          71,
          40
        ],
        "total_demand": 490,
        "total_distance": 264.43545540594005
      },
      {
        "vehicle_id": 4,
        "customer_sequence": [
          122,
          4,
          21,
          1,
          20,
          18,
          104,
          89,
          94,
          73,
          78,
          110,
          33,
          115,
          16,
          9,
          92,
          86,
          72,
          96,
          95,
          83,
          36,
          64,
          123,
          129,
          63,
          68,
          56,
          48,
          133,
          139,
          118,
          54,
          53,
          51,
          59
        ],
        "total_demand": 430,
        "total_distance": 448.1047040822218
      }
    ],
    "total_cost": 1187.6785476254718,
    "computation_time": 0.0,
    "is_valid": true,
    "convergence_history": null
  }
}