{
  "instance_id": "synthetic_60c_300q_clustered5_s316884001",
  "instance_name": "Synthetic Clustered",
  "instance_size": 60,
  "configuration": "drl_expert_ga",
  "agent_used": "expert",
  "replicate": 3,
  "seed": 1194424262,
  "initial_cost": 766.7574682048828,
  "final_cost": 617.208726385492,
  "improvement_gap": 19.504047631842607,
  "total_time": 71.9842734336853,
  "initialization_time": 68.79651618003845,
  "evolution_time": 3.1877572536468506,
  "generations_run": 100,
  "generations_to_convergence": null,
  "convergence_history": [
    766.7574682048828,
    766.7574682048828,
    766.7574682048828,
    766.7574682048828,
    766.7574682048828,
    766.7574682048828,
    766.7574682048828,
    766.7574682048828,
    766.7574682048828,
    764.8785165883749,
    751.0666197593457,
    751.0666197593457,
    749.1876681428378,
    749.1876681428378,
    735.7341772320831,
    735.7341772320831,
    735.7341772320831,
    722.5304919750295,
    722.5304919750295,
    719.9856276608153,
    719.9856276608153,
    717.4649262653169,
    716.1822937528306,
    712.9224849344291,
    711.6398524219428,
    711.6398524219428,
    708.3309726448917,
    708.3309726448917,
    708.3309726448917,
    708.3309726448917,
    707.2146135453397,
    706.4308511046811,
    704.698085416849,
    703.581726317297,
    697.2663970361808,
    697.2663970361808,
    697.2663970361808,
    697.2663970361808,
    695.5515393586176,
    679.5279062230177,
    679.5279062230177,
    679.5279062230177,
    679.3426423603703,
    679.3426423603703,
    679.3426423603703,
    679.3426423603703,
    674.1003149861269,
    674.1003149861269,
    674.1003149861269,
    674.1003149861269,
    673.1055716253164,
    673.1055716253164,
    673.1055716253164,
    673.0998643599848,
    673.0998643599848,
    673.0998643599848,
    668.1950710824881,
    668.1893638171566,
    662.1884432572749,
    657.2779427144465,
    656.1895362107641,
    652.3298229223965,
    652.3298229223965,
    645.4583358633383,
    645.4583358633383,
    645.4583358633383,
    645.4583358633383,
    643.2694925109931,
    643.2694925109931,
    643.2694925109931,
    635.740423368109,
    631.8653205354676,
    631.8653205354676,
    624.3362513925834,
    624.3362513925834,
    624.3362513925834,
    624.3362513925834,
    624.3362513925834,
    624.3362513925834,
    624.3362513925834,
    624.3362513925834,
    624.3362513925834,
    620.0119099413304,
    620.0119099413304,
    620.0119099413304,
    620.0119099413304,
    619.3815256115686,
    619.3815256115686,
    619.3815256115686,
    619.3815256115686,
    619.3815256115686,
    619.3815256115686,
    619.3815256115686,
    619.3815256115686,
    617.4236523409485,
    617.4236523409485,
    617.4236523409485,
    617.4236523409485,
    617.208726385492,
    617.208726385492,
    617.208726385492
  ],
  "best_solution": {
    "id": "ga_gen0_4842",
    "instance_id": "synthetic_60c_300q_clustered5_s316884001",
    "algorithm": "drl_expert_ga",
    "routes": [
      {
        "vehicle_id": 0,
        "customer_sequence": [
          32,
          11,
          1,
          4,
          27,
          6,
          3,
          7,
          9,
          12,
          2,
          47,
          16,
          45
        ],
        "total_demand": 300,
        "total_distance": 153.26154280821447
      },
      {
        "vehicle_id": 1,
        "customer_sequence": [
          18,
          10,
          35,
          34,
          30,
          31,
          28,
          29,
          25,
          33,
          8,
          21,
          13,
          20,
          23
        ],
        "total_demand": 300,
        "total_distance": 184.24547985707792
      },
      {
        "vehicle_id": 2,
        "customer_sequence": [
          54,
          14,
          37,
          44,
          46,
          43,
          51,
          55,
          53,
          57,
          59,
          58,
          52
        ],
        "total_demand": 300,
        "total_distance": 205.1847585717307
      },
      {
        "vehicle_id": 3,
        "customer_sequence": [
          5,
          56,
          24,
          50,
          17,
          19,
          49,
          60,
          22,
          26,
          36,
          15,
          42,
          48,
          41,
          38,
          40,
          39
        ],
        "total_demand": 210,
        "total_distance": 255.2003002304247
      }
    ],
    "total_cost": 617.208726385492,
    "computation_time": 0.0,
    "is_valid": true,
    "convergence_history": null
  }
}