{
  "instance_id": "synthetic_60c_300q_clustered5_s1602549446",
  "instance_name": "Synthetic Clustered",
  "instance_size": 60,
  "configuration": "drl_expert_ga",
  "agent_used": "expert",
  "replicate": 3,
  "seed": 766337297,
  "initial_cost": 855.3239705974581,
  "final_cost": 662.7049764704421,
  "improvement_gap": 22.520004202906694,
  "total_time": 71.99656224250793,
  "initialization_time": 69.11425471305847,
  "evolution_time": 2.882307529449463,
  "generations_run": 100,
  "generations_to_convergence": null,
  "convergence_history": [
    855.3239705974581,
    855.3239705974581,
    842.3264879202103,
    842.3264879202103,
    830.7751424340817,
    830.7751424340817,
    795.5397035949773,
    786.424799565162,
    786.424799565162,
    785.5497048270826,
    759.4018738137169,
    759.4018738137169,
    759.4018738137169,
    750.848898053966,
    750.5038387081527,
    745.945893393354,
    743.7370892976683,
    743.7370892976683,
    743.7370892976683,
    742.0033085060088,
    740.1395637561363,
    730.2031572536681,
    730.2031572536681,
    726.6056317121361,
    726.6056317121361,
    726.6056317121361,
    725.0431658060156,
    711.1915163713113,
    711.1915163713113,
    711.1915163713113,
    702.4333376823438,
    702.4333376823438,
    702.4333376823438,
    702.4333376823438,
    702.4333376823438,
    702.4333376823438,
    702.4333376823438,
    702.4333376823438,
    702.4333376823438,
    702.4333376823438,
    702.4333376823438,
    702.4333376823438,
    702.4333376823438,
    702.4333376823438,
    702.4333376823438,
    699.7938620736816,
    699.7938620736816,
    699.7938620736816,
    699.7938620736816,
    699.7938620736816,
    699.7938620736816,
    699.7938620736816,
    699.7938620736816,
    699.7938620736816,
    699.7938620736816,
    699.7938620736816,
    696.3466816314171,
    696.3466816314171,
    696.3466816314171,
    696.3466816314171,
    696.3466816314171,
    696.3466816314171,
    696.3466816314171,
    696.3466816314171,
    696.3466816314171,
    696.3466816314171,
    693.1935662277765,
    693.1935662277765,
    693.1935662277765,
    693.1935662277765,
    693.1935662277765,
    693.1935662277765,
    693.1935662277765,
    693.1935662277765,
    693.1935662277765,
    687.8294179019579,
    687.8294179019579,
    687.8294179019579,
    687.6162091757878,
    687.6162091757878,
    687.6162091757878,
    685.7291511050951,
    682.95596987734,
    682.95596987734,
    682.95596987734,
    682.95596987734,
    682.95596987734,
    682.95596987734,
    675.7192772472745,
    675.7192772472745,
    672.9375514622991,
    672.9375514622991,
    672.9375514622991,
    672.9375514622991,
    672.9375514622991,
    672.9375514622991,
    672.9375514622991,
    672.9375514622991,
    672.9375514622991,
    662.7049764704421,
    662.7049764704421
  ],
  "best_solution": {
    "id": "ga_gen0_2683",
    "instance_id": "synthetic_60c_300q_clustered5_s1602549446",
    "algorithm": "drl_expert_ga",
    "routes": [
      {
        "vehicle_id": 0,
        "customer_sequence": [
          55,
          50,
          51,
          56,
          57,
          53,
          49,
          27,
          54,
          25,
          35,
          33,
          34
        ],
        "total_demand": 289,
        "total_distance": 166.75711832936972
      },
      {
        "vehicle_id": 1,
        "customer_sequence": [
          45,
          32,
          16,
          29,
          31,
          36,
          30,
          26,
          28,
          21,
          15,
          39,
          48,
          1,
          7,
          8,
          44
        ],
        "total_demand": 294,
        "total_distance": 239.51250821354444
      },
      {
        "vehicle_id": 2,
        "customer_sequence": [
          38,
          43,
          37,
          23,
          46,
          4,
          5,
          6,
          12,
          2,
          9,
          17,
          24,
          20,
          13,
          18
        ],
        "total_demand": 300,
        "total_distance": 225.66172614818555
      },
      {
        "vehicle_id": 3,
        "customer_sequence": [
          41,
          14,
          19,
          40,
          22,
          47,
          42,
          60,
          52,
          59,
          58,
          11,
          3,
          10
        ],
        "total_demand": 181,
        "total_distance": 203.7416995498438
      }
    ],
    "total_cost": 662.7049764704421,
    "computation_time": 0.0,
    "is_valid": true,
    "convergence_history": null
  }
}