{
  "instance_id": "synthetic_75c_281q_random_s23780024",
  "instance_name": "Synthetic Random",
  "instance_size": 75,
  "configuration": "drl_expert_ga",
  "agent_used": "expert",
  "replicate": 3,
  "seed": 1231678509,
  "initial_cost": 1359.2187550560511,
  "final_cost": 1055.5495136403329,
  "improvement_gap": 22.34145462502801,
  "total_time": 107.86182141304016,
  "initialization_time": 101.46287250518799,
  "evolution_time": 6.398948907852173,
  "generations_run": 100,
  "generations_to_convergence": null,
  "convergence_history": [
    1359.2187550560511,
    1359.2187550560511,
    1359.2187550560511,
    1359.2187550560511,
    1350.0911225055072,
    1350.0911225055072,
    1350.0911225055072,
    1343.2863091707304,
    1343.2863091707304,
    1341.923847496438,
    1341.923847496438,
    1341.923847496438,
    1334.625802285109,
    1334.625802285109,
    1334.625802285109,
    1331.186957446427,
    1327.8209889503325,
    1327.8209889503325,
    1327.8209889503325,
    1298.6203255543267,
    1298.6203255543267,
    1298.6203255543267,
    1296.0745745338281,
    1296.0745745338281,
    1293.3011992936795,
    1292.109584445396,
    1290.7554482731812,
    1290.008939226531,
    1287.4631882060328,
    1287.4631882060328,
    1285.991172487196,
    1283.4981981176004,
    1283.4981981176004,
    1272.2383391869942,
    1272.2383391869942,
    1272.2383391869942,
    1270.1370737670381,
    1270.1370737670381,
    1257.6483701473774,
    1257.6483701473774,
    1250.7761431787123,
    1245.263600640209,
    1245.263600640209,
    1245.263600640209,
    1245.263600640209,
    1245.263600640209,
    1245.263600640209,
    1236.7334025302825,
    1236.7334025302825,
    1236.7334025302825,
    1236.7334025302825,
    1236.7334025302825,
    1236.7334025302825,
    1236.7334025302825,
    1236.7334025302825,
    1236.7334025302825,
    1236.7334025302825,
    1236.7334025302825,
    1231.1959572612436,
    1231.1959572612436,
    1231.1959572612436,
    1228.6502062407453,
    1228.6502062407453,
    1228.6502062407453,
    1228.6502062407453,
    1218.9936892292017,
    1218.9936892292017,
    1218.9936892292017,
    1218.9936892292017,
    1218.1627459404856,
    1218.1627459404856,
    1218.1627459404856,
    1216.5565210099724,
    1216.5565210099724,
    1215.7255777212565,
    1215.7255777212565,
    1215.7255777212565,
    1215.7255777212565,
    1215.7255777212565,
    1207.9392450371888,
    1207.3703731219775,
    1207.3703731219775,
    1202.1660215356278,
    1202.1660215356278,
    1193.8108169363488,
    1184.8606598396975,
    1184.8606598396975,
    1184.8606598396975,
    1176.5054552404188,
    1176.5054552404188,
    1176.5054552404188,
    1176.5054552404188,
    1156.1381494654972,
    1156.1381494654972,
    1156.1381494654972,
    1156.1381494654972,
    1156.1381494654972,
    1060.8599879330955,
    1060.8599879330955,
    1060.8599879330955,
    1055.5495136403329
  ],
  "best_solution": {
    "id": "ga_gen0_4024",
    "instance_id": "synthetic_75c_281q_random_s23780024",
    "algorithm": "drl_expert_ga",
    "routes": [
      {
        "vehicle_id": 0,
        "customer_sequence": [
          33,
          39,
          26,
          56,
          28,
          2,
          48,
          72,
          12,
          4,
          9,
          1,
          63,
          53,
          16,
          17
        ],
        "total_demand": 281,
        "total_distance": 255.73288872312736
      },
      {
        "vehicle_id": 1,
        "customer_sequence": [
          11,
          15,
          5,
          6,
          57,
          38,
          55,
          67,
          68,
          58,
          69,
          14,
          22
        ],
        "total_demand": 281,
        "total_distance": 181.78966521067645
      },
      {
        "vehicle_id": 2,
        "customer_sequence": [
          61,
          27,
          51,
          3,
          32,
          36,
          62,
          43,
          47,
          75,
          8,
          66,
          19,
          31,
          18,
          13,
          45,
          50
        ],
        "total_demand": 277,
        "total_distance": 321.04166781836875
      },
      {
        "vehicle_id": 3,
        "customer_sequence": [
          54,
          70,
          44,
          41,
          49,
          73,
          60,
          10,
          30,
          21,
          52,
          74,
          65,
          40,
          37,
          46,
          34,
          25,
          35,
          7,
          23
        ],
        "total_demand": 277,
        "total_distance": 423.0466362524483
      },
      {
        "vehicle_id": 4,
        "customer_sequence": [
          59,
          42,
          71,
          24,
          20,
          29,
          64
        ],
        "total_demand": 77,
        "total_distance": 214.72008941679957
      }
    ],
    "total_cost": 1055.5495136403329,
    "computation_time": 0.0,
    "is_valid": true,
    "convergence_history": null
  }
}