{
  "instance_id": "synthetic_20c_60q_clustered4_s237343260",
  "instance_name": "Synthetic Clustered",
  "instance_size": 20,
  "configuration": "drl_expert_ga",
  "agent_used": "expert",
  "replicate": 2,
  "seed": 991273085,
  "initial_cost": 274.6059643623805,
  "final_cost": 139.45449816944398,
  "improvement_gap": 49.21650791771788,
  "total_time": 11.333250284194946,
  "initialization_time": 10.887683868408203,
  "evolution_time": 0.44556641578674316,
  "generations_run": 100,
  "generations_to_convergence": 22,
  "convergence_history": [
    274.6059643623805,
    212.09327003292202,
    212.09327003292202,
    209.2316100950553,
    207.15749935056843,
    201.47294068875505,
    201.47294068875505,
    189.79399206275139,
    189.79399206275139,
    189.79399206275139,
    176.81382260483517,
    172.10259858518427,
    168.49581241528224,
    168.49581241528224,
    141.93458645925475,
    141.93458645925475,
    139.7943406877525,
    139.7943406877525,
    139.7943406877525,
    139.7943406877525,
    139.7943406877525,
    139.7943406877525,
    139.45449816944398,
    139.45449816944398,
    139.45449816944398,
    139.45449816944398,
    139.45449816944398,
    139.45449816944398,
    139.45449816944398,
    139.45449816944398,
    139.45449816944398,
    139.45449816944398,
    139.45449816944398,
    139.45449816944398,
    139.45449816944398,
    139.45449816944398,
    139.45449816944398,
    139.45449816944398,
    139.45449816944398,
    139.45449816944398,
    139.45449816944398,
    139.45449816944398,
    139.45449816944398,
    139.45449816944398,
    139.45449816944398,
    139.45449816944398,
    139.45449816944398,
    139.45449816944398,
    139.45449816944398,
    139.45449816944398,
    139.45449816944398,
    139.45449816944398,
    139.45449816944398,
    139.45449816944398,
    139.45449816944398,
    139.45449816944398,
    139.45449816944398,
    139.45449816944398,
    139.45449816944398,
    139.45449816944398,
    139.45449816944398,
    139.45449816944398,
    139.45449816944398,
    139.45449816944398,
    139.45449816944398,
    139.45449816944398,
    139.45449816944398,
    139.45449816944398,
    139.45449816944398,
    139.45449816944398,
    139.45449816944398,
    139.45449816944398,
    139.45449816944398,
    139.45449816944398,
    139.45449816944398,
    139.45449816944398,
    139.45449816944398,
    139.45449816944398,
    139.45449816944398,
    139.45449816944398,
    139.45449816944398,
    139.45449816944398,
    139.45449816944398,
    139.45449816944398,
    139.45449816944398,
    139.45449816944398,
    139.45449816944398,
    139.45449816944398,
    139.45449816944398,
    139.45449816944398,
    139.45449816944398,
    139.45449816944398,
    139.45449816944398,
    139.45449816944398,
    139.45449816944398,
    139.45449816944398,
    139.45449816944398,
    139.45449816944398,
    139.45449816944398,
    139.45449816944398,
    139.45449816944398
  ],
  "best_solution": {
    "id": "ga_gen0_8718",
    "instance_id": "synthetic_20c_60q_clustered4_s237343260",
    "algorithm": "drl_expert_ga",
    "routes": [
      {
        "vehicle_id": 0,
        "customer_sequence": [
          20,
          17,
          16
        ],
        "total_demand": 42,
        "total_distance": 106.6635989664333
      },
      {
        "vehicle_id": 1,
        "customer_sequence": [
          2,
          8,
          14
        ],
        "total_demand": 53,
        "total_distance": 94.23036186843787
      },
      {
        "vehicle_id": 2,
        "customer_sequence": [
          1,
          3
        ],
        "total_demand": 48,
        "total_distance": 108.63008264489976
      },
      {
        "vehicle_id": 3,
        "customer_sequence": [
          18,
          7,
          13,
          6
        ],
        "total_demand": 60,
        "total_distance": 62.00961632149051
      },
      {
        "vehicle_id": 4,
        "customer_sequence": [
          10,
          15
        ],
        "total_demand": 45,
        "total_distance": 34.7724990272885
      },
      {
        "vehicle_id": 5,
        "customer_sequence": [
          9,
          19
        ],
        "total_demand": 47,
        "total_distance": 39.940621228268554
      },
      {
        "vehicle_id": 6,
        "customer_sequence": [
          4,
          12
        ],
        "total_demand": 40,
        "total_distance": 81.89339535672508
      },
      {
        "vehicle_id": 7,
        "customer_sequence": [
          11,
          5
        ],
        "total_demand": 36,
        "total_distance": 60.046480370823545
      }
    ],
    "total_cost": 139.45449816944398,
    "computation_time": 0.0,
    "is_valid": true,
    "convergence_history": null
  }
}