{
  "instance_id": "synthetic_40c_120q_clustered4_s367137374",
  "instance_name": "Synthetic Clustered",
  "instance_size": 40,
  "configuration": "drl_expert_ga",
  "agent_used": "expert",
  "replicate": 3,
  "seed": 1245522757,
  "initial_cost": 603.3983801082709,
  "final_cost": 481.78622361657295,
  "improvement_gap": 20.15453811292573,
  "total_time": 36.089364528656006,
  "initialization_time": 34.54351472854614,
  "evolution_time": 1.5458498001098633,
  "generations_run": 100,
  "generations_to_convergence": 62,
  "convergence_history": [
    603.3983801082709,
    603.3983801082709,
    603.3983801082709,
    603.3983801082709,
    573.7025445896072,
    573.7025445896072,
    573.7025445896072,
    573.7025445896072,
    573.7025445896072,
    573.7025445896072,
    573.7025445896072,
    573.7025445896072,
    563.344849571814,
    563.344849571814,
    545.4160842954402,
    545.4160842954402,
    540.3842225723835,
    540.3842225723835,
    540.3842225723835,
    532.2770243716134,
    532.2770243716134,
    532.2770243716134,
    532.2770243716134,
    532.2770243716134,
    532.2770243716134,
    532.2770243716134,
    515.6247926355293,
    515.6247926355293,
    515.6247926355293,
    515.6247926355293,
    515.6247926355293,
    514.346100407733,
    514.346100407733,
    498.67479760213286,
    498.67479760213286,
    498.67479760213286,
    498.67479760213286,
    498.67479760213286,
    498.67479760213286,
    498.67479760213286,
    498.67479760213286,
    498.67479760213286,
    498.67479760213286,
    498.67479760213286,
    498.67479760213286,
    498.67479760213286,
    498.67479760213286,
    482.42296544382367,
    482.42296544382367,
    482.42296544382367,
    482.42296544382367,
    482.42296544382367,
    482.42296544382367,
    482.42296544382367,
    482.42296544382367,
    482.42296544382367,
    482.42296544382367,
    482.42296544382367,
    482.42296544382367,
    482.42296544382367,
    482.42296544382367,
    482.42296544382367,
    481.78622361657295,
    481.78622361657295,
    481.78622361657295,
    481.78622361657295,
    481.78622361657295,
    481.78622361657295,
    481.78622361657295,
    481.78622361657295,
    481.78622361657295,
    481.78622361657295,
    481.78622361657295,
    481.78622361657295,
    481.78622361657295,
    481.78622361657295,
    481.78622361657295,
    481.78622361657295,
    481.78622361657295,
    481.78622361657295,
    481.78622361657295,
    481.78622361657295,
    481.78622361657295,
    481.78622361657295,
    481.78622361657295,
    481.78622361657295,
    481.78622361657295,
    481.78622361657295,
    481.78622361657295,
    481.78622361657295,
    481.78622361657295,
    481.78622361657295,
    481.78622361657295,
    481.78622361657295,
    481.78622361657295,
    481.78622361657295,
    481.78622361657295,
    481.78622361657295,
    481.78622361657295,
    481.78622361657295,
    481.78622361657295
  ],
  "best_solution": {
    "id": "ga_gen0_6890",
    "instance_id": "synthetic_40c_120q_clustered4_s367137374",
    "algorithm": "drl_expert_ga",
    "routes": [
      {
        "vehicle_id": 0,
        "customer_sequence": [
          5,
          27,
          30,
          22,
          21,
          31,
          17
        ],
        "total_demand": 118,
        "total_distance": 152.46660042119328
      },
      {
        "vehicle_id": 1,
        "customer_sequence": [
          28,
          13,
          38,
          34,
          15
        ],
        "total_demand": 109,
        "total_distance": 119.24434368120595
      },
      {
        "vehicle_id": 2,
        "customer_sequence": [
          7,
          6,
          1,
          25,
          33,
          39
        ],
        "total_demand": 119,
        "total_distance": 108.45380567218558
      },
      {
        "vehicle_id": 3,
        "customer_sequence": [
          29,
          10,
          9,
          4,
          2,
          8,
          3,
          36
        ],
        "total_demand": 116,
        "total_distance": 118.8983683352004
      },
      {
        "vehicle_id": 4,
        "customer_sequence": [
          16,
          18,
          32,
          20,
          35,
          40
        ],
        "total_demand": 107,
        "total_distance": 142.61792730261092
      },
      {
        "vehicle_id": 5,
        "customer_sequence": [
          37,
          14,
          11,
          12,
          19,
          26,
          23,
          24
        ],
        "total_demand": 86,
        "total_distance": 179.082867053885
      }
    ],
    "total_cost": 481.78622361657295,
    "computation_time": 0.0,
    "is_valid": true,
    "convergence_history": null
  }
}