{
  "instance_id": "synthetic_75c_281q_random_s1136794130",
  "instance_name": "Synthetic Random",
  "instance_size": 75,
  "configuration": "drl_expert_ga",
  "agent_used": "expert",
  "replicate": 4,
  "seed": 1566036185,
  "initial_cost": 1359.5102722197662,
  "final_cost": 1098.348243239267,
  "improvement_gap": 19.210007773908313,
  "total_time": 101.45424127578735,
  "initialization_time": 95.3752281665802,
  "evolution_time": 6.079013109207153,
  "generations_run": 100,
  "generations_to_convergence": null,
  "convergence_history": [
    1359.5102722197662,
    1359.5102722197662,
    1359.5102722197662,
    1345.2789894294503,
    1345.2789894294503,
    1345.2789894294503,
    1332.3934605146649,
    1332.3934605146649,
    1332.3934605146649,
    1332.3934605146649,
    1332.3934605146649,
    1332.3934605146649,
    1332.3934605146649,
    1332.3934605146649,
    1315.8804326615714,
    1315.8804326615714,
    1315.5425296295625,
    1315.5425296295625,
    1294.548257737071,
    1294.548257737071,
    1261.1842989988752,
    1261.1842989988752,
    1261.1842989988752,
    1244.4848654186583,
    1244.1507923337408,
    1229.8735594357574,
    1229.8735594357574,
    1227.4513587535241,
    1218.726753925304,
    1213.1741258555408,
    1213.1741258555408,
    1213.1741258555408,
    1184.9914187449604,
    1184.9914187449604,
    1170.8814408903922,
    1170.8814408903922,
    1170.8814408903922,
    1170.8814408903922,
    1163.9372215605524,
    1163.9372215605524,
    1163.9372215605524,
    1163.9372215605524,
    1148.7019022162071,
    1148.7019022162071,
    1148.7019022162071,
    1148.7019022162071,
    1148.7019022162071,
    1148.7019022162071,
    1148.7019022162071,
    1148.7019022162071,
    1148.7019022162071,
    1148.7019022162071,
    1148.7019022162071,
    1148.7019022162071,
    1148.7019022162071,
    1148.7019022162071,
    1148.7019022162071,
    1148.7019022162071,
    1129.5102459199866,
    1129.5102459199866,
    1129.5102459199866,
    1129.5102459199866,
    1129.5102459199866,
    1129.5102459199866,
    1129.5102459199866,
    1129.5102459199866,
    1129.5102459199866,
    1129.5102459199866,
    1129.5102459199866,
    1129.5102459199866,
    1129.5102459199866,
    1129.5102459199866,
    1129.5102459199866,
    1129.5102459199866,
    1129.5102459199866,
    1129.5102459199866,
    1129.5102459199866,
    1120.2307720388785,
    1120.2307720388785,
    1120.2307720388785,
    1120.2307720388785,
    1120.2307720388785,
    1120.2307720388785,
    1120.2307720388785,
    1112.9546560040112,
    1112.9546560040112,
    1112.9546560040112,
    1112.9546560040112,
    1112.9546560040112,
    1112.9546560040112,
    1112.6130467837988,
    1112.6130467837988,
    1112.6130467837988,
    1112.6130467837988,
    1107.6644074992532,
    1107.6644074992532,
    1101.8261477548635,
    1101.8261477548635,
    1098.348243239267,
    1098.348243239267,
    1098.348243239267
  ],
  "best_solution": {
    "id": "ga_gen0_8641",
    "instance_id": "synthetic_75c_281q_random_s1136794130",
    "algorithm": "drl_expert_ga",
    "routes": [
      {
        "vehicle_id": 0,
        "customer_sequence": [
          74,
          47,
          39,
          44,
          58,
          18,
          69,
          29,
          43,
          32,
          23,
          28,
          6,
          68
        ],
        "total_demand": 280,
        "total_distance": 245.61940084334452
      },
      {
        "vehicle_id": 1,
        "customer_sequence": [
          24,
          66,
          2,
          27,
          11,
          53,
          35,
          14,
          54,
          42,
          36,
          5
        ],
        "total_demand": 280,
        "total_distance": 212.0814083658262
      },
      {
        "vehicle_id": 2,
        "customer_sequence": [
          57,
          62,
          7,
          3,
          49,
          65,
          31,
          48,
          17,
          38,
          1,
          26
        ],
        "total_demand": 279,
        "total_distance": 169.0721630211354
      },
      {
        "vehicle_id": 3,
        "customer_sequence": [
          71,
          51,
          52,
          13,
          22,
          8,
          70,
          61,
          45,
          37,
          19,
          72,
          41,
          59,
          75,
          55,
          15,
          21,
          50,
          73,
          20,
          4,
          56
        ],
        "total_demand": 279,
        "total_distance": 426.95948274483277
      },
      {
        "vehicle_id": 4,
        "customer_sequence": [
          46,
          9,
          10,
          40,
          63,
          60,
          34,
          16,
          33,
          30,
          64,
          67,
          25,
          12
        ],
        "total_demand": 212,
        "total_distance": 384.56982165488785
      }
    ],
    "total_cost": 1098.348243239267,
    "computation_time": 0.0,
    "is_valid": true,
    "convergence_history": null
  }
}