{
  "instance_id": "synthetic_110c_481q_clustered6_s201764005",
  "instance_name": "Synthetic Clustered",
  "instance_size": 110,
  "configuration": "drl_expert_ga",
  "agent_used": "expert",
  "replicate": 4,
  "seed": 62251818,
  "initial_cost": 1255.8119165286123,
  "final_cost": 953.4502831384981,
  "improvement_gap": 24.0769839344987,
  "total_time": 216.18360567092896,
  "initialization_time": 203.21490001678467,
  "evolution_time": 12.968705654144287,
  "generations_run": 100,
  "generations_to_convergence": null,
  "convergence_history": [
    1255.8119165286123,
    1255.8119165286123,
    1255.8119165286123,
    1255.8119165286123,
    1255.8119165286123,
    1255.8119165286123,
    1255.8119165286123,
    1255.8119165286123,
    1255.8119165286123,
    1255.8119165286123,
    1238.2411581704787,
    1238.2411581704787,
    1196.2776999507819,
    1177.6562600725783,
    1164.5338167689124,
    1164.5338167689124,
    1164.5338167689124,
    1164.5338167689124,
    1158.4665023681182,
    1158.4665023681182,
    1152.538691080831,
    1152.538691080831,
    1141.966404482936,
    1141.966404482936,
    1141.966404482936,
    1141.966404482936,
    1131.5537381153913,
    1131.5537381153913,
    1131.5537381153913,
    1118.8492281225426,
    1059.5668728788833,
    1059.3427867054545,
    1059.3427867054545,
    1052.5088744798868,
    1051.742568045474,
    1049.8729286732569,
    1044.9086558199062,
    1044.9086558199062,
    1042.2727100132763,
    1042.2727100132763,
    1042.2727100132763,
    1042.2727100132763,
    1034.6948961416388,
    1034.6948961416388,
    1034.6948961416388,
    1034.6948961416388,
    1034.6948961416388,
    1034.6948961416388,
    1034.6948961416388,
    1011.0878698602987,
    1011.0878698602987,
    1011.0878698602987,
    1009.5690429509696,
    1009.5690429509696,
    1005.272522621334,
    1005.272522621334,
    1003.7934134375761,
    1002.1719288918906,
    997.8753881411609,
    997.8753881411609,
    997.8004951886643,
    994.6999014592209,
    994.6999014592209,
    989.1345268717845,
    989.1345268717845,
    989.1345268717845,
    988.0958262803287,
    988.0958262803287,
    982.5888522495777,
    979.6449101611271,
    979.6449101611271,
    979.6449101611271,
    971.3784234134052,
    971.3784234134052,
    970.7867021612446,
    965.7352939909367,
    965.7352939909367,
    965.0695233914948,
    965.0695233914948,
    965.0695233914948,
    959.4263939690262,
    959.4263939690262,
    959.4263939690262,
    959.4263939690262,
    959.4263939690262,
    959.3470258860696,
    959.3470258860696,
    959.3470258860696,
    959.3470258860696,
    957.697086957476,
    957.697086957476,
    957.697086957476,
    957.2211462975038,
    957.2211462975038,
    957.2211462975038,
    955.8459806331647,
    955.8459806331647,
    955.0257604541679,
    954.2705033174949,
    954.2705033174949,
    953.4502831384981
  ],
  "best_solution": {
    "id": "ga_gen0_5053",
    "instance_id": "synthetic_110c_481q_clustered6_s201764005",
    "algorithm": "drl_expert_ga",
    "routes": [
      {
        "vehicle_id": 0,
        "customer_sequence": [
          29,
          62,
          64,
          17,
          2,
          4,
          28,
          100,
          97,
          19,
          22,
          20,
          60,
          10,
          54,
          77,
          86,
          46,
          80,
          51,
          42,
          73,
          81
        ],
        "total_demand": 479,
        "total_distance": 276.1018037589306
      },
      {
        "vehicle_id": 1,
        "customer_sequence": [
          1,
          24,
          21,
          94,
          59,
          33,
          106,
          104,
          93,
          35,
          23,
          107,
          71,
          16,
          70,
          58,
          57,
          36,
          55,
          65,
          15,
          95
        ],
        "total_demand": 479,
        "total_distance": 154.47186775795487
      },
      {
        "vehicle_id": 2,
        "customer_sequence": [
          18,
          41,
          67,
          7,
          14,
          9,
          48,
          47,
          75,
          88,
          87,
          45,
          89,
          76,
          52,
          85,
          84,
          38,
          39,
          50,
          68,
          13,
          30,
          72,
          108,
          34
        ],
        "total_demand": 481,
        "total_distance": 213.05337505481657
      },
      {
        "vehicle_id": 3,
        "customer_sequence": [
          78,
          49,
          82,
          90,
          79,
          43,
          11,
          53,
          40,
          5,
          3,
          92,
          98,
          99,
          56,
          101,
          96,
          8,
          6,
          12,
          83,
          61,
          31,
          105,
          102,
          69,
          25,
          32,
          103,
          26,
          66,
          63,
          27,
          91,
          110,
          109
        ],
        "total_demand": 470,
        "total_distance": 417.80907379197197
      },
      {
        "vehicle_id": 4,
        "customer_sequence": [
          44,
          37,
          74
        ],
        "total_demand": 45,
        "total_distance": 147.62040368565812
      }
    ],
    "total_cost": 953.4502831384981,
    "computation_time": 0.0,
    "is_valid": true,
    "convergence_history": null
  }
}