{
  "instance_id": "synthetic_150c_525q_random_s2090336853",
  "instance_name": "Synthetic Random",
  "instance_size": 150,
  "configuration": "drl_expert_ga",
  "agent_used": "expert",
  "replicate": 3,
  "seed": 1269307136,
  "initial_cost": 2548.4603412919096,
  "final_cost": 2201.5992889103004,
  "improvement_gap": 13.610612131628164,
  "total_time": 383.8583800792694,
  "initialization_time": 360.43914341926575,
  "evolution_time": 23.419236660003662,
  "generations_run": 100,
  "generations_to_convergence": null,
  "convergence_history": [
    2548.4603412919096,
    2548.4603412919096,
    2548.4603412919096,
    2548.4603412919096,
    2542.4711866250427,
    2542.4711866250427,
    2536.704571283634,
    2513.1405321823277,
    2463.5188107531503,
    2463.5188107531503,
    2433.6130663170593,
    2433.6130663170593,
    2433.6130663170593,
    2424.716770126182,
    2424.716770126182,
    2424.716770126182,
    2390.255536463643,
    2390.255536463643,
    2390.255536463643,
    2390.255536463643,
    2381.808473233522,
    2381.808473233522,
    2381.808473233522,
    2381.808473233522,
    2378.4708156558863,
    2367.440140799037,
    2367.440140799037,
    2348.1008979638973,
    2348.1008979638973,
    2348.1008979638973,
    2346.9456615181443,
    2346.9456615181443,
    2334.103801600171,
    2334.103801600171,
    2323.955279073961,
    2323.955279073961,
    2323.955279073961,
    2311.1134191559877,
    2311.1134191559877,
    2311.1134191559877,
    2302.273904181806,
    2302.273904181806,
    2302.273904181806,
    2296.443608939392,
    2296.443608939392,
    2296.443608939392,
    2274.700000764774,
    2274.700000764774,
    2274.700000764774,
    2268.947492186029,
    2267.6165093534337,
    2267.6165093534337,
    2267.6165093534337,
    2267.6165093534337,
    2267.6165093534337,
    2267.6165093534337,
    2262.6866142562294,
    2262.6866142562294,
    2262.6866142562294,
    2262.6866142562294,
    2262.6866142562294,
    2262.6866142562294,
    2252.8579386440015,
    2252.8579386440015,
    2252.8579386440015,
    2246.882345281044,
    2246.882345281044,
    2246.882345281044,
    2233.7272828231808,
    2233.7272828231808,
    2233.7272828231808,
    2233.7272828231808,
    2233.7272828231808,
    2214.902520789431,
    2214.902520789431,
    2214.902520789431,
    2214.902520789431,
    2214.902520789431,
    2214.902520789431,
    2214.902520789431,
    2202.7973550614843,
    2202.7973550614843,
    2202.7973550614843,
    2202.7973550614843,
    2202.7973550614843,
    2202.7973550614843,
    2202.7973550614843,
    2202.7973550614843,
    2202.7973550614843,
    2202.7973550614843,
    2202.7973550614843,
    2202.7973550614843,
    2202.7973550614843,
    2202.7973550614843,
    2202.7973550614843,
    2202.7973550614843,
    2202.7973550614843,
    2201.5992889103004,
    2201.5992889103004,
    2201.5992889103004,
    2201.5992889103004
  ],
  "best_solution": {
    "id": "ga_gen0_4775",
    "instance_id": "synthetic_150c_525q_random_s2090336853",
    "algorithm": "drl_expert_ga",
    "routes": [
      {
        "vehicle_id": 0,
        "customer_sequence": [
          84,
          35,
          40,
          89,
          101,
          42,
          11,
          129,
          150,
          23,
          110,
          43,
          7,
          68,
          144,
          45,
          63,
          112,
          116,
          76,
          126,
          125,
          31,
          136,
          98
        ],
        "total_demand": 525,
        "total_distance": 489.0667185487189
      },
      {
        "vehicle_id": 1,
        "customer_sequence": [
          130,
          9,
          75,
          39,
          69,
          99,
          117,
          34,
          85,
          1,
          83,
          94,
          124,
          25,
          105,
          26,
          14,
          33,
          16,
          58,
          106,
          44,
          88
        ],
        "total_demand": 522,
        "total_distance": 284.27639320512316
      },
      {
        "vehicle_id": 2,
        "customer_sequence": [
          82,
          21,
          79,
          92,
          102,
          140,
          28,
          50,
          17,
          147,
          128,
          67,
          142,
          108,
          71,
          138,
          59,
          18,
          113,
          93,
          65,
          51,
          146,
          29,
          100,
          41
        ],
        "total_demand": 524,
        "total_distance": 476.36897334118316
      },
      {
        "vehicle_id": 3,
        "customer_sequence": [
          19,
          54,
          81,
          91,
          22,
          135,
          74,
          80,
          120,
          20,
          137,
          48,
          4,
          78,
          139,
          95,
          145,
          73,
          109,
          90,
          118,
          123,
          103,
          27,
          132,
          3,
          134,
          149,
          77,
          30,
          119
        ],
        "total_demand": 524,
        "total_distance": 441.0852846525223
      },
      {
        "vehicle_id": 4,
        "customer_sequence": [
          72,
          36,
          57,
          37,
          32,
          96,
          122,
          66,
          141,
          13,
          12,
          87,
          6,
          10,
          107,
          64,
          148,
          70,
          53,
          24,
          38,
          104,
          121,
          47,
          114,
          15,
          49,
          61,
          52,
          8,
          46,
          97,
          55,
          56,
          86
        ],
        "total_demand": 525,
        "total_distance": 620.6104599667708
      },
      {
        "vehicle_id": 5,
        "customer_sequence": [
          62,
          133,
          115,
          127,
          2,
          143,
          5,
          111,
          60,
          131
        ],
        "total_demand": 108,
        "total_distance": 302.07636744452617
      }
    ],
    "total_cost": 2201.5992889103004,
    "computation_time": 0.0,
    "is_valid": true,
    "convergence_history": null
  }
}