{
  "instance_id": "synthetic_30c_90q_random_s1155944711",
  "instance_name": "Synthetic Random",
  "instance_size": 30,
  "configuration": "drl_expert_ga",
  "agent_used": "expert",
  "replicate": 3,
  "seed": 1747983560,
  "initial_cost": 689.947244669131,
  "final_cost": 522.7192243746035,
  "improvement_gap": 24.237798119582727,
  "total_time": 20.88870358467102,
  "initialization_time": 20.048959732055664,
  "evolution_time": 0.8397438526153564,
  "generations_run": 100,
  "generations_to_convergence": 24,
  "convergence_history": [
    689.947244669131,
    689.947244669131,
    689.947244669131,
    689.947244669131,
    689.947244669131,
    677.6887073933325,
    670.202678886728,
    670.202678886728,
    670.202678886728,
    670.202678886728,
    625.4143686639313,
    582.7848902646964,
    582.7848902646964,
    582.7848902646964,
    548.3060938581348,
    548.3060938581348,
    548.3060938581348,
    548.3060938581348,
    541.9880450949058,
    541.9880450949058,
    536.9764307233279,
    536.9764307233279,
    530.658381960099,
    530.658381960099,
    522.7192243746035,
    522.7192243746035,
    522.7192243746035,
    522.7192243746035,
    522.7192243746035,
    522.7192243746035,
    522.7192243746035,
    522.7192243746035,
    522.7192243746035,
    522.7192243746035,
    522.7192243746035,
    522.7192243746035,
    522.7192243746035,
    522.7192243746035,
    522.7192243746035,
    522.7192243746035,
    522.7192243746035,
    522.7192243746035,
    522.7192243746035,
    522.7192243746035,
    522.7192243746035,
    522.7192243746035,
    522.7192243746035,
    522.7192243746035,
    522.7192243746035,
    522.7192243746035,
    522.7192243746035,
    522.7192243746035,
    522.7192243746035,
    522.7192243746035,
    522.7192243746035,
    522.7192243746035,
    522.7192243746035,
    522.7192243746035,
    522.7192243746035,
    522.7192243746035,
    522.7192243746035,
    522.7192243746035,
    522.7192243746035,
    522.7192243746035,
    522.7192243746035,
    522.7192243746035,
    522.7192243746035,
    522.7192243746035,
    522.7192243746035,
    522.7192243746035,
    522.7192243746035,
    522.7192243746035,
    522.7192243746035,
    522.7192243746035,
    522.7192243746035,
    522.7192243746035,
    522.7192243746035,
    522.7192243746035,
    522.7192243746035,
    522.7192243746035,
    522.7192243746035,
    522.7192243746035,
    522.7192243746035,
    522.7192243746035,
    522.7192243746035,
    522.7192243746035,
    522.7192243746035,
    522.7192243746035,
    522.7192243746035,
    522.7192243746035,
    522.7192243746035,
    522.7192243746035,
    522.7192243746035,
    522.7192243746035,
    522.7192243746035,
    522.7192243746035,
    522.7192243746035,
    522.7192243746035,
    522.7192243746035,
    522.7192243746035,
    522.7192243746035
  ],
  "best_solution": {
    "id": "ga_gen0_2105",
    "instance_id": "synthetic_30c_90q_random_s1155944711",
    "algorithm": "drl_expert_ga",
    "routes": [
      {
        "vehicle_id": 0,
        "customer_sequence": [
          11,
          28,
          14,
          15,
          6
        ],
        "total_demand": 81,
        "total_distance": 134.93173603013454
      },
      {
        "vehicle_id": 1,
        "customer_sequence": [
          22,
          7,
          19,
          8
        ],
        "total_demand": 90,
        "total_distance": 103.84933716400288
      },
      {
        "vehicle_id": 2,
        "customer_sequence": [
          2,
          12,
          1,
          20
        ],
        "total_demand": 79,
        "total_distance": 96.68045362056853
      },
      {
        "vehicle_id": 3,
        "customer_sequence": [
          23,
          5,
          13
        ],
        "total_demand": 72,
        "total_distance": 164.2602467113348
      },
      {
        "vehicle_id": 4,
        "customer_sequence": [
          26,
          30,
          17,
          16
        ],
        "total_demand": 72,
        "total_distance": 152.32371631912764
      },
      {
        "vehicle_id": 5,
        "customer_sequence": [
          25,
          3,
          9,
          4
        ],
        "total_demand": 68,
        "total_distance": 120.57192370685098
      },
      {
        "vehicle_id": 6,
        "customer_sequence": [
          27,
          24,
          18,
          29,
          10
        ],
        "total_demand": 83,
        "total_distance": 238.33671618949396
      },
      {
        "vehicle_id": 7,
        "customer_sequence": [
          21
        ],
        "total_demand": 11,
        "total_distance": 86.6718765932852
      }
    ],
    "total_cost": 522.7192243746035,
    "computation_time": 0.0,
    "is_valid": true,
    "convergence_history": null
  }
}