{
  "instance_id": "synthetic_140c_490q_random_s60429384",
  "instance_name": "Synthetic Random",
  "instance_size": 140,
  "configuration": "drl_expert_ga",
  "agent_used": "expert",
  "replicate": 4,
  "seed": 1778758897,
  "initial_cost": 2531.5332473759563,
  "final_cost": 2091.693199820006,
  "improvement_gap": 17.37445273578229,
  "total_time": 338.1772015094757,
  "initialization_time": 317.1938900947571,
  "evolution_time": 20.983311414718628,
  "generations_run": 100,
  "generations_to_convergence": null,
  "convergence_history": [
    2531.5332473759563,
    2531.5332473759563,
    2531.5332473759563,
    2531.5332473759563,
    2531.5332473759563,
    2531.5332473759563,
    2531.5332473759563,
    2525.1591081019565,
    2525.1591081019565,
    2525.1591081019565,
    2523.0599687375734,
    2523.0599687375734,
    2522.986513513385,
    2522.986513513385,
    2513.614016614128,
    2513.614016614128,
    2513.5405613899397,
    2502.995930367115,
    2487.7656064890757,
    2487.7656064890757,
    2486.532301647522,
    2483.2813369560163,
    2483.2813369560163,
    2467.087696272774,
    2457.796501501451,
    2445.979698884262,
    2432.781377594685,
    2423.855599684055,
    2417.349626424976,
    2417.349626424976,
    2393.5840207784204,
    2368.9446163446805,
    2353.602888881207,
    2347.6059575063105,
    2301.9573855159742,
    2301.9573855159742,
    2301.9573855159742,
    2293.175232628834,
    2277.199667031483,
    2276.5011340440556,
    2276.2527440119698,
    2275.5543052599764,
    2275.5543052599764,
    2275.0194391704163,
    2275.0194391704163,
    2274.1578024967166,
    2232.9859047413743,
    2230.890963226121,
    2230.6766509302,
    2211.4131222240476,
    2211.4131222240476,
    2210.7146834720543,
    2210.7146834720543,
    2208.40542966088,
    2198.8036116317357,
    2178.544320173569,
    2178.544320173569,
    2176.2350663623947,
    2176.2350663623947,
    2176.2350663623947,
    2170.6471861880877,
    2170.2802222637392,
    2155.891856684211,
    2153.5826028730366,
    2147.627758774381,
    2147.627758774381,
    2143.480658058592,
    2143.480658058592,
    2143.480658058592,
    2135.8374155872125,
    2135.8374155872125,
    2135.3783515717146,
    2133.6478887428166,
    2133.6478887428166,
    2132.209625224705,
    2132.209625224705,
    2132.209625224705,
    2132.209625224705,
    2128.4234879120268,
    2128.4234879120268,
    2128.4234879120268,
    2125.737625797084,
    2125.737625797084,
    2120.9336318863916,
    2120.9336318863916,
    2117.290173709174,
    2117.290173709174,
    2117.290173709174,
    2117.290173709174,
    2117.290173709174,
    2117.290173709174,
    2116.5328823884993,
    2116.5328823884993,
    2107.9063301760084,
    2107.1490388553334,
    2104.221924579472,
    2097.1019772230875,
    2094.714387317462,
    2092.450491140681,
    2091.693199820006,
    2091.693199820006
  ],
  "best_solution": {
    "id": "ga_gen0_3426",
    "instance_id": "synthetic_140c_490q_random_s60429384",
    "algorithm": "drl_expert_ga",
    "routes": [
      {
        "vehicle_id": 0,
        "customer_sequence": [
          136,
          44,
          124,
          97,
          108,
          30,
          50,
          119,
          26,
          84,
          61,
          83,
          122,
          57,
          86,
          34,
          64,
          126,
          123,
          28,
          33,
          80,
          58,
          85
        ],
        "total_demand": 488,
        "total_distance": 448.21525581362135
      },
      {
        "vehicle_id": 1,
        "customer_sequence": [
          98,
          38,
          109,
          107,
          29,
          87,
          129,
          55,
          60,
          56,
          95,
          106,
          114,
          16,
          32,
          68,
          47,
          21,
          132,
          99,
          72,
          134,
          66
        ],
        "total_demand": 486,
        "total_distance": 297.65629589058153
      },
      {
        "vehicle_id": 2,
        "customer_sequence": [
          51,
          133,
          62,
          18,
          101,
          92,
          22,
          102,
          37,
          46,
          23,
          118,
          15,
          17,
          67,
          8,
          42,
          81,
          53,
          35,
          103,
          11,
          40,
          24,
          3,
          2,
          31
        ],
        "total_demand": 490,
        "total_distance": 468.388272542528
      },
      {
        "vehicle_id": 3,
        "customer_sequence": [
          90,
          9,
          5,
          121,
          125,
          27,
          130,
          77,
          94,
          96,
          93,
          139,
          137,
          65,
          74,
          63,
          48,
          127,
          105,
          128,
          4,
          76,
          120,
          131,
          75,
          91,
          111,
          39
        ],
        "total_demand": 488,
        "total_distance": 502.02727233847804
      },
      {
        "vehicle_id": 4,
        "customer_sequence": [
          43,
          25,
          112,
          71,
          54,
          70,
          115,
          110,
          82,
          113,
          79,
          36,
          59,
          140,
          117,
          6,
          20,
          14,
          116,
          104,
          135,
          7,
          88,
          45,
          49,
          138,
          89,
          52,
          19,
          69,
          78,
          12,
          100,
          73,
          41,
          1,
          10,
          13
        ],
        "total_demand": 413,
        "total_distance": 709.1102400953835
      }
    ],
    "total_cost": 2091.693199820006,
    "computation_time": 0.0,
    "is_valid": true,
    "convergence_history": null
  }
}