{
  "instance_id": "synthetic_30c_90q_clustered4_s83732290",
  "instance_name": "Synthetic Clustered",
  "instance_size": 30,
  "configuration": "drl_expert_ga",
  "agent_used": "expert",
  "replicate": 2,
  "seed": 1914899183,
  "initial_cost": 438.29238988312557,
  "final_cost": 373.5392799625504,
  "improvement_gap": 14.773952597680776,
  "total_time": 21.835785150527954,
  "initialization_time": 20.67759943008423,
  "evolution_time": 1.1581857204437256,
  "generations_run": 100,
  "generations_to_convergence": 15,
  "convergence_history": [
    438.29238988312557,
    438.29238988312557,
    408.957897441009,
    408.957897441009,
    408.957897441009,
    408.957897441009,
    387.40758566671684,
    387.40758566671684,
    387.40758566671684,
    383.8506579317502,
    383.8506579317502,
    383.28355489790624,
    383.28355489790624,
    379.7266271629396,
    379.7266271629396,
    373.5392799625504,
    373.5392799625504,
    373.5392799625504,
    373.5392799625504,
    373.5392799625504,
    373.5392799625504,
    373.5392799625504,
    373.5392799625504,
    373.5392799625504,
    373.5392799625504,
    373.5392799625504,
    373.5392799625504,
    373.5392799625504,
    373.5392799625504,
    373.5392799625504,
    373.5392799625504,
    373.5392799625504,
    373.5392799625504,
    373.5392799625504,
    373.5392799625504,
    373.5392799625504,
    373.5392799625504,
    373.5392799625504,
    373.5392799625504,
    373.5392799625504,
    373.5392799625504,
    373.5392799625504,
    373.5392799625504,
    373.5392799625504,
    373.5392799625504,
    373.5392799625504,
    373.5392799625504,
    373.5392799625504,
    373.5392799625504,
    373.5392799625504,
    373.5392799625504,
    373.5392799625504,
    373.5392799625504,
    373.5392799625504,
    373.5392799625504,
    373.5392799625504,
    373.5392799625504,
    373.5392799625504,
    373.5392799625504,
    373.5392799625504,
    373.5392799625504,
    373.5392799625504,
    373.5392799625504,
    373.5392799625504,
    373.5392799625504,
    373.5392799625504,
    373.5392799625504,
    373.5392799625504,
    373.5392799625504,
    373.5392799625504,
    373.5392799625504,
    373.5392799625504,
    373.5392799625504,
    373.5392799625504,
    373.5392799625504,
    373.5392799625504,
    373.5392799625504,
    373.5392799625504,
    373.5392799625504,
    373.5392799625504,
    373.5392799625504,
    373.5392799625504,
    373.5392799625504,
    373.5392799625504,
    373.5392799625504,
    373.5392799625504,
    373.5392799625504,
    373.5392799625504,
    373.5392799625504,
    373.5392799625504,
    373.5392799625504,
    373.5392799625504,
    373.5392799625504,
    373.5392799625504,
    373.5392799625504,
    373.5392799625504,
    373.5392799625504,
    373.5392799625504,
    373.5392799625504,
    373.5392799625504,
    373.5392799625504
  ],
  "best_solution": {
    "id": "ga_gen0_6949",
    "instance_id": "synthetic_30c_90q_clustered4_s83732290",
    "algorithm": "drl_expert_ga",
    "routes": [
      {
        "vehicle_id": 0,
        "customer_sequence": [
          20,
          25,
          7
        ],
        "total_demand": 80,
        "total_distance": 78.00548079691812
      },
      {
        "vehicle_id": 1,
        "customer_sequence": [
          16,
          21,
          22,
          9
        ],
        "total_demand": 86,
        "total_distance": 63.65932756703987
      },
      {
        "vehicle_id": 2,
        "customer_sequence": [
          24,
          10,
          8,
          12
        ],
        "total_demand": 69,
        "total_distance": 39.544318737329334
      },
      {
        "vehicle_id": 3,
        "customer_sequence": [
          23,
          11,
          30
        ],
        "total_demand": 75,
        "total_distance": 98.27628809094286
      },
      {
        "vehicle_id": 4,
        "customer_sequence": [
          19,
          27,
          3
        ],
        "total_demand": 68,
        "total_distance": 80.61328348006671
      },
      {
        "vehicle_id": 5,
        "customer_sequence": [
          14,
          13,
          29,
          28,
          26,
          4,
          2
        ],
        "total_demand": 90,
        "total_distance": 137.13527712691194
      },
      {
        "vehicle_id": 6,
        "customer_sequence": [
          1,
          5,
          6,
          17,
          18,
          15
        ],
        "total_demand": 66,
        "total_distance": 178.21865634142983
      }
    ],
    "total_cost": 373.5392799625504,
    "computation_time": 0.0,
    "is_valid": true,
    "convergence_history": null
  }
}