{
  "instance_id": "synthetic_50c_150q_clustered4_s1588775521",
  "instance_name": "Synthetic Clustered",
  "instance_size": 50,
  "configuration": "drl_expert_ga",
  "agent_used": "expert",
  "replicate": 4,
  "seed": 873320112,
  "initial_cost": 655.6451327043792,
  "final_cost": 464.2991915297406,
  "improvement_gap": 29.184376064134327,
  "total_time": 52.98854422569275,
  "initialization_time": 50.708932638168335,
  "evolution_time": 2.279611587524414,
  "generations_run": 100,
  "generations_to_convergence": 61,
  "convergence_history": [
    655.6451327043792,
    648.0292349071544,
    627.9003431197057,
    627.9003431197057,
    608.5166465882202,
    602.3494014742561,
    585.1106562232555,
    585.1106562232555,
    585.1106562232555,
    585.1106562232555,
    565.0529635934199,
    565.0529635934199,
    558.995671626074,
    552.4432814956103,
    552.4432814956103,
    552.4432814956103,
    548.3923147618789,
    522.5641086432797,
    522.5641086432797,
    518.9349539993486,
    518.9349539993486,
    516.3551831329047,
    511.7846074705185,
    511.7846074705185,
    510.1806199612406,
    509.9022516964893,
    509.9022516964893,
    509.69156253555195,
    509.69156253555195,
    505.5526656276885,
    505.5526656276885,
    505.34197646675113,
    505.2742973629372,
    505.2742973629372,
    505.2742973629372,
    505.06360820199984,
    505.06360820199984,
    505.06360820199984,
    505.06360820199984,
    494.9251537178301,
    494.9251537178301,
    494.9251537178301,
    493.2756385425072,
    493.2756385425072,
    483.1371840583374,
    470.9431616119625,
    470.9431616119625,
    470.9431616119625,
    470.9431616119625,
    470.78446552030425,
    470.78446552030425,
    470.78446552030425,
    470.78446552030425,
    467.5558780689456,
    467.5558780689456,
    467.5558780689456,
    467.5558780689456,
    466.28006829324147,
    466.28006829324147,
    466.28006829324147,
    466.28006829324147,
    464.2991915297406,
    464.2991915297406,
    464.2991915297406,
    464.2991915297406,
    464.2991915297406,
    464.2991915297406,
    464.2991915297406,
    464.2991915297406,
    464.2991915297406,
    464.2991915297406,
    464.2991915297406,
    464.2991915297406,
    464.2991915297406,
    464.2991915297406,
    464.2991915297406,
    464.2991915297406,
    464.2991915297406,
    464.2991915297406,
    464.2991915297406,
    464.2991915297406,
    464.2991915297406,
    464.2991915297406,
    464.2991915297406,
    464.2991915297406,
    464.2991915297406,
    464.2991915297406,
    464.2991915297406,
    464.2991915297406,
    464.2991915297406,
    464.2991915297406,
    464.2991915297406,
    464.2991915297406,
    464.2991915297406,
    464.2991915297406,
    464.2991915297406,
    464.2991915297406,
    464.2991915297406,
    464.2991915297406,
    464.2991915297406,
    464.2991915297406
  ],
  "best_solution": {
    "id": "ga_gen0_9556",
    "instance_id": "synthetic_50c_150q_clustered4_s1588775521",
    "algorithm": "drl_expert_ga",
    "routes": [
      {
        "vehicle_id": 0,
        "customer_sequence": [
          14,
          18,
          40,
          15,
          47,
          2
        ],
        "total_demand": 149,
        "total_distance": 57.72824813591631
      },
      {
        "vehicle_id": 1,
        "customer_sequence": [
          45,
          32,
          30,
          41,
          4,
          13,
          6
        ],
        "total_demand": 130,
        "total_distance": 85.97358963711778
      },
      {
        "vehicle_id": 2,
        "customer_sequence": [
          43,
          38,
          7,
          5,
          39,
          42,
          46,
          20
        ],
        "total_demand": 147,
        "total_distance": 119.47306018710381
      },
      {
        "vehicle_id": 3,
        "customer_sequence": [
          19,
          27,
          26,
          25,
          29,
          21,
          34,
          36,
          44
        ],
        "total_demand": 142,
        "total_distance": 110.18089853762585
      },
      {
        "vehicle_id": 4,
        "customer_sequence": [
          33,
          17,
          16,
          37,
          22,
          35,
          23,
          48,
          1,
          11,
          12
        ],
        "total_demand": 146,
        "total_distance": 166.30358339972273
      },
      {
        "vehicle_id": 5,
        "customer_sequence": [
          50,
          49,
          31,
          28,
          24,
          10,
          3,
          9,
          8
        ],
        "total_demand": 103,
        "total_distance": 157.47850940351393
      }
    ],
    "total_cost": 464.2991915297406,
    "computation_time": 0.0,
    "is_valid": true,
    "convergence_history": null
  }
}