{
  "instance_id": "synthetic_125c_437q_random_s119242644",
  "instance_name": "Synthetic Random",
  "instance_size": 125,
  "configuration": "drl_expert_ga",
  "agent_used": "expert",
  "replicate": 1,
  "seed": 741048671,
  "initial_cost": 1981.954378630971,
  "final_cost": 1682.3595722983066,
  "improvement_gap": 15.11613029859994,
  "total_time": 272.2732570171356,
  "initialization_time": 255.47368383407593,
  "evolution_time": 16.799573183059692,
  "generations_run": 100,
  "generations_to_convergence": null,
  "convergence_history": [
    1981.954378630971,
    1981.954378630971,
    1981.954378630971,
    1981.954378630971,
    1981.954378630971,
    1981.954378630971,
    1981.954378630971,
    1962.9042767615756,
    1950.311278961699,
    1900.7988335759842,
    1900.7988335759842,
    1900.7988335759842,
    1876.5238080146632,
    1876.5238080146632,
    1876.5238080146632,
    1876.5238080146632,
    1876.5238080146632,
    1876.186210942477,
    1876.186210942477,
    1876.186210942477,
    1865.387312686054,
    1865.387312686054,
    1865.387312686054,
    1865.387312686054,
    1865.0497156138676,
    1860.0342361689113,
    1860.0342361689113,
    1860.0342361689113,
    1860.0342361689113,
    1860.0342361689113,
    1854.274613288339,
    1854.274613288339,
    1854.0923976045428,
    1848.6393066787055,
    1847.4773871107377,
    1847.4773871107377,
    1847.4773871107377,
    1847.4773871107377,
    1839.2087008568046,
    1793.5416483788845,
    1793.5416483788845,
    1785.2729621249514,
    1783.8749286171023,
    1780.449469657172,
    1773.120761834874,
    1771.722728327025,
    1771.722728327025,
    1768.726366626218,
    1768.726366626218,
    1757.615322142587,
    1757.615322142587,
    1757.615322142587,
    1757.615322142587,
    1752.7499579193905,
    1752.7499579193905,
    1752.7499579193905,
    1748.9769613041994,
    1743.7241121738116,
    1743.7241121738116,
    1743.7241121738116,
    1743.7241121738116,
    1743.7241121738116,
    1743.7241121738116,
    1743.3548681180337,
    1743.3548681180337,
    1742.2177204425584,
    1742.2177204425584,
    1741.6517946570161,
    1734.5944100688541,
    1734.5944100688541,
    1733.2788215150283,
    1733.2788215150283,
    1733.2788215150283,
    1733.2788215150283,
    1733.2788215150283,
    1733.2788215150283,
    1729.4356120157804,
    1729.4356120157804,
    1729.4356120157804,
    1729.4356120157804,
    1729.4356120157804,
    1704.5488196627787,
    1704.5488196627787,
    1704.5488196627787,
    1704.5488196627787,
    1702.4391007828567,
    1702.4391007828567,
    1702.4391007828567,
    1702.4391007828567,
    1702.4391007828567,
    1702.4391007828567,
    1702.4391007828567,
    1702.4391007828567,
    1702.4391007828567,
    1695.7166209130457,
    1695.7166209130457,
    1685.1446330581282,
    1685.1446330581282,
    1685.1446330581282,
    1685.1446330581282,
    1682.3595722983066
  ],
  "best_solution": {
    "id": "ga_gen0_6017",
    "instance_id": "synthetic_125c_437q_random_s119242644",
    "algorithm": "drl_expert_ga",
    "routes": [
      {
        "vehicle_id": 0,
        "customer_sequence": [
          64,
          19,
          125,
          20,
          75,
          110,
          27,
          81,
          49,
          78,
          115,
          85,
          4,
          44,
          105,
          79,
          80,
          86,
          8,
          10
        ],
        "total_demand": 435,
        "total_distance": 263.864943749994
      },
      {
        "vehicle_id": 1,
        "customer_sequence": [
          63,
          13,
          102,
          11,
          114,
          109,
          92,
          53,
          18,
          120,
          101,
          116,
          84,
          23,
          61,
          65,
          51,
          40,
          73,
          83
        ],
        "total_demand": 435,
        "total_distance": 374.4942471879959
      },
      {
        "vehicle_id": 2,
        "customer_sequence": [
          89,
          50,
          59,
          60,
          103,
          37,
          32,
          87,
          47,
          26,
          7,
          9,
          112,
          124,
          35,
          100,
          121,
          30,
          33,
          54,
          42,
          56,
          15
        ],
        "total_demand": 437,
        "total_distance": 223.91942486263272
      },
      {
        "vehicle_id": 3,
        "customer_sequence": [
          96,
          6,
          62,
          17,
          69,
          36,
          99,
          45,
          77,
          24,
          107,
          52,
          88,
          97,
          104,
          34,
          48,
          16,
          95,
          119,
          29,
          71,
          82,
          55,
          22,
          90,
          57
        ],
        "total_demand": 436,
        "total_distance": 456.4627007551126
      },
      {
        "vehicle_id": 4,
        "customer_sequence": [
          70,
          1,
          41,
          43,
          14,
          106,
          31,
          111,
          2,
          91,
          5,
          93,
          25,
          38,
          12,
          28,
          67,
          117,
          113,
          108,
          74,
          98,
          58,
          76,
          46,
          122
        ],
        "total_demand": 437,
        "total_distance": 524.1289982515211
      },
      {
        "vehicle_id": 5,
        "customer_sequence": [
          123,
          3,
          94,
          21,
          118,
          39,
          66,
          68,
          72
        ],
        "total_demand": 116,
        "total_distance": 197.02526101183494
      }
    ],
    "total_cost": 1682.3595722983066,
    "computation_time": 0.0,
    "is_valid": true,
    "convergence_history": null
  }
}