{
  "instance_id": "synthetic_30c_90q_random_s1892812490",
  "instance_name": "Synthetic Random",
  "instance_size": 30,
  "configuration": "drl_expert_ga",
  "agent_used": "expert",
  "replicate": 1,
  "seed": 592453192,
  "initial_cost": 730.9578353385692,
  "final_cost": 545.1248492721222,
  "improvement_gap": 25.42321555119138,
  "total_time": 21.576223611831665,
  "initialization_time": 20.67761778831482,
  "evolution_time": 0.8986058235168457,
  "generations_run": 100,
  "generations_to_convergence": 22,
  "convergence_history": [
    730.9578353385692,
    730.9578353385692,
    730.9578353385692,
    679.9294384301426,
    679.9294384301426,
    679.9294384301426,
    650.2874401725421,
    650.2874401725421,
    636.3685824066098,
    620.3402302358168,
    617.8750999718229,
    608.8738287130747,
    608.8738287130747,
    589.9927109209335,
    589.9927109209335,
    581.6963677367821,
    581.6963677367821,
    581.6963677367821,
    581.6963677367821,
    575.9018291316725,
    575.9018291316725,
    552.0648322560162,
    545.1248492721222,
    545.1248492721222,
    545.1248492721222,
    545.1248492721222,
    545.1248492721222,
    545.1248492721222,
    545.1248492721222,
    545.1248492721222,
    545.1248492721222,
    545.1248492721222,
    545.1248492721222,
    545.1248492721222,
    545.1248492721222,
    545.1248492721222,
    545.1248492721222,
    545.1248492721222,
    545.1248492721222,
    545.1248492721222,
    545.1248492721222,
    545.1248492721222,
    545.1248492721222,
    545.1248492721222,
    545.1248492721222,
    545.1248492721222,
    545.1248492721222,
    545.1248492721222,
    545.1248492721222,
    545.1248492721222,
    545.1248492721222,
    545.1248492721222,
    545.1248492721222,
    545.1248492721222,
    545.1248492721222,
    545.1248492721222,
    545.1248492721222,
    545.1248492721222,
    545.1248492721222,
    545.1248492721222,
    545.1248492721222,
    545.1248492721222,
    545.1248492721222,
    545.1248492721222,
    545.1248492721222,
    545.1248492721222,
    545.1248492721222,
    545.1248492721222,
    545.1248492721222,
    545.1248492721222,
    545.1248492721222,
    545.1248492721222,
    545.1248492721222,
    545.1248492721222,
    545.1248492721222,
    545.1248492721222,
    545.1248492721222,
    545.1248492721222,
    545.1248492721222,
    545.1248492721222,
    545.1248492721222,
    545.1248492721222,
    545.1248492721222,
    545.1248492721222,
    545.1248492721222,
    545.1248492721222,
    545.1248492721222,
    545.1248492721222,
    545.1248492721222,
    545.1248492721222,
    545.1248492721222,
    545.1248492721222,
    545.1248492721222,
    545.1248492721222,
    545.1248492721222,
    545.1248492721222,
    545.1248492721222,
    545.1248492721222,
    545.1248492721222,
    545.1248492721222,
    545.1248492721222
  ],
  "best_solution": {
    "id": "ga_gen0_9160",
    "instance_id": "synthetic_30c_90q_random_s1892812490",
    "algorithm": "drl_expert_ga",
    "routes": [
      {
        "vehicle_id": 0,
        "customer_sequence": [
          9,
          18,
          17,
          24,
          2
        ],
        "total_demand": 90,
        "total_distance": 124.4066018665246
      },
      {
        "vehicle_id": 1,
        "customer_sequence": [
          1,
          28,
          29,
          12,
          6,
          23
        ],
        "total_demand": 87,
        "total_distance": 204.7622481762691
      },
      {
        "vehicle_id": 2,
        "customer_sequence": [
          13,
          25,
          8,
          4,
          16
        ],
        "total_demand": 90,
        "total_distance": 194.48132649512206
      },
      {
        "vehicle_id": 3,
        "customer_sequence": [
          19,
          22,
          5,
          11
        ],
        "total_demand": 80,
        "total_distance": 206.61224728320576
      },
      {
        "vehicle_id": 4,
        "customer_sequence": [
          7,
          26,
          10,
          30
        ],
        "total_demand": 83,
        "total_distance": 135.40838537095897
      },
      {
        "vehicle_id": 5,
        "customer_sequence": [
          21,
          3,
          15,
          27,
          20
        ],
        "total_demand": 85,
        "total_distance": 146.18456871653228
      },
      {
        "vehicle_id": 6,
        "customer_sequence": [
          14
        ],
        "total_demand": 16,
        "total_distance": 104.29497365104349
      }
    ],
    "total_cost": 545.1248492721222,
    "computation_time": 0.0,
    "is_valid": true,
    "convergence_history": null
  }
}