{
  "instance_id": "synthetic_60c_300q_random_s912583937",
  "instance_name": "Synthetic Random",
  "instance_size": 60,
  "configuration": "drl_expert_ga",
  "agent_used": "expert",
  "replicate": 5,
  "seed": 448606590,
  "initial_cost": 1266.3277343768273,
  "final_cost": 979.5541588314999,
  "improvement_gap": 22.646078717248624,
  "total_time": 53.46208715438843,
  "initialization_time": 49.54524207115173,
  "evolution_time": 3.9168450832366943,
  "generations_run": 100,
  "generations_to_convergence": null,
  "convergence_history": [
    1266.3277343768273,
    1266.3277343768273,
    1265.2160831769208,
    1259.9787160703768,
    1249.9270669094358,
    1245.8541376406833,
    1245.8541376406833,
    1239.9256952859796,
    1229.5961829699909,
    1210.3843354050198,
    1208.2054563273305,
    1187.8745723878856,
    1187.8745723878856,
    1174.604680190654,
    1174.604680190654,
    1173.3456678806695,
    1173.3456678806695,
    1173.3456678806695,
    1173.3456678806695,
    1173.3456678806695,
    1170.846479586114,
    1170.846479586114,
    1170.846479586114,
    1106.5906742927327,
    1106.5906742927327,
    1106.5906742927327,
    1106.5906742927327,
    1106.5906742927327,
    1098.1486939990039,
    1098.1486939990039,
    1097.576593643133,
    1071.608203978128,
    1064.3457393839699,
    1064.3457393839699,
    1058.2133519258123,
    1057.52066087047,
    1057.52066087047,
    1051.3882734123126,
    1051.3882734123126,
    1051.3882734123126,
    1051.3882734123126,
    1051.3882734123126,
    1051.3882734123126,
    1047.898365470192,
    1047.898365470192,
    1047.898365470192,
    1047.898365470192,
    1047.898365470192,
    1047.898365470192,
    1047.898365470192,
    1047.898365470192,
    1046.5584092260192,
    1046.5584092260192,
    1046.5584092260192,
    1046.5584092260192,
    1046.5584092260192,
    1046.5584092260192,
    1046.5584092260192,
    1046.5584092260192,
    1046.5584092260192,
    1045.0652877105185,
    1045.0652877105185,
    1022.7196564904003,
    1022.7196564904003,
    1022.7196564904003,
    1022.7196564904003,
    1022.7196564904003,
    1022.7196564904003,
    1022.7196564904003,
    1022.7196564904003,
    1022.7196564904003,
    1022.482651628576,
    1022.482651628576,
    1022.482651628576,
    1022.482651628576,
    1021.7681387896861,
    1021.7681387896861,
    1021.7681387896861,
    1021.7681387896861,
    1021.7681387896861,
    1021.7681387896861,
    1021.7681387896861,
    1021.7681387896861,
    1021.7681387896861,
    1021.7681387896861,
    1021.7681387896861,
    1021.7681387896861,
    1021.7681387896861,
    1021.7681387896861,
    1016.4940191750312,
    982.2116105432607,
    982.2116105432607,
    982.2116105432607,
    982.2116105432607,
    982.2116105432607,
    982.2116105432607,
    982.2116105432607,
    982.2116105432607,
    981.0963565750259,
    981.0963565750259,
    979.5541588314999
  ],
  "best_solution": {
    "id": "ga_gen0_3936",
    "instance_id": "synthetic_60c_300q_random_s912583937",
    "algorithm": "drl_expert_ga",
    "routes": [
      {
        "vehicle_id": 0,
        "customer_sequence": [
          35,
          2,
          31,
          44,
          48,
          42,
          55,
          20,
          58,
          45,
          33,
          21,
          47,
          29,
          22
        ],
        "total_demand": 287,
        "total_distance": 242.34900670454235
      },
      {
        "vehicle_id": 1,
        "customer_sequence": [
          8,
          12,
          19,
          26,
          15,
          54,
          27,
          43,
          5,
          13,
          10,
          53,
          7
        ],
        "total_demand": 279,
        "total_distance": 282.461709414729
      },
      {
        "vehicle_id": 2,
        "customer_sequence": [
          16,
          9,
          36,
          60,
          23,
          3,
          28,
          57,
          14,
          17,
          1,
          6,
          50,
          39,
          56,
          30,
          38,
          32
        ],
        "total_demand": 297,
        "total_distance": 407.313796217877
      },
      {
        "vehicle_id": 3,
        "customer_sequence": [
          11,
          51,
          4,
          40,
          24,
          49,
          46,
          18,
          37,
          25,
          41,
          59,
          34,
          52
        ],
        "total_demand": 221,
        "total_distance": 376.61629099350966
      }
    ],
    "total_cost": 979.5541588314999,
    "computation_time": 0.0,
    "is_valid": true,
    "convergence_history": null
  }
}