{
  "instance_id": "synthetic_90c_337q_random_s489782327",
  "instance_name": "Synthetic Random",
  "instance_size": 90,
  "configuration": "drl_expert_ga",
  "agent_used": "expert",
  "replicate": 2,
  "seed": 118111948,
  "initial_cost": 1851.0291438333402,
  "final_cost": 1463.3983586244321,
  "improvement_gap": 20.94136586127187,
  "total_time": 148.34751868247986,
  "initialization_time": 139.14412212371826,
  "evolution_time": 9.203396558761597,
  "generations_run": 100,
  "generations_to_convergence": 66,
  "convergence_history": [
    1851.0291438333402,
    1851.0291438333402,
    1851.0291438333402,
    1836.0835200801707,
    1836.0835200801707,
    1786.7410293733237,
    1734.271270809381,
    1734.271270809381,
    1729.109831815746,
    1728.8327489054004,
    1696.5800321798156,
    1651.1862150866077,
    1651.1862150866077,
    1651.1862150866077,
    1651.1862150866077,
    1637.9405876955898,
    1637.9405876955898,
    1637.9405876955898,
    1637.9405876955898,
    1593.7317116092831,
    1593.7317116092831,
    1593.7317116092831,
    1571.992716673407,
    1571.992716673407,
    1559.7731903787917,
    1556.496086766429,
    1556.496086766429,
    1556.496086766429,
    1556.496086766429,
    1556.496086766429,
    1556.496086766429,
    1549.2647512724197,
    1549.2647512724197,
    1549.2647512724197,
    1549.2647512724197,
    1545.8938932842912,
    1545.8938932842912,
    1545.8938932842912,
    1545.8938932842912,
    1545.8938932842912,
    1531.5796779073771,
    1531.5796779073771,
    1531.5796779073771,
    1518.227180862118,
    1518.227180862118,
    1518.227180862118,
    1514.1949564779868,
    1514.1949564779868,
    1514.1949564779868,
    1512.78962960671,
    1512.78962960671,
    1512.78962960671,
    1512.78962960671,
    1490.1037283975709,
    1490.1037283975709,
    1490.1037283975709,
    1490.1037283975709,
    1490.1037283975709,
    1490.1037283975709,
    1490.1037283975709,
    1490.1037283975709,
    1490.1037283975709,
    1490.1037283975709,
    1490.1037283975709,
    1490.1037283975709,
    1490.1037283975709,
    1486.9724089016256,
    1486.9724089016256,
    1486.9724089016256,
    1486.9724089016256,
    1486.9724089016256,
    1486.9724089016256,
    1486.9724089016256,
    1486.9724089016256,
    1486.9724089016256,
    1486.9724089016256,
    1486.9724089016256,
    1486.9724089016256,
    1486.9724089016256,
    1486.9724089016256,
    1486.9724089016256,
    1486.9724089016256,
    1486.9724089016256,
    1486.9724089016256,
    1486.9724089016256,
    1486.9724089016256,
    1473.307207916868,
    1473.307207916868,
    1473.307207916868,
    1469.1928193356196,
    1469.1928193356196,
    1469.1928193356196,
    1469.1928193356196,
    1469.1928193356196,
    1467.6204732270685,
    1467.6204732270685,
    1467.6204732270685,
    1463.3983586244321,
    1463.3983586244321,
    1463.3983586244321,
    1463.3983586244321
  ],
  "best_solution": {
    "id": "ga_gen0_7487",
    "instance_id": "synthetic_90c_337q_random_s489782327",
    "algorithm": "drl_expert_ga",
    "routes": [
      {
        "vehicle_id": 0,
        "customer_sequence": [
          82,
          81,
          12,
          51,
          37,
          70,
          35,
          24,
          6,
          33,
          65,
          90,
          78,
          3,
          49
        ],
        "total_demand": 337,
        "total_distance": 270.5229725618796
      },
      {
        "vehicle_id": 1,
        "customer_sequence": [
          39,
          80,
          62,
          68,
          4,
          7,
          55,
          52,
          43,
          56,
          72,
          15,
          30,
          32,
          57
        ],
        "total_demand": 337,
        "total_distance": 332.5408249962496
      },
      {
        "vehicle_id": 2,
        "customer_sequence": [
          10,
          46,
          9,
          23,
          28,
          77,
          48,
          26,
          50,
          76,
          60,
          13,
          83,
          29,
          74,
          47,
          21,
          5
        ],
        "total_demand": 333,
        "total_distance": 322.73920015533025
      },
      {
        "vehicle_id": 3,
        "customer_sequence": [
          44,
          41,
          31,
          88,
          34,
          38,
          36,
          85,
          66,
          53,
          45,
          25,
          8,
          79,
          54,
          27,
          1,
          18,
          84,
          67
        ],
        "total_demand": 336,
        "total_distance": 360.3561566179277
      },
      {
        "vehicle_id": 4,
        "customer_sequence": [
          42,
          71,
          69,
          20,
          40,
          64,
          19,
          63,
          17,
          2,
          61,
          89,
          87,
          58,
          11,
          14,
          73,
          59,
          75,
          86,
          22,
          16
        ],
        "total_demand": 309,
        "total_distance": 473.4672405477868
      }
    ],
    "total_cost": 1463.3983586244321,
    "computation_time": 0.0,
    "is_valid": true,
    "convergence_history": null
  }
}