{
  "instance_id": "synthetic_60c_300q_random_s1191810689",
  "instance_name": "Synthetic Random",
  "instance_size": 60,
  "configuration": "drl_expert_ga",
  "agent_used": "expert",
  "replicate": 4,
  "seed": 1216262053,
  "initial_cost": 1274.8333076948295,
  "final_cost": 824.9578466132654,
  "improvement_gap": 35.28896353477263,
  "total_time": 74.17242121696472,
  "initialization_time": 69.60519099235535,
  "evolution_time": 4.567230224609375,
  "generations_run": 100,
  "generations_to_convergence": null,
  "convergence_history": [
    1274.8333076948295,
    1274.8333076948295,
    1262.1012699000803,
    1262.1012699000803,
    1262.1012699000803,
    1262.1012699000803,
    1216.9240521205697,
    1167.8048419406261,
    1112.3306290698245,
    1112.3306290698245,
    1112.3306290698245,
    1091.8901489005448,
    1085.618516246148,
    1065.1780360768682,
    1064.3037728087716,
    1064.3037728087716,
    1061.7061308050727,
    1058.130445890163,
    1051.7713074919507,
    1051.7713074919507,
    1043.0582383588523,
    1034.3408535584513,
    1034.3408535584513,
    1023.9277025795523,
    1021.163118685333,
    1012.4147424727506,
    987.0910751576838,
    986.5808656274739,
    954.2904762330699,
    946.4585755716339,
    946.4585755716339,
    946.4585755716339,
    946.4585755716339,
    946.1977077598718,
    944.8373364970386,
    944.1313600478899,
    944.1313600478899,
    925.2989604851377,
    925.2989604851377,
    925.2989604851377,
    892.9758227530891,
    892.9758227530891,
    892.9758227530891,
    885.1095345805768,
    880.400536999756,
    880.400536999756,
    880.400536999756,
    878.3341892877743,
    878.3341892877743,
    878.3341892877743,
    863.9524230843813,
    863.9524230843813,
    863.9524230843813,
    863.9524230843813,
    863.9524230843813,
    863.9524230843813,
    863.9524230843813,
    863.9524230843813,
    858.5137910862068,
    858.5137910862068,
    858.5137910862068,
    858.5137910862068,
    849.0472699274592,
    849.0472699274592,
    849.0472699274592,
    848.3503016054419,
    848.3503016054419,
    848.3503016054419,
    848.3503016054419,
    838.3955729839083,
    838.3955729839083,
    838.3955729839083,
    836.8907354274593,
    836.8907354274593,
    836.8907354274593,
    836.8907354274593,
    836.8907354274593,
    836.8907354274593,
    836.8907354274593,
    836.8907354274593,
    836.8907354274593,
    836.8907354274593,
    834.4241035721261,
    834.4241035721261,
    834.4241035721261,
    834.4241035721261,
    834.4241035721261,
    830.8703057201119,
    830.8703057201119,
    830.8703057201119,
    830.8703057201119,
    830.8703057201119,
    824.9578466132654,
    824.9578466132654,
    824.9578466132654,
    824.9578466132654,
    824.9578466132654,
    824.9578466132654,
    824.9578466132654,
    824.9578466132654,
    824.9578466132654
  ],
  "best_solution": {
    "id": "ga_gen0_4891",
    "instance_id": "synthetic_60c_300q_random_s1191810689",
    "algorithm": "drl_expert_ga",
    "routes": [
      {
        "vehicle_id": 0,
        "customer_sequence": [
          20,
          18,
          6,
          43,
          26,
          37,
          48,
          13,
          19,
          51,
          5,
          55,
          12
        ],
        "total_demand": 291,
        "total_distance": 169.24124221978101
      },
      {
        "vehicle_id": 1,
        "customer_sequence": [
          17,
          16,
          50,
          53,
          52,
          9,
          10,
          38,
          31,
          24,
          59,
          8,
          34,
          42,
          46,
          21,
          2
        ],
        "total_demand": 297,
        "total_distance": 271.62187597650785
      },
      {
        "vehicle_id": 2,
        "customer_sequence": [
          39,
          4,
          25,
          3,
          29,
          45,
          47,
          41,
          28,
          11,
          22,
          15,
          60,
          36,
          49
        ],
        "total_demand": 297,
        "total_distance": 259.39621683705724
      },
      {
        "vehicle_id": 3,
        "customer_sequence": [
          14,
          27,
          40,
          58,
          23,
          30,
          32,
          44,
          54,
          7,
          35,
          56,
          1,
          57,
          33
        ],
        "total_demand": 226,
        "total_distance": 378.2479254876523
      }
    ],
    "total_cost": 824.9578466132654,
    "computation_time": 0.0,
    "is_valid": true,
    "convergence_history": null
  }
}