{
  "instance_id": "synthetic_140c_490q_clustered6_s373271577",
  "instance_name": "Synthetic Clustered",
  "instance_size": 140,
  "configuration": "drl_expert_ga",
  "agent_used": "expert",
  "replicate": 5,
  "seed": 245165281,
  "initial_cost": 1463.4589550416092,
  "final_cost": 1333.1934963055724,
  "improvement_gap": 8.901203432270716,
  "total_time": 335.02147150039673,
  "initialization_time": 314.5119516849518,
  "evolution_time": 20.509519815444946,
  "generations_run": 100,
  "generations_to_convergence": null,
  "convergence_history": [
    1463.4589550416092,
    1463.4589550416092,
    1463.4589550416092,
    1463.4589550416092,
    1463.4589550416092,
    1463.4589550416092,
    1463.4589550416092,
    1463.4589550416092,
    1463.4589550416092,
    1463.4589550416092,
    1463.4589550416092,
    1450.0604445698066,
    1450.0604445698066,
    1450.0604445698066,
    1450.0604445698066,
    1450.0604445698066,
    1450.0604445698066,
    1446.160220424724,
    1446.160220424724,
    1446.160220424724,
    1446.160220424724,
    1446.160220424724,
    1446.160220424724,
    1446.160220424724,
    1446.160220424724,
    1446.160220424724,
    1446.160220424724,
    1446.160220424724,
    1440.482096274118,
    1440.482096274118,
    1440.482096274118,
    1439.2947256682085,
    1439.2947256682085,
    1439.2947256682085,
    1439.2947256682085,
    1439.2947256682085,
    1439.2947256682085,
    1439.2947256682085,
    1439.2947256682085,
    1439.2947256682085,
    1437.829548609735,
    1437.829548609735,
    1437.829548609735,
    1437.829548609735,
    1437.829548609735,
    1437.829548609735,
    1409.5238936876601,
    1409.5238936876601,
    1409.5238936876601,
    1407.2601635256585,
    1407.2601635256585,
    1407.2601635256585,
    1403.4989038006117,
    1401.5746498482783,
    1401.5746498482783,
    1401.5746498482783,
    1400.1732168261815,
    1400.1732168261815,
    1400.1732168261815,
    1396.1016211883323,
    1395.4293237459556,
    1388.347270808281,
    1388.347270808281,
    1383.6033777280554,
    1382.8742421483353,
    1382.8742421483353,
    1382.8742421483353,
    1382.8742421483353,
    1382.8742421483353,
    1382.8742421483353,
    1375.9356656954092,
    1375.9356656954092,
    1375.9356656954092,
    1372.1465361979735,
    1366.0172540983485,
    1366.0172540983485,
    1366.0172540983485,
    1359.789599516606,
    1359.789599516606,
    1359.789599516606,
    1359.789599516606,
    1359.789599516606,
    1359.789599516606,
    1359.789599516606,
    1359.789599516606,
    1359.789599516606,
    1359.789599516606,
    1359.789599516606,
    1359.789599516606,
    1359.789599516606,
    1359.789599516606,
    1350.3306410537891,
    1350.3306410537891,
    1350.3306410537891,
    1349.9921521910233,
    1343.6044835149207,
    1343.6044835149207,
    1343.6044835149207,
    1334.9046702783555,
    1333.1934963055724,
    1333.1934963055724
  ],
  "best_solution": {
    "id": "ga_gen0_9357",
    "instance_id": "synthetic_140c_490q_clustered6_s373271577",
    "algorithm": "drl_expert_ga",
    "routes": [
      {
        "vehicle_id": 0,
        "customer_sequence": [
          104,
          118,
          62,
          120,
          68,
          56,
          136,
          117,
          63,
          49,
          127,
          105,
          123,
          12,
          26,
          107,
          70,
          39,
          17,
          40,
          139
        ],
        "total_demand": 488,
        "total_distance": 162.9669110912015
      },
      {
        "vehicle_id": 1,
        "customer_sequence": [
          81,
          75,
          92,
          73,
          80,
          128,
          98,
          95,
          138,
          132,
          114,
          96,
          116,
          101,
          126,
          122,
          102,
          57,
          97,
          103,
          50,
          19
        ],
        "total_demand": 490,
        "total_distance": 212.42100806424676
      },
      {
        "vehicle_id": 2,
        "customer_sequence": [
          77,
          88,
          44,
          82,
          41,
          13,
          34,
          2,
          16,
          11,
          3,
          94,
          99,
          69,
          66,
          134,
          93,
          115,
          51,
          140,
          130,
          133,
          137,
          7,
          52,
          100
        ],
        "total_demand": 490,
        "total_distance": 282.7678410668989
      },
      {
        "vehicle_id": 3,
        "customer_sequence": [
          22,
          79,
          45,
          83,
          87,
          46,
          6,
          35,
          5,
          42,
          28,
          15,
          1,
          21,
          23,
          10,
          30,
          36,
          4,
          18,
          78,
          72,
          32,
          25,
          33,
          29,
          60,
          64,
          58,
          8,
          9,
          61,
          108,
          59,
          131,
          125
        ],
        "total_demand": 487,
        "total_distance": 370.35533228537787
      },
      {
        "vehicle_id": 4,
        "customer_sequence": [
          74,
          86,
          91,
          89,
          38,
          43,
          37,
          76,
          71,
          84,
          85,
          90,
          54,
          55,
          124,
          121,
          48,
          67,
          106,
          119,
          129,
          109,
          112,
          47,
          111,
          113,
          14,
          24,
          65,
          135,
          31,
          20,
          27
        ],
        "total_demand": 487,
        "total_distance": 436.4351960615343
      },
      {
        "vehicle_id": 5,
        "customer_sequence": [
          110,
          53
        ],
        "total_demand": 22,
        "total_distance": 93.07106629826046
      }
    ],
    "total_cost": 1333.1934963055724,
    "computation_time": 0.0,
    "is_valid": true,
    "convergence_history": null
  }
}