{
  "instance_id": "synthetic_20c_60q_random_s651100647",
  "instance_name": "Synthetic Random",
  "instance_size": 20,
  "configuration": "drl_expert_ga",
  "agent_used": "expert",
  "replicate": 3,
  "seed": 1381488151,
  "initial_cost": 311.6874331086802,
  "final_cost": 261.57208444379705,
  "improvement_gap": 16.07871968563094,
  "total_time": 9.866838932037354,
  "initialization_time": 9.42417287826538,
  "evolution_time": 0.44266605377197266,
  "generations_run": 100,
  "generations_to_convergence": 12,
  "convergence_history": [
    311.6874331086802,
    311.6874331086802,
    311.6874331086802,
    311.6874331086802,
    306.25566333460665,
    306.25566333460665,
    277.57385295710384,
    277.57385295710384,
    277.57385295710384,
    266.6936573901157,
    261.7546311760522,
    261.7546311760522,
    261.57208444379705,
    261.57208444379705,
    261.57208444379705,
    261.57208444379705,
    261.57208444379705,
    261.57208444379705,
    261.57208444379705,
    261.57208444379705,
    261.57208444379705,
    261.57208444379705,
    261.57208444379705,
    261.57208444379705,
    261.57208444379705,
    261.57208444379705,
    261.57208444379705,
    261.57208444379705,
    261.57208444379705,
    261.57208444379705,
    261.57208444379705,
    261.57208444379705,
    261.57208444379705,
    261.57208444379705,
    261.57208444379705,
    261.57208444379705,
    261.57208444379705,
    261.57208444379705,
    261.57208444379705,
    261.57208444379705,
    261.57208444379705,
    261.57208444379705,
    261.57208444379705,
    261.57208444379705,
    261.57208444379705,
    261.57208444379705,
    261.57208444379705,
    261.57208444379705,
    261.57208444379705,
    261.57208444379705,
    261.57208444379705,
    261.57208444379705,
    261.57208444379705,
    261.57208444379705,
    261.57208444379705,
    261.57208444379705,
    261.57208444379705,
    261.57208444379705,
    261.57208444379705,
    261.57208444379705,
    261.57208444379705,
    261.57208444379705,
    261.57208444379705,
    261.57208444379705,
    261.57208444379705,
    261.57208444379705,
    261.57208444379705,
    261.57208444379705,
    261.57208444379705,
    261.57208444379705,
    261.57208444379705,
    261.57208444379705,
    261.57208444379705,
    261.57208444379705,
    261.57208444379705,
    261.57208444379705,
    261.57208444379705,
    261.57208444379705,
    261.57208444379705,
    261.57208444379705,
    261.57208444379705,
    261.57208444379705,
    261.57208444379705,
    261.57208444379705,
    261.57208444379705,
    261.57208444379705,
    261.57208444379705,
    261.57208444379705,
    261.57208444379705,
    261.57208444379705,
    261.57208444379705,
    261.57208444379705,
    261.57208444379705,
    261.57208444379705,
    261.57208444379705,
    261.57208444379705,
    261.57208444379705,
    261.57208444379705,
    261.57208444379705,
    261.57208444379705,
    261.57208444379705
  ],
  "best_solution": {
    "id": "ga_gen0_6481",
    "instance_id": "synthetic_20c_60q_random_s651100647",
    "algorithm": "drl_expert_ga",
    "routes": [
      {
        "vehicle_id": 0,
        "customer_sequence": [
          9,
          6,
          7
        ],
        "total_demand": 58,
        "total_distance": 56.48711327445176
      },
      {
        "vehicle_id": 1,
        "customer_sequence": [
          18,
          17
        ],
        "total_demand": 50,
        "total_distance": 104.66757571077888
      },
      {
        "vehicle_id": 2,
        "customer_sequence": [
          19,
          11,
          2,
          3
        ],
        "total_demand": 54,
        "total_distance": 148.41719868935235
      },
      {
        "vehicle_id": 3,
        "customer_sequence": [
          8,
          5
        ],
        "total_demand": 42,
        "total_distance": 132.01237316067463
      },
      {
        "vehicle_id": 4,
        "customer_sequence": [
          4,
          14,
          15
        ],
        "total_demand": 40,
        "total_distance": 104.71460686441065
      },
      {
        "vehicle_id": 5,
        "customer_sequence": [
          12,
          16,
          13
        ],
        "total_demand": 60,
        "total_distance": 131.39606015832996
      },
      {
        "vehicle_id": 6,
        "customer_sequence": [
          20,
          1,
          10
        ],
        "total_demand": 48,
        "total_distance": 128.532820925252
      }
    ],
    "total_cost": 261.57208444379705,
    "computation_time": 0.0,
    "is_valid": true,
    "convergence_history": null
  }
}