{
  "instance_id": "synthetic_75c_281q_clustered5_s407233915",
  "instance_name": "Synthetic Clustered",
  "instance_size": 75,
  "configuration": "drl_expert_ga",
  "agent_used": "expert",
  "replicate": 5,
  "seed": 1370267499,
  "initial_cost": 875.1683342063878,
  "final_cost": 653.1804777190061,
  "improvement_gap": 25.365160942286913,
  "total_time": 106.54442143440247,
  "initialization_time": 101.83113479614258,
  "evolution_time": 4.713286638259888,
  "generations_run": 100,
  "generations_to_convergence": null,
  "convergence_history": [
    875.1683342063878,
    875.1683342063878,
    875.1683342063878,
    855.2856825806471,
    855.2856825806471,
    855.2856825806471,
    855.2856825806471,
    855.2856825806471,
    849.3537096876993,
    849.3537096876993,
    846.285501677186,
    840.3535287842382,
    839.6057853731274,
    839.6057853731274,
    839.6057853731274,
    834.1642912688269,
    833.4165478577163,
    833.4165478577163,
    833.4165478577163,
    833.4165478577163,
    833.4165478577163,
    812.7340928561055,
    812.7340928561055,
    812.7340928561055,
    812.7340928561055,
    812.7340928561055,
    790.1347523260506,
    790.1347523260506,
    790.1347523260506,
    790.1347523260506,
    787.3676539729482,
    778.9199846812346,
    778.9199846812346,
    754.8708582250028,
    754.8708582250028,
    754.8708582250028,
    751.5576265488617,
    751.5576265488617,
    741.3654228776415,
    738.5983245245392,
    738.5983245245392,
    735.1772247662312,
    735.1772247662312,
    735.1772247662312,
    732.4101264131289,
    732.4101264131289,
    732.1719978499066,
    732.1719978499066,
    732.1719978499066,
    732.1719978499066,
    732.1719978499066,
    732.1719978499066,
    732.1719978499066,
    732.0092699816909,
    732.0092699816909,
    732.0092699816909,
    731.3359262684716,
    731.3359262684716,
    731.3359262684716,
    722.3921921278442,
    722.3921921278442,
    721.718848414625,
    719.0648847451513,
    719.0648847451513,
    718.6454721970599,
    718.6454721970599,
    718.6454721970599,
    718.6454721970599,
    718.6454721970599,
    701.3992533893944,
    701.3992533893944,
    701.3992533893944,
    695.3769327971202,
    695.3769327971202,
    695.3769327971202,
    695.3769327971202,
    690.4016791414105,
    679.2897870401865,
    679.2897870401865,
    674.4370662715044,
    674.3145333844768,
    674.3145333844768,
    672.2425622083468,
    672.2425622083468,
    672.2425622083468,
    661.2353058595124,
    659.1633346833825,
    659.1633346833825,
    659.1633346833825,
    658.5330035669493,
    658.5330035669493,
    658.5330035669493,
    658.5330035669493,
    658.5330035669493,
    658.5330035669493,
    658.5330035669493,
    653.1804777190061,
    653.1804777190061,
    653.1804777190061,
    653.1804777190061,
    653.1804777190061
  ],
  "best_solution": {
    "id": "ga_gen0_9889",
    "instance_id": "synthetic_75c_281q_clustered5_s407233915",
    "algorithm": "drl_expert_ga",
    "routes": [
      {
        "vehicle_id": 0,
        "customer_sequence": [
          33,
          35,
          42,
          69,
          11,
          40,
          14,
          7,
          6,
          30
        ],
        "total_demand": 273,
        "total_distance": 75.83212587751184
      },
      {
        "vehicle_id": 1,
        "customer_sequence": [
          57,
          59,
          44,
          5,
          22,
          26,
          68,
          67,
          24,
          71,
          12,
          62
        ],
        "total_demand": 279,
        "total_distance": 101.6375804272026
      },
      {
        "vehicle_id": 2,
        "customer_sequence": [
          19,
          29,
          39,
          41,
          13,
          65,
          37,
          4,
          66,
          74,
          15,
          63,
          1,
          27,
          38,
          23
        ],
        "total_demand": 281,
        "total_distance": 125.12170316659073
      },
      {
        "vehicle_id": 3,
        "customer_sequence": [
          50,
          47,
          75,
          34,
          31,
          17,
          18,
          25,
          16,
          28,
          20,
          2,
          72,
          64,
          43,
          21,
          45,
          3,
          8,
          49
        ],
        "total_demand": 268,
        "total_distance": 256.4641440386131
      },
      {
        "vehicle_id": 4,
        "customer_sequence": [
          52,
          46,
          51,
          55,
          53,
          48,
          56,
          58,
          32,
          73,
          9,
          36,
          10,
          70,
          61,
          60,
          54
        ],
        "total_demand": 256,
        "total_distance": 257.2125753477206
      }
    ],
    "total_cost": 653.1804777190061,
    "computation_time": 0.0,
    "is_valid": true,
    "convergence_history": null
  }
}