{
  "instance_id": "synthetic_90c_337q_clustered5_s400407272",
  "instance_name": "Synthetic Clustered",
  "instance_size": 90,
  "configuration": "drl_expert_ga",
  "agent_used": "expert",
  "replicate": 2,
  "seed": 1314434514,
  "initial_cost": 1182.5213549515752,
  "final_cost": 973.8798660798782,
  "improvement_gap": 17.64378190702873,
  "total_time": 149.14576172828674,
  "initialization_time": 142.32362532615662,
  "evolution_time": 6.822136402130127,
  "generations_run": 100,
  "generations_to_convergence": null,
  "convergence_history": [
    1182.5213549515752,
    1182.5213549515752,
    1182.5213549515752,
    1182.5213549515752,
    1182.5213549515752,
    1182.5213549515752,
    1182.5213549515752,
    1164.765928218474,
    1164.765928218474,
    1164.765928218474,
    1164.765928218474,
    1152.766848991483,
    1152.766848991483,
    1152.766848991483,
    1152.766848991483,
    1152.766848991483,
    1152.766848991483,
    1152.766848991483,
    1152.766848991483,
    1123.0172385238366,
    1123.0172385238366,
    1123.0172385238366,
    1123.0172385238366,
    1123.0172385238366,
    1120.524147558119,
    1120.524147558119,
    1120.524147558119,
    1120.524147558119,
    1120.524147558119,
    1117.931993218081,
    1117.931993218081,
    1117.931993218081,
    1114.9324153045925,
    1114.9324153045925,
    1114.9324153045925,
    1114.9324153045925,
    1114.9324153045925,
    1114.9324153045925,
    1114.9324153045925,
    1106.7794945414487,
    1106.7794945414487,
    1071.3175114401445,
    1071.3175114401445,
    1071.3175114401445,
    1017.5878393360194,
    1017.5878393360194,
    1017.5878393360194,
    1016.6555437205743,
    1016.6555437205743,
    1016.6555437205743,
    1016.6555437205743,
    1016.6555437205743,
    1016.6555437205743,
    1016.6555437205743,
    1016.6555437205743,
    1016.6555437205743,
    1016.6555437205743,
    1016.6555437205743,
    1016.6555437205743,
    1006.5317095139258,
    1006.5317095139258,
    1006.5317095139258,
    1006.5317095139258,
    1006.5317095139258,
    1006.5317095139258,
    1006.5317095139258,
    1006.5317095139258,
    1006.5317095139258,
    1006.5317095139258,
    1002.8062856071265,
    1002.8062856071265,
    1002.8062856071265,
    1002.8062856071265,
    1002.8062856071265,
    988.6480046160136,
    988.6480046160136,
    988.6480046160136,
    979.1419111605477,
    979.1419111605477,
    979.1419111605477,
    979.1419111605477,
    975.2569504867982,
    975.2569504867982,
    975.2119616847424,
    973.924854881934,
    973.924854881934,
    973.8798660798782,
    973.8798660798782,
    973.8798660798782,
    973.8798660798782,
    973.8798660798782,
    973.8798660798782,
    973.8798660798782,
    973.8798660798782,
    973.8798660798782,
    973.8798660798782,
    973.8798660798782,
    973.8798660798782,
    973.8798660798782,
    973.8798660798782,
    973.8798660798782
  ],
  "best_solution": {
    "id": "ga_gen0_8564",
    "instance_id": "synthetic_90c_337q_clustered5_s400407272",
    "algorithm": "drl_expert_ga",
    "routes": [
      {
        "vehicle_id": 0,
        "customer_sequence": [
          40,
          42,
          50,
          48,
          43,
          28,
          29,
          21,
          26,
          34,
          19,
          23,
          25,
          22,
          69,
          63
        ],
        "total_demand": 335,
        "total_distance": 124.91259960196662
      },
      {
        "vehicle_id": 1,
        "customer_sequence": [
          39,
          88,
          14,
          1,
          16,
          33,
          81,
          47,
          54,
          68,
          37,
          59,
          70,
          62,
          64
        ],
        "total_demand": 335,
        "total_distance": 220.635249197035
      },
      {
        "vehicle_id": 2,
        "customer_sequence": [
          45,
          51,
          38,
          44,
          85,
          10,
          79,
          89,
          83,
          30,
          31,
          32,
          24,
          35,
          58,
          55,
          67
        ],
        "total_demand": 333,
        "total_distance": 214.1663677812059
      },
      {
        "vehicle_id": 3,
        "customer_sequence": [
          49,
          18,
          4,
          15,
          87,
          74,
          86,
          80,
          82,
          84,
          6,
          11,
          2,
          5,
          13,
          7,
          41,
          9,
          8,
          57
        ],
        "total_demand": 337,
        "total_distance": 257.5609535629607
      },
      {
        "vehicle_id": 4,
        "customer_sequence": [
          53,
          46,
          66,
          61,
          56,
          72,
          65,
          60,
          52,
          12,
          3,
          17,
          90,
          77,
          78,
          76,
          27,
          20,
          36,
          71,
          73,
          75
        ],
        "total_demand": 237,
        "total_distance": 388.44090199295874
      }
    ],
    "total_cost": 973.8798660798782,
    "computation_time": 0.0,
    "is_valid": true,
    "convergence_history": null
  }
}