{
  "instance_id": "synthetic_20c_60q_clustered4_s237343260",
  "instance_name": "Synthetic Clustered",
  "instance_size": 20,
  "configuration": "drl_expert_ga",
  "agent_used": "expert",
  "replicate": 1,
  "seed": 1875859214,
  "initial_cost": 262.9362420694179,
  "final_cost": 178.55974361247337,
  "improvement_gap": 32.09009826597745,
  "total_time": 11.329529047012329,
  "initialization_time": 10.869998216629028,
  "evolution_time": 0.4595308303833008,
  "generations_run": 100,
  "generations_to_convergence": 12,
  "convergence_history": [
    262.9362420694179,
    262.9362420694179,
    230.96965055861233,
    230.96965055861233,
    223.87272010867724,
    194.65061895110168,
    189.342537740097,
    187.55368850116656,
    182.24560729016184,
    182.24560729016184,
    182.24560729016184,
    182.24560729016184,
    178.55974361247337,
    178.55974361247337,
    178.55974361247337,
    178.55974361247337,
    178.55974361247337,
    178.55974361247337,
    178.55974361247337,
    178.55974361247337,
    178.55974361247337,
    178.55974361247337,
    178.55974361247337,
    178.55974361247337,
    178.55974361247337,
    178.55974361247337,
    178.55974361247337,
    178.55974361247337,
    178.55974361247337,
    178.55974361247337,
    178.55974361247337,
    178.55974361247337,
    178.55974361247337,
    178.55974361247337,
    178.55974361247337,
    178.55974361247337,
    178.55974361247337,
    178.55974361247337,
    178.55974361247337,
    178.55974361247337,
    178.55974361247337,
    178.55974361247337,
    178.55974361247337,
    178.55974361247337,
    178.55974361247337,
    178.55974361247337,
    178.55974361247337,
    178.55974361247337,
    178.55974361247337,
    178.55974361247337,
    178.55974361247337,
    178.55974361247337,
    178.55974361247337,
    178.55974361247337,
    178.55974361247337,
    178.55974361247337,
    178.55974361247337,
    178.55974361247337,
    178.55974361247337,
    178.55974361247337,
    178.55974361247337,
    178.55974361247337,
    178.55974361247337,
    178.55974361247337,
    178.55974361247337,
    178.55974361247337,
    178.55974361247337,
    178.55974361247337,
    178.55974361247337,
    178.55974361247337,
    178.55974361247337,
    178.55974361247337,
    178.55974361247337,
    178.55974361247337,
    178.55974361247337,
    178.55974361247337,
    178.55974361247337,
    178.55974361247337,
    178.55974361247337,
    178.55974361247337,
    178.55974361247337,
    178.55974361247337,
    178.55974361247337,
    178.55974361247337,
    178.55974361247337,
    178.55974361247337,
    178.55974361247337,
    178.55974361247337,
    178.55974361247337,
    178.55974361247337,
    178.55974361247337,
    178.55974361247337,
    178.55974361247337,
    178.55974361247337,
    178.55974361247337,
    178.55974361247337,
    178.55974361247337,
    178.55974361247337,
    178.55974361247337,
    178.55974361247337,
    178.55974361247337
  ],
  "best_solution": {
    "id": "ga_gen0_3311",
    "instance_id": "synthetic_20c_60q_clustered4_s237343260",
    "algorithm": "drl_expert_ga",
    "routes": [
      {
        "vehicle_id": 0,
        "customer_sequence": [
          8,
          18,
          20
        ],
        "total_demand": 53,
        "total_distance": 93.07301884320229
      },
      {
        "vehicle_id": 1,
        "customer_sequence": [
          7,
          13,
          6,
          9
        ],
        "total_demand": 55,
        "total_distance": 74.60625084883785
      },
      {
        "vehicle_id": 2,
        "customer_sequence": [
          1,
          3
        ],
        "total_demand": 48,
        "total_distance": 108.63008264489976
      },
      {
        "vehicle_id": 3,
        "customer_sequence": [
          19,
          17
        ],
        "total_demand": 32,
        "total_distance": 64.28794031670006
      },
      {
        "vehicle_id": 4,
        "customer_sequence": [
          4,
          2
        ],
        "total_demand": 56,
        "total_distance": 90.64692527930453
      },
      {
        "vehicle_id": 5,
        "customer_sequence": [
          10,
          15
        ],
        "total_demand": 45,
        "total_distance": 34.7724990272885
      },
      {
        "vehicle_id": 6,
        "customer_sequence": [
          11,
          14,
          5,
          12
        ],
        "total_demand": 56,
        "total_distance": 87.69239618187538
      },
      {
        "vehicle_id": 7,
        "customer_sequence": [
          16
        ],
        "total_demand": 26,
        "total_distance": 100.12985460544616
      }
    ],
    "total_cost": 178.55974361247337,
    "computation_time": 0.0,
    "is_valid": true,
    "convergence_history": null
  }
}