{
  "instance_id": "synthetic_110c_481q_random_s1543721749",
  "instance_name": "Synthetic Random",
  "instance_size": 110,
  "configuration": "drl_expert_ga",
  "agent_used": "expert",
  "replicate": 5,
  "seed": 2062525175,
  "initial_cost": 1723.3077926720264,
  "final_cost": 1379.405273723843,
  "improvement_gap": 19.9559544969593,
  "total_time": 207.93793106079102,
  "initialization_time": 194.7379002571106,
  "evolution_time": 13.20003080368042,
  "generations_run": 100,
  "generations_to_convergence": null,
  "convergence_history": [
    1723.3077926720264,
    1723.3077926720264,
    1723.3077926720264,
    1723.3077926720264,
    1723.3077926720264,
    1723.3077926720264,
    1720.805327515114,
    1720.805327515114,
    1715.5286543289317,
    1715.5286543289317,
    1715.5286543289317,
    1715.5286543289317,
    1715.5286543289317,
    1715.5286543289317,
    1696.346590198859,
    1696.346590198859,
    1696.346590198859,
    1696.346590198859,
    1653.929757187017,
    1653.929757187017,
    1653.929757187017,
    1653.929757187017,
    1651.0489241641435,
    1620.14166165869,
    1620.14166165869,
    1620.14166165869,
    1610.512691739781,
    1590.1587513248828,
    1590.1587513248828,
    1590.1587513248828,
    1589.0713265489462,
    1580.0729986596136,
    1558.6977667045196,
    1558.6977667045196,
    1528.2580736243522,
    1522.1889110898355,
    1522.1889110898355,
    1522.1889110898355,
    1522.1889110898355,
    1522.1889110898355,
    1522.1889110898355,
    1522.1889110898355,
    1515.735288036175,
    1515.735288036175,
    1515.735288036175,
    1515.735288036175,
    1497.2187567340577,
    1497.2187567340577,
    1494.822867817471,
    1494.822867817471,
    1494.822867817471,
    1494.822867817471,
    1494.0061829855651,
    1494.0061829855651,
    1491.6102940689784,
    1491.6102940689784,
    1491.6102940689784,
    1491.6102940689784,
    1491.6102940689784,
    1456.170091318747,
    1456.170091318747,
    1456.170091318747,
    1456.170091318747,
    1456.170091318747,
    1456.170091318747,
    1456.170091318747,
    1433.2544783794508,
    1424.2364747920242,
    1424.2364747920242,
    1424.2364747920242,
    1424.2364747920242,
    1424.2364747920242,
    1415.3239372629646,
    1415.3239372629646,
    1408.419039456694,
    1408.419039456694,
    1408.419039456694,
    1408.419039456694,
    1408.419039456694,
    1408.419039456694,
    1408.419039456694,
    1408.419039456694,
    1407.5413734948495,
    1403.1105908905752,
    1403.1105908905752,
    1403.1105908905752,
    1400.9940331944413,
    1400.1163672325965,
    1395.0960377665242,
    1391.8506094521683,
    1384.4256031899154,
    1384.4256031899154,
    1379.405273723843,
    1379.405273723843,
    1379.405273723843,
    1379.405273723843,
    1379.405273723843,
    1379.405273723843,
    1379.405273723843,
    1379.405273723843,
    1379.405273723843
  ],
  "best_solution": {
    "id": "ga_gen0_9527",
    "instance_id": "synthetic_110c_481q_random_s1543721749",
    "algorithm": "drl_expert_ga",
    "routes": [
      {
        "vehicle_id": 0,
        "customer_sequence": [
          57,
          81,
          13,
          61,
          101,
          2,
          25,
          89,
          6,
          106,
          97,
          34,
          41,
          77,
          3,
          10,
          80,
          67,
          50,
          39,
          107,
          37,
          43,
          38,
          86
        ],
        "total_demand": 481,
        "total_distance": 292.92798534213426
      },
      {
        "vehicle_id": 1,
        "customer_sequence": [
          98,
          87,
          19,
          105,
          85,
          62,
          104,
          17,
          55,
          1,
          18,
          26,
          59,
          53,
          84,
          9,
          109,
          48,
          31,
          21,
          23,
          73,
          65,
          33,
          74,
          15,
          20
        ],
        "total_demand": 476,
        "total_distance": 310.2600854448922
      },
      {
        "vehicle_id": 2,
        "customer_sequence": [
          63,
          70,
          27,
          8,
          30,
          91,
          42,
          94,
          72,
          60,
          110,
          92,
          40,
          66,
          68,
          36,
          82,
          32,
          47,
          4,
          95,
          102,
          22,
          103,
          14,
          90,
          64
        ],
        "total_demand": 478,
        "total_distance": 401.0577049252531
      },
      {
        "vehicle_id": 3,
        "customer_sequence": [
          52,
          16,
          7,
          29,
          58,
          24,
          76,
          45,
          44,
          12,
          75,
          46,
          108,
          88,
          54,
          96,
          51,
          78,
          79,
          83,
          100,
          28,
          35,
          5,
          71,
          69,
          56,
          11,
          49,
          93,
          99
        ],
        "total_demand": 449,
        "total_distance": 582.6332238573593
      }
    ],
    "total_cost": 1379.405273723843,
    "computation_time": 0.0,
    "is_valid": true,
    "convergence_history": null
  }
}