{
  "instance_id": "synthetic_100c_300q_random_s65293674",
  "instance_name": "Synthetic Random",
  "instance_size": 100,
  "configuration": "drl_expert_ga",
  "agent_used": "expert",
  "replicate": 3,
  "seed": 1200669060,
  "initial_cost": 1794.368506370516,
  "final_cost": 1585.0281158932219,
  "improvement_gap": 11.666521661190352,
  "total_time": 174.30519032478333,
  "initialization_time": 163.8248007297516,
  "evolution_time": 10.480389595031738,
  "generations_run": 100,
  "generations_to_convergence": null,
  "convergence_history": [
    1794.368506370516,
    1794.368506370516,
    1794.368506370516,
    1794.368506370516,
    1794.368506370516,
    1794.368506370516,
    1794.368506370516,
    1794.368506370516,
    1781.1724191959152,
    1775.9518349219518,
    1772.0985255202006,
    1762.755747747351,
    1752.1454043207361,
    1752.1454043207361,
    1736.7674222062328,
    1736.7674222062328,
    1736.7674222062328,
    1736.7674222062328,
    1736.7674222062328,
    1736.7674222062328,
    1735.678182312824,
    1711.0983353909983,
    1711.0983353909983,
    1711.0983353909983,
    1709.5421319726115,
    1709.5421319726115,
    1709.5421319726115,
    1709.5421319726115,
    1709.5421319726115,
    1709.5421319726115,
    1709.5421319726115,
    1709.5421319726115,
    1709.5421319726115,
    1709.5421319726115,
    1706.7106653120013,
    1689.0664836397477,
    1689.0664836397477,
    1686.2350169791375,
    1686.2350169791375,
    1670.8457882477664,
    1665.8242306401098,
    1665.8242306401098,
    1636.9628890866938,
    1636.9628890866938,
    1636.9628890866938,
    1623.710800748583,
    1623.710800748583,
    1623.710800748583,
    1623.710800748583,
    1623.710800748583,
    1623.710800748583,
    1623.710800748583,
    1616.4872358221842,
    1616.4872358221842,
    1616.2790542188363,
    1616.2790542188363,
    1616.2790542188363,
    1612.1266858996692,
    1612.1266858996692,
    1610.8666435804303,
    1610.8666435804303,
    1606.506093657915,
    1606.506093657915,
    1606.506093657915,
    1605.4623462392096,
    1605.4623462392096,
    1605.4623462392096,
    1605.4623462392096,
    1605.4623462392096,
    1605.4623462392096,
    1605.4623462392096,
    1605.4623462392096,
    1605.4623462392096,
    1605.4623462392096,
    1605.4623462392096,
    1605.4623462392096,
    1605.4623462392096,
    1605.4623462392096,
    1605.4623462392096,
    1605.4623462392096,
    1605.4623462392096,
    1605.4623462392096,
    1603.7438635314243,
    1603.7438635314243,
    1601.9740246842357,
    1601.9740246842357,
    1601.9740246842357,
    1600.2555419764499,
    1600.2555419764499,
    1595.661362042977,
    1595.661362042977,
    1593.9428793351917,
    1593.9428793351917,
    1593.9428793351917,
    1593.8118026164059,
    1593.8118026164059,
    1585.1861780777476,
    1585.1861780777476,
    1585.055101358962,
    1585.055101358962,
    1585.0281158932219
  ],
  "best_solution": {
    "id": "ga_gen0_9750",
    "instance_id": "synthetic_100c_300q_random_s65293674",
    "algorithm": "drl_expert_ga",
    "routes": [
      {
        "vehicle_id": 0,
        "customer_sequence": [
          48,
          15,
          43,
          85,
          31,
          5,
          79,
          54,
          23,
          95,
          65,
          27,
          57
        ],
        "total_demand": 297,
        "total_distance": 184.77409227839024
      },
      {
        "vehicle_id": 1,
        "customer_sequence": [
          24,
          40,
          52,
          42,
          78,
          12,
          67,
          77,
          9,
          17,
          25,
          100,
          37,
          41,
          47,
          39,
          84
        ],
        "total_demand": 296,
        "total_distance": 280.26799001035505
      },
      {
        "vehicle_id": 2,
        "customer_sequence": [
          89,
          34,
          68,
          64,
          1,
          8,
          61,
          59,
          33,
          6,
          45,
          92,
          32,
          82,
          28,
          70
        ],
        "total_demand": 297,
        "total_distance": 261.1435948615291
      },
      {
        "vehicle_id": 3,
        "customer_sequence": [
          21,
          72,
          62,
          38,
          10,
          63,
          36,
          22,
          94,
          88,
          44,
          4,
          69
        ],
        "total_demand": 299,
        "total_distance": 241.320786365201
      },
      {
        "vehicle_id": 4,
        "customer_sequence": [
          16,
          46,
          73,
          81,
          14,
          19,
          2,
          35,
          83,
          55,
          7,
          93,
          49,
          99,
          51,
          60,
          3,
          29
        ],
        "total_demand": 297,
        "total_distance": 401.9363156423657
      },
      {
        "vehicle_id": 5,
        "customer_sequence": [
          56,
          98,
          96,
          97,
          11,
          20,
          13,
          53,
          18,
          75,
          87,
          91,
          80,
          71,
          58,
          86,
          26,
          66,
          50,
          76,
          74,
          30
        ],
        "total_demand": 288,
        "total_distance": 641.083494988277
      },
      {
        "vehicle_id": 6,
        "customer_sequence": [
          90
        ],
        "total_demand": 24,
        "total_distance": 106.17446025688865
      }
    ],
    "total_cost": 1585.0281158932219,
    "computation_time": 0.0,
    "is_valid": true,
    "convergence_history": null
  }
}