{
  "instance_id": "synthetic_125c_437q_clustered6_s214637918",
  "instance_name": "Synthetic Clustered",
  "instance_size": 125,
  "configuration": "drl_expert_ga",
  "agent_used": "expert",
  "replicate": 2,
  "seed": 1394425100,
  "initial_cost": 1582.0580289292814,
  "final_cost": 1289.4875189381537,
  "improvement_gap": 18.493032786486093,
  "total_time": 274.58517384529114,
  "initialization_time": 257.9449932575226,
  "evolution_time": 16.640180587768555,
  "generations_run": 100,
  "generations_to_convergence": null,
  "convergence_history": [
    1582.0580289292814,
    1582.0580289292814,
    1582.0580289292814,
    1582.0580289292814,
    1582.0580289292814,
    1582.0580289292814,
    1570.3227669509504,
    1547.9252946705144,
    1547.9252946705144,
    1525.892194657605,
    1525.892194657605,
    1525.892194657605,
    1525.892194657605,
    1497.6084656154922,
    1497.6084656154922,
    1497.6084656154922,
    1497.6084656154922,
    1497.6084656154922,
    1497.6084656154922,
    1497.6084656154922,
    1497.6084656154922,
    1494.745909434255,
    1494.745909434255,
    1494.745909434255,
    1494.6161699799313,
    1491.4985217268202,
    1488.929444884527,
    1488.929444884527,
    1488.929444884527,
    1488.929444884527,
    1473.171172043771,
    1473.171172043771,
    1473.171172043771,
    1473.171172043771,
    1473.171172043771,
    1473.171172043771,
    1473.171172043771,
    1473.171172043771,
    1473.171172043771,
    1473.171172043771,
    1473.171172043771,
    1470.9463694698675,
    1470.9463694698675,
    1469.7682677997934,
    1469.7682677997934,
    1469.7682677997934,
    1469.7682677997934,
    1469.7682677997934,
    1469.7682677997934,
    1412.929081743468,
    1412.929081743468,
    1412.929081743468,
    1412.929081743468,
    1412.929081743468,
    1412.929081743468,
    1412.929081743468,
    1412.929081743468,
    1412.929081743468,
    1412.929081743468,
    1411.941751917117,
    1411.941751917117,
    1411.941751917117,
    1410.0775611665877,
    1410.0775611665877,
    1410.0775611665877,
    1407.9790969958572,
    1394.2707090733427,
    1394.2707090733427,
    1394.2707090733427,
    1379.9363694142603,
    1379.9363694142603,
    1365.7877424252943,
    1364.9641702807817,
    1352.2248887991038,
    1352.2248887991038,
    1351.4013166545915,
    1340.6449440479164,
    1340.6449440479164,
    1337.9631362481562,
    1337.9631362481562,
    1337.1395641036438,
    1337.1395641036438,
    1336.4044558379965,
    1317.045771707942,
    1317.045771707942,
    1317.045771707942,
    1317.045771707942,
    1317.045771707942,
    1316.7601776542406,
    1316.7601776542406,
    1316.7601776542406,
    1315.9681254582583,
    1315.9681254582583,
    1315.6825314045566,
    1315.6825314045566,
    1305.4957421934848,
    1305.4957421934848,
    1305.210148139783,
    1289.4875189381537,
    1289.4875189381537,
    1289.4875189381537
  ],
  "best_solution": {
    "id": "ga_gen0_3921",
    "instance_id": "synthetic_125c_437q_clustered6_s214637918",
    "algorithm": "drl_expert_ga",
    "routes": [
      {
        "vehicle_id": 0,
        "customer_sequence": [
          50,
          71,
          78,
          85,
          66,
          68,
          49,
          25,
          29,
          21,
          39,
          33,
          23,
          14,
          10,
          5,
          9,
          8
        ],
        "total_demand": 433,
        "total_distance": 161.58039761030219
      },
      {
        "vehicle_id": 1,
        "customer_sequence": [
          37,
          42,
          124,
          94,
          106,
          83,
          84,
          74,
          73,
          89,
          62,
          46,
          61,
          52,
          115,
          69,
          79,
          77,
          60
        ],
        "total_demand": 434,
        "total_distance": 227.61823494421083
      },
      {
        "vehicle_id": 2,
        "customer_sequence": [
          117,
          109,
          57,
          30,
          80,
          110,
          112,
          123,
          107,
          103,
          101,
          86,
          88,
          102,
          111,
          92,
          113,
          65,
          87,
          45
        ],
        "total_demand": 432,
        "total_distance": 257.70361025116335
      },
      {
        "vehicle_id": 3,
        "customer_sequence": [
          99,
          93,
          105,
          114,
          70,
          47,
          95,
          67,
          43,
          76,
          64,
          122,
          104,
          91,
          90,
          96,
          59,
          82,
          44,
          51,
          48,
          54,
          35,
          53,
          56,
          27,
          36,
          4,
          6,
          16,
          13,
          18
        ],
        "total_demand": 437,
        "total_distance": 402.70415235820656
      },
      {
        "vehicle_id": 4,
        "customer_sequence": [
          31,
          28,
          3,
          19,
          15,
          24,
          40,
          32,
          26,
          55,
          22,
          34,
          17,
          38,
          12,
          2,
          11,
          7,
          20,
          1,
          98,
          118,
          108,
          121,
          125,
          116,
          81,
          75,
          119,
          72,
          58,
          120,
          100,
          63,
          41
        ],
        "total_demand": 428,
        "total_distance": 489.12949021351216
      },
      {
        "vehicle_id": 5,
        "customer_sequence": [
          97
        ],
        "total_demand": 10,
        "total_distance": 35.04814782415407
      }
    ],
    "total_cost": 1289.4875189381537,
    "computation_time": 0.0,
    "is_valid": true,
    "convergence_history": null
  }
}