{
  "instance_id": "synthetic_50c_150q_clustered4_s1588775521",
  "instance_name": "Synthetic Clustered",
  "instance_size": 50,
  "configuration": "drl_expert_ga",
  "agent_used": "expert",
  "replicate": 1,
  "seed": 1024175588,
  "initial_cost": 597.1521958010014,
  "final_cost": 501.2514670029798,
  "improvement_gap": 16.05967950421473,
  "total_time": 52.92910575866699,
  "initialization_time": 50.643210649490356,
  "evolution_time": 2.2858951091766357,
  "generations_run": 100,
  "generations_to_convergence": 78,
  "convergence_history": [
    597.1521958010014,
    597.1521958010014,
    582.2139329985696,
    582.2139329985696,
    569.2752325046524,
    569.2752325046524,
    569.2752325046524,
    569.2752325046524,
    565.5063585614419,
    551.3196450896617,
    551.3196450896617,
    551.3196450896617,
    545.4164626588241,
    541.6475887156137,
    541.6475887156137,
    541.1571481372648,
    537.3882741940544,
    535.1217046850804,
    534.6312641067317,
    526.980464396935,
    526.980464396935,
    520.2733410605443,
    520.2733410605443,
    517.2421246624176,
    517.2421246624176,
    516.4032183036151,
    515.9335101492974,
    515.9335101492974,
    512.3329570868065,
    512.3329570868065,
    509.30174068867973,
    509.30174068867973,
    509.30174068867973,
    509.30174068867973,
    509.30174068867973,
    509.30174068867973,
    509.30174068867973,
    509.30174068867973,
    509.30174068867973,
    508.6289161576739,
    508.6289161576739,
    508.6289161576739,
    503.7726490169266,
    503.7726490169266,
    503.7726490169266,
    503.7726490169266,
    503.7726490169266,
    503.7726490169266,
    503.7726490169266,
    503.7726490169266,
    503.7726490169266,
    503.7726490169266,
    503.7726490169266,
    503.7726490169266,
    503.7726490169266,
    503.7726490169266,
    503.7726490169266,
    501.726629236448,
    501.726629236448,
    501.726629236448,
    501.726629236448,
    501.726629236448,
    501.726629236448,
    501.726629236448,
    501.726629236448,
    501.726629236448,
    501.726629236448,
    501.726629236448,
    501.6430453691344,
    501.6430453691344,
    501.6430453691344,
    501.6430453691344,
    501.6430453691344,
    501.6430453691344,
    501.6430453691344,
    501.6430453691344,
    501.6430453691344,
    501.6430453691344,
    501.2514670029798,
    501.2514670029798,
    501.2514670029798,
    501.2514670029798,
    501.2514670029798,
    501.2514670029798,
    501.2514670029798,
    501.2514670029798,
    501.2514670029798,
    501.2514670029798,
    501.2514670029798,
    501.2514670029798,
    501.2514670029798,
    501.2514670029798,
    501.2514670029798,
    501.2514670029798,
    501.2514670029798,
    501.2514670029798,
    501.2514670029798,
    501.2514670029798,
    501.2514670029798,
    501.2514670029798,
    501.2514670029798
  ],
  "best_solution": {
    "id": "ga_gen0_7547",
    "instance_id": "synthetic_50c_150q_clustered4_s1588775521",
    "algorithm": "drl_expert_ga",
    "routes": [
      {
        "vehicle_id": 0,
        "customer_sequence": [
          2,
          5,
          45,
          47,
          15,
          13
        ],
        "total_demand": 148,
        "total_distance": 48.6086168122058
      },
      {
        "vehicle_id": 1,
        "customer_sequence": [
          40,
          14,
          1,
          6,
          39,
          43
        ],
        "total_demand": 148,
        "total_distance": 100.44263170680341
      },
      {
        "vehicle_id": 2,
        "customer_sequence": [
          18,
          41,
          4,
          42,
          37,
          34,
          21,
          33,
          31
        ],
        "total_demand": 146,
        "total_distance": 123.01620154529357
      },
      {
        "vehicle_id": 3,
        "customer_sequence": [
          25,
          30,
          27,
          19,
          26,
          28,
          46,
          20,
          48
        ],
        "total_demand": 150,
        "total_distance": 154.5316146779142
      },
      {
        "vehicle_id": 4,
        "customer_sequence": [
          38,
          49,
          50,
          3,
          24,
          16,
          10,
          9,
          8,
          11,
          12,
          7
        ],
        "total_demand": 149,
        "total_distance": 172.80641773883104
      },
      {
        "vehicle_id": 5,
        "customer_sequence": [
          23,
          35,
          36,
          22,
          44,
          17,
          32,
          29
        ],
        "total_demand": 76,
        "total_distance": 122.9993236991927
      }
    ],
    "total_cost": 501.2514670029798,
    "computation_time": 0.0,
    "is_valid": true,
    "convergence_history": null
  }
}