{
  "instance_id": "synthetic_150c_525q_clustered6_s1716751590",
  "instance_name": "Synthetic Clustered",
  "instance_size": 150,
  "configuration": "drl_expert_ga",
  "agent_used": "expert",
  "replicate": 2,
  "seed": 1021313473,
  "initial_cost": 1907.7285924672208,
  "final_cost": 1579.4848530239883,
  "improvement_gap": 17.205997789167824,
  "total_time": 381.86891508102417,
  "initialization_time": 358.41242957115173,
  "evolution_time": 23.456485509872437,
  "generations_run": 100,
  "generations_to_convergence": null,
  "convergence_history": [
    1907.7285924672208,
    1907.7285924672208,
    1907.7285924672208,
    1907.7285924672208,
    1907.7285924672208,
    1907.7285924672208,
    1895.19412478086,
    1895.19412478086,
    1895.19412478086,
    1894.3365295973106,
    1881.9931922277926,
    1881.9931922277926,
    1876.0244600791725,
    1847.5652438743552,
    1847.5652438743552,
    1837.2025257784096,
    1833.289611302068,
    1833.289611302068,
    1833.289611302068,
    1831.6985523849642,
    1831.6985523849642,
    1827.2417932543708,
    1827.2417932543708,
    1827.2417932543708,
    1827.2417932543708,
    1827.2417932543708,
    1827.2417932543708,
    1808.4604226939655,
    1804.1260152665723,
    1804.1260152665723,
    1804.1260152665723,
    1799.1492201848368,
    1799.1492201848368,
    1765.472954302505,
    1765.472954302505,
    1758.6157124820875,
    1721.5492107105406,
    1721.5492107105406,
    1721.5492107105406,
    1718.880762701754,
    1716.8119978822392,
    1716.8119978822392,
    1714.5036508092908,
    1714.5036508092908,
    1711.8352028005038,
    1711.8352028005038,
    1711.8352028005038,
    1711.8352028005038,
    1711.8352028005038,
    1705.5678335694215,
    1705.5678335694215,
    1705.5678335694215,
    1705.5678335694215,
    1705.5678335694215,
    1705.5678335694215,
    1703.8195380885786,
    1703.8195380885786,
    1703.2990143566076,
    1698.7485025354786,
    1698.7485025354786,
    1698.7485025354786,
    1698.7485025354786,
    1697.0064829027106,
    1696.4859591707395,
    1696.4859591707395,
    1695.5849969564829,
    1695.0644732245123,
    1620.115220980072,
    1619.0294895765733,
    1617.9875197007455,
    1615.2011617292603,
    1615.2011617292603,
    1611.0199707308097,
    1611.0199707308097,
    1605.5159973373643,
    1605.5159973373643,
    1604.9954736053933,
    1604.9954736053933,
    1604.9954736053933,
    1604.9954736053933,
    1604.9954736053933,
    1604.9954736053933,
    1604.9954736053933,
    1604.0167981903955,
    1596.6483418478551,
    1596.6483418478551,
    1591.46254088243,
    1590.4838654674322,
    1581.2299115811306,
    1581.2299115811306,
    1581.2299115811306,
    1581.2299115811306,
    1581.2299115811306,
    1581.2299115811306,
    1581.2299115811306,
    1579.4848530239883,
    1579.4848530239883,
    1579.4848530239883,
    1579.4848530239883,
    1579.4848530239883,
    1579.4848530239883
  ],
  "best_solution": {
    "id": "ga_gen0_6148",
    "instance_id": "synthetic_150c_525q_clustered6_s1716751590",
    "algorithm": "drl_expert_ga",
    "routes": [
      {
        "vehicle_id": 0,
        "customer_sequence": [
          110,
          91,
          95,
          86,
          150,
          17,
          90,
          9,
          88,
          84,
          92,
          118,
          44,
          106,
          124,
          71,
          107,
          52,
          125,
          138,
          104,
          132,
          130,
          145
        ],
        "total_demand": 523,
        "total_distance": 237.69494254153344
      },
      {
        "vehicle_id": 1,
        "customer_sequence": [
          114,
          112,
          105,
          60,
          134,
          141,
          65,
          66,
          6,
          3,
          10,
          12,
          96,
          25,
          18,
          98,
          2,
          13,
          1,
          39,
          33,
          47,
          29,
          36,
          28
        ],
        "total_demand": 523,
        "total_distance": 288.9922166196031
      },
      {
        "vehicle_id": 2,
        "customer_sequence": [
          83,
          116,
          139,
          26,
          103,
          117,
          54,
          108,
          70,
          80,
          115,
          113,
          147,
          120,
          148,
          82,
          81,
          21,
          46,
          7,
          35,
          43,
          31,
          40,
          27,
          38,
          42,
          48
        ],
        "total_demand": 525,
        "total_distance": 310.37459315163517
      },
      {
        "vehicle_id": 3,
        "customer_sequence": [
          119,
          101,
          111,
          67,
          122,
          62,
          68,
          51,
          55,
          102,
          121,
          61,
          56,
          69,
          58,
          63,
          72,
          64,
          74,
          129,
          128,
          89,
          77,
          14,
          76,
          41,
          79,
          22,
          34,
          19,
          87,
          85,
          23
        ],
        "total_demand": 525,
        "total_distance": 375.9134902394165
      },
      {
        "vehicle_id": 4,
        "customer_sequence": [
          123,
          109,
          142,
          149,
          126,
          137,
          135,
          127,
          136,
          146,
          131,
          144,
          140,
          133,
          143,
          93,
          32,
          45,
          50,
          37,
          94,
          30,
          73,
          59,
          53,
          57,
          75,
          78,
          99,
          100,
          16,
          11,
          5
        ],
        "total_demand": 522,
        "total_distance": 507.87111455358547
      },
      {
        "vehicle_id": 5,
        "customer_sequence": [
          97,
          4,
          20,
          8,
          24,
          15,
          49
        ],
        "total_demand": 72,
        "total_distance": 142.24946719731065
      }
    ],
    "total_cost": 1579.4848530239883,
    "computation_time": 0.0,
    "is_valid": true,
    "convergence_history": null
  }
}