{
  "instance_id": "synthetic_60c_300q_random_s1845336475",
  "instance_name": "Synthetic Random",
  "instance_size": 60,
  "configuration": "drl_expert_ga",
  "agent_used": "expert",
  "replicate": 3,
  "seed": 1477095702,
  "initial_cost": 1295.6037982997036,
  "final_cost": 976.1556239053886,
  "improvement_gap": 24.656316600302155,
  "total_time": 70.95989966392517,
  "initialization_time": 66.94110035896301,
  "evolution_time": 4.018799304962158,
  "generations_run": 100,
  "generations_to_convergence": 46,
  "convergence_history": [
    1295.6037982997036,
    1295.6037982997036,
    1295.6037982997036,
    1294.7069855884035,
    1294.7069855884035,
    1284.3209261371403,
    1262.7784227294774,
    1262.7784227294774,
    1262.7784227294774,
    1260.504437342171,
    1243.8721477391296,
    1241.5967658363443,
    1240.2379240241148,
    1228.8556675871637,
    1226.76331687245,
    1222.5731924980623,
    1214.0222186232695,
    1191.3254866694338,
    1191.3254866694338,
    1138.873063836717,
    1138.873063836717,
    1136.5976819339317,
    1136.5976819339317,
    1136.5976819339317,
    1136.5976819339317,
    1104.0693894723863,
    1101.9535450265876,
    1063.827396268341,
    1063.827396268341,
    1063.827396268341,
    1029.183259360997,
    1029.183259360997,
    1029.183259360997,
    1029.183259360997,
    1028.3317478837726,
    1027.899980004322,
    1027.899980004322,
    1027.899980004322,
    1027.899980004322,
    1027.899980004322,
    1020.8071863840597,
    1020.8071863840597,
    1020.8071863840597,
    1020.8071863840597,
    1020.8071863840597,
    1020.8071863840597,
    997.1983621879776,
    997.1983621879776,
    997.1983621879776,
    997.1983621879776,
    997.1983621879776,
    997.1983621879776,
    997.1983621879776,
    997.1983621879776,
    997.1983621879776,
    997.1983621879776,
    997.1983621879776,
    997.1983621879776,
    997.1983621879776,
    997.1983621879776,
    997.1983621879776,
    997.1983621879776,
    997.1983621879776,
    997.1983621879776,
    997.1983621879776,
    997.1983621879776,
    997.1983621879776,
    997.1983621879776,
    997.1983621879776,
    997.1983621879776,
    997.1983621879776,
    997.1983621879776,
    997.1983621879776,
    997.1983621879776,
    997.1983621879776,
    997.1983621879776,
    997.1983621879776,
    997.1983621879776,
    997.1983621879776,
    997.1983621879776,
    997.1983621879776,
    997.1983621879776,
    997.1983621879776,
    991.2234550479393,
    991.2234550479393,
    991.2234550479393,
    991.2234550479393,
    991.2234550479393,
    991.2234550479393,
    991.2234550479393,
    991.2234550479393,
    991.2234550479393,
    991.2234550479393,
    991.2234550479393,
    987.563605660526,
    987.563605660526,
    982.6196802552494,
    978.9598308678361,
    978.9598308678361,
    976.1556239053886,
    976.1556239053886
  ],
  "best_solution": {
    "id": "ga_gen0_4095",
    "instance_id": "synthetic_60c_300q_random_s1845336475",
    "algorithm": "drl_expert_ga",
    "routes": [
      {
        "vehicle_id": 0,
        "customer_sequence": [
          12,
          23,
          1,
          16,
          40,
          2,
          30,
          54,
          55,
          35,
          20,
          48,
          4,
          47,
          11,
          57
        ],
        "total_demand": 299,
        "total_distance": 337.28374223143646
      },
      {
        "vehicle_id": 1,
        "customer_sequence": [
          45,
          56,
          50,
          6,
          31,
          59,
          51,
          42,
          17,
          25,
          29,
          10,
          60,
          37,
          52
        ],
        "total_demand": 298,
        "total_distance": 326.96636179644946
      },
      {
        "vehicle_id": 2,
        "customer_sequence": [
          34,
          21,
          33,
          41,
          8,
          28,
          43,
          24,
          46,
          53,
          36,
          27,
          44,
          22,
          7,
          3,
          13,
          26,
          15,
          14,
          9
        ],
        "total_demand": 296,
        "total_distance": 381.7846381134645
      },
      {
        "vehicle_id": 3,
        "customer_sequence": [
          5,
          18,
          58,
          38,
          49,
          39,
          32,
          19
        ],
        "total_demand": 100,
        "total_distance": 186.92982806582359
      }
    ],
    "total_cost": 976.1556239053886,
    "computation_time": 0.0,
    "is_valid": true,
    "convergence_history": null
  }
}