{
  "instance_id": "synthetic_20c_60q_clustered4_s1418410062",
  "instance_name": "Synthetic Clustered",
  "instance_size": 20,
  "configuration": "drl_expert_ga",
  "agent_used": "expert",
  "replicate": 3,
  "seed": 668691268,
  "initial_cost": 316.82058346018243,
  "final_cost": 185.56307557097958,
  "improvement_gap": 41.42960234958949,
  "total_time": 11.250870943069458,
  "initialization_time": 10.7652747631073,
  "evolution_time": 0.4855961799621582,
  "generations_run": 100,
  "generations_to_convergence": 19,
  "convergence_history": [
    316.82058346018243,
    297.41032566056657,
    284.55134857527594,
    280.9486325159435,
    254.30035644734232,
    254.30035644734232,
    254.30035644734232,
    254.30035644734232,
    254.30035644734232,
    220.54967425752562,
    220.54967425752562,
    220.54967425752562,
    220.54967425752562,
    220.54967425752562,
    216.63992426776562,
    216.63992426776562,
    216.63992426776562,
    191.05981462178454,
    191.05981462178454,
    185.56307557097958,
    185.56307557097958,
    185.56307557097958,
    185.56307557097958,
    185.56307557097958,
    185.56307557097958,
    185.56307557097958,
    185.56307557097958,
    185.56307557097958,
    185.56307557097958,
    185.56307557097958,
    185.56307557097958,
    185.56307557097958,
    185.56307557097958,
    185.56307557097958,
    185.56307557097958,
    185.56307557097958,
    185.56307557097958,
    185.56307557097958,
    185.56307557097958,
    185.56307557097958,
    185.56307557097958,
    185.56307557097958,
    185.56307557097958,
    185.56307557097958,
    185.56307557097958,
    185.56307557097958,
    185.56307557097958,
    185.56307557097958,
    185.56307557097958,
    185.56307557097958,
    185.56307557097958,
    185.56307557097958,
    185.56307557097958,
    185.56307557097958,
    185.56307557097958,
    185.56307557097958,
    185.56307557097958,
    185.56307557097958,
    185.56307557097958,
    185.56307557097958,
    185.56307557097958,
    185.56307557097958,
    185.56307557097958,
    185.56307557097958,
    185.56307557097958,
    185.56307557097958,
    185.56307557097958,
    185.56307557097958,
    185.56307557097958,
    185.56307557097958,
    185.56307557097958,
    185.56307557097958,
    185.56307557097958,
    185.56307557097958,
    185.56307557097958,
    185.56307557097958,
    185.56307557097958,
    185.56307557097958,
    185.56307557097958,
    185.56307557097958,
    185.56307557097958,
    185.56307557097958,
    185.56307557097958,
    185.56307557097958,
    185.56307557097958,
    185.56307557097958,
    185.56307557097958,
    185.56307557097958,
    185.56307557097958,
    185.56307557097958,
    185.56307557097958,
    185.56307557097958,
    185.56307557097958,
    185.56307557097958,
    185.56307557097958,
    185.56307557097958,
    185.56307557097958,
    185.56307557097958,
    185.56307557097958,
    185.56307557097958,
    185.56307557097958
  ],
  "best_solution": {
    "id": "ga_gen0_3962",
    "instance_id": "synthetic_20c_60q_clustered4_s1418410062",
    "algorithm": "drl_expert_ga",
    "routes": [
      {
        "vehicle_id": 0,
        "customer_sequence": [
          9,
          8,
          10
        ],
        "total_demand": 54,
        "total_distance": 82.9921617302024
      },
      {
        "vehicle_id": 1,
        "customer_sequence": [
          13,
          7
        ],
        "total_demand": 34,
        "total_distance": 67.742150456085
      },
      {
        "vehicle_id": 2,
        "customer_sequence": [
          19,
          18
        ],
        "total_demand": 40,
        "total_distance": 97.21121509954831
      },
      {
        "vehicle_id": 3,
        "customer_sequence": [
          20,
          6,
          11
        ],
        "total_demand": 58,
        "total_distance": 98.39149125783423
      },
      {
        "vehicle_id": 4,
        "customer_sequence": [
          12,
          15,
          14
        ],
        "total_demand": 59,
        "total_distance": 126.06117277672142
      },
      {
        "vehicle_id": 5,
        "customer_sequence": [
          16,
          17,
          2
        ],
        "total_demand": 59,
        "total_distance": 115.88931578613827
      },
      {
        "vehicle_id": 6,
        "customer_sequence": [
          3,
          5
        ],
        "total_demand": 45,
        "total_distance": 95.31806863261697
      },
      {
        "vehicle_id": 7,
        "customer_sequence": [
          4,
          1
        ],
        "total_demand": 37,
        "total_distance": 58.0642584143218
      }
    ],
    "total_cost": 185.56307557097958,
    "computation_time": 0.0,
    "is_valid": true,
    "convergence_history": null
  }
}