{
  "instance_id": "synthetic_150c_525q_clustered6_s1746322943",
  "instance_name": "Synthetic Clustered",
  "instance_size": 150,
  "configuration": "drl_expert_ga",
  "agent_used": "expert",
  "replicate": 1,
  "seed": 226657379,
  "initial_cost": 1935.20285858414,
  "final_cost": 1633.5597465463072,
  "improvement_gap": 15.587157217126324,
  "total_time": 394.8368101119995,
  "initialization_time": 370.96007919311523,
  "evolution_time": 23.876730918884277,
  "generations_run": 100,
  "generations_to_convergence": null,
  "convergence_history": [
    1935.20285858414,
    1935.20285858414,
    1935.20285858414,
    1935.20285858414,
    1935.20285858414,
    1935.20285858414,
    1935.20285858414,
    1935.20285858414,
    1932.222742450495,
    1932.222742450495,
    1926.7813639817348,
    1925.597454284655,
    1925.597454284655,
    1918.8696366397896,
    1918.8696366397896,
    1912.2443484739495,
    1905.9496512384333,
    1899.324363072593,
    1899.1184005193422,
    1899.1184005193422,
    1886.9675479361997,
    1886.9675479361997,
    1874.9024930275718,
    1874.9024930275718,
    1851.7864491683038,
    1851.7864491683038,
    1851.7864491683038,
    1835.8100457097692,
    1835.8100457097692,
    1835.8100457097692,
    1835.6040831565185,
    1820.444322342891,
    1820.444322342891,
    1817.5243919047248,
    1799.4679208908979,
    1799.4679208908979,
    1799.4679208908979,
    1799.4679208908979,
    1789.1164108793184,
    1789.1164108793184,
    1789.1164108793184,
    1789.1164108793184,
    1777.9004673520633,
    1777.9004673520633,
    1777.9004673520633,
    1770.71146532183,
    1770.71146532183,
    1770.71146532183,
    1770.71146532183,
    1761.081009913891,
    1761.081009913891,
    1761.081009913891,
    1761.081009913891,
    1761.081009913891,
    1761.081009913891,
    1755.0091956296073,
    1755.0091956296073,
    1753.7290371949935,
    1753.7290371949935,
    1751.8309627139092,
    1751.8309627139092,
    1750.5508042792953,
    1750.5508042792953,
    1750.5508042792953,
    1746.9453803327121,
    1746.9453803327121,
    1737.4127176989773,
    1734.110001049677,
    1734.110001049677,
    1725.687060314049,
    1725.687060314049,
    1725.687060314049,
    1725.687060314049,
    1718.9946885292275,
    1710.8594217658342,
    1710.7155847797167,
    1710.634713821257,
    1710.634713821257,
    1710.634713821257,
    1710.017644190879,
    1710.017644190879,
    1706.8859347995806,
    1706.8859347995806,
    1706.8859347995806,
    1703.9324501470585,
    1703.9324501470585,
    1701.147499099687,
    1670.0319353531295,
    1667.0784507006074,
    1667.0784507006074,
    1645.6832398529157,
    1645.6832398529157,
    1644.2509333409243,
    1644.2509333409243,
    1641.2974486884023,
    1640.1732004158055,
    1640.1732004158055,
    1640.1732004158055,
    1640.1732004158055,
    1633.5597465463072,
    1633.5597465463072
  ],
  "best_solution": {
    "id": "ga_gen0_8903",
    "instance_id": "synthetic_150c_525q_clustered6_s1746322943",
    "algorithm": "drl_expert_ga",
    "routes": [
      {
        "vehicle_id": 0,
        "customer_sequence": [
          117,
          53,
          112,
          111,
          116,
          121,
          36,
          38,
          66,
          63,
          73,
          58,
          134,
          57,
          14,
          107,
          88,
          90,
          28,
          29,
          93,
          79
        ],
        "total_demand": 522,
        "total_distance": 268.89052086146205
      },
      {
        "vehicle_id": 1,
        "customer_sequence": [
          65,
          2,
          1,
          6,
          72,
          61,
          62,
          69,
          109,
          119,
          31,
          124,
          16,
          71,
          21,
          59,
          20,
          55,
          56,
          8,
          137,
          145,
          51,
          141,
          75,
          67,
          140
        ],
        "total_demand": 522,
        "total_distance": 260.82946073455423
      },
      {
        "vehicle_id": 2,
        "customer_sequence": [
          5,
          3,
          23,
          149,
          64,
          130,
          150,
          136,
          127,
          146,
          135,
          138,
          19,
          144,
          133,
          76,
          85,
          106,
          110,
          104,
          108,
          92,
          46,
          35,
          27,
          39,
          99
        ],
        "total_demand": 525,
        "total_distance": 352.2350452982877
      },
      {
        "vehicle_id": 3,
        "customer_sequence": [
          74,
          142,
          68,
          148,
          24,
          4,
          25,
          15,
          9,
          128,
          22,
          54,
          11,
          26,
          48,
          45,
          87,
          77,
          101,
          123,
          86,
          96,
          113,
          95,
          83,
          84,
          105,
          120,
          60,
          132,
          49,
          44,
          47,
          50,
          33,
          37,
          102,
          43
        ],
        "total_demand": 523,
        "total_distance": 523.0494054244659
      },
      {
        "vehicle_id": 4,
        "customer_sequence": [
          103,
          34,
          118,
          125,
          98,
          97,
          89,
          100,
          42,
          91,
          78,
          115,
          81,
          82,
          131,
          139,
          126,
          147,
          143,
          129,
          52,
          7,
          13,
          12,
          18,
          10,
          17,
          32,
          40,
          30,
          41,
          94,
          114,
          80,
          122,
          70
        ],
        "total_demand": 391,
        "total_distance": 481.84141309609277
      }
    ],
    "total_cost": 1633.5597465463072,
    "computation_time": 0.0,
    "is_valid": true,
    "convergence_history": null
  }
}