{
  "instance_id": "synthetic_20c_60q_random_s948417114",
  "instance_name": "Synthetic Random",
  "instance_size": 20,
  "configuration": "drl_expert_ga",
  "agent_used": "expert",
  "replicate": 1,
  "seed": 469512287,
  "initial_cost": 511.5993868363524,
  "final_cost": 295.05716296398583,
  "improvement_gap": 42.32652138452091,
  "total_time": 11.12086009979248,
  "initialization_time": 10.648918867111206,
  "evolution_time": 0.4719412326812744,
  "generations_run": 100,
  "generations_to_convergence": 25,
  "convergence_history": [
    511.5993868363524,
    451.971618939594,
    451.971618939594,
    424.0434154015177,
    424.0434154015177,
    424.0434154015177,
    420.6869692684218,
    377.42912797918046,
    377.42912797918046,
    352.74816710973096,
    333.52386314436006,
    333.52386314436006,
    333.52386314436006,
    333.52386314436006,
    333.52386314436006,
    333.28200155037644,
    333.28200155037644,
    309.6692551224264,
    297.5001705624753,
    297.5001705624753,
    297.5001705624753,
    297.5001705624753,
    297.5001705624753,
    297.5001705624753,
    297.5001705624753,
    295.05716296398583,
    295.05716296398583,
    295.05716296398583,
    295.05716296398583,
    295.05716296398583,
    295.05716296398583,
    295.05716296398583,
    295.05716296398583,
    295.05716296398583,
    295.05716296398583,
    295.05716296398583,
    295.05716296398583,
    295.05716296398583,
    295.05716296398583,
    295.05716296398583,
    295.05716296398583,
    295.05716296398583,
    295.05716296398583,
    295.05716296398583,
    295.05716296398583,
    295.05716296398583,
    295.05716296398583,
    295.05716296398583,
    295.05716296398583,
    295.05716296398583,
    295.05716296398583,
    295.05716296398583,
    295.05716296398583,
    295.05716296398583,
    295.05716296398583,
    295.05716296398583,
    295.05716296398583,
    295.05716296398583,
    295.05716296398583,
    295.05716296398583,
    295.05716296398583,
    295.05716296398583,
    295.05716296398583,
    295.05716296398583,
    295.05716296398583,
    295.05716296398583,
    295.05716296398583,
    295.05716296398583,
    295.05716296398583,
    295.05716296398583,
    295.05716296398583,
    295.05716296398583,
    295.05716296398583,
    295.05716296398583,
    295.05716296398583,
    295.05716296398583,
    295.05716296398583,
    295.05716296398583,
    295.05716296398583,
    295.05716296398583,
    295.05716296398583,
    295.05716296398583,
    295.05716296398583,
    295.05716296398583,
    295.05716296398583,
    295.05716296398583,
    295.05716296398583,
    295.05716296398583,
    295.05716296398583,
    295.05716296398583,
    295.05716296398583,
    295.05716296398583,
    295.05716296398583,
    295.05716296398583,
    295.05716296398583,
    295.05716296398583,
    295.05716296398583,
    295.05716296398583,
    295.05716296398583,
    295.05716296398583,
    295.05716296398583
  ],
  "best_solution": {
    "id": "ga_gen0_3895",
    "instance_id": "synthetic_20c_60q_random_s948417114",
    "algorithm": "drl_expert_ga",
    "routes": [
      {
        "vehicle_id": 0,
        "customer_sequence": [
          15,
          3
        ],
        "total_demand": 35,
        "total_distance": 61.57277461337875
      },
      {
        "vehicle_id": 1,
        "customer_sequence": [
          10,
          2,
          4
        ],
        "total_demand": 56,
        "total_distance": 126.45958946621471
      },
      {
        "vehicle_id": 2,
        "customer_sequence": [
          1,
          7,
          14
        ],
        "total_demand": 58,
        "total_distance": 131.4610348685954
      },
      {
        "vehicle_id": 3,
        "customer_sequence": [
          12,
          19,
          16
        ],
        "total_demand": 40,
        "total_distance": 173.61986023864046
      },
      {
        "vehicle_id": 4,
        "customer_sequence": [
          5,
          9,
          11,
          20
        ],
        "total_demand": 60,
        "total_distance": 143.73695885706368
      },
      {
        "vehicle_id": 5,
        "customer_sequence": [
          18,
          13,
          17
        ],
        "total_demand": 49,
        "total_distance": 121.468395312919
      },
      {
        "vehicle_id": 6,
        "customer_sequence": [
          8,
          6
        ],
        "total_demand": 22,
        "total_distance": 129.43149772992192
      }
    ],
    "total_cost": 295.05716296398583,
    "computation_time": 0.0,
    "is_valid": true,
    "convergence_history": null
  }
}