{
  "instance_id": "synthetic_75c_281q_clustered5_s1295647397",
  "instance_name": "Synthetic Clustered",
  "instance_size": 75,
  "configuration": "drl_expert_ga",
  "agent_used": "expert",
  "replicate": 2,
  "seed": 773356952,
  "initial_cost": 772.2104675173523,
  "final_cost": 633.958933244461,
  "improvement_gap": 17.903348904006485,
  "total_time": 107.34568309783936,
  "initialization_time": 102.6830415725708,
  "evolution_time": 4.662641525268555,
  "generations_run": 100,
  "generations_to_convergence": null,
  "convergence_history": [
    772.2104675173523,
    772.2104675173523,
    772.2104675173523,
    772.2104675173523,
    772.2104675173523,
    772.2104675173523,
    772.2104675173523,
    768.5214241758587,
    768.5214241758587,
    767.5484161906093,
    757.9957762963163,
    757.0870244489655,
    757.0870244489655,
    752.1605094112543,
    750.835997231061,
    750.835997231061,
    745.9094821933498,
    745.9094821933498,
    745.9094821933498,
    745.9094821933498,
    745.9094821933498,
    745.7151422128941,
    745.7151422128941,
    735.7053858100039,
    735.7053858100039,
    735.5110458295482,
    735.5110458295482,
    727.7729646492326,
    727.7729646492326,
    727.7729646492326,
    727.7729646492326,
    727.7729646492326,
    727.7729646492326,
    724.0329119788023,
    724.0329119788023,
    721.0155368777091,
    717.2754842072789,
    717.2754842072789,
    716.2765790885635,
    716.2765790885635,
    716.2765790885635,
    716.2765790885635,
    714.1215943445887,
    714.1215943445887,
    702.4493379928334,
    702.4493379928334,
    700.2943532488588,
    700.2943532488588,
    700.2943532488588,
    700.2943532488588,
    700.2943532488588,
    700.2943532488588,
    700.2943532488588,
    700.2943532488588,
    694.4941556806874,
    694.4941556806874,
    694.4941556806874,
    694.4941556806874,
    685.4301160396809,
    683.3140445629369,
    683.3140445629369,
    683.3140445629369,
    683.3140445629369,
    678.6048471705901,
    678.6048471705901,
    678.6048471705901,
    674.4739346817204,
    674.4739346817204,
    664.832516878276,
    664.832516878276,
    662.455281420848,
    662.1630504677634,
    662.1630504677634,
    662.1630504677634,
    662.1630504677634,
    662.1630504677634,
    658.0209045648772,
    658.0209045648772,
    658.0209045648772,
    658.0209045648772,
    658.0209045648772,
    658.0209045648772,
    658.0209045648772,
    658.0209045648772,
    658.0209045648772,
    658.0209045648772,
    657.7232364639841,
    657.7232364639841,
    657.7232364639841,
    657.7232364639841,
    657.7232364639841,
    651.6984004353958,
    651.6984004353958,
    645.8471359005088,
    645.8471359005088,
    645.8471359005088,
    645.8471359005088,
    645.8471359005088,
    645.8471359005088,
    633.958933244461,
    633.958933244461
  ],
  "best_solution": {
    "id": "ga_gen0_1530",
    "instance_id": "synthetic_75c_281q_clustered5_s1295647397",
    "algorithm": "drl_expert_ga",
    "routes": [
      {
        "vehicle_id": 0,
        "customer_sequence": [
          19,
          10,
          22,
          23,
          29,
          16,
          25,
          26,
          13,
          27,
          5,
          3
        ],
        "total_demand": 279,
        "total_distance": 104.33328066519603
      },
      {
        "vehicle_id": 1,
        "customer_sequence": [
          6,
          1,
          71,
          74,
          70,
          58,
          54,
          72,
          65,
          49,
          9,
          24,
          17
        ],
        "total_demand": 281,
        "total_distance": 170.171791856228
      },
      {
        "vehicle_id": 2,
        "customer_sequence": [
          8,
          11,
          20,
          21,
          18,
          28,
          69,
          7,
          37,
          44,
          73,
          39,
          34,
          47,
          51,
          55
        ],
        "total_demand": 278,
        "total_distance": 188.14266200046603
      },
      {
        "vehicle_id": 3,
        "customer_sequence": [
          30,
          67,
          41,
          75,
          2,
          68,
          66,
          36,
          53,
          42,
          35,
          60,
          61,
          46,
          59,
          4,
          52,
          15
        ],
        "total_demand": 280,
        "total_distance": 133.17500619418323
      },
      {
        "vehicle_id": 4,
        "customer_sequence": [
          62,
          14,
          63,
          64,
          50,
          56,
          57,
          48,
          45,
          33,
          40,
          32,
          31,
          38,
          12,
          43
        ],
        "total_demand": 142,
        "total_distance": 159.26651022889928
      }
    ],
    "total_cost": 633.958933244461,
    "computation_time": 0.0,
    "is_valid": true,
    "convergence_history": null
  }
}