{
  "instance_id": "synthetic_125c_437q_random_s119242644",
  "instance_name": "Synthetic Random",
  "instance_size": 125,
  "configuration": "drl_expert_ga",
  "agent_used": "expert",
  "replicate": 4,
  "seed": 289905026,
  "initial_cost": 2199.2217107844513,
  "final_cost": 1891.5112536208628,
  "improvement_gap": 13.991788806678782,
  "total_time": 271.6124703884125,
  "initialization_time": 255.111713886261,
  "evolution_time": 16.50075650215149,
  "generations_run": 100,
  "generations_to_convergence": null,
  "convergence_history": [
    2199.2217107844513,
    2199.2217107844513,
    2199.2217107844513,
    2199.2217107844513,
    2199.2217107844513,
    2199.2217107844513,
    2199.2217107844513,
    2199.2217107844513,
    2195.4742158158797,
    2195.4742158158797,
    2195.4742158158797,
    2185.6661293708403,
    2185.6661293708403,
    2185.6661293708403,
    2172.2497170312904,
    2172.2497170312904,
    2172.2497170312904,
    2164.3194584564762,
    2164.3194584564762,
    2161.330614402845,
    2155.0986115061637,
    2123.3221918277204,
    2117.2269792598368,
    2108.006132309524,
    2108.006132309524,
    2098.665312369267,
    2098.665312369267,
    2098.665312369267,
    2098.603874867467,
    2074.850776579687,
    2074.850776579687,
    2067.743431764117,
    2067.743431764117,
    2067.6819942623165,
    2067.6819942623165,
    2067.6819942623165,
    2067.6819942623165,
    2067.6819942623165,
    2054.651604975475,
    2054.651604975475,
    2054.651604975475,
    2054.651604975475,
    2052.1866948764464,
    2014.2508009728951,
    2014.2508009728951,
    2011.7858908738665,
    2002.8382873297066,
    2002.8382873297066,
    2002.8382873297066,
    1999.7030566551887,
    1999.7030566551887,
    1999.7030566551887,
    1999.7030566551887,
    1999.7030566551887,
    1999.7030566551887,
    1999.7030566551887,
    1999.7030566551887,
    1999.7030566551887,
    1999.7030566551887,
    1999.1915845597084,
    1999.1915845597084,
    1999.1915845597084,
    1999.1915845597084,
    1999.1915845597084,
    1978.407357113035,
    1978.407357113035,
    1978.407357113035,
    1977.8839042957827,
    1977.4696974462906,
    1965.656190207468,
    1964.718530540724,
    1964.718530540724,
    1964.718530540724,
    1964.718530540724,
    1964.1950777234717,
    1964.1950777234717,
    1964.1950777234717,
    1959.1930775450526,
    1959.1930775450526,
    1959.1930775450526,
    1958.6696247278007,
    1925.2612794817885,
    1925.2612794817885,
    1925.2612794817885,
    1925.2612794817885,
    1925.2612794817885,
    1925.2612794817885,
    1925.2612794817885,
    1922.631164514786,
    1922.631164514786,
    1922.631164514786,
    1922.631164514786,
    1922.631164514786,
    1922.631164514786,
    1916.2497572262575,
    1916.2497572262575,
    1916.2497572262575,
    1916.2497572262575,
    1913.4587774940242,
    1913.4587774940242,
    1891.5112536208628
  ],
  "best_solution": {
    "id": "ga_gen0_2901",
    "instance_id": "synthetic_125c_437q_random_s119242644",
    "algorithm": "drl_expert_ga",
    "routes": [
      {
        "vehicle_id": 0,
        "customer_sequence": [
          64,
          78,
          105,
          4,
          106,
          22,
          83,
          48,
          34,
          119,
          95,
          16,
          29,
          71,
          82,
          94,
          101,
          84,
          113,
          118,
          117
        ],
        "total_demand": 433,
        "total_distance": 321.8888245043354
      },
      {
        "vehicle_id": 1,
        "customer_sequence": [
          49,
          27,
          8,
          109,
          114,
          102,
          11,
          58,
          32,
          47,
          26,
          7,
          103,
          37,
          76,
          92,
          53,
          18,
          9
        ],
        "total_demand": 434,
        "total_distance": 172.79397810340907
      },
      {
        "vehicle_id": 2,
        "customer_sequence": [
          63,
          65,
          61,
          123,
          56,
          116,
          28,
          67,
          75,
          125,
          122,
          111,
          69,
          17,
          62,
          6,
          115,
          85,
          104,
          107,
          88,
          52
        ],
        "total_demand": 436,
        "total_distance": 498.2455330215296
      },
      {
        "vehicle_id": 3,
        "customer_sequence": [
          13,
          96,
          51,
          90,
          43,
          73,
          5,
          91,
          2,
          93,
          31,
          44,
          79,
          80,
          25,
          86,
          81,
          35,
          19,
          108,
          100,
          10,
          87,
          124,
          45,
          99
        ],
        "total_demand": 437,
        "total_distance": 500.6285607541408
      },
      {
        "vehicle_id": 4,
        "customer_sequence": [
          1,
          70,
          41,
          40,
          97,
          55,
          50,
          59,
          60,
          15,
          42,
          66,
          39,
          54,
          30,
          121,
          33,
          89,
          68,
          72,
          112,
          74,
          110,
          20,
          21,
          38,
          12,
          3,
          23
        ],
        "total_demand": 433,
        "total_distance": 426.9822746868084
      },
      {
        "vehicle_id": 5,
        "customer_sequence": [
          120,
          24,
          46,
          98,
          77,
          36,
          57,
          14
        ],
        "total_demand": 123,
        "total_distance": 307.58909094912343
      }
    ],
    "total_cost": 1891.5112536208628,
    "computation_time": 0.0,
    "is_valid": true,
    "convergence_history": null
  }
}