{
  "instance_id": "synthetic_75c_281q_random_s455467924",
  "instance_name": "Synthetic Random",
  "instance_size": 75,
  "configuration": "drl_expert_ga",
  "agent_used": "expert",
  "replicate": 3,
  "seed": 616358213,
  "initial_cost": 1311.7561711771634,
  "final_cost": 1126.7168495869655,
  "improvement_gap": 14.10622840250445,
  "total_time": 106.22311997413635,
  "initialization_time": 99.861811876297,
  "evolution_time": 6.3613080978393555,
  "generations_run": 100,
  "generations_to_convergence": 47,
  "convergence_history": [
    1311.7561711771634,
    1311.7561711771634,
    1311.7561711771634,
    1311.7561711771634,
    1311.7561711771634,
    1302.3880885837357,
    1302.3880885837357,
    1302.212915917497,
    1302.212915917497,
    1300.714021236844,
    1293.9992319989926,
    1293.9992319989926,
    1293.9992319989926,
    1291.5538953639143,
    1291.5538953639143,
    1289.8798280170226,
    1289.8052264704706,
    1237.4732549868386,
    1235.799187639947,
    1235.799187639947,
    1234.6737588536755,
    1234.5991573071235,
    1233.9908472795528,
    1213.5258430853416,
    1213.5258430853416,
    1213.4512415387896,
    1186.5872169568415,
    1186.5872169568415,
    1153.7157357006772,
    1153.7157357006772,
    1153.7157357006772,
    1147.7676973634036,
    1147.7676973634036,
    1145.845031839131,
    1145.845031839131,
    1145.845031839131,
    1145.845031839131,
    1145.845031839131,
    1145.845031839131,
    1145.845031839131,
    1145.845031839131,
    1143.4516029523854,
    1142.5804777201174,
    1142.5804777201174,
    1139.0523765506555,
    1139.0523765506555,
    1139.0523765506555,
    1135.7878224316419,
    1135.7878224316419,
    1135.7878224316419,
    1135.7878224316419,
    1135.7878224316419,
    1135.7878224316419,
    1135.7878224316419,
    1135.7878224316419,
    1135.7878224316419,
    1135.7878224316419,
    1135.7878224316419,
    1135.7878224316419,
    1135.7878224316419,
    1135.7878224316419,
    1135.7878224316419,
    1135.7878224316419,
    1135.7878224316419,
    1135.7878224316419,
    1135.7878224316419,
    1135.7878224316419,
    1135.7878224316419,
    1135.7878224316419,
    1129.8362542177601,
    1129.8362542177601,
    1129.8362542177601,
    1129.8362542177601,
    1129.8362542177601,
    1129.0946996611265,
    1129.0946996611265,
    1129.0946996611265,
    1129.0946996611265,
    1129.0946996611265,
    1129.0946996611265,
    1129.0946996611265,
    1129.0946996611265,
    1129.0946996611265,
    1129.0946996611265,
    1129.0946996611265,
    1129.0946996611265,
    1129.0946996611265,
    1129.0946996611265,
    1129.0946996611265,
    1126.7168495869655,
    1126.7168495869655,
    1126.7168495869655,
    1126.7168495869655,
    1126.7168495869655,
    1126.7168495869655,
    1126.7168495869655,
    1126.7168495869655,
    1126.7168495869655,
    1126.7168495869655,
    1126.7168495869655,
    1126.7168495869655
  ],
  "best_solution": {
    "id": "ga_gen0_8959",
    "instance_id": "synthetic_75c_281q_random_s455467924",
    "algorithm": "drl_expert_ga",
    "routes": [
      {
        "vehicle_id": 0,
        "customer_sequence": [
          40,
          18,
          30,
          39,
          61,
          50,
          67,
          1,
          48,
          34,
          45,
          27,
          35,
          57
        ],
        "total_demand": 278,
        "total_distance": 285.09010816438524
      },
      {
        "vehicle_id": 1,
        "customer_sequence": [
          9,
          4,
          8,
          47,
          42,
          51,
          19,
          32,
          44,
          72,
          53,
          16,
          71,
          74,
          22,
          64
        ],
        "total_demand": 277,
        "total_distance": 324.47495571713495
      },
      {
        "vehicle_id": 2,
        "customer_sequence": [
          75,
          23,
          70,
          63,
          73,
          55,
          54,
          65,
          49,
          14,
          28,
          12,
          6,
          2,
          26,
          66
        ],
        "total_demand": 281,
        "total_distance": 306.34552307039706
      },
      {
        "vehicle_id": 3,
        "customer_sequence": [
          46,
          56,
          13,
          62,
          20,
          7,
          58,
          37,
          41,
          3,
          31,
          59,
          11,
          69,
          29,
          52,
          15,
          68
        ],
        "total_demand": 279,
        "total_distance": 312.54733360088477
      },
      {
        "vehicle_id": 4,
        "customer_sequence": [
          25,
          43,
          60,
          21,
          24,
          5,
          33,
          10,
          36,
          38,
          17
        ],
        "total_demand": 122,
        "total_distance": 262.5850738941108
      }
    ],
    "total_cost": 1126.7168495869655,
    "computation_time": 0.0,
    "is_valid": true,
    "convergence_history": null
  }
}