{
  "instance_id": "synthetic_125c_437q_clustered6_s1470637096",
  "instance_name": "Synthetic Clustered",
  "instance_size": 125,
  "configuration": "drl_expert_ga",
  "agent_used": "expert",
  "replicate": 4,
  "seed": 607414274,
  "initial_cost": 1585.2969286817797,
  "final_cost": 1340.2385952146924,
  "improvement_gap": 15.458197706272001,
  "total_time": 273.9249234199524,
  "initialization_time": 257.0580768585205,
  "evolution_time": 16.866846561431885,
  "generations_run": 100,
  "generations_to_convergence": null,
  "convergence_history": [
    1585.2969286817797,
    1585.2969286817797,
    1585.2969286817797,
    1585.2969286817797,
    1585.2969286817797,
    1585.2969286817797,
    1585.2969286817797,
    1585.2969286817797,
    1585.2969286817797,
    1585.2969286817797,
    1580.0631539290985,
    1580.0631539290985,
    1580.0631539290985,
    1580.0631539290985,
    1580.0631539290985,
    1579.4608078964093,
    1568.848643189389,
    1568.2462971566997,
    1568.2462971566997,
    1519.1109366335863,
    1519.1109366335863,
    1507.8964258938768,
    1506.473636109232,
    1506.473636109232,
    1506.473636109232,
    1506.473636109232,
    1506.0495382693243,
    1506.0495382693243,
    1506.0495382693243,
    1506.0495382693243,
    1506.0495382693243,
    1500.1370781388796,
    1500.1370781388796,
    1500.1370781388796,
    1500.1370781388796,
    1496.7851506149825,
    1483.788074919985,
    1483.788074919985,
    1483.788074919985,
    1480.436147396088,
    1443.108619171287,
    1443.108619171287,
    1420.569432368859,
    1420.569432368859,
    1401.137141187543,
    1393.7640902724625,
    1393.7640902724625,
    1393.7640902724625,
    1390.4121627485654,
    1390.4121627485654,
    1385.254356656564,
    1385.254356656564,
    1385.254356656564,
    1385.254356656564,
    1382.2366543428632,
    1382.2366543428632,
    1382.2366543428632,
    1382.2366543428632,
    1377.4909972789003,
    1377.4909972789003,
    1374.38996755651,
    1374.38996755651,
    1374.38996755651,
    1372.5129338188506,
    1372.5129338188506,
    1372.5129338188506,
    1372.5129338188506,
    1368.550806856908,
    1368.550806856908,
    1366.9569776814717,
    1363.5727433968586,
    1363.0893261387537,
    1361.1178169818695,
    1360.6343997237645,
    1360.6343997237645,
    1358.352515066345,
    1358.352515066345,
    1358.352515066345,
    1358.352515066345,
    1358.352515066345,
    1358.352515066345,
    1358.352515066345,
    1358.352515066345,
    1358.352515066345,
    1358.352515066345,
    1358.352515066345,
    1358.352515066345,
    1358.352515066345,
    1358.352515066345,
    1358.352515066345,
    1356.3133523823649,
    1350.8507193668402,
    1350.8507193668402,
    1350.8507193668402,
    1350.8507193668402,
    1348.81155668286,
    1348.81155668286,
    1348.81155668286,
    1348.81155668286,
    1348.81155668286,
    1340.2385952146924
  ],
  "best_solution": {
    "id": "ga_gen0_6532",
    "instance_id": "synthetic_125c_437q_clustered6_s1470637096",
    "algorithm": "drl_expert_ga",
    "routes": [
      {
        "vehicle_id": 0,
        "customer_sequence": [
          83,
          13,
          1,
          116,
          8,
          90,
          125,
          94,
          123,
          40,
          24,
          86,
          85,
          99,
          45,
          58,
          48,
          49,
          59
        ],
        "total_demand": 437,
        "total_distance": 187.50040972960898
      },
      {
        "vehicle_id": 1,
        "customer_sequence": [
          81,
          98,
          82,
          88,
          29,
          31,
          36,
          23,
          52,
          55,
          47,
          63,
          67,
          62,
          78,
          65,
          41,
          27,
          28
        ],
        "total_demand": 433,
        "total_distance": 359.4655034727722
      },
      {
        "vehicle_id": 2,
        "customer_sequence": [
          17,
          60,
          50,
          44,
          87,
          105,
          104,
          120,
          103,
          108,
          107,
          110,
          114,
          112,
          6,
          4,
          12,
          117,
          5,
          61
        ],
        "total_demand": 437,
        "total_distance": 230.5068306725383
      },
      {
        "vehicle_id": 3,
        "customer_sequence": [
          18,
          14,
          19,
          9,
          102,
          15,
          2,
          77,
          73,
          46,
          43,
          57,
          79,
          53,
          42,
          89,
          97,
          93,
          96,
          121,
          122
        ],
        "total_demand": 434,
        "total_distance": 263.1402870146387
      },
      {
        "vehicle_id": 4,
        "customer_sequence": [
          54,
          72,
          51,
          71,
          80,
          66,
          69,
          75,
          68,
          20,
          118,
          7,
          115,
          109,
          11,
          106,
          111,
          113,
          37,
          34,
          39,
          30,
          38,
          33,
          22
        ],
        "total_demand": 435,
        "total_distance": 306.22990236428217
      },
      {
        "vehicle_id": 5,
        "customer_sequence": [
          92,
          35,
          21,
          25,
          26,
          95,
          100,
          84,
          32,
          91,
          10,
          70,
          76,
          64,
          74,
          56,
          101,
          16,
          3,
          119,
          124
        ],
        "total_demand": 211,
        "total_distance": 309.5246266665857
      }
    ],
    "total_cost": 1340.2385952146924,
    "computation_time": 0.0,
    "is_valid": true,
    "convergence_history": null
  }
}