{
  "instance_id": "synthetic_90c_337q_random_s1069724591",
  "instance_name": "Synthetic Random",
  "instance_size": 90,
  "configuration": "drl_expert_ga",
  "agent_used": "expert",
  "replicate": 2,
  "seed": 1399833071,
  "initial_cost": 1733.970828183356,
  "final_cost": 1328.3077908183654,
  "improvement_gap": 23.395032417586574,
  "total_time": 147.61213445663452,
  "initialization_time": 138.84489631652832,
  "evolution_time": 8.767238140106201,
  "generations_run": 100,
  "generations_to_convergence": null,
  "convergence_history": [
    1733.970828183356,
    1733.970828183356,
    1733.970828183356,
    1733.517131323978,
    1708.8024877959033,
    1708.8024877959033,
    1708.8024877959033,
    1705.2574468929881,
    1698.5556260882665,
    1661.8528370820345,
    1640.0105405650536,
    1629.7636788574168,
    1629.7636788574168,
    1620.7318298643029,
    1618.3488336468033,
    1581.321113241778,
    1581.321113241778,
    1581.321113241778,
    1581.321113241778,
    1581.321113241778,
    1563.480027176073,
    1563.480027176073,
    1563.480027176073,
    1532.9067664140732,
    1532.9067664140732,
    1530.4184636698637,
    1530.4184636698637,
    1529.64806403551,
    1511.7808184318837,
    1511.7808184318837,
    1506.1315895404189,
    1501.4213859155916,
    1493.6300719715373,
    1493.6300719715373,
    1493.6300719715373,
    1484.1044456133034,
    1484.1044456133034,
    1475.5256677691384,
    1475.5256677691384,
    1475.5256677691384,
    1475.5256677691384,
    1475.5256677691384,
    1450.0847172146127,
    1450.0847172146127,
    1444.6901957789194,
    1444.6901957789194,
    1444.6901957789194,
    1435.6778995049133,
    1435.6778995049133,
    1435.6778995049133,
    1435.6778995049133,
    1425.0545646386495,
    1425.0545646386495,
    1425.0545646386495,
    1425.0545646386495,
    1410.7168852529228,
    1410.7168852529228,
    1410.7168852529228,
    1410.7168852529228,
    1410.7168852529228,
    1409.5286567243738,
    1409.5286567243738,
    1409.5286567243738,
    1392.4101867241357,
    1391.2219581955867,
    1391.2219581955867,
    1391.2219581955867,
    1386.988738934122,
    1386.988738934122,
    1386.988738934122,
    1386.988738934122,
    1386.988738934122,
    1386.988738934122,
    1386.988738934122,
    1354.451150731884,
    1354.451150731884,
    1354.451150731884,
    1354.451150731884,
    1353.7524746106415,
    1353.7524746106415,
    1353.7524746106415,
    1353.7524746106415,
    1353.7524746106415,
    1346.41606157309,
    1346.41606157309,
    1346.41606157309,
    1343.667201858907,
    1343.667201858907,
    1343.667201858907,
    1343.667201858907,
    1343.667201858907,
    1343.667201858907,
    1343.667201858907,
    1328.3077908183654,
    1328.3077908183654,
    1328.3077908183654,
    1328.3077908183654,
    1328.3077908183654,
    1328.3077908183654,
    1328.3077908183654,
    1328.3077908183654
  ],
  "best_solution": {
    "id": "ga_gen0_6247",
    "instance_id": "synthetic_90c_337q_random_s1069724591",
    "algorithm": "drl_expert_ga",
    "routes": [
      {
        "vehicle_id": 0,
        "customer_sequence": [
          43,
          58,
          56,
          89,
          23,
          15,
          17,
          10,
          82,
          31,
          26,
          84,
          90,
          85,
          46,
          5,
          71
        ],
        "total_demand": 334,
        "total_distance": 311.88111888477266
      },
      {
        "vehicle_id": 1,
        "customer_sequence": [
          80,
          19,
          29,
          2,
          1,
          74,
          50,
          30,
          6,
          11,
          79,
          66,
          35,
          8,
          86,
          18,
          22,
          81
        ],
        "total_demand": 333,
        "total_distance": 298.65087748960076
      },
      {
        "vehicle_id": 2,
        "customer_sequence": [
          70,
          13,
          69,
          59,
          25,
          53,
          64,
          77,
          68,
          36,
          42,
          39,
          76,
          37,
          4,
          7,
          40
        ],
        "total_demand": 335,
        "total_distance": 262.0640241840599
      },
      {
        "vehicle_id": 3,
        "customer_sequence": [
          14,
          48,
          67,
          20,
          78,
          21,
          45,
          87,
          65,
          28,
          83,
          49,
          52,
          75,
          61,
          41,
          60,
          24,
          55,
          12,
          38,
          57,
          51
        ],
        "total_demand": 336,
        "total_distance": 403.8519709788804
      },
      {
        "vehicle_id": 4,
        "customer_sequence": [
          33,
          47,
          44,
          54,
          3,
          32,
          72,
          63,
          9,
          34,
          73,
          88,
          62,
          16,
          27
        ],
        "total_demand": 183,
        "total_distance": 376.3685525695468
      }
    ],
    "total_cost": 1328.3077908183654,
    "computation_time": 0.0,
    "is_valid": true,
    "convergence_history": null
  }
}