{
  "instance_id": "synthetic_40c_120q_clustered4_s110084819",
  "instance_name": "Synthetic Clustered",
  "instance_size": 40,
  "configuration": "drl_expert_ga",
  "agent_used": "expert",
  "replicate": 2,
  "seed": 2036453196,
  "initial_cost": 531.5722038673077,
  "final_cost": 366.68334969063557,
  "improvement_gap": 31.019088841942555,
  "total_time": 33.80391240119934,
  "initialization_time": 32.04517960548401,
  "evolution_time": 1.758732795715332,
  "generations_run": 100,
  "generations_to_convergence": 31,
  "convergence_history": [
    531.5722038673077,
    531.5722038673077,
    528.4256923547681,
    463.8665895224008,
    463.8665895224008,
    463.8665895224008,
    463.8665895224008,
    463.8665895224008,
    446.4152570471846,
    446.4152570471846,
    441.3038498196524,
    438.148177687632,
    420.69684521241584,
    420.69684521241584,
    414.17563185407886,
    414.17563185407886,
    414.17563185407886,
    414.17563185407886,
    411.6646988753026,
    410.89583627250414,
    396.7196200531467,
    396.7196200531467,
    396.7196200531467,
    381.88906257772226,
    381.88906257772226,
    381.88906257772226,
    381.88906257772226,
    381.88906257772226,
    381.88906257772226,
    381.88906257772226,
    381.88906257772226,
    377.8910044701842,
    377.8910044701842,
    377.8910044701842,
    377.8910044701842,
    377.8910044701842,
    377.8910044701842,
    377.8910044701842,
    377.8910044701842,
    377.8910044701842,
    377.8910044701842,
    377.8910044701842,
    377.8910044701842,
    377.8910044701842,
    377.8910044701842,
    377.8910044701842,
    377.8910044701842,
    377.8910044701842,
    377.8910044701842,
    377.8910044701842,
    377.8910044701842,
    377.7582883585225,
    377.7582883585225,
    377.7582883585225,
    377.7582883585225,
    377.7582883585225,
    377.7582883585225,
    377.7582883585225,
    377.7582883585225,
    372.98641089635584,
    372.98641089635584,
    372.98641089635584,
    372.98641089635584,
    366.68334969063557,
    366.68334969063557,
    366.68334969063557,
    366.68334969063557,
    366.68334969063557,
    366.68334969063557,
    366.68334969063557,
    366.68334969063557,
    366.68334969063557,
    366.68334969063557,
    366.68334969063557,
    366.68334969063557,
    366.68334969063557,
    366.68334969063557,
    366.68334969063557,
    366.68334969063557,
    366.68334969063557,
    366.68334969063557,
    366.68334969063557,
    366.68334969063557,
    366.68334969063557,
    366.68334969063557,
    366.68334969063557,
    366.68334969063557,
    366.68334969063557,
    366.68334969063557,
    366.68334969063557,
    366.68334969063557,
    366.68334969063557,
    366.68334969063557,
    366.68334969063557,
    366.68334969063557,
    366.68334969063557,
    366.68334969063557,
    366.68334969063557,
    366.68334969063557,
    366.68334969063557,
    366.68334969063557
  ],
  "best_solution": {
    "id": "ga_gen0_3618",
    "instance_id": "synthetic_40c_120q_clustered4_s110084819",
    "algorithm": "drl_expert_ga",
    "routes": [
      {
        "vehicle_id": 0,
        "customer_sequence": [
          4,
          21,
          30,
          22,
          24
        ],
        "total_demand": 94,
        "total_distance": 105.71263261686903
      },
      {
        "vehicle_id": 1,
        "customer_sequence": [
          20,
          11,
          7,
          8,
          16
        ],
        "total_demand": 113,
        "total_distance": 69.45633747332097
      },
      {
        "vehicle_id": 2,
        "customer_sequence": [
          31,
          14,
          37,
          36,
          39
        ],
        "total_demand": 120,
        "total_distance": 109.20311668804499
      },
      {
        "vehicle_id": 3,
        "customer_sequence": [
          35,
          32,
          38,
          33,
          40,
          12
        ],
        "total_demand": 120,
        "total_distance": 88.29396700074709
      },
      {
        "vehicle_id": 4,
        "customer_sequence": [
          13,
          18,
          17,
          15,
          2,
          10,
          28
        ],
        "total_demand": 106,
        "total_distance": 89.97080787484664
      },
      {
        "vehicle_id": 5,
        "customer_sequence": [
          27,
          5,
          6,
          9,
          23,
          1,
          3,
          25,
          26,
          29
        ],
        "total_demand": 118,
        "total_distance": 152.28418735604458
      },
      {
        "vehicle_id": 6,
        "customer_sequence": [
          34,
          19
        ],
        "total_demand": 14,
        "total_distance": 52.916990778170046
      }
    ],
    "total_cost": 366.68334969063557,
    "computation_time": 0.0,
    "is_valid": true,
    "convergence_history": null
  }
}