{
  "instance_id": "synthetic_40c_120q_clustered4_s1938856732",
  "instance_name": "Synthetic Clustered",
  "instance_size": 40,
  "configuration": "drl_expert_ga",
  "agent_used": "expert",
  "replicate": 3,
  "seed": 382683395,
  "initial_cost": 660.5895684774363,
  "final_cost": 440.47601346192215,
  "improvement_gap": 33.320773672349105,
  "total_time": 34.092798709869385,
  "initialization_time": 32.2100088596344,
  "evolution_time": 1.8827898502349854,
  "generations_run": 100,
  "generations_to_convergence": 38,
  "convergence_history": [
    660.5895684774363,
    660.5895684774363,
    645.5239206527982,
    604.8033545317439,
    553.9911086968148,
    553.9911086968148,
    553.9911086968148,
    549.2179196364705,
    533.3443866410578,
    532.628667687494,
    528.9211650209743,
    526.1524233326033,
    521.7292017125199,
    517.2116641451073,
    501.8946669805468,
    501.8946669805468,
    488.670747326874,
    478.54565788705156,
    478.54565788705156,
    473.4067173134043,
    471.46689586736,
    466.3279552937127,
    466.3279552937127,
    466.3279552937127,
    466.3279552937127,
    457.57763090240337,
    456.8619119488396,
    456.8619119488396,
    456.8619119488396,
    456.8619119488396,
    456.8619119488396,
    456.8619119488396,
    456.8619119488396,
    456.8619119488396,
    452.37296532118745,
    452.37296532118745,
    452.37296532118745,
    452.37296532118745,
    449.59741825928126,
    449.59741825928126,
    449.59741825928126,
    449.59741825928126,
    449.59741825928126,
    449.59741825928126,
    449.59741825928126,
    449.59741825928126,
    449.59741825928126,
    449.59741825928126,
    449.59741825928126,
    449.59741825928126,
    449.59741825928126,
    449.59741825928126,
    449.59741825928126,
    449.59741825928126,
    449.59741825928126,
    449.59741825928126,
    449.59741825928126,
    449.59741825928126,
    449.59741825928126,
    449.59741825928126,
    449.59741825928126,
    449.59741825928126,
    449.59741825928126,
    449.59741825928126,
    449.59741825928126,
    449.59741825928126,
    449.59741825928126,
    449.59741825928126,
    449.59741825928126,
    449.59741825928126,
    449.59741825928126,
    449.59741825928126,
    449.59741825928126,
    449.59741825928126,
    449.59741825928126,
    449.59741825928126,
    449.59741825928126,
    449.59741825928126,
    449.59741825928126,
    449.59741825928126,
    449.59741825928126,
    449.59741825928126,
    449.59741825928126,
    449.59741825928126,
    449.59741825928126,
    449.59741825928126,
    449.59741825928126,
    449.59741825928126,
    449.59741825928126,
    449.59741825928126,
    449.59741825928126,
    445.45073324096603,
    445.45073324096603,
    445.45073324096603,
    445.45073324096603,
    445.45073324096603,
    440.47601346192215,
    440.47601346192215,
    440.47601346192215,
    440.47601346192215,
    440.47601346192215
  ],
  "best_solution": {
    "id": "ga_gen0_3853",
    "instance_id": "synthetic_40c_120q_clustered4_s1938856732",
    "algorithm": "drl_expert_ga",
    "routes": [
      {
        "vehicle_id": 0,
        "customer_sequence": [
          16,
          14,
          27,
          26
        ],
        "total_demand": 103,
        "total_distance": 74.69476085283007
      },
      {
        "vehicle_id": 1,
        "customer_sequence": [
          5,
          2,
          31,
          39,
          36
        ],
        "total_demand": 111,
        "total_distance": 175.9021263599756
      },
      {
        "vehicle_id": 2,
        "customer_sequence": [
          34,
          33,
          37,
          38,
          35,
          32,
          40
        ],
        "total_demand": 120,
        "total_distance": 142.4251957550796
      },
      {
        "vehicle_id": 3,
        "customer_sequence": [
          24,
          29,
          23,
          22,
          30
        ],
        "total_demand": 105,
        "total_distance": 80.22778920183555
      },
      {
        "vehicle_id": 4,
        "customer_sequence": [
          7,
          8,
          1,
          11,
          17,
          13,
          12
        ],
        "total_demand": 110,
        "total_distance": 141.1959771545667
      },
      {
        "vehicle_id": 5,
        "customer_sequence": [
          9,
          6,
          3,
          20,
          18,
          15,
          19
        ],
        "total_demand": 117,
        "total_distance": 129.31964665984887
      },
      {
        "vehicle_id": 6,
        "customer_sequence": [
          21,
          10,
          4,
          28,
          25
        ],
        "total_demand": 64,
        "total_distance": 127.94155388923824
      }
    ],
    "total_cost": 440.47601346192215,
    "computation_time": 0.0,
    "is_valid": true,
    "convergence_history": null
  }
}