{
  "instance_id": "synthetic_90c_337q_clustered5_s33870782",
  "instance_name": "Synthetic Clustered",
  "instance_size": 90,
  "configuration": "drl_expert_ga",
  "agent_used": "expert",
  "replicate": 5,
  "seed": 44804823,
  "initial_cost": 1028.4944217404948,
  "final_cost": 798.3576049457341,
  "improvement_gap": 22.37608799134817,
  "total_time": 143.0375907421112,
  "initialization_time": 134.2737214565277,
  "evolution_time": 8.763869285583496,
  "generations_run": 100,
  "generations_to_convergence": null,
  "convergence_history": [
    1028.4944217404948,
    1028.4944217404948,
    1028.4944217404948,
    1028.4944217404948,
    1028.4944217404948,
    995.0204385580137,
    995.0204385580137,
    995.0204385580137,
    995.0204385580137,
    976.6434050803389,
    976.6434050803389,
    976.6434050803389,
    976.6434050803389,
    974.8351758168405,
    974.8351758168405,
    968.8986756364443,
    968.8986756364443,
    940.3220359878578,
    940.3220359878578,
    940.3220359878578,
    934.3855358074616,
    926.0131234473133,
    926.0131234473133,
    926.0131234473133,
    926.0131234473133,
    922.1744148349869,
    921.9656996437592,
    918.1269910314328,
    918.1269910314328,
    915.281560499294,
    911.2350463883942,
    911.2350463883942,
    907.18762258484,
    907.18762258484,
    907.18762258484,
    907.18762258484,
    907.18762258484,
    888.8684290574695,
    888.8684290574695,
    888.8684290574695,
    888.8684290574695,
    888.8684290574695,
    888.8684290574695,
    885.7077660155783,
    885.0297204451432,
    885.0297204451432,
    885.0297204451432,
    881.869057403252,
    881.869057403252,
    881.869057403252,
    881.869057403252,
    881.869057403252,
    881.869057403252,
    881.869057403252,
    881.869057403252,
    881.869057403252,
    881.869057403252,
    881.869057403252,
    881.869057403252,
    870.862575979967,
    857.3885953839609,
    857.3885953839609,
    857.3885953839609,
    846.382113960676,
    846.382113960676,
    838.4898043273432,
    837.3674981322924,
    837.3674981322924,
    836.1681322439242,
    836.1681322439242,
    836.1681322439242,
    831.3327083666996,
    831.3327083666996,
    831.3327083666996,
    831.3327083666996,
    831.3327083666996,
    831.3327083666996,
    831.3327083666996,
    831.3327083666996,
    831.3327083666996,
    829.5061929604847,
    829.5061929604847,
    829.5061929604847,
    829.5061929604847,
    829.5061929604847,
    827.2461995687062,
    827.2461995687062,
    827.2461995687062,
    827.2461995687062,
    814.5510767747744,
    808.9200856544954,
    808.9200856544954,
    808.9200856544954,
    808.9200856544954,
    808.9200856544954,
    808.9200856544954,
    801.4365618245221,
    799.8761580397753,
    799.8761580397753,
    799.8761580397753,
    798.3576049457341
  ],
  "best_solution": {
    "id": "ga_gen0_8868",
    "instance_id": "synthetic_90c_337q_clustered5_s33870782",
    "algorithm": "drl_expert_ga",
    "routes": [
      {
        "vehicle_id": 0,
        "customer_sequence": [
          46,
          53,
          52,
          41,
          51,
          49,
          39,
          54,
          47,
          45,
          48,
          32,
          20,
          36,
          30
        ],
        "total_demand": 337,
        "total_distance": 189.44309987547643
      },
      {
        "vehicle_id": 1,
        "customer_sequence": [
          84,
          67,
          66,
          77,
          90,
          86,
          70,
          83,
          57,
          85,
          68,
          33,
          42,
          72,
          44,
          87
        ],
        "total_demand": 337,
        "total_distance": 169.33931273776145
      },
      {
        "vehicle_id": 2,
        "customer_sequence": [
          65,
          62,
          34,
          9,
          13,
          61,
          4,
          17,
          6,
          10,
          21,
          19,
          26,
          69
        ],
        "total_demand": 334,
        "total_distance": 137.87460424335168
      },
      {
        "vehicle_id": 3,
        "customer_sequence": [
          63,
          28,
          71,
          22,
          76,
          50,
          73,
          74,
          55,
          82,
          80,
          59,
          29,
          2,
          37,
          38,
          43
        ],
        "total_demand": 327,
        "total_distance": 185.8611877324218
      },
      {
        "vehicle_id": 4,
        "customer_sequence": [
          16,
          8,
          58,
          78,
          56,
          25,
          24,
          27,
          35,
          31,
          3,
          14,
          64,
          12,
          11,
          5,
          1,
          7,
          18,
          15,
          60,
          40
        ],
        "total_demand": 337,
        "total_distance": 230.079012509283
      },
      {
        "vehicle_id": 5,
        "customer_sequence": [
          81,
          23,
          88,
          79,
          89,
          75
        ],
        "total_demand": 73,
        "total_distance": 157.384697833528
      }
    ],
    "total_cost": 798.3576049457341,
    "computation_time": 0.0,
    "is_valid": true,
    "convergence_history": null
  }
}