{
  "instance_id": "synthetic_20c_60q_random_s651100647",
  "instance_name": "Synthetic Random",
  "instance_size": 20,
  "configuration": "drl_expert_ga",
  "agent_used": "expert",
  "replicate": 4,
  "seed": 1989764574,
  "initial_cost": 399.44138057335044,
  "final_cost": 293.0553199779673,
  "improvement_gap": 26.633710418955246,
  "total_time": 9.9026460647583,
  "initialization_time": 9.48163104057312,
  "evolution_time": 0.42101502418518066,
  "generations_run": 100,
  "generations_to_convergence": 14,
  "convergence_history": [
    399.44138057335044,
    399.44138057335044,
    399.44138057335044,
    394.45275977345557,
    368.7351287104226,
    368.7351287104226,
    363.9329433328829,
    363.9329433328829,
    331.5083522607875,
    331.5083522607875,
    312.4302801879597,
    312.4302801879597,
    312.4302801879597,
    312.4302801879597,
    293.0553199779673,
    293.0553199779673,
    293.0553199779673,
    293.0553199779673,
    293.0553199779673,
    293.0553199779673,
    293.0553199779673,
    293.0553199779673,
    293.0553199779673,
    293.0553199779673,
    293.0553199779673,
    293.0553199779673,
    293.0553199779673,
    293.0553199779673,
    293.0553199779673,
    293.0553199779673,
    293.0553199779673,
    293.0553199779673,
    293.0553199779673,
    293.0553199779673,
    293.0553199779673,
    293.0553199779673,
    293.0553199779673,
    293.0553199779673,
    293.0553199779673,
    293.0553199779673,
    293.0553199779673,
    293.0553199779673,
    293.0553199779673,
    293.0553199779673,
    293.0553199779673,
    293.0553199779673,
    293.0553199779673,
    293.0553199779673,
    293.0553199779673,
    293.0553199779673,
    293.0553199779673,
    293.0553199779673,
    293.0553199779673,
    293.0553199779673,
    293.0553199779673,
    293.0553199779673,
    293.0553199779673,
    293.0553199779673,
    293.0553199779673,
    293.0553199779673,
    293.0553199779673,
    293.0553199779673,
    293.0553199779673,
    293.0553199779673,
    293.0553199779673,
    293.0553199779673,
    293.0553199779673,
    293.0553199779673,
    293.0553199779673,
    293.0553199779673,
    293.0553199779673,
    293.0553199779673,
    293.0553199779673,
    293.0553199779673,
    293.0553199779673,
    293.0553199779673,
    293.0553199779673,
    293.0553199779673,
    293.0553199779673,
    293.0553199779673,
    293.0553199779673,
    293.0553199779673,
    293.0553199779673,
    293.0553199779673,
    293.0553199779673,
    293.0553199779673,
    293.0553199779673,
    293.0553199779673,
    293.0553199779673,
    293.0553199779673,
    293.0553199779673,
    293.0553199779673,
    293.0553199779673,
    293.0553199779673,
    293.0553199779673,
    293.0553199779673,
    293.0553199779673,
    293.0553199779673,
    293.0553199779673,
    293.0553199779673,
    293.0553199779673
  ],
  "best_solution": {
    "id": "ga_gen0_5402",
    "instance_id": "synthetic_20c_60q_random_s651100647",
    "algorithm": "drl_expert_ga",
    "routes": [
      {
        "vehicle_id": 0,
        "customer_sequence": [
          7,
          6,
          17
        ],
        "total_demand": 51,
        "total_distance": 54.212217846766904
      },
      {
        "vehicle_id": 1,
        "customer_sequence": [
          12,
          4,
          15
        ],
        "total_demand": 55,
        "total_distance": 114.96903291492949
      },
      {
        "vehicle_id": 2,
        "customer_sequence": [
          10,
          1,
          16
        ],
        "total_demand": 53,
        "total_distance": 120.69722199042309
      },
      {
        "vehicle_id": 3,
        "customer_sequence": [
          13,
          20,
          14,
          19,
          11
        ],
        "total_demand": 60,
        "total_distance": 199.01812422021692
      },
      {
        "vehicle_id": 4,
        "customer_sequence": [
          18,
          9
        ],
        "total_demand": 57,
        "total_distance": 110.46088803278407
      },
      {
        "vehicle_id": 5,
        "customer_sequence": [
          8,
          5
        ],
        "total_demand": 42,
        "total_distance": 132.01237316067463
      },
      {
        "vehicle_id": 6,
        "customer_sequence": [
          2,
          3
        ],
        "total_demand": 34,
        "total_distance": 131.03098901276607
      }
    ],
    "total_cost": 293.0553199779673,
    "computation_time": 0.0,
    "is_valid": true,
    "convergence_history": null
  }
}