{
  "instance_id": "synthetic_100c_300q_random_s1324923917",
  "instance_name": "Synthetic Random",
  "instance_size": 100,
  "configuration": "ga_pure",
  "agent_used": null,
  "replicate": 5,
  "seed": 1084346596,
  "initial_cost": 4305.8192989011895,
  "final_cost": 2440.5425851896225,
  "improvement_gap": 43.31990230494742,
  "total_time": 10.836934328079224,
  "initialization_time": 0.12587833404541016,
  "evolution_time": 10.711055994033813,
  "generations_run": 100,
  "generations_to_convergence": null,
  "convergence_history": [
    4305.8192989011895,
    4273.551930319549,
    4228.093889846898,
    4189.874179274425,
    3875.140976364257,
    3875.140976364257,
    3875.140976364257,
    3752.5593276923655,
    3731.6709150382926,
    3672.40799714648,
    3672.40799714648,
    3672.40799714648,
    3640.779007369548,
    3583.7825995502703,
    3486.078263736341,
    3445.70483857616,
    3445.70483857616,
    3424.8164259220875,
    3424.8164259220875,
    3408.3419048524975,
    3380.40688088148,
    3380.40688088148,
    3349.8018821405158,
    3349.8018821405158,
    3332.0493877199688,
    3332.0493877199688,
    3319.3032340271416,
    3305.7974725366976,
    3290.0631767312975,
    3267.4661469948223,
    3247.4644683448755,
    3222.7866308263883,
    3220.590957142589,
    3148.2954813083743,
    3148.2954813083743,
    3111.002668477631,
    3104.9652635446796,
    3104.9652635446796,
    3029.9588673134876,
    3009.611866154849,
    3009.611866154849,
    2973.5404212901035,
    2973.5404212901035,
    2973.5404212901035,
    2973.5404212901035,
    2960.2057240036697,
    2960.2057240036697,
    2930.014198769932,
    2919.4668690569547,
    2910.5752631161845,
    2872.425579636713,
    2848.937746097756,
    2828.318566682094,
    2828.318566682094,
    2799.2198301901767,
    2799.2198301901767,
    2783.547993237616,
    2783.547993237616,
    2783.547993237616,
    2749.55242939392,
    2749.55242939392,
    2749.55242939392,
    2741.586922042898,
    2734.911850283554,
    2734.911850283554,
    2728.2897603809074,
    2726.946342932532,
    2726.946342932532,
    2715.4666059735337,
    2714.1698761409,
    2713.4627898255217,
    2691.4375047201506,
    2679.9577677611524,
    2679.9577677611524,
    2677.9539516131404,
    2661.3215238012062,
    2661.3215238012062,
    2660.726930500999,
    2658.723114352987,
    2642.8929343502937,
    2642.8929343502937,
    2631.538259866705,
    2631.538259866705,
    2631.538259866705,
    2603.963648011331,
    2603.963648011331,
    2603.963648011331,
    2582.7424683090585,
    2582.7424683090585,
    2582.7424683090585,
    2576.7234304334743,
    2567.34737500813,
    2567.34737500813,
    2515.641313398829,
    2515.641313398829,
    2478.040855502968,
    2478.040855502968,
    2478.040855502968,
    2458.512582035558,
    2458.512582035558,
    2440.5425851896225
  ],
  "best_solution": {
    "id": "ga_gen0_3140",
    "instance_id": "synthetic_100c_300q_random_s1324923917",
    "algorithm": "ga_pure",
    "routes": [
      {
        "vehicle_id": 0,
        "customer_sequence": [
          64,
          80,
          47,
          48,
          71,
          32,
          99,
          49,
          24,
          11,
          76,
          41,
          34,
          97,
          88,
          56,
          100
        ],
        "total_demand": 295,
        "total_distance": 484.3397495067064
      },
      {
        "vehicle_id": 1,
        "customer_sequence": [
          53,
          35,
          55,
          61,
          75,
          82,
          68,
          70,
          89,
          16,
          40,
          93,
          20,
          43,
          85,
          74
        ],
        "total_demand": 287,
        "total_distance": 500.82496242399765
      },
      {
        "vehicle_id": 2,
        "customer_sequence": [
          1,
          10,
          87,
          72,
          66,
          6,
          44,
          12,
          63,
          37,
          57,
          94,
          22,
          33
        ],
        "total_demand": 276,
        "total_distance": 406.7705637671731
      },
      {
        "vehicle_id": 3,
        "customer_sequence": [
          62,
          78,
          13,
          79,
          59,
          83,
          95,
          96,
          2,
          15,
          91,
          46,
          86,
          84,
          39,
          73,
          9
        ],
        "total_demand": 298,
        "total_distance": 486.74244143322204
      },
      {
        "vehicle_id": 4,
        "customer_sequence": [
          45,
          27,
          98,
          77,
          50,
          90,
          54,
          60,
          25,
          7,
          81,
          36,
          17,
          4,
          3,
          69,
          26,
          5,
          14,
          8,
          65,
          38
        ],
        "total_demand": 276,
        "total_distance": 735.8120768604293
      },
      {
        "vehicle_id": 5,
        "customer_sequence": [
          21,
          58,
          29,
          42,
          52,
          51,
          18,
          31,
          23,
          19,
          30,
          67,
          92,
          28
        ],
        "total_demand": 266,
        "total_distance": 366.0387811047632
      }
    ],
    "total_cost": 2440.5425851896225,
    "computation_time": 0.0,
    "is_valid": true,
    "convergence_history": null
  }
}