{
  "instance_id": "synthetic_90c_337q_clustered5_s905692967",
  "instance_name": "Synthetic Clustered",
  "instance_size": 90,
  "configuration": "ga_pure",
  "agent_used": null,
  "replicate": 2,
  "seed": 1756287672,
  "initial_cost": 2240.0251108977614,
  "final_cost": 1158.226720640639,
  "improvement_gap": 48.294029606817986,
  "total_time": 6.872227191925049,
  "initialization_time": 0.09233403205871582,
  "evolution_time": 6.779893159866333,
  "generations_run": 100,
  "generations_to_convergence": null,
  "convergence_history": [
    2240.0251108977614,
    2174.6731908956663,
    2160.883490309691,
    2080.273282775774,
    1913.4018208780462,
    1913.4018208780462,
    1883.7138090143853,
    1851.1580022877463,
    1851.1580022877463,
    1826.9759535112871,
    1722.221729214563,
    1718.142011674015,
    1718.142011674015,
    1718.142011674015,
    1704.0326787963102,
    1693.8634019092813,
    1692.5273002232252,
    1669.7279648054193,
    1667.3570552344486,
    1609.4937947897592,
    1609.4937947897592,
    1606.227427549583,
    1588.2505653835085,
    1564.6161238548732,
    1551.8318157372894,
    1539.2809879901167,
    1526.496679872533,
    1526.496679872533,
    1526.0644940721113,
    1525.094311098582,
    1483.8607737741675,
    1483.8607737741675,
    1480.013372637621,
    1475.5060507383553,
    1456.2802724375272,
    1456.2802724375272,
    1447.0159462398933,
    1432.221627107913,
    1432.221627107913,
    1423.6791350005412,
    1423.6791350005412,
    1423.1645594117097,
    1423.1645594117097,
    1422.9843639857788,
    1417.1525662710394,
    1416.6379906822078,
    1408.3693958310498,
    1408.3693958310498,
    1401.1275986297876,
    1396.0234867907052,
    1396.0234867907052,
    1388.2306001405516,
    1388.2306001405516,
    1384.1601754399549,
    1371.2768851388078,
    1357.2225300780503,
    1357.2225300780503,
    1357.2225300780503,
    1354.1404899542829,
    1338.8941738052629,
    1338.8941738052629,
    1337.1201607430933,
    1336.2904333671388,
    1334.0381206193258,
    1334.0381206193258,
    1331.795394776841,
    1330.0213817146714,
    1323.182306938317,
    1281.3339638735993,
    1281.3339638735993,
    1281.3339638735993,
    1277.1523023086768,
    1270.7070887598886,
    1270.0452239498845,
    1266.5254271949661,
    1262.532280313727,
    1262.532280313727,
    1259.928539875603,
    1259.928539875603,
    1255.473274588476,
    1251.3535873983337,
    1247.9853452864427,
    1246.8983221112067,
    1241.0118976144727,
    1231.1250560198664,
    1205.4771282418374,
    1196.699881556987,
    1181.7778640853335,
    1177.8119506528978,
    1175.0535535419344,
    1172.9119660127694,
    1172.9119660127694,
    1170.153568901806,
    1170.153568901806,
    1168.7938108762064,
    1168.7938108762064,
    1165.863840993491,
    1164.5040829678915,
    1163.8762065745536,
    1162.516448548954,
    1158.226720640639
  ],
  "best_solution": {
    "id": "ga_gen0_5812",
    "instance_id": "synthetic_90c_337q_clustered5_s905692967",
    "algorithm": "ga_pure",
    "routes": [
      {
        "vehicle_id": 0,
        "customer_sequence": [
          80,
          86,
          87,
          62,
          21,
          15,
          43,
          7,
          16,
          89,
          73,
          25,
          33,
          32,
          56,
          14,
          1,
          63,
          18,
          17,
          23,
          88
        ],
        "total_demand": 317,
        "total_distance": 406.11148716470535
      },
      {
        "vehicle_id": 1,
        "customer_sequence": [
          39,
          49,
          54,
          61,
          82,
          76,
          75,
          31,
          66,
          28,
          68,
          58,
          67,
          69,
          38,
          46,
          44,
          35,
          65
        ],
        "total_demand": 331,
        "total_distance": 296.18537585508153
      },
      {
        "vehicle_id": 2,
        "customer_sequence": [
          5,
          83,
          36,
          22,
          34,
          19,
          70,
          64,
          60,
          53,
          71,
          2,
          40,
          12,
          45,
          37,
          6
        ],
        "total_demand": 330,
        "total_distance": 279.0127799577929
      },
      {
        "vehicle_id": 3,
        "customer_sequence": [
          72,
          59,
          8,
          55,
          4,
          29,
          24,
          90,
          79,
          27,
          77,
          85,
          81,
          78,
          26,
          48,
          20,
          50,
          13,
          30
        ],
        "total_demand": 322,
        "total_distance": 272.18261632777177
      },
      {
        "vehicle_id": 4,
        "customer_sequence": [
          52,
          11,
          57,
          3,
          47,
          51,
          42,
          41,
          9,
          10,
          74,
          84
        ],
        "total_demand": 234,
        "total_distance": 201.42582999237266
      }
    ],
    "total_cost": 1158.226720640639,
    "computation_time": 0.0,
    "is_valid": true,
    "convergence_history": null
  }
}