{
  "instance_id": "synthetic_20c_60q_clustered4_s841053997",
  "instance_name": "Synthetic Clustered",
  "instance_size": 20,
  "configuration": "ga_pure",
  "agent_used": null,
  "replicate": 2,
  "seed": 195782554,
  "initial_cost": 323.5066197968713,
  "final_cost": 204.99407121025803,
  "improvement_gap": 36.63373215083725,
  "total_time": 0.38881468772888184,
  "initialization_time": 0.004824399948120117,
  "evolution_time": 0.3839902877807617,
  "generations_run": 100,
  "generations_to_convergence": 12,
  "convergence_history": [
    323.5066197968713,
    305.41101177042464,
    305.41101177042464,
    284.3878306103935,
    247.72309265479134,
    247.72309265479134,
    244.22493457186664,
    229.30322474480522,
    228.5293544474791,
    228.5293544474791,
    223.73852314267296,
    220.70917669515424,
    204.99407121025803,
    204.99407121025803,
    204.99407121025803,
    204.99407121025803,
    204.99407121025803,
    204.99407121025803,
    204.99407121025803,
    204.99407121025803,
    204.99407121025803,
    204.99407121025803,
    204.99407121025803,
    204.99407121025803,
    204.99407121025803,
    204.99407121025803,
    204.99407121025803,
    204.99407121025803,
    204.99407121025803,
    204.99407121025803,
    204.99407121025803,
    204.99407121025803,
    204.99407121025803,
    204.99407121025803,
    204.99407121025803,
    204.99407121025803,
    204.99407121025803,
    204.99407121025803,
    204.99407121025803,
    204.99407121025803,
    204.99407121025803,
    204.99407121025803,
    204.99407121025803,
    204.99407121025803,
    204.99407121025803,
    204.99407121025803,
    204.99407121025803,
    204.99407121025803,
    204.99407121025803,
    204.99407121025803,
    204.99407121025803,
    204.99407121025803,
    204.99407121025803,
    204.99407121025803,
    204.99407121025803,
    204.99407121025803,
    204.99407121025803,
    204.99407121025803,
    204.99407121025803,
    204.99407121025803,
    204.99407121025803,
    204.99407121025803,
    204.99407121025803,
    204.99407121025803,
    204.99407121025803,
    204.99407121025803,
    204.99407121025803,
    204.99407121025803,
    204.99407121025803,
    204.99407121025803,
    204.99407121025803,
    204.99407121025803,
    204.99407121025803,
    204.99407121025803,
    204.99407121025803,
    204.99407121025803,
    204.99407121025803,
    204.99407121025803,
    204.99407121025803,
    204.99407121025803,
    204.99407121025803,
    204.99407121025803,
    204.99407121025803,
    204.99407121025803,
    204.99407121025803,
    204.99407121025803,
    204.99407121025803,
    204.99407121025803,
    204.99407121025803,
    204.99407121025803,
    204.99407121025803,
    204.99407121025803,
    204.99407121025803,
    204.99407121025803,
    204.99407121025803,
    204.99407121025803,
    204.99407121025803,
    204.99407121025803,
    204.99407121025803,
    204.99407121025803,
    204.99407121025803
  ],
  "best_solution": {
    "id": "ga_gen0_1681",
    "instance_id": "synthetic_20c_60q_clustered4_s841053997",
    "algorithm": "ga_pure",
    "routes": [
      {
        "vehicle_id": 0,
        "customer_sequence": [
          11,
          13,
          15
        ],
        "total_demand": 48,
        "total_distance": 110.16832686326458
      },
      {
        "vehicle_id": 1,
        "customer_sequence": [
          10,
          9,
          7
        ],
        "total_demand": 51,
        "total_distance": 102.38606651654534
      },
      {
        "vehicle_id": 2,
        "customer_sequence": [
          6,
          3
        ],
        "total_demand": 45,
        "total_distance": 63.51050028823013
      },
      {
        "vehicle_id": 3,
        "customer_sequence": [
          18,
          20,
          19
        ],
        "total_demand": 38,
        "total_distance": 84.94896119415071
      },
      {
        "vehicle_id": 4,
        "customer_sequence": [
          17,
          8
        ],
        "total_demand": 41,
        "total_distance": 63.33163030349851
      },
      {
        "vehicle_id": 5,
        "customer_sequence": [
          4,
          2
        ],
        "total_demand": 51,
        "total_distance": 114.25650487084715
      },
      {
        "vehicle_id": 6,
        "customer_sequence": [
          5,
          16
        ],
        "total_demand": 37,
        "total_distance": 85.27505851920043
      },
      {
        "vehicle_id": 7,
        "customer_sequence": [
          12,
          1
        ],
        "total_demand": 54,
        "total_distance": 96.59285808565981
      },
      {
        "vehicle_id": 8,
        "customer_sequence": [
          14
        ],
        "total_demand": 20,
        "total_distance": 54.49378698489227
      }
    ],
    "total_cost": 204.99407121025803,
    "computation_time": 0.0,
    "is_valid": true,
    "convergence_history": null
  }
}