{
  "instance_id": "synthetic_125c_437q_clustered6_s283318841",
  "instance_name": "Synthetic Clustered",
  "instance_size": 125,
  "configuration": "ga_pure",
  "agent_used": null,
  "replicate": 1,
  "seed": 1493966835,
  "initial_cost": 4266.126777368795,
  "final_cost": 2277.6155393929903,
  "improvement_gap": 46.61163021513046,
  "total_time": 16.339307069778442,
  "initialization_time": 0.18213582038879395,
  "evolution_time": 16.15717124938965,
  "generations_run": 100,
  "generations_to_convergence": null,
  "convergence_history": [
    4266.126777368795,
    4266.126777368795,
    4011.1028165140337,
    4011.1028165140337,
    3955.0195333967836,
    3955.0195333967836,
    3656.8878728553163,
    3656.8878728553163,
    3656.8878728553163,
    3656.8878728553163,
    3641.915671053879,
    3641.915671053879,
    3611.619402832764,
    3596.6615624099304,
    3557.176510930439,
    3479.5537592434557,
    3479.5537592434557,
    3479.5537592434557,
    3378.840173592099,
    3376.4299755877314,
    3297.8529972040637,
    3245.4883623292462,
    3122.603826334542,
    3122.603826334542,
    3110.0948826032536,
    3061.989588860912,
    3057.3384624111636,
    2985.6078933890876,
    2978.2319825342524,
    2952.713709183736,
    2898.5438219859084,
    2856.2007089655203,
    2840.0361648486255,
    2840.0361648486255,
    2832.7104004409703,
    2822.2074109789887,
    2820.9926112709086,
    2793.6611788115056,
    2792.6750573759878,
    2767.241714378953,
    2724.772786808346,
    2724.772786808346,
    2720.5541639798953,
    2710.095474494431,
    2668.086702864715,
    2661.8691198081992,
    2652.1006082106164,
    2646.843533413078,
    2646.843533413078,
    2639.4404937823465,
    2626.3273809524476,
    2607.247754785422,
    2607.247754785422,
    2603.26769843393,
    2601.5124920425997,
    2589.423434585487,
    2589.423434585487,
    2553.532209271328,
    2553.532209271328,
    2538.458326795817,
    2537.6610360550235,
    2534.654419637287,
    2521.8596222457204,
    2499.3168458313407,
    2499.3168458313407,
    2483.644765912321,
    2483.644765912321,
    2466.512506868463,
    2461.3515656821787,
    2461.3515656821787,
    2457.5476585236484,
    2444.600406889614,
    2434.409766573316,
    2434.409766573316,
    2417.341344533092,
    2417.341344533092,
    2405.1041909075757,
    2399.233151712774,
    2399.233151712774,
    2397.2130121276523,
    2397.2130121276523,
    2397.0024387064927,
    2396.518357894587,
    2396.518357894587,
    2380.320436948811,
    2379.625782715746,
    2379.625782715746,
    2377.792444828287,
    2377.792444828287,
    2376.236030307779,
    2371.441052655542,
    2371.441052655542,
    2368.9030601691734,
    2367.3466456486653,
    2367.3466456486653,
    2358.415610456342,
    2334.9327356880603,
    2317.1037704092832,
    2287.2178525692025,
    2287.2178525692025,
    2277.6155393929903
  ],
  "best_solution": {
    "id": "ga_gen0_4153",
    "instance_id": "synthetic_125c_437q_clustered6_s283318841",
    "algorithm": "ga_pure",
    "routes": [
      {
        "vehicle_id": 0,
        "customer_sequence": [
          62,
          45,
          99,
          97,
          41,
          122,
          94,
          81,
          44,
          17,
          92,
          123,
          79,
          77,
          112,
          63,
          119,
          67,
          66,
          116,
          75,
          106,
          110,
          23,
          34
        ],
        "total_demand": 424,
        "total_distance": 589.0408322541418
      },
      {
        "vehicle_id": 1,
        "customer_sequence": [
          10,
          95,
          121,
          91,
          6,
          32,
          103,
          124,
          102,
          30,
          88,
          49,
          8,
          72,
          105,
          115,
          61,
          108,
          47,
          18,
          3,
          9,
          84
        ],
        "total_demand": 416,
        "total_distance": 554.9689009312771
      },
      {
        "vehicle_id": 2,
        "customer_sequence": [
          29,
          33,
          65,
          113,
          114,
          71,
          74,
          107,
          80,
          76,
          22,
          28,
          36,
          48,
          19,
          82,
          50,
          5,
          59,
          83,
          100,
          51,
          73,
          64
        ],
        "total_demand": 437,
        "total_distance": 541.5360631021995
      },
      {
        "vehicle_id": 3,
        "customer_sequence": [
          15,
          87,
          58,
          57,
          43,
          89,
          86,
          98,
          85,
          1,
          96,
          7,
          12,
          90,
          13,
          31,
          38,
          37,
          109,
          55,
          125,
          27,
          24,
          118
        ],
        "total_demand": 415,
        "total_distance": 445.84721870113015
      },
      {
        "vehicle_id": 4,
        "customer_sequence": [
          120,
          68,
          117,
          42,
          35,
          54,
          11,
          104,
          25,
          39,
          40,
          78,
          70,
          26,
          21,
          111,
          69,
          101,
          46,
          56,
          4,
          14,
          60,
          16
        ],
        "total_demand": 427,
        "total_distance": 475.06972314076285
      },
      {
        "vehicle_id": 5,
        "customer_sequence": [
          20,
          53,
          93,
          2,
          52
        ],
        "total_demand": 98,
        "total_distance": 80.35122367683199
      }
    ],
    "total_cost": 2277.6155393929903,
    "computation_time": 0.0,
    "is_valid": true,
    "convergence_history": null
  }
}