{
  "instance_id": "synthetic_40c_120q_random_s434612283",
  "instance_name": "Synthetic Random",
  "instance_size": 40,
  "configuration": "ga_pure",
  "agent_used": null,
  "replicate": 1,
  "seed": 981679501,
  "initial_cost": 1391.641701441597,
  "final_cost": 825.7873852691368,
  "improvement_gap": 40.660919803300914,
  "total_time": 1.4336862564086914,
  "initialization_time": 0.015784502029418945,
  "evolution_time": 1.4179017543792725,
  "generations_run": 100,
  "generations_to_convergence": 58,
  "convergence_history": [
    1391.641701441597,
    1347.2073645791147,
    1347.2073645791147,
    1324.4050419592218,
    1265.9100227640665,
    1215.841311648586,
    1215.841311648586,
    1141.728656906012,
    1141.728656906012,
    1136.2519721701492,
    1122.9806111151217,
    1122.9806111151217,
    1073.2546364493082,
    1065.100875081699,
    1065.100875081699,
    1062.2203814949269,
    969.9323911284007,
    969.9323911284007,
    969.9323911284007,
    969.9323911284007,
    969.9323911284007,
    958.6984455769075,
    958.6984455769075,
    935.3879333699831,
    928.821358366285,
    928.821358366285,
    909.6240418957452,
    905.3322209911505,
    905.3322209911505,
    905.3322209911505,
    899.8957479476155,
    895.603927043021,
    895.603927043021,
    892.7469246752221,
    892.7469246752221,
    892.7469246752221,
    892.7469246752221,
    890.0418648313628,
    869.6008915511034,
    869.6008915511034,
    866.7203979643311,
    862.8503970952415,
    857.5957417628272,
    857.5957417628272,
    857.5957417628272,
    857.5957417628272,
    857.5957417628272,
    855.9448365982096,
    855.9448365982096,
    855.9448365982096,
    855.9448365982096,
    846.3469675091892,
    846.3469675091892,
    837.0213308206303,
    837.0213308206303,
    837.0213308206303,
    837.0213308206303,
    837.0213308206303,
    825.7873852691368,
    825.7873852691368,
    825.7873852691368,
    825.7873852691368,
    825.7873852691368,
    825.7873852691368,
    825.7873852691368,
    825.7873852691368,
    825.7873852691368,
    825.7873852691368,
    825.7873852691368,
    825.7873852691368,
    825.7873852691368,
    825.7873852691368,
    825.7873852691368,
    825.7873852691368,
    825.7873852691368,
    825.7873852691368,
    825.7873852691368,
    825.7873852691368,
    825.7873852691368,
    825.7873852691368,
    825.7873852691368,
    825.7873852691368,
    825.7873852691368,
    825.7873852691368,
    825.7873852691368,
    825.7873852691368,
    825.7873852691368,
    825.7873852691368,
    825.7873852691368,
    825.7873852691368,
    825.7873852691368,
    825.7873852691368,
    825.7873852691368,
    825.7873852691368,
    825.7873852691368,
    825.7873852691368,
    825.7873852691368,
    825.7873852691368,
    825.7873852691368,
    825.7873852691368,
    825.7873852691368
  ],
  "best_solution": {
    "id": "ga_gen0_8434",
    "instance_id": "synthetic_40c_120q_random_s434612283",
    "algorithm": "ga_pure",
    "routes": [
      {
        "vehicle_id": 0,
        "customer_sequence": [
          21,
          27,
          2,
          24,
          36,
          8,
          7,
          32
        ],
        "total_demand": 118,
        "total_distance": 254.2215341550595
      },
      {
        "vehicle_id": 1,
        "customer_sequence": [
          28,
          40,
          6,
          9,
          3,
          30
        ],
        "total_demand": 114,
        "total_distance": 195.51879730685698
      },
      {
        "vehicle_id": 2,
        "customer_sequence": [
          37,
          17,
          18,
          4,
          1,
          38,
          25,
          10,
          14
        ],
        "total_demand": 110,
        "total_distance": 253.37704595561846
      },
      {
        "vehicle_id": 3,
        "customer_sequence": [
          29,
          26,
          19,
          15,
          33
        ],
        "total_demand": 112,
        "total_distance": 186.7686830046163
      },
      {
        "vehicle_id": 4,
        "customer_sequence": [
          23,
          13,
          11,
          5,
          16,
          20,
          34
        ],
        "total_demand": 115,
        "total_distance": 240.287180402341
      },
      {
        "vehicle_id": 5,
        "customer_sequence": [
          35,
          39,
          12,
          31,
          22
        ],
        "total_demand": 87,
        "total_distance": 184.2410793617365
      }
    ],
    "total_cost": 825.7873852691368,
    "computation_time": 0.0,
    "is_valid": true,
    "convergence_history": null
  }
}