{
  "instance_id": "synthetic_90c_337q_clustered5_s33870782",
  "instance_name": "Synthetic Clustered",
  "instance_size": 90,
  "configuration": "ga_pure",
  "agent_used": null,
  "replicate": 1,
  "seed": 1674035719,
  "initial_cost": 2302.328839487113,
  "final_cost": 1313.3082032825394,
  "improvement_gap": 42.95740118622223,
  "total_time": 6.53213095664978,
  "initialization_time": 0.10072445869445801,
  "evolution_time": 6.431406497955322,
  "generations_run": 100,
  "generations_to_convergence": null,
  "convergence_history": [
    2302.328839487113,
    2193.785990679517,
    2162.945592163829,
    2108.750861130099,
    2067.452858775401,
    2067.452858775401,
    2046.2313786954908,
    2041.454634641349,
    2000.4793526995425,
    2000.4793526995425,
    2000.4793526995425,
    1973.5247508559426,
    1973.1871746391075,
    1940.9480663461059,
    1895.3500533637755,
    1895.0284596599738,
    1854.7165069291996,
    1854.7165069291996,
    1837.1400973766981,
    1829.1873338048622,
    1813.4675609988087,
    1813.145967295007,
    1801.046068463278,
    1801.046068463278,
    1792.3096282164202,
    1792.3096282164202,
    1779.2631453200233,
    1748.00016501076,
    1744.8485743026115,
    1741.782701752447,
    1726.3566690375676,
    1720.0385550549697,
    1699.5483886941083,
    1687.1056467468288,
    1674.059163850432,
    1656.6395853097517,
    1650.2795089960853,
    1641.0102349863112,
    1631.9160384508389,
    1617.0422668151944,
    1593.261496372544,
    1589.9498879966516,
    1573.0703857750889,
    1550.1989130156032,
    1540.0578346985635,
    1535.9449658317192,
    1535.9449658317192,
    1509.287367207128,
    1509.287367207128,
    1497.7586675048522,
    1497.7586675048522,
    1497.7586675048522,
    1478.9945462817398,
    1478.9945462817398,
    1465.1210140953747,
    1465.1210140953747,
    1465.118011611635,
    1454.3912492927304,
    1454.3912492927304,
    1453.8613785626032,
    1449.1570061656819,
    1449.1570061656819,
    1448.6271354355547,
    1442.331995437514,
    1437.382352545151,
    1423.8947261491473,
    1423.8947261491473,
    1417.228588417095,
    1409.0970598144152,
    1403.8100429460721,
    1403.8100429460721,
    1390.0705789513952,
    1390.0705789513952,
    1387.8968163707757,
    1384.358614011661,
    1377.5182338079164,
    1375.344471227297,
    1369.6325062875628,
    1369.565677388134,
    1369.565677388134,
    1355.9682530048206,
    1350.46708743143,
    1350.46708743143,
    1350.256288065087,
    1344.7551224916958,
    1343.9404322125213,
    1343.9404322125213,
    1343.9404322125213,
    1343.9404322125213,
    1343.9404322125213,
    1343.9404322125213,
    1335.1666203680563,
    1330.2121464567035,
    1321.4383346122386,
    1321.4383346122386,
    1313.3082032825394,
    1313.3082032825394,
    1313.3082032825394,
    1313.3082032825394,
    1313.3082032825394,
    1313.3082032825394
  ],
  "best_solution": {
    "id": "ga_gen0_1910",
    "instance_id": "synthetic_90c_337q_clustered5_s33870782",
    "algorithm": "ga_pure",
    "routes": [
      {
        "vehicle_id": 0,
        "customer_sequence": [
          82,
          74,
          49,
          66,
          88,
          19,
          23,
          30,
          6,
          36,
          20,
          86,
          78,
          31,
          11
        ],
        "total_demand": 315,
        "total_distance": 312.23581164909615
      },
      {
        "vehicle_id": 1,
        "customer_sequence": [
          33,
          67,
          73,
          80,
          70,
          83,
          5,
          16,
          3,
          17,
          10,
          7,
          64,
          59,
          45,
          47,
          42
        ],
        "total_demand": 334,
        "total_distance": 304.9068328152008
      },
      {
        "vehicle_id": 2,
        "customer_sequence": [
          57,
          2,
          55,
          40,
          54,
          51,
          52,
          62,
          85,
          8,
          13,
          61,
          12,
          1
        ],
        "total_demand": 325,
        "total_distance": 262.2454656562373
      },
      {
        "vehicle_id": 3,
        "customer_sequence": [
          22,
          25,
          56,
          68,
          34,
          58,
          65,
          76,
          87,
          38,
          41,
          39,
          48,
          44,
          90,
          14,
          26,
          21
        ],
        "total_demand": 332,
        "total_distance": 322.41801872072415
      },
      {
        "vehicle_id": 4,
        "customer_sequence": [
          46,
          43,
          53,
          63,
          9,
          18,
          4,
          35,
          27,
          81,
          69,
          77,
          72,
          50,
          89,
          75,
          79,
          15,
          24
        ],
        "total_demand": 318,
        "total_distance": 291.1618984410737
      },
      {
        "vehicle_id": 5,
        "customer_sequence": [
          37,
          29,
          28,
          71,
          60,
          84,
          32
        ],
        "total_demand": 121,
        "total_distance": 107.6100424215579
      }
    ],
    "total_cost": 1313.3082032825394,
    "computation_time": 0.0,
    "is_valid": true,
    "convergence_history": null
  }
}