{
  "instance_id": "synthetic_140c_490q_random_s60429384",
  "instance_name": "Synthetic Random",
  "instance_size": 140,
  "configuration": "ga_pure",
  "agent_used": null,
  "replicate": 3,
  "seed": 544906772,
  "initial_cost": 6603.086588341577,
  "final_cost": 3852.491759177888,
  "improvement_gap": 41.6561980880297,
  "total_time": 20.096296310424805,
  "initialization_time": 0.2506401538848877,
  "evolution_time": 19.845656156539917,
  "generations_run": 100,
  "generations_to_convergence": null,
  "convergence_history": [
    6603.086588341577,
    6603.086588341577,
    6523.136186164273,
    6397.904210879846,
    6331.397351793465,
    6294.88312865427,
    6082.873329090962,
    6082.873329090962,
    6039.548682947454,
    5933.67983638316,
    5902.109759469136,
    5850.143112547711,
    5702.323546345562,
    5702.323546345562,
    5702.323546345562,
    5564.841028307606,
    5513.515469986176,
    5513.515469986176,
    5464.655751141358,
    5461.725978064774,
    5434.815725082275,
    5416.981397352172,
    5343.7719915658,
    5343.7719915658,
    5318.6189452805675,
    5234.609819651595,
    5234.609819651595,
    5224.2900111843,
    5147.832488541844,
    5050.886759544498,
    5050.886759544498,
    5050.886759544498,
    4998.130010159506,
    4965.7683392406225,
    4937.060894238962,
    4937.060894238962,
    4935.083951752305,
    4913.051261742646,
    4902.005764624688,
    4889.2265537126295,
    4871.890590186319,
    4813.5889446289575,
    4813.040589408067,
    4802.017350042719,
    4761.444047424748,
    4761.444047424748,
    4760.346795483199,
    4732.984600557443,
    4732.984600557443,
    4706.414102519053,
    4678.64689521625,
    4671.931250991473,
    4638.072253006486,
    4580.488012861736,
    4580.488012861736,
    4550.096841281395,
    4550.096841281395,
    4496.163464057214,
    4493.5946657876875,
    4462.416713908855,
    4384.545711601538,
    4384.158587339659,
    4384.158587339659,
    4320.580147617236,
    4301.593875783506,
    4296.539540914792,
    4268.742310563234,
    4268.742310563234,
    4249.399210137683,
    4249.399210137683,
    4232.573976930491,
    4230.893926857551,
    4230.893926857551,
    4229.911471414767,
    4229.911471414767,
    4203.347640711587,
    4203.347640711587,
    4191.536763179501,
    4181.496330063474,
    4181.496330063474,
    4129.629065519617,
    4129.629065519617,
    4129.629065519617,
    4121.530465544173,
    4061.5410831942163,
    4061.5410831942163,
    4052.9356800942023,
    3989.7556815413936,
    3989.7556815413936,
    3989.7556815413936,
    3974.3759545368666,
    3974.3759545368666,
    3969.4448382682044,
    3959.5020895505318,
    3944.1223625460048,
    3944.1223625460048,
    3884.5873405613493,
    3884.5873405613493,
    3884.5873405613493,
    3852.491759177888,
    3852.491759177888
  ],
  "best_solution": {
    "id": "ga_gen0_8149",
    "instance_id": "synthetic_140c_490q_random_s60429384",
    "algorithm": "ga_pure",
    "routes": [
      {
        "vehicle_id": 0,
        "customer_sequence": [
          79,
          85,
          123,
          124,
          9,
          54,
          104,
          30,
          119,
          84,
          46,
          22,
          92,
          133,
          4,
          126,
          127,
          64,
          59,
          43,
          76,
          10,
          93,
          2,
          15,
          89,
          47,
          32,
          97
        ],
        "total_demand": 479,
        "total_distance": 826.9776269107432
      },
      {
        "vehicle_id": 1,
        "customer_sequence": [
          129,
          82,
          122,
          18,
          38,
          140,
          78,
          13,
          1,
          63,
          105,
          53,
          96,
          111,
          67,
          94,
          139,
          8,
          14,
          103,
          11,
          20,
          26,
          106,
          72,
          108,
          50,
          56,
          125
        ],
        "total_demand": 471,
        "total_distance": 981.6652745920802
      },
      {
        "vehicle_id": 2,
        "customer_sequence": [
          27,
          110,
          44,
          115,
          31,
          136,
          101,
          102,
          135,
          120,
          37,
          62,
          36,
          55,
          128,
          86,
          23,
          17,
          49,
          35,
          75,
          88,
          12,
          19,
          109,
          57,
          51,
          130,
          107,
          5,
          121,
          61
        ],
        "total_demand": 482,
        "total_distance": 1002.2418543642057
      },
      {
        "vehicle_id": 3,
        "customer_sequence": [
          77,
          137,
          71,
          60,
          100,
          138,
          66,
          7,
          52,
          117,
          24,
          118,
          3,
          25,
          70,
          99,
          132,
          68,
          87,
          34,
          29,
          73,
          41,
          74,
          65,
          33,
          28,
          80,
          48
        ],
        "total_demand": 466,
        "total_distance": 757.7197252663888
      },
      {
        "vehicle_id": 4,
        "customer_sequence": [
          16,
          39,
          69,
          134,
          98,
          114,
          83,
          58,
          113,
          112,
          90,
          95,
          21,
          116,
          91,
          42,
          45,
          6,
          40,
          81,
          131
        ],
        "total_demand": 467,
        "total_distance": 709.9532934964998
      }
    ],
    "total_cost": 3852.491759177888,
    "computation_time": 0.0,
    "is_valid": true,
    "convergence_history": null
  }
}