{
  "instance_id": "synthetic_75c_281q_random_s1944117774",
  "instance_name": "Synthetic Random",
  "instance_size": 75,
  "configuration": "ga_pure",
  "agent_used": null,
  "replicate": 2,
  "seed": 1334372708,
  "initial_cost": 3016.0135913552745,
  "final_cost": 1741.4287151763783,
  "improvement_gap": 42.26058131277019,
  "total_time": 6.2178261280059814,
  "initialization_time": 0.07601809501647949,
  "evolution_time": 6.141808032989502,
  "generations_run": 100,
  "generations_to_convergence": null,
  "convergence_history": [
    3016.0135913552745,
    3016.0135913552745,
    2967.170408193468,
    2954.5938886585786,
    2915.3383306714722,
    2887.647066718314,
    2767.9280951746473,
    2759.9305497574105,
    2753.3092037097886,
    2729.102885303041,
    2729.102885303041,
    2686.637156202225,
    2660.2339636005054,
    2660.2339636005054,
    2645.6911507190507,
    2610.9965492051024,
    2589.8685677170724,
    2587.084199465495,
    2552.430645348522,
    2514.3959010133453,
    2473.78607737062,
    2448.7166194024644,
    2435.751333035443,
    2398.4495438586323,
    2398.4495438586323,
    2390.483199635973,
    2370.1760248208616,
    2370.1760248208616,
    2340.676892239617,
    2308.3853429465066,
    2308.3853429465066,
    2308.3853429465066,
    2297.229887882143,
    2260.3888668528084,
    2235.286222295011,
    2216.4364015340666,
    2176.733860526271,
    2176.733860526271,
    2174.5993654078943,
    2174.5993654078943,
    2163.238371180698,
    2154.5237943747684,
    2132.6876869980915,
    2126.7467750223814,
    2110.4776208465887,
    2110.4776208465887,
    2110.4776208465887,
    2110.4776208465887,
    2110.4776208465887,
    2049.0587323071386,
    2049.0587323071386,
    2049.0587323071386,
    2023.2734522678418,
    2021.5895468570448,
    2021.5895468570448,
    2018.6934128234689,
    1992.936841705006,
    1988.554777286382,
    1969.3402462074537,
    1969.3402462074537,
    1962.0907566760875,
    1962.0907566760875,
    1945.05315324299,
    1945.05315324299,
    1945.05315324299,
    1933.344428818115,
    1933.344428818115,
    1901.970601574365,
    1901.970601574365,
    1901.970601574365,
    1897.511366680856,
    1895.3511433119725,
    1890.464319378891,
    1860.007343405723,
    1860.007343405723,
    1855.5481085122142,
    1855.5481085122142,
    1847.537111567242,
    1847.537111567242,
    1847.537111567242,
    1826.6013082647332,
    1818.590311319761,
    1818.590311319761,
    1807.1658266114528,
    1807.1256954541855,
    1807.1256954541855,
    1803.9244949737797,
    1784.0681159657474,
    1781.811132574945,
    1771.3397541219206,
    1771.3397541219206,
    1771.3397541219206,
    1751.8742069099067,
    1751.8742069099067,
    1751.8742069099067,
    1751.8742069099067,
    1748.3280690557237,
    1748.3280690557237,
    1741.4287151763783,
    1741.4287151763783,
    1741.4287151763783
  ],
  "best_solution": {
    "id": "ga_gen0_8150",
    "instance_id": "synthetic_75c_281q_random_s1944117774",
    "algorithm": "ga_pure",
    "routes": [
      {
        "vehicle_id": 0,
        "customer_sequence": [
          37,
          66,
          50,
          72,
          41,
          13,
          73,
          44,
          20,
          63,
          45,
          16,
          3,
          5,
          28
        ],
        "total_demand": 272,
        "total_distance": 382.11581476192157
      },
      {
        "vehicle_id": 1,
        "customer_sequence": [
          33,
          25,
          1,
          14,
          4,
          64,
          69,
          58,
          43,
          55,
          35,
          62,
          49,
          2,
          31
        ],
        "total_demand": 274,
        "total_distance": 480.88643898244095
      },
      {
        "vehicle_id": 2,
        "customer_sequence": [
          9,
          56,
          53,
          17,
          60,
          18,
          61,
          47,
          29,
          34,
          54,
          36,
          24,
          8,
          42,
          23
        ],
        "total_demand": 261,
        "total_distance": 509.7290929290353
      },
      {
        "vehicle_id": 3,
        "customer_sequence": [
          19,
          22,
          65,
          68,
          21,
          11,
          67,
          74,
          6,
          46,
          32,
          38,
          40,
          52,
          27,
          75
        ],
        "total_demand": 278,
        "total_distance": 432.6827226661394
      },
      {
        "vehicle_id": 4,
        "customer_sequence": [
          26,
          59,
          39,
          30,
          57,
          12,
          10,
          70,
          48,
          7,
          15,
          71,
          51
        ],
        "total_demand": 235,
        "total_distance": 315.5369918114467
      }
    ],
    "total_cost": 1741.4287151763783,
    "computation_time": 0.0,
    "is_valid": true,
    "convergence_history": null
  }
}