{
  "instance_id": "synthetic_140c_490q_clustered6_s373271577",
  "instance_name": "Synthetic Clustered",
  "instance_size": 140,
  "configuration": "ga_pure",
  "agent_used": null,
  "replicate": 4,
  "seed": 1717326514,
  "initial_cost": 3710.0158403042565,
  "final_cost": 2258.216864165064,
  "improvement_gap": 39.131880795962616,
  "total_time": 20.725284099578857,
  "initialization_time": 0.24640965461730957,
  "evolution_time": 20.478874444961548,
  "generations_run": 100,
  "generations_to_convergence": null,
  "convergence_history": [
    3710.0158403042565,
    3710.0158403042565,
    3682.0155881965393,
    3671.8631550079454,
    3641.620638388439,
    3575.721693325331,
    3515.308505157219,
    3466.0054557666417,
    3368.1180628589414,
    3368.1180628589414,
    3365.814345332598,
    3365.814345332598,
    3353.3597355899947,
    3204.5007068207124,
    3204.5007068207124,
    3189.8934258360114,
    3189.8934258360114,
    3152.9697493336885,
    3152.9697493336885,
    3152.9697493336885,
    3152.9697493336885,
    3118.4541043951367,
    3078.2001550912396,
    3078.2001550912396,
    3062.6724175473037,
    3021.2606962711875,
    2995.284782805669,
    2995.284782805669,
    2981.940743395659,
    2923.3444955482746,
    2869.375842353868,
    2818.7976274916878,
    2818.7976274916878,
    2817.9753751116455,
    2811.22087213776,
    2811.22087213776,
    2783.0845273541013,
    2783.0845273541013,
    2780.508761469858,
    2769.700198277042,
    2719.779732865509,
    2719.779732865509,
    2719.779732865509,
    2705.0171556795567,
    2697.2115939976866,
    2692.815009888962,
    2638.1966567540867,
    2638.1966567540867,
    2617.7587327544,
    2603.3188227404003,
    2599.6222148743295,
    2594.3245695261203,
    2582.340071693558,
    2582.340071693558,
    2582.3176672904015,
    2550.3741587616632,
    2532.9142590517176,
    2524.9417759070807,
    2513.1881345161146,
    2505.61545887036,
    2464.687216453215,
    2464.687216453215,
    2464.687216453215,
    2457.453751135219,
    2457.453751135219,
    2448.8717218568668,
    2448.8717218568668,
    2448.8717218568668,
    2447.488844112975,
    2434.255289924219,
    2421.608745309957,
    2421.608745309957,
    2414.6775410289265,
    2412.262870819315,
    2407.7889983360315,
    2407.7889983360315,
    2407.7889983360315,
    2406.0313174161633,
    2406.0313174161633,
    2378.0899174522483,
    2378.0899174522483,
    2377.1694960263467,
    2376.924334145685,
    2372.7647880808454,
    2372.7647880808454,
    2372.7647880808454,
    2344.9417278133787,
    2344.9417278133787,
    2339.616598441976,
    2325.6228620983634,
    2325.6228620983634,
    2325.6228620983634,
    2316.496896007298,
    2316.496896007298,
    2316.496896007298,
    2316.496896007298,
    2308.138997299526,
    2300.8647722668343,
    2300.8647722668343,
    2267.3428302561297,
    2258.216864165064
  ],
  "best_solution": {
    "id": "ga_gen0_6756",
    "instance_id": "synthetic_140c_490q_clustered6_s373271577",
    "algorithm": "ga_pure",
    "routes": [
      {
        "vehicle_id": 0,
        "customer_sequence": [
          88,
          52,
          46,
          19,
          139,
          41,
          44,
          65,
          9,
          104,
          128,
          39,
          85,
          92,
          71,
          80,
          30,
          2,
          29,
          77,
          123,
          119,
          121,
          61,
          109,
          101,
          64
        ],
        "total_demand": 481,
        "total_distance": 512.1562173738077
      },
      {
        "vehicle_id": 1,
        "customer_sequence": [
          50,
          53,
          8,
          120,
          111,
          103,
          76,
          74,
          4,
          33,
          1,
          70,
          90,
          117,
          137,
          110,
          102,
          115,
          126,
          98,
          124,
          105,
          134,
          7,
          118,
          86
        ],
        "total_demand": 482,
        "total_distance": 521.8360749608447
      },
      {
        "vehicle_id": 2,
        "customer_sequence": [
          73,
          62,
          125,
          131,
          95,
          140,
          112,
          99,
          94,
          97,
          87,
          82,
          83,
          16,
          12,
          35,
          28,
          34,
          22,
          81,
          136,
          23,
          135,
          60,
          56,
          63,
          106,
          122,
          133
        ],
        "total_demand": 490,
        "total_distance": 481.79528235909754
      },
      {
        "vehicle_id": 3,
        "customer_sequence": [
          17,
          40,
          67,
          130,
          48,
          21,
          26,
          36,
          6,
          5,
          18,
          11,
          13,
          79,
          37,
          32,
          89,
          107,
          116,
          96,
          129,
          69,
          59
        ],
        "total_demand": 465,
        "total_distance": 424.1863122943901
      },
      {
        "vehicle_id": 4,
        "customer_sequence": [
          57,
          10,
          24,
          27,
          31,
          72,
          91,
          58,
          138,
          66,
          127,
          93,
          47,
          132,
          49,
          114,
          54,
          55,
          15,
          42,
          38,
          25,
          43,
          3,
          113,
          14,
          100,
          20,
          78,
          75,
          84,
          45
        ],
        "total_demand": 484,
        "total_distance": 491.7555594082843
      },
      {
        "vehicle_id": 5,
        "customer_sequence": [
          68,
          51,
          108
        ],
        "total_demand": 62,
        "total_distance": 111.3363570232649
      }
    ],
    "total_cost": 2258.216864165064,
    "computation_time": 0.0,
    "is_valid": true,
    "convergence_history": null
  }
}