{
  "instance_id": "synthetic_20c_60q_random_s651100647",
  "instance_name": "Synthetic Random",
  "instance_size": 20,
  "configuration": "ga_pure",
  "agent_used": null,
  "replicate": 2,
  "seed": 455803425,
  "initial_cost": 518.5702264182826,
  "final_cost": 382.51422989515333,
  "improvement_gap": 26.236754366492587,
  "total_time": 0.40371012687683105,
  "initialization_time": 0.004524707794189453,
  "evolution_time": 0.3991854190826416,
  "generations_run": 100,
  "generations_to_convergence": 5,
  "convergence_history": [
    518.5702264182826,
    495.8379532808393,
    451.74419693954286,
    409.0751186464905,
    409.0751186464905,
    382.51422989515333,
    382.51422989515333,
    382.51422989515333,
    382.51422989515333,
    382.51422989515333,
    382.51422989515333,
    382.51422989515333,
    382.51422989515333,
    382.51422989515333,
    382.51422989515333,
    382.51422989515333,
    382.51422989515333,
    382.51422989515333,
    382.51422989515333,
    382.51422989515333,
    382.51422989515333,
    382.51422989515333,
    382.51422989515333,
    382.51422989515333,
    382.51422989515333,
    382.51422989515333,
    382.51422989515333,
    382.51422989515333,
    382.51422989515333,
    382.51422989515333,
    382.51422989515333,
    382.51422989515333,
    382.51422989515333,
    382.51422989515333,
    382.51422989515333,
    382.51422989515333,
    382.51422989515333,
    382.51422989515333,
    382.51422989515333,
    382.51422989515333,
    382.51422989515333,
    382.51422989515333,
    382.51422989515333,
    382.51422989515333,
    382.51422989515333,
    382.51422989515333,
    382.51422989515333,
    382.51422989515333,
    382.51422989515333,
    382.51422989515333,
    382.51422989515333,
    382.51422989515333,
    382.51422989515333,
    382.51422989515333,
    382.51422989515333,
    382.51422989515333,
    382.51422989515333,
    382.51422989515333,
    382.51422989515333,
    382.51422989515333,
    382.51422989515333,
    382.51422989515333,
    382.51422989515333,
    382.51422989515333,
    382.51422989515333,
    382.51422989515333,
    382.51422989515333,
    382.51422989515333,
    382.51422989515333,
    382.51422989515333,
    382.51422989515333,
    382.51422989515333,
    382.51422989515333,
    382.51422989515333,
    382.51422989515333,
    382.51422989515333,
    382.51422989515333,
    382.51422989515333,
    382.51422989515333,
    382.51422989515333,
    382.51422989515333,
    382.51422989515333,
    382.51422989515333,
    382.51422989515333,
    382.51422989515333,
    382.51422989515333,
    382.51422989515333,
    382.51422989515333,
    382.51422989515333,
    382.51422989515333,
    382.51422989515333,
    382.51422989515333,
    382.51422989515333,
    382.51422989515333,
    382.51422989515333,
    382.51422989515333,
    382.51422989515333,
    382.51422989515333,
    382.51422989515333,
    382.51422989515333,
    382.51422989515333
  ],
  "best_solution": {
    "id": "ga_gen0_3770",
    "instance_id": "synthetic_20c_60q_random_s651100647",
    "algorithm": "ga_pure",
    "routes": [
      {
        "vehicle_id": 0,
        "customer_sequence": [
          3,
          4,
          5
        ],
        "total_demand": 46,
        "total_distance": 246.81892869784667
      },
      {
        "vehicle_id": 1,
        "customer_sequence": [
          9,
          6,
          7
        ],
        "total_demand": 58,
        "total_distance": 56.48711327445176
      },
      {
        "vehicle_id": 2,
        "customer_sequence": [
          19,
          15,
          12
        ],
        "total_demand": 48,
        "total_distance": 105.52351211996695
      },
      {
        "vehicle_id": 3,
        "customer_sequence": [
          13,
          16,
          14
        ],
        "total_demand": 45,
        "total_distance": 77.75339233870592
      },
      {
        "vehicle_id": 4,
        "customer_sequence": [
          2,
          11,
          10
        ],
        "total_demand": 41,
        "total_distance": 187.51343706609612
      },
      {
        "vehicle_id": 5,
        "customer_sequence": [
          8,
          17
        ],
        "total_demand": 47,
        "total_distance": 144.06554249171205
      },
      {
        "vehicle_id": 6,
        "customer_sequence": [
          1,
          20
        ],
        "total_demand": 38,
        "total_distance": 113.83836121607023
      },
      {
        "vehicle_id": 7,
        "customer_sequence": [
          18
        ],
        "total_demand": 29,
        "total_distance": 100.2339457317111
      }
    ],
    "total_cost": 382.51422989515333,
    "computation_time": 0.0,
    "is_valid": true,
    "convergence_history": null
  }
}