{
  "instance_id": "synthetic_75c_281q_random_s1136794130",
  "instance_name": "Synthetic Random",
  "instance_size": 75,
  "configuration": "ga_pure",
  "agent_used": null,
  "replicate": 2,
  "seed": 648462475,
  "initial_cost": 3391.148524967751,
  "final_cost": 1611.7278931373367,
  "improvement_gap": 52.47250654842186,
  "total_time": 6.174235105514526,
  "initialization_time": 0.07795858383178711,
  "evolution_time": 6.096276521682739,
  "generations_run": 100,
  "generations_to_convergence": null,
  "convergence_history": [
    3391.148524967751,
    3368.8724182647484,
    3340.134488568525,
    3159.5546215193103,
    3114.444610168228,
    3108.9567799459446,
    3003.3701156784164,
    3003.3701156784164,
    2954.118198531185,
    2954.118198531185,
    2938.2025384015897,
    2895.3651799391373,
    2756.1078636838092,
    2756.1078636838092,
    2756.1078636838092,
    2732.3983762212,
    2714.2508136725173,
    2688.078840540754,
    2601.350078145456,
    2578.5457172007145,
    2552.6105381582747,
    2545.9744895668564,
    2541.3965223776377,
    2467.9014643323335,
    2467.9014643323335,
    2442.394337315477,
    2430.738402230207,
    2409.683631752733,
    2375.7942821909173,
    2356.9539025172444,
    2328.371890599453,
    2328.371890599453,
    2262.6590463141265,
    2192.847111997916,
    2171.353703461966,
    2171.353703461966,
    2171.353703461966,
    2166.12412358493,
    2132.1745011234425,
    2132.1745011234425,
    2132.1745011234425,
    2098.2115023827605,
    2073.733155412815,
    2073.733155412815,
    2073.733155412815,
    2054.82566945949,
    2054.82566945949,
    2027.46044662829,
    2027.46044662829,
    2010.9948703424084,
    2010.9948703424084,
    2000.3188124703404,
    2000.3188124703404,
    2000.3188124703404,
    1962.8993643832216,
    1962.8408461735855,
    1952.2233065111536,
    1922.2820207449292,
    1922.2820207449292,
    1922.2820207449292,
    1903.6353754748468,
    1903.6353754748468,
    1892.8939558380746,
    1892.8939558380746,
    1892.8939558380746,
    1891.8502378125042,
    1891.8502378125042,
    1884.6413594554494,
    1884.6413594554494,
    1884.6413594554494,
    1884.6413594554494,
    1844.6150378271202,
    1844.6150378271202,
    1830.4834643787635,
    1788.5255350572443,
    1788.5255350572443,
    1768.1118228056887,
    1768.1118228056887,
    1768.1118228056887,
    1744.9636857322764,
    1744.9636857322764,
    1744.9636857322764,
    1713.0094598103844,
    1713.0094598103844,
    1713.0094598103844,
    1711.0921184647761,
    1704.4062273092209,
    1704.4062273092209,
    1699.1061979794436,
    1699.1061979794436,
    1694.7920092440374,
    1682.806088758705,
    1667.3851570703814,
    1654.9573822526363,
    1651.085047849643,
    1651.085047849643,
    1621.0707091342151,
    1621.0707091342151,
    1621.0707091342151,
    1611.7278931373367,
    1611.7278931373367
  ],
  "best_solution": {
    "id": "ga_gen0_8810",
    "instance_id": "synthetic_75c_281q_random_s1136794130",
    "algorithm": "ga_pure",
    "routes": [
      {
        "vehicle_id": 0,
        "customer_sequence": [
          23,
          29,
          13,
          75,
          7,
          27,
          53,
          67,
          12,
          54,
          24,
          64,
          57,
          62,
          49
        ],
        "total_demand": 279,
        "total_distance": 399.0846482796062
      },
      {
        "vehicle_id": 1,
        "customer_sequence": [
          6,
          68,
          32,
          52,
          47,
          26,
          58,
          18,
          43,
          28,
          3,
          65,
          38,
          48
        ],
        "total_demand": 271,
        "total_distance": 427.01381462659333
      },
      {
        "vehicle_id": 2,
        "customer_sequence": [
          73,
          10,
          9,
          15,
          55,
          30,
          71,
          8,
          66,
          50,
          35,
          5,
          25,
          20,
          74,
          56,
          39
        ],
        "total_demand": 277,
        "total_distance": 430.69717348838907
      },
      {
        "vehicle_id": 3,
        "customer_sequence": [
          69,
          22,
          14,
          21,
          4,
          51,
          40,
          33,
          16,
          60,
          41,
          72,
          59,
          19,
          37,
          61,
          1
        ],
        "total_demand": 263,
        "total_distance": 443.99167574691234
      },
      {
        "vehicle_id": 4,
        "customer_sequence": [
          42,
          36,
          11,
          2,
          46,
          63,
          34,
          45,
          31,
          17,
          70,
          44
        ],
        "total_demand": 240,
        "total_distance": 354.6047784441073
      }
    ],
    "total_cost": 1611.7278931373367,
    "computation_time": 0.0,
    "is_valid": true,
    "convergence_history": null
  }
}