{
  "instance_id": "synthetic_20c_60q_clustered4_s861695935",
  "instance_name": "Synthetic Clustered",
  "instance_size": 20,
  "configuration": "ga_pure",
  "agent_used": null,
  "replicate": 2,
  "seed": 1049734730,
  "initial_cost": 369.2961806717988,
  "final_cost": 179.28541536594972,
  "improvement_gap": 51.4521338834846,
  "total_time": 0.3988358974456787,
  "initialization_time": 0.003987550735473633,
  "evolution_time": 0.3948483467102051,
  "generations_run": 100,
  "generations_to_convergence": 32,
  "convergence_history": [
    369.2961806717988,
    343.23348640714084,
    285.6230522529101,
    285.6230522529101,
    285.6230522529101,
    250.60713771965408,
    250.60713771965408,
    250.60713771965408,
    250.60713771965408,
    245.99020962586246,
    224.98032151539917,
    224.98032151539917,
    224.98032151539917,
    217.28522850290534,
    217.28522850290534,
    206.86546746033036,
    206.86546746033036,
    206.86546746033036,
    203.68367819490282,
    186.52505926787316,
    186.52505926787316,
    186.52505926787316,
    184.89421766055924,
    184.89421766055924,
    183.7688689147342,
    183.7688689147342,
    180.84480574064673,
    180.84480574064673,
    180.79088222061003,
    180.79088222061003,
    180.79088222061003,
    180.79088222061003,
    179.28541536594972,
    179.28541536594972,
    179.28541536594972,
    179.28541536594972,
    179.28541536594972,
    179.28541536594972,
    179.28541536594972,
    179.28541536594972,
    179.28541536594972,
    179.28541536594972,
    179.28541536594972,
    179.28541536594972,
    179.28541536594972,
    179.28541536594972,
    179.28541536594972,
    179.28541536594972,
    179.28541536594972,
    179.28541536594972,
    179.28541536594972,
    179.28541536594972,
    179.28541536594972,
    179.28541536594972,
    179.28541536594972,
    179.28541536594972,
    179.28541536594972,
    179.28541536594972,
    179.28541536594972,
    179.28541536594972,
    179.28541536594972,
    179.28541536594972,
    179.28541536594972,
    179.28541536594972,
    179.28541536594972,
    179.28541536594972,
    179.28541536594972,
    179.28541536594972,
    179.28541536594972,
    179.28541536594972,
    179.28541536594972,
    179.28541536594972,
    179.28541536594972,
    179.28541536594972,
    179.28541536594972,
    179.28541536594972,
    179.28541536594972,
    179.28541536594972,
    179.28541536594972,
    179.28541536594972,
    179.28541536594972,
    179.28541536594972,
    179.28541536594972,
    179.28541536594972,
    179.28541536594972,
    179.28541536594972,
    179.28541536594972,
    179.28541536594972,
    179.28541536594972,
    179.28541536594972,
    179.28541536594972,
    179.28541536594972,
    179.28541536594972,
    179.28541536594972,
    179.28541536594972,
    179.28541536594972,
    179.28541536594972,
    179.28541536594972,
    179.28541536594972,
    179.28541536594972,
    179.28541536594972
  ],
  "best_solution": {
    "id": "ga_gen0_3402",
    "instance_id": "synthetic_20c_60q_clustered4_s861695935",
    "algorithm": "ga_pure",
    "routes": [
      {
        "vehicle_id": 0,
        "customer_sequence": [
          9,
          6,
          8,
          10
        ],
        "total_demand": 59,
        "total_distance": 87.98801906172801
      },
      {
        "vehicle_id": 1,
        "customer_sequence": [
          4,
          5,
          2,
          16
        ],
        "total_demand": 58,
        "total_distance": 118.90236979583518
      },
      {
        "vehicle_id": 2,
        "customer_sequence": [
          13,
          14,
          3
        ],
        "total_demand": 48,
        "total_distance": 41.71130709315456
      },
      {
        "vehicle_id": 3,
        "customer_sequence": [
          12,
          15
        ],
        "total_demand": 48,
        "total_distance": 31.602745622547648
      },
      {
        "vehicle_id": 4,
        "customer_sequence": [
          1,
          11
        ],
        "total_demand": 41,
        "total_distance": 82.55053780342507
      },
      {
        "vehicle_id": 5,
        "customer_sequence": [
          19,
          17,
          18
        ],
        "total_demand": 60,
        "total_distance": 91.96567075880111
      },
      {
        "vehicle_id": 6,
        "customer_sequence": [
          7,
          20
        ],
        "total_demand": 19,
        "total_distance": 103.33530007901663
      }
    ],
    "total_cost": 179.28541536594972,
    "computation_time": 0.0,
    "is_valid": true,
    "convergence_history": null
  }
}