{
  "instance_id": "synthetic_150c_525q_random_s666080025",
  "instance_name": "Synthetic Random",
  "instance_size": 150,
  "configuration": "ga_pure",
  "agent_used": null,
  "replicate": 5,
  "seed": 1657427801,
  "initial_cost": 7075.045708195184,
  "final_cost": 4172.891960380383,
  "improvement_gap": 41.01957595062843,
  "total_time": 23.474414348602295,
  "initialization_time": 0.2804121971130371,
  "evolution_time": 23.194002151489258,
  "generations_run": 100,
  "generations_to_convergence": null,
  "convergence_history": [
    7075.045708195184,
    7063.014866256477,
    7060.054620391413,
    6892.296262490823,
    6892.296262490823,
    6736.826510602362,
    6716.37453748218,
    6475.918333028317,
    6475.918333028317,
    6423.396328362408,
    6369.052463720108,
    6303.728415345634,
    6213.541307776874,
    5988.401161275455,
    5965.147095303345,
    5965.147095303345,
    5820.409671906361,
    5819.767590949761,
    5775.845808066009,
    5766.888546612889,
    5725.504788659627,
    5691.481414349874,
    5628.393858301261,
    5628.393858301261,
    5570.420493238258,
    5534.068372736855,
    5496.239511608628,
    5400.955014213771,
    5400.955014213771,
    5400.955014213771,
    5366.935836196487,
    5339.145578395227,
    5329.679037644858,
    5295.263592921771,
    5267.869601826314,
    5233.850423809029,
    5226.194864547501,
    5226.194864547501,
    5192.175686530217,
    5192.175686530217,
    5166.269442206196,
    5166.269442206196,
    5166.269442206196,
    5106.527070467609,
    5106.527070467609,
    5106.527070467609,
    5106.527070467609,
    5066.622913300554,
    5066.622913300554,
    5030.942274839676,
    4998.419360713223,
    4971.262128921512,
    4960.452830902898,
    4960.452830902898,
    4945.360830131739,
    4945.360830131739,
    4879.800546265061,
    4834.0938867873165,
    4816.919930015208,
    4816.919930015208,
    4796.278882679403,
    4796.278882679403,
    4779.104925907293,
    4762.516511760832,
    4722.614950406923,
    4722.614950406923,
    4722.614950406923,
    4722.614950406923,
    4710.72332686648,
    4672.675142242071,
    4672.675142242071,
    4664.116908993136,
    4624.423302030274,
    4584.685011248482,
    4584.414256391282,
    4496.671234104297,
    4496.671234104297,
    4480.039799336016,
    4480.039799336016,
    4421.903141275422,
    4416.828746221792,
    4416.828746221792,
    4404.93712268135,
    4392.39810434332,
    4392.39810434332,
    4389.537238303709,
    4389.537238303709,
    4389.537238303709,
    4377.143438545494,
    4370.678484215203,
    4318.468929794074,
    4312.003975463783,
    4312.003975463783,
    4306.075130035858,
    4271.788818848849,
    4269.374831178086,
    4248.627454048492,
    4248.627454048492,
    4246.21346637773,
    4172.891960380383,
    4172.891960380383
  ],
  "best_solution": {
    "id": "ga_gen0_4014",
    "instance_id": "synthetic_150c_525q_random_s666080025",
    "algorithm": "ga_pure",
    "routes": [
      {
        "vehicle_id": 0,
        "customer_sequence": [
          27,
          57,
          29,
          88,
          3,
          123,
          13,
          46,
          55,
          40,
          10,
          32,
          139,
          65,
          148,
          122,
          101,
          78,
          126,
          89,
          146,
          71,
          21,
          33,
          12,
          141,
          85,
          7,
          108,
          25
        ],
        "total_demand": 518,
        "total_distance": 1025.0536661558301
      },
      {
        "vehicle_id": 1,
        "customer_sequence": [
          79,
          68,
          16,
          104,
          24,
          113,
          50,
          56,
          64,
          76,
          140,
          106,
          28,
          23,
          54,
          121,
          39,
          9,
          90,
          52,
          125,
          4,
          2,
          26,
          91,
          82,
          134,
          43,
          51,
          95
        ],
        "total_demand": 505,
        "total_distance": 879.7297732293697
      },
      {
        "vehicle_id": 2,
        "customer_sequence": [
          31,
          136,
          131,
          63,
          86,
          8,
          135,
          67,
          20,
          107,
          128,
          19,
          130,
          53,
          34,
          45,
          117,
          149,
          77,
          42,
          115,
          37,
          74,
          118,
          30,
          59,
          18,
          70
        ],
        "total_demand": 510,
        "total_distance": 909.1370139396615
      },
      {
        "vehicle_id": 3,
        "customer_sequence": [
          87,
          58,
          97,
          119,
          48,
          99,
          124,
          6,
          72,
          5,
          132,
          144,
          69,
          137,
          61,
          100,
          22,
          1,
          102,
          62,
          112,
          96,
          142,
          145,
          129,
          66,
          111,
          35
        ],
        "total_demand": 504,
        "total_distance": 776.1467586480162
      },
      {
        "vehicle_id": 4,
        "customer_sequence": [
          120,
          138,
          110,
          49,
          83,
          92,
          103,
          147,
          93,
          84,
          73,
          105,
          133,
          47,
          41,
          38,
          11,
          15,
          14,
          75,
          80,
          60,
          94,
          116,
          109,
          36,
          114,
          127,
          17,
          98,
          44,
          81
        ],
        "total_demand": 517,
        "total_distance": 946.8205307813138
      },
      {
        "vehicle_id": 5,
        "customer_sequence": [
          143,
          150
        ],
        "total_demand": 40,
        "total_distance": 161.14147453181715
      }
    ],
    "total_cost": 4172.891960380383,
    "computation_time": 0.0,
    "is_valid": true,
    "convergence_history": null
  }
}