{
  "instance_id": "synthetic_90c_337q_clustered5_s400407272",
  "instance_name": "Synthetic Clustered",
  "instance_size": 90,
  "configuration": "ga_pure",
  "agent_used": null,
  "replicate": 3,
  "seed": 388789500,
  "initial_cost": 2446.4116179836606,
  "final_cost": 1345.1640884548474,
  "improvement_gap": 45.01480950439831,
  "total_time": 6.747654676437378,
  "initialization_time": 0.10222101211547852,
  "evolution_time": 6.645433664321899,
  "generations_run": 100,
  "generations_to_convergence": null,
  "convergence_history": [
    2446.4116179836606,
    2446.4116179836606,
    2446.4116179836606,
    2405.6964349884147,
    2386.2745858047556,
    2386.2745858047556,
    2334.3771239221037,
    2326.66324636587,
    2279.2353087510733,
    2205.58939091975,
    2205.58939091975,
    2205.58939091975,
    2169.2186641727144,
    2101.646109851041,
    2098.631212664667,
    2091.7064077755963,
    2057.6203552896654,
    2028.3337179719088,
    2028.3337179719088,
    1973.2031387940065,
    1958.6487441918193,
    1958.6487441918193,
    1958.6487441918193,
    1899.421819198907,
    1880.5807886621826,
    1858.8185220262476,
    1838.7685768537422,
    1834.647439085071,
    1834.647439085071,
    1834.647439085071,
    1805.9132153078554,
    1805.9132153078554,
    1776.1235079235923,
    1776.1235079235923,
    1776.1235079235923,
    1760.9117066452275,
    1731.1219992609645,
    1731.1219992609645,
    1726.7857754450101,
    1717.4642672225382,
    1711.3120096771422,
    1661.155593157696,
    1645.5976424117516,
    1635.943698018891,
    1631.6827637687363,
    1631.6827637687363,
    1630.0031208052317,
    1620.469932251023,
    1615.509371524925,
    1615.509371524925,
    1606.1109974677931,
    1597.9965982240105,
    1596.1712953923484,
    1582.5228324561426,
    1582.5228324561426,
    1582.5228324561426,
    1572.5831303806979,
    1564.5896976435645,
    1564.5896976435645,
    1560.5126350419578,
    1550.572932966513,
    1550.572932966513,
    1550.572932966513,
    1548.4927777235732,
    1502.2545504797522,
    1502.2545504797522,
    1491.038004633432,
    1491.038004633432,
    1476.3672659149572,
    1476.3672659149572,
    1476.3495840842497,
    1476.3495840842497,
    1470.0309326137553,
    1470.0309326137553,
    1460.3168389868515,
    1460.3168389868515,
    1460.3168389868515,
    1457.2291010518604,
    1457.2291010518604,
    1438.8518397125588,
    1438.8518397125588,
    1425.3007287246394,
    1425.3007287246394,
    1425.3007287246394,
    1420.7829873556186,
    1420.7829873556186,
    1417.6952494206275,
    1391.539722367611,
    1391.539722367611,
    1391.539722367611,
    1391.539722367611,
    1358.9841777616807,
    1358.9841777616807,
    1358.9841777616807,
    1357.2198361513936,
    1357.2198361513936,
    1357.2198361513936,
    1356.5463180383215,
    1355.3567634780286,
    1345.1640884548474,
    1345.1640884548474
  ],
  "best_solution": {
    "id": "ga_gen0_6841",
    "instance_id": "synthetic_90c_337q_clustered5_s400407272",
    "algorithm": "ga_pure",
    "routes": [
      {
        "vehicle_id": 0,
        "customer_sequence": [
          52,
          30,
          36,
          32,
          69,
          54,
          62,
          66,
          21,
          45,
          1,
          88,
          86,
          73,
          79,
          82,
          83
        ],
        "total_demand": 336,
        "total_distance": 319.07370933464256
      },
      {
        "vehicle_id": 1,
        "customer_sequence": [
          65,
          29,
          25,
          31,
          28,
          63,
          26,
          34,
          48,
          43,
          74,
          90,
          75,
          53,
          9,
          4,
          11,
          2
        ],
        "total_demand": 318,
        "total_distance": 358.65244332888676
      },
      {
        "vehicle_id": 2,
        "customer_sequence": [
          41,
          76,
          33,
          81,
          19,
          23,
          27,
          38,
          68,
          60,
          70,
          56,
          59,
          42,
          46,
          3,
          85
        ],
        "total_demand": 321,
        "total_distance": 359.07516683310064
      },
      {
        "vehicle_id": 3,
        "customer_sequence": [
          78,
          40,
          49,
          15,
          57,
          58,
          22,
          71,
          20,
          14,
          16,
          84,
          6,
          10,
          5,
          12,
          17,
          80,
          89,
          77
        ],
        "total_demand": 336,
        "total_distance": 323.315252660627
      },
      {
        "vehicle_id": 4,
        "customer_sequence": [
          18,
          13,
          7,
          8,
          47,
          44,
          87,
          39,
          50,
          51,
          24,
          35,
          55,
          61,
          64,
          37,
          72,
          67
        ],
        "total_demand": 266,
        "total_distance": 271.2543795372814
      }
    ],
    "total_cost": 1345.1640884548474,
    "computation_time": 0.0,
    "is_valid": true,
    "convergence_history": null
  }
}