{
  "instance_id": "synthetic_90c_337q_random_s916952474",
  "instance_name": "Synthetic Random",
  "instance_size": 90,
  "configuration": "ga_pure",
  "agent_used": null,
  "replicate": 4,
  "seed": 804872537,
  "initial_cost": 3932.7763840447105,
  "final_cost": 2171.783440700818,
  "improvement_gap": 44.777347384617336,
  "total_time": 8.665387392044067,
  "initialization_time": 0.10168242454528809,
  "evolution_time": 8.56370496749878,
  "generations_run": 100,
  "generations_to_convergence": null,
  "convergence_history": [
    3932.7763840447105,
    3932.7763840447105,
    3849.0571450309153,
    3849.0571450309153,
    3822.110624640606,
    3741.962767944372,
    3690.953011219622,
    3664.515016020362,
    3567.497663238627,
    3471.828237653132,
    3471.828237653132,
    3457.7541637269574,
    3373.1665611160906,
    3351.976632551871,
    3316.792670781355,
    3290.572674347519,
    3251.4656188529602,
    3230.995972836979,
    3201.395878224853,
    3181.7856005084645,
    3181.7856005084645,
    3134.2596389639143,
    3089.0813449731854,
    3089.0813449731854,
    3072.8512390227493,
    3007.8974416065116,
    3003.756297161513,
    2956.066675898282,
    2956.066675898282,
    2935.914345171374,
    2935.914345171374,
    2904.454829858579,
    2883.3952825046636,
    2883.3952825046636,
    2883.3952825046636,
    2883.1498356015154,
    2874.2356810224055,
    2870.209971739984,
    2828.2543443499867,
    2736.605235873964,
    2736.605235873964,
    2736.605235873964,
    2736.605235873964,
    2736.605235873964,
    2705.8761762130125,
    2705.8761762130125,
    2705.8761762130125,
    2695.808553058244,
    2677.456828037479,
    2677.456828037479,
    2677.456828037479,
    2662.9741749307677,
    2662.9741749307677,
    2644.5111861134496,
    2644.5111861134496,
    2631.6955197493744,
    2631.6955197493744,
    2631.6955197493744,
    2608.3899985050416,
    2608.3899985050416,
    2608.3899985050416,
    2592.5807616801044,
    2592.5807616801044,
    2529.214486372051,
    2529.214486372051,
    2514.4725823237977,
    2505.25629574795,
    2505.25629574795,
    2476.5521319113845,
    2469.035816353341,
    2464.950516504515,
    2464.950516504515,
    2464.0035128447453,
    2416.321394646949,
    2411.528921407428,
    2407.7948022715395,
    2378.400944234536,
    2378.400944234536,
    2369.8743518591264,
    2369.8743518591264,
    2369.8743518591264,
    2332.0017742388677,
    2327.200322326296,
    2327.200322326296,
    2323.475181863458,
    2323.475181863458,
    2309.130929293194,
    2309.130929293194,
    2305.4057888303564,
    2283.639178260012,
    2283.639178260012,
    2283.2491933767933,
    2277.6392815931554,
    2223.079564025173,
    2223.079564025173,
    2206.819748689814,
    2206.819748689814,
    2194.779917322311,
    2194.779917322311,
    2171.783440700818,
    2171.783440700818
  ],
  "best_solution": {
    "id": "ga_gen0_4975",
    "instance_id": "synthetic_90c_337q_random_s916952474",
    "algorithm": "ga_pure",
    "routes": [
      {
        "vehicle_id": 0,
        "customer_sequence": [
          51,
          75,
          36,
          49,
          71,
          72,
          54,
          79,
          90,
          7,
          39,
          33,
          2,
          85,
          25,
          50,
          65,
          21,
          77,
          83
        ],
        "total_demand": 336,
        "total_distance": 530.8771357757812
      },
      {
        "vehicle_id": 1,
        "customer_sequence": [
          87,
          64,
          14,
          84,
          45,
          43,
          26,
          23,
          22,
          48,
          60,
          19,
          4,
          67,
          41,
          73,
          61,
          17
        ],
        "total_demand": 334,
        "total_distance": 552.0423293594948
      },
      {
        "vehicle_id": 2,
        "customer_sequence": [
          70,
          88,
          44,
          68,
          20,
          34,
          55,
          24,
          27,
          15,
          40,
          9,
          89,
          18,
          53,
          42,
          1,
          62,
          38,
          5
        ],
        "total_demand": 332,
        "total_distance": 614.1658777120623
      },
      {
        "vehicle_id": 3,
        "customer_sequence": [
          58,
          80,
          31,
          52,
          57,
          47,
          78,
          6,
          10,
          37,
          32,
          12,
          8,
          11,
          30,
          66,
          16,
          81,
          13,
          28
        ],
        "total_demand": 335,
        "total_distance": 472.57667723877097
      },
      {
        "vehicle_id": 4,
        "customer_sequence": [
          82,
          59,
          56,
          29,
          86,
          3,
          74,
          76,
          46,
          69,
          35,
          63
        ],
        "total_demand": 194,
        "total_distance": 375.2326424683461
      }
    ],
    "total_cost": 2171.783440700818,
    "computation_time": 0.0,
    "is_valid": true,
    "convergence_history": null
  }
}