{
  "instance_id": "synthetic_20c_60q_random_s1338516669",
  "instance_name": "Synthetic Random",
  "instance_size": 20,
  "configuration": "ga_pure",
  "agent_used": null,
  "replicate": 2,
  "seed": 1237858258,
  "initial_cost": 533.7227562854705,
  "final_cost": 364.7786277500139,
  "improvement_gap": 31.65391142608392,
  "total_time": 0.43651866912841797,
  "initialization_time": 0.0045318603515625,
  "evolution_time": 0.43198680877685547,
  "generations_run": 100,
  "generations_to_convergence": 20,
  "convergence_history": [
    533.7227562854705,
    478.5520920290871,
    437.8108553952608,
    437.8108553952608,
    437.8108553952608,
    433.71299850166673,
    419.62794777700526,
    419.62794777700526,
    400.3018438755926,
    400.3018438755926,
    400.3018438755926,
    398.3572659896027,
    398.3572659896027,
    378.2814664926472,
    378.2814664926472,
    378.2814664926472,
    378.2814664926472,
    378.2814664926472,
    372.2082352397219,
    372.2082352397219,
    364.7786277500139,
    364.7786277500139,
    364.7786277500139,
    364.7786277500139,
    364.7786277500139,
    364.7786277500139,
    364.7786277500139,
    364.7786277500139,
    364.7786277500139,
    364.7786277500139,
    364.7786277500139,
    364.7786277500139,
    364.7786277500139,
    364.7786277500139,
    364.7786277500139,
    364.7786277500139,
    364.7786277500139,
    364.7786277500139,
    364.7786277500139,
    364.7786277500139,
    364.7786277500139,
    364.7786277500139,
    364.7786277500139,
    364.7786277500139,
    364.7786277500139,
    364.7786277500139,
    364.7786277500139,
    364.7786277500139,
    364.7786277500139,
    364.7786277500139,
    364.7786277500139,
    364.7786277500139,
    364.7786277500139,
    364.7786277500139,
    364.7786277500139,
    364.7786277500139,
    364.7786277500139,
    364.7786277500139,
    364.7786277500139,
    364.7786277500139,
    364.7786277500139,
    364.7786277500139,
    364.7786277500139,
    364.7786277500139,
    364.7786277500139,
    364.7786277500139,
    364.7786277500139,
    364.7786277500139,
    364.7786277500139,
    364.7786277500139,
    364.7786277500139,
    364.7786277500139,
    364.7786277500139,
    364.7786277500139,
    364.7786277500139,
    364.7786277500139,
    364.7786277500139,
    364.7786277500139,
    364.7786277500139,
    364.7786277500139,
    364.7786277500139,
    364.7786277500139,
    364.7786277500139,
    364.7786277500139,
    364.7786277500139,
    364.7786277500139,
    364.7786277500139,
    364.7786277500139,
    364.7786277500139,
    364.7786277500139,
    364.7786277500139,
    364.7786277500139,
    364.7786277500139,
    364.7786277500139,
    364.7786277500139,
    364.7786277500139,
    364.7786277500139,
    364.7786277500139,
    364.7786277500139,
    364.7786277500139,
    364.7786277500139
  ],
  "best_solution": {
    "id": "ga_gen0_8502",
    "instance_id": "synthetic_20c_60q_random_s1338516669",
    "algorithm": "ga_pure",
    "routes": [
      {
        "vehicle_id": 0,
        "customer_sequence": [
          4,
          20
        ],
        "total_demand": 36,
        "total_distance": 152.18260948148964
      },
      {
        "vehicle_id": 1,
        "customer_sequence": [
          5,
          19,
          16
        ],
        "total_demand": 54,
        "total_distance": 214.1978055581545
      },
      {
        "vehicle_id": 2,
        "customer_sequence": [
          13,
          2
        ],
        "total_demand": 36,
        "total_distance": 136.85275837319762
      },
      {
        "vehicle_id": 3,
        "customer_sequence": [
          11,
          12,
          1
        ],
        "total_demand": 44,
        "total_distance": 139.09225231019883
      },
      {
        "vehicle_id": 4,
        "customer_sequence": [
          14,
          18,
          10
        ],
        "total_demand": 58,
        "total_distance": 96.23273967613918
      },
      {
        "vehicle_id": 5,
        "customer_sequence": [
          15,
          7,
          17,
          6
        ],
        "total_demand": 45,
        "total_distance": 141.3890281845048
      },
      {
        "vehicle_id": 6,
        "customer_sequence": [
          9,
          8
        ],
        "total_demand": 50,
        "total_distance": 71.40300407305224
      },
      {
        "vehicle_id": 7,
        "customer_sequence": [
          3
        ],
        "total_demand": 27,
        "total_distance": 97.31554400783466
      }
    ],
    "total_cost": 364.7786277500139,
    "computation_time": 0.0,
    "is_valid": true,
    "convergence_history": null
  }
}