{
  "instance_id": "synthetic_150c_525q_clustered6_s2010231941",
  "instance_name": "Synthetic Clustered",
  "instance_size": 150,
  "configuration": "ga_pure",
  "agent_used": null,
  "replicate": 2,
  "seed": 258116328,
  "initial_cost": 3895.1080931492443,
  "final_cost": 2404.971425579237,
  "improvement_gap": 38.25661912158163,
  "total_time": 23.263025522232056,
  "initialization_time": 0.2782609462738037,
  "evolution_time": 22.984764575958252,
  "generations_run": 100,
  "generations_to_convergence": null,
  "convergence_history": [
    3895.1080931492443,
    3895.1080931492443,
    3839.425811774837,
    3785.904382409458,
    3770.7199042123393,
    3698.5944069738616,
    3575.4149206007332,
    3575.4149206007332,
    3545.2262162639036,
    3545.2262162639036,
    3534.654165903701,
    3438.575184625606,
    3438.575184625606,
    3438.575184625606,
    3407.405061811812,
    3381.44235973489,
    3370.030752421683,
    3370.030752421683,
    3351.193747421899,
    3351.193747421899,
    3282.853537310515,
    3282.853537310515,
    3282.853537310515,
    3282.853537310515,
    3264.065528942936,
    3195.589208138419,
    3193.4199059729053,
    3188.5384305759826,
    3188.5384305759826,
    3176.373465550193,
    3176.373465550193,
    3176.373465550193,
    3134.6612866525725,
    3087.147594640958,
    3087.147594640958,
    3085.796861379302,
    3058.4542798038447,
    3056.092337898585,
    3035.7951114919733,
    3035.7951114919733,
    3024.8159315960684,
    3009.8382488722928,
    2994.465348148417,
    2960.282446155983,
    2960.282446155983,
    2959.3288530127834,
    2908.646544978625,
    2908.646544978625,
    2903.613252747701,
    2903.613252747701,
    2884.8090363597644,
    2884.8090363597644,
    2883.6348090755123,
    2878.912543436289,
    2834.667447071929,
    2834.667447071929,
    2808.5890114189774,
    2808.5890114189774,
    2789.6713114201534,
    2789.6713114201534,
    2783.885966353923,
    2783.8323381742507,
    2767.493350592272,
    2767.493350592272,
    2757.2487556246583,
    2748.863391072393,
    2724.0611817792665,
    2710.2372578581444,
    2692.4097041757836,
    2640.992584687559,
    2640.992584687559,
    2628.580089004907,
    2623.22426825233,
    2622.02416801952,
    2610.5272546539254,
    2606.721998335721,
    2591.0685119789027,
    2580.5605397070503,
    2562.7607790891825,
    2562.7607790891825,
    2550.8920430509556,
    2545.8055940256268,
    2535.589873367157,
    2530.141379023737,
    2530.141379023737,
    2508.1422994204677,
    2508.1422994204677,
    2495.436651275636,
    2473.437571672366,
    2473.437571672366,
    2471.1698891652754,
    2471.1698891652754,
    2471.1698891652754,
    2467.6734874565773,
    2467.6734874565773,
    2448.2868085016803,
    2448.2868085016803,
    2448.2868085016803,
    2418.070359540744,
    2415.3630497621457,
    2404.971425579237
  ],
  "best_solution": {
    "id": "ga_gen0_1741",
    "instance_id": "synthetic_150c_525q_clustered6_s2010231941",
    "algorithm": "ga_pure",
    "routes": [
      {
        "vehicle_id": 0,
        "customer_sequence": [
          31,
          17,
          25,
          47,
          102,
          120,
          38,
          111,
          115,
          125,
          122,
          144,
          139,
          28,
          67,
          57,
          51,
          70,
          63,
          141,
          129,
          78,
          6,
          40,
          96,
          4,
          93,
          81,
          82,
          87
        ],
        "total_demand": 510,
        "total_distance": 507.55225373091207
      },
      {
        "vehicle_id": 1,
        "customer_sequence": [
          9,
          7,
          39,
          48,
          45,
          104,
          148,
          145,
          108,
          113,
          83,
          2,
          16,
          97,
          76,
          85,
          84,
          21,
          94,
          88,
          42,
          123,
          110,
          133,
          121,
          109,
          18,
          15,
          19
        ],
        "total_demand": 524,
        "total_distance": 529.7269137082662
      },
      {
        "vehicle_id": 2,
        "customer_sequence": [
          80,
          37,
          32,
          24,
          66,
          137,
          56,
          11,
          114,
          79,
          105,
          33,
          36,
          46,
          3,
          90,
          1,
          134,
          92,
          62,
          71,
          73,
          54,
          23,
          68,
          74,
          119,
          30,
          138,
          106,
          41
        ],
        "total_demand": 507,
        "total_distance": 640.5446122646906
      },
      {
        "vehicle_id": 3,
        "customer_sequence": [
          60,
          64,
          72,
          55,
          135,
          149,
          20,
          146,
          75,
          61,
          53,
          136,
          107,
          124,
          22,
          26,
          12,
          117,
          150,
          100,
          10,
          14,
          142,
          5,
          13,
          49,
          27,
          143,
          118
        ],
        "total_demand": 509,
        "total_distance": 394.43320797615235
      },
      {
        "vehicle_id": 4,
        "customer_sequence": [
          77,
          86,
          95,
          99,
          69,
          98,
          35,
          50,
          44,
          8,
          130,
          34,
          132,
          59,
          65,
          140,
          58,
          112,
          128,
          52,
          131,
          127,
          89,
          29,
          101,
          126,
          116,
          147,
          103,
          43
        ],
        "total_demand": 516,
        "total_distance": 631.613044385804
      },
      {
        "vehicle_id": 5,
        "customer_sequence": [
          91
        ],
        "total_demand": 17,
        "total_distance": 63.48251221231187
      }
    ],
    "total_cost": 2404.971425579237,
    "computation_time": 0.0,
    "is_valid": true,
    "convergence_history": null
  }
}