{
  "instance_id": "synthetic_20c_60q_clustered4_s237343260",
  "instance_name": "Synthetic Clustered",
  "instance_size": 20,
  "configuration": "ga_pure",
  "agent_used": null,
  "replicate": 1,
  "seed": 234969408,
  "initial_cost": 256.1652569494977,
  "final_cost": 159.04961825811918,
  "improvement_gap": 37.911323279301925,
  "total_time": 0.40253257751464844,
  "initialization_time": 0.008573293685913086,
  "evolution_time": 0.39395928382873535,
  "generations_run": 100,
  "generations_to_convergence": 17,
  "convergence_history": [
    256.1652569494977,
    251.21210294950893,
    251.21210294950893,
    250.56103895806802,
    234.03272049697958,
    221.15026593786516,
    213.50845131055428,
    213.50845131055428,
    206.41576158451164,
    195.50153079680788,
    181.04435565425536,
    181.04435565425536,
    179.3124817826248,
    179.3124817826248,
    160.73009928441235,
    160.73009928441235,
    160.73009928441235,
    159.04961825811918,
    159.04961825811918,
    159.04961825811918,
    159.04961825811918,
    159.04961825811918,
    159.04961825811918,
    159.04961825811918,
    159.04961825811918,
    159.04961825811918,
    159.04961825811918,
    159.04961825811918,
    159.04961825811918,
    159.04961825811918,
    159.04961825811918,
    159.04961825811918,
    159.04961825811918,
    159.04961825811918,
    159.04961825811918,
    159.04961825811918,
    159.04961825811918,
    159.04961825811918,
    159.04961825811918,
    159.04961825811918,
    159.04961825811918,
    159.04961825811918,
    159.04961825811918,
    159.04961825811918,
    159.04961825811918,
    159.04961825811918,
    159.04961825811918,
    159.04961825811918,
    159.04961825811918,
    159.04961825811918,
    159.04961825811918,
    159.04961825811918,
    159.04961825811918,
    159.04961825811918,
    159.04961825811918,
    159.04961825811918,
    159.04961825811918,
    159.04961825811918,
    159.04961825811918,
    159.04961825811918,
    159.04961825811918,
    159.04961825811918,
    159.04961825811918,
    159.04961825811918,
    159.04961825811918,
    159.04961825811918,
    159.04961825811918,
    159.04961825811918,
    159.04961825811918,
    159.04961825811918,
    159.04961825811918,
    159.04961825811918,
    159.04961825811918,
    159.04961825811918,
    159.04961825811918,
    159.04961825811918,
    159.04961825811918,
    159.04961825811918,
    159.04961825811918,
    159.04961825811918,
    159.04961825811918,
    159.04961825811918,
    159.04961825811918,
    159.04961825811918,
    159.04961825811918,
    159.04961825811918,
    159.04961825811918,
    159.04961825811918,
    159.04961825811918,
    159.04961825811918,
    159.04961825811918,
    159.04961825811918,
    159.04961825811918,
    159.04961825811918,
    159.04961825811918,
    159.04961825811918,
    159.04961825811918,
    159.04961825811918,
    159.04961825811918,
    159.04961825811918,
    159.04961825811918
  ],
  "best_solution": {
    "id": "ga_gen0_2685",
    "instance_id": "synthetic_20c_60q_clustered4_s237343260",
    "algorithm": "ga_pure",
    "routes": [
      {
        "vehicle_id": 0,
        "customer_sequence": [
          16,
          17,
          18
        ],
        "total_demand": 56,
        "total_distance": 107.61775400442033
      },
      {
        "vehicle_id": 1,
        "customer_sequence": [
          6,
          8,
          7
        ],
        "total_demand": 37,
        "total_distance": 49.886794603092014
      },
      {
        "vehicle_id": 2,
        "customer_sequence": [
          19,
          9,
          20
        ],
        "total_demand": 58,
        "total_distance": 58.49139129636912
      },
      {
        "vehicle_id": 3,
        "customer_sequence": [
          13,
          15,
          10
        ],
        "total_demand": 60,
        "total_distance": 40.48390270750798
      },
      {
        "vehicle_id": 4,
        "customer_sequence": [
          5,
          14,
          2
        ],
        "total_demand": 44,
        "total_distance": 74.28812199542466
      },
      {
        "vehicle_id": 5,
        "customer_sequence": [
          11,
          12
        ],
        "total_demand": 38,
        "total_distance": 80.35027675931303
      },
      {
        "vehicle_id": 6,
        "customer_sequence": [
          4,
          3
        ],
        "total_demand": 53,
        "total_distance": 95.34750001628984
      },
      {
        "vehicle_id": 7,
        "customer_sequence": [
          1
        ],
        "total_demand": 25,
        "total_distance": 103.44708515005627
      }
    ],
    "total_cost": 159.04961825811918,
    "computation_time": 0.0,
    "is_valid": true,
    "convergence_history": null
  }
}