{
  "instance_id": "synthetic_100c_300q_clustered5_s2030798714",
  "instance_name": "Synthetic Clustered",
  "instance_size": 100,
  "configuration": "ga_pure",
  "agent_used": null,
  "replicate": 3,
  "seed": 2139296020,
  "initial_cost": 2917.2257500694272,
  "final_cost": 1512.589637090429,
  "improvement_gap": 48.14972282983479,
  "total_time": 10.745056867599487,
  "initialization_time": 0.13724231719970703,
  "evolution_time": 10.60781455039978,
  "generations_run": 100,
  "generations_to_convergence": null,
  "convergence_history": [
    2917.2257500694272,
    2842.073602168111,
    2811.3287582282965,
    2809.2836980197244,
    2688.3586750651803,
    2666.820194184493,
    2644.762529482226,
    2544.0584602182244,
    2544.0584602182244,
    2530.6138381137116,
    2472.743372174757,
    2472.743372174757,
    2463.340625992236,
    2401.3186969601256,
    2371.7085701145224,
    2346.5368921964287,
    2312.5705981628466,
    2282.9502119009603,
    2272.729815497705,
    2222.3281713404485,
    2222.3281713404485,
    2217.815335214181,
    2173.066430025323,
    2158.743576786129,
    2130.819025623742,
    2130.819025623742,
    2130.819025623742,
    2120.991134678423,
    2091.7109255164914,
    2091.7109255164914,
    2060.391047678865,
    2060.391047678865,
    2042.0546977587278,
    2035.6527803518193,
    2014.5561509045604,
    1990.3328484305175,
    1982.6325952860504,
    1955.7241059635749,
    1940.1616558197504,
    1935.8523347685486,
    1920.6587595149963,
    1900.6351047094822,
    1888.2797395397847,
    1881.031527176164,
    1881.031527176164,
    1866.9210967067693,
    1866.9210967067693,
    1860.3195806698584,
    1860.3195806698584,
    1856.1616576626766,
    1851.2176912532175,
    1849.5601416257657,
    1837.9548155069394,
    1820.8759038843652,
    1820.8759038843652,
    1789.950830465253,
    1789.1592093723502,
    1789.1592093723502,
    1764.3896212395937,
    1764.3896212395937,
    1758.0098825217628,
    1757.0170853993404,
    1749.2275155741272,
    1744.0296133127176,
    1744.0296133127176,
    1734.2276033483417,
    1734.2276033483417,
    1720.247334139296,
    1712.9291502354536,
    1712.9291502354536,
    1712.9291502354536,
    1712.9291502354536,
    1703.0275221529191,
    1703.0275221529191,
    1703.0275221529191,
    1703.0275221529191,
    1690.1758050936492,
    1690.1758050936492,
    1690.1758050936492,
    1690.1758050936492,
    1690.1758050936492,
    1672.4863271671948,
    1672.4863271671948,
    1672.4863271671948,
    1651.0690034638212,
    1646.10747113924,
    1624.6901474358665,
    1624.6901474358665,
    1624.4845939824258,
    1620.9177057995753,
    1612.746046329065,
    1608.9736046927737,
    1586.4063228723585,
    1586.4063228723585,
    1586.4063228723585,
    1586.4063228723585,
    1573.0945392584106,
    1545.4218675686666,
    1545.4218675686666,
    1533.477766461865,
    1512.589637090429
  ],
  "best_solution": {
    "id": "ga_gen0_7056",
    "instance_id": "synthetic_100c_300q_clustered5_s2030798714",
    "algorithm": "ga_pure",
    "routes": [
      {
        "vehicle_id": 0,
        "customer_sequence": [
          86,
          83,
          92,
          81,
          37,
          57,
          99,
          45,
          79,
          72,
          30,
          28,
          19,
          12,
          10
        ],
        "total_demand": 272,
        "total_distance": 304.0318482137299
      },
      {
        "vehicle_id": 1,
        "customer_sequence": [
          73,
          48,
          91,
          85,
          69,
          44,
          26,
          47,
          39,
          2,
          6,
          7,
          1,
          9,
          11,
          17,
          75,
          66,
          74
        ],
        "total_demand": 293,
        "total_distance": 389.41793563215197
      },
      {
        "vehicle_id": 2,
        "customer_sequence": [
          68,
          62,
          49,
          42,
          40,
          46,
          87,
          90,
          56,
          58,
          59,
          61,
          53,
          94,
          98,
          82
        ],
        "total_demand": 277,
        "total_distance": 271.4789537471329
      },
      {
        "vehicle_id": 3,
        "customer_sequence": [
          16,
          3,
          5,
          76,
          32,
          63,
          4,
          15,
          34,
          8,
          38,
          23,
          21,
          33,
          70,
          67,
          55
        ],
        "total_demand": 300,
        "total_distance": 330.6717923630785
      },
      {
        "vehicle_id": 4,
        "customer_sequence": [
          18,
          27,
          31,
          60,
          51,
          43,
          54,
          93,
          100,
          89,
          97,
          41,
          84,
          96,
          71
        ],
        "total_demand": 289,
        "total_distance": 274.1251965504833
      },
      {
        "vehicle_id": 5,
        "customer_sequence": [
          13,
          25,
          14,
          20,
          80,
          65,
          64,
          77,
          29,
          35,
          36,
          22,
          24,
          52,
          95,
          50,
          78
        ],
        "total_demand": 283,
        "total_distance": 264.06194485639867
      },
      {
        "vehicle_id": 6,
        "customer_sequence": [
          88
        ],
        "total_demand": 19,
        "total_distance": 58.12759822634844
      }
    ],
    "total_cost": 1512.589637090429,
    "computation_time": 0.0,
    "is_valid": true,
    "convergence_history": null
  }
}