{
  "instance_id": "synthetic_140c_490q_random_s1447092322",
  "instance_name": "Synthetic Random",
  "instance_size": 140,
  "configuration": "ga_pure",
  "agent_used": null,
  "replicate": 1,
  "seed": 580727338,
  "initial_cost": 7078.294883296825,
  "final_cost": 4147.906494705758,
  "improvement_gap": 41.3996370157751,
  "total_time": 20.713019847869873,
  "initialization_time": 0.25066471099853516,
  "evolution_time": 20.462355136871338,
  "generations_run": 100,
  "generations_to_convergence": null,
  "convergence_history": [
    7078.294883296825,
    6839.309562917825,
    6737.51106357669,
    6630.199796240502,
    6423.318269455926,
    6423.318269455926,
    6237.9337158363505,
    6237.9337158363505,
    6173.128140683163,
    6078.998626593999,
    6074.034441711732,
    6018.401966340347,
    5833.808278872614,
    5723.402953841441,
    5723.402953841441,
    5723.402953841441,
    5650.5662181900725,
    5650.5662181900725,
    5592.188181171601,
    5549.709746783327,
    5529.148995370901,
    5529.148995370901,
    5505.754589910516,
    5449.100579827754,
    5418.967104908139,
    5418.967104908139,
    5350.9856220601705,
    5350.9856220601705,
    5326.931659611197,
    5306.881115676932,
    5279.144972204347,
    5227.812315750873,
    5227.812315750873,
    5191.939994771085,
    5179.428185533073,
    5150.403821268915,
    5130.147674786086,
    5102.107433390121,
    5065.038864818663,
    5015.846709963359,
    4973.522312562877,
    4973.522312562877,
    4894.299185523743,
    4882.061865773854,
    4869.230456943637,
    4844.384003736059,
    4799.93562797643,
    4767.627750174039,
    4749.554419214452,
    4724.826096009433,
    4724.826096009433,
    4698.946692189953,
    4672.644957653436,
    4602.8891320576395,
    4602.8891320576395,
    4599.792193353954,
    4553.552428460116,
    4536.8667686912895,
    4530.2736018708965,
    4508.285283137551,
    4506.4740271236105,
    4471.881590668739,
    4471.881590668739,
    4470.208199214411,
    4453.545081056278,
    4425.1639407735465,
    4425.1639407735465,
    4396.174569070357,
    4393.85641374957,
    4363.933140066975,
    4353.543421929244,
    4353.543421929244,
    4353.543421929244,
    4339.638502538322,
    4333.596642659881,
    4323.799201707903,
    4306.826369313655,
    4306.826369313655,
    4286.719156198407,
    4253.90702297374,
    4253.90702297374,
    4253.90702297374,
    4253.90702297374,
    4253.90702297374,
    4253.90702297374,
    4226.902828032475,
    4226.902828032475,
    4226.615921058537,
    4199.611726117272,
    4199.611726117272,
    4197.903405825304,
    4197.903405825304,
    4171.336400820073,
    4159.293193401384,
    4159.293193401384,
    4159.293193401384,
    4150.964647373548,
    4148.6195331936715,
    4148.6195331936715,
    4147.906494705758,
    4147.906494705758
  ],
  "best_solution": {
    "id": "ga_gen0_8873",
    "instance_id": "synthetic_140c_490q_random_s1447092322",
    "algorithm": "ga_pure",
    "routes": [
      {
        "vehicle_id": 0,
        "customer_sequence": [
          104,
          1,
          62,
          92,
          56,
          84,
          65,
          12,
          111,
          121,
          90,
          41,
          53,
          29,
          31,
          18,
          97,
          102,
          9,
          93,
          8,
          82,
          107,
          7,
          55,
          106,
          39
        ],
        "total_demand": 488,
        "total_distance": 985.6286151646224
      },
      {
        "vehicle_id": 1,
        "customer_sequence": [
          100,
          16,
          44,
          60,
          122,
          138,
          46,
          127,
          124,
          128,
          48,
          131,
          21,
          98,
          64,
          75,
          34,
          119,
          103,
          132,
          15,
          27,
          47,
          17,
          22,
          114
        ],
        "total_demand": 472,
        "total_distance": 808.5474322191203
      },
      {
        "vehicle_id": 2,
        "customer_sequence": [
          72,
          87,
          5,
          37,
          13,
          43,
          51,
          109,
          73,
          120,
          88,
          94,
          49,
          108,
          58,
          123,
          10,
          6,
          59,
          77,
          23,
          38,
          35,
          40,
          25
        ],
        "total_demand": 473,
        "total_distance": 916.324978850164
      },
      {
        "vehicle_id": 3,
        "customer_sequence": [
          45,
          11,
          20,
          28,
          63,
          91,
          99,
          139,
          76,
          130,
          86,
          71,
          118,
          95,
          140,
          115,
          69,
          68,
          117,
          14,
          136,
          125,
          112,
          42,
          67,
          137,
          80,
          2,
          101,
          126
        ],
        "total_demand": 490,
        "total_distance": 929.8551763092255
      },
      {
        "vehicle_id": 4,
        "customer_sequence": [
          50,
          79,
          4,
          33,
          135,
          110,
          78,
          74,
          32,
          57,
          24,
          129,
          54,
          85,
          19,
          134,
          66,
          83,
          26,
          52,
          70,
          133,
          36,
          116,
          105
        ],
        "total_demand": 475,
        "total_distance": 786.7980528673095
      },
      {
        "vehicle_id": 5,
        "customer_sequence": [
          3,
          30,
          96,
          89,
          81,
          113,
          61
        ],
        "total_demand": 98,
        "total_distance": 290.27598667782956
      }
    ],
    "total_cost": 4147.906494705758,
    "computation_time": 0.0,
    "is_valid": true,
    "convergence_history": null
  }
}