{
  "instance_id": "synthetic_75c_281q_clustered5_s1295647397",
  "instance_name": "Synthetic Clustered",
  "instance_size": 75,
  "configuration": "ga_pure",
  "agent_used": null,
  "replicate": 5,
  "seed": 622989392,
  "initial_cost": 1602.3342808595085,
  "final_cost": 878.9230377634742,
  "improvement_gap": 45.14733609194138,
  "total_time": 4.9350197315216064,
  "initialization_time": 0.06162452697753906,
  "evolution_time": 4.873395204544067,
  "generations_run": 100,
  "generations_to_convergence": null,
  "convergence_history": [
    1602.3342808595085,
    1570.0275178692227,
    1503.9968760097122,
    1503.9968760097122,
    1477.2604706420639,
    1436.501742489574,
    1385.0059790200762,
    1385.0059790200762,
    1343.603728663253,
    1343.603728663253,
    1343.603728663253,
    1325.2238366917964,
    1325.2238366917964,
    1298.5552604901247,
    1242.6749194728866,
    1228.8348785329429,
    1222.0383961752034,
    1208.7061378358676,
    1208.7061378358676,
    1199.0242741238364,
    1184.1215609882029,
    1184.1215609882029,
    1184.1215609882029,
    1184.1215609882029,
    1171.6299537077748,
    1160.1851808872027,
    1150.713782292108,
    1150.713782292108,
    1146.889242289866,
    1146.889242289866,
    1126.6641683313846,
    1123.2728092448629,
    1118.632509270699,
    1106.306382736026,
    1094.2588949611627,
    1094.2588949611627,
    1094.2588949611627,
    1080.2655339097964,
    1073.242554906256,
    1073.242554906256,
    1059.2491938548897,
    1059.2491938548897,
    1051.2539395419963,
    1044.447689068706,
    1044.447689068706,
    1044.447689068706,
    1043.0837470254546,
    1037.26057849063,
    1016.0188198792185,
    1009.855814148801,
    1009.855814148801,
    1000.4633523981995,
    1000.4633523981995,
    1000.4633523981995,
    1000.4633523981995,
    1000.1733304863635,
    994.9101039965321,
    994.9101039965321,
    993.0513246730518,
    993.0513246730518,
    985.0288506026066,
    985.0288506026066,
    985.0288506026066,
    974.6245945529045,
    974.6245945529045,
    963.9914218799238,
    963.9914218799238,
    960.7524686058262,
    960.3047186781339,
    950.8592602568217,
    950.8592602568217,
    948.9673543141864,
    946.7479229901235,
    932.7634879570721,
    932.7634879570721,
    932.7634879570721,
    924.2756009880784,
    924.2756009880784,
    921.6564101933461,
    921.6564101933461,
    921.6564101933461,
    918.9339040964564,
    917.3139646530685,
    917.3139646530685,
    917.3139646530685,
    893.9756374943885,
    893.9756374943885,
    892.3556980510006,
    892.3556980510006,
    892.3556980510006,
    892.3556980510006,
    891.9836139784703,
    891.9836139784703,
    890.0093013650592,
    890.0093013650592,
    890.0093013650592,
    889.0117026895433,
    889.0117026895433,
    878.9230377634742,
    878.9230377634742,
    878.9230377634742
  ],
  "best_solution": {
    "id": "ga_gen0_3416",
    "instance_id": "synthetic_75c_281q_clustered5_s1295647397",
    "algorithm": "ga_pure",
    "routes": [
      {
        "vehicle_id": 0,
        "customer_sequence": [
          17,
          25,
          67,
          75,
          5,
          8,
          6,
          43,
          36,
          42,
          70,
          60,
          40,
          32,
          16,
          19
        ],
        "total_demand": 274,
        "total_distance": 244.7734788669219
      },
      {
        "vehicle_id": 1,
        "customer_sequence": [
          1,
          14,
          31,
          26,
          22,
          20,
          9,
          3,
          72,
          59,
          34,
          74,
          46,
          48
        ],
        "total_demand": 274,
        "total_distance": 215.00303840035974
      },
      {
        "vehicle_id": 2,
        "customer_sequence": [
          13,
          29,
          28,
          21,
          64,
          50,
          47,
          53,
          37,
          44,
          71,
          62,
          4,
          63,
          52,
          61
        ],
        "total_demand": 265,
        "total_distance": 225.12725122616172
      },
      {
        "vehicle_id": 3,
        "customer_sequence": [
          65,
          49,
          58,
          55,
          45,
          33,
          73,
          7,
          38,
          69,
          12,
          30,
          54,
          15,
          27,
          18,
          23
        ],
        "total_demand": 262,
        "total_distance": 258.21104312672844
      },
      {
        "vehicle_id": 4,
        "customer_sequence": [
          24,
          11,
          10,
          39,
          41,
          2,
          68,
          66,
          51,
          56,
          57,
          35
        ],
        "total_demand": 185,
        "total_distance": 173.28563666600655
      }
    ],
    "total_cost": 878.9230377634742,
    "computation_time": 0.0,
    "is_valid": true,
    "convergence_history": null
  }
}