{
  "instance_id": "synthetic_125c_437q_clustered6_s1304513617",
  "instance_name": "Synthetic Clustered",
  "instance_size": 125,
  "configuration": "ga_pure",
  "agent_used": null,
  "replicate": 2,
  "seed": 1180230211,
  "initial_cost": 3538.505884632688,
  "final_cost": 2108.2804801646234,
  "improvement_gap": 40.41890704998864,
  "total_time": 16.633662700653076,
  "initialization_time": 0.2054309844970703,
  "evolution_time": 16.428231716156006,
  "generations_run": 100,
  "generations_to_convergence": null,
  "convergence_history": [
    3538.505884632688,
    3538.505884632688,
    3538.505884632688,
    3538.505884632688,
    3457.734248579929,
    3457.734248579929,
    3450.8660993044728,
    3410.6032854424043,
    3388.215026540639,
    3374.164054124663,
    3367.923445409341,
    3360.339837134775,
    3320.6825097648307,
    3306.357350667463,
    3306.357350667463,
    3276.3286441641435,
    3258.7851055957876,
    3250.9202965597146,
    3218.1534724842654,
    3218.1534724842654,
    3187.471104204557,
    3187.471104204557,
    3159.4090673105957,
    3159.4090673105957,
    3115.0621131459243,
    3103.9480867152,
    3084.6542104083737,
    3084.6542104083737,
    3055.204814630083,
    3046.008825092096,
    3014.837609332324,
    2997.692648135596,
    2951.7806679066766,
    2938.3782079665402,
    2938.3782079665402,
    2908.7950901991053,
    2892.439112315393,
    2868.3950427434224,
    2839.4541090178077,
    2822.455947092275,
    2810.6773641272257,
    2792.632966044122,
    2753.55981271513,
    2714.1702757434286,
    2714.1702757434286,
    2714.1702757434286,
    2666.5658783050103,
    2662.495938665955,
    2642.969827108888,
    2608.3183005551177,
    2602.585118460058,
    2562.865962324248,
    2562.865962324248,
    2538.862128121847,
    2521.4341456231987,
    2521.4341456231987,
    2515.109953459962,
    2509.1375846226565,
    2492.3747157411394,
    2473.738533951658,
    2455.464982373428,
    2442.5751447094553,
    2442.5751447094553,
    2408.196324646782,
    2394.220555036614,
    2394.220555036614,
    2372.2172992472765,
    2361.1557336608644,
    2360.4325033177633,
    2357.518299294007,
    2353.4384169556183,
    2322.2109075398007,
    2319.650365236768,
    2316.5983734235106,
    2306.5525256157957,
    2300.386824830156,
    2299.0325172142475,
    2298.749017818851,
    2290.2361118002486,
    2248.3019039765045,
    2248.3019039765045,
    2248.3019039765045,
    2228.4692417997785,
    2228.4692417997785,
    2222.587040409536,
    2219.01514927516,
    2218.803902509713,
    2218.803902509713,
    2215.2320113753376,
    2215.2320113753376,
    2209.349809985095,
    2209.349809985095,
    2209.349809985095,
    2205.0263998569767,
    2151.977639999618,
    2151.977639999618,
    2148.1814857241598,
    2141.9585345051396,
    2135.7231233218417,
    2108.2804801646234,
    2108.2804801646234
  ],
  "best_solution": {
    "id": "ga_gen0_9035",
    "instance_id": "synthetic_125c_437q_clustered6_s1304513617",
    "algorithm": "ga_pure",
    "routes": [
      {
        "vehicle_id": 0,
        "customer_sequence": [
          34,
          36,
          123,
          27,
          125,
          37,
          109,
          67,
          14,
          101,
          28,
          61,
          106,
          69,
          68,
          76,
          104,
          62,
          93,
          94,
          88,
          57,
          92,
          42,
          8
        ],
        "total_demand": 422,
        "total_distance": 504.90001212818817
      },
      {
        "vehicle_id": 1,
        "customer_sequence": [
          121,
          18,
          118,
          40,
          102,
          99,
          91,
          86,
          81,
          47,
          58,
          51,
          59,
          90,
          84,
          19,
          80,
          70,
          29,
          38,
          21,
          108,
          107,
          113
        ],
        "total_demand": 425,
        "total_distance": 515.1485438788862
      },
      {
        "vehicle_id": 2,
        "customer_sequence": [
          3,
          23,
          112,
          100,
          111,
          20,
          49,
          60,
          116,
          16,
          31,
          22,
          35,
          39,
          25,
          66,
          9,
          95,
          52,
          83,
          82,
          87,
          124,
          50
        ],
        "total_demand": 429,
        "total_distance": 497.6828587588584
      },
      {
        "vehicle_id": 3,
        "customer_sequence": [
          74,
          13,
          78,
          72,
          24,
          33,
          6,
          77,
          10,
          119,
          96,
          53,
          7,
          11,
          17,
          4,
          15,
          43,
          79
        ],
        "total_demand": 435,
        "total_distance": 399.911328055433
      },
      {
        "vehicle_id": 4,
        "customer_sequence": [
          5,
          12,
          85,
          97,
          98,
          41,
          44,
          56,
          110,
          45,
          89,
          48,
          122,
          1,
          30,
          71,
          73,
          63,
          64,
          105,
          120,
          114,
          115,
          26
        ],
        "total_demand": 432,
        "total_distance": 348.2940774845364
      },
      {
        "vehicle_id": 5,
        "customer_sequence": [
          55,
          54,
          46,
          103,
          117,
          32,
          75,
          65,
          2
        ],
        "total_demand": 180,
        "total_distance": 215.55938766734587
      }
    ],
    "total_cost": 2108.2804801646234,
    "computation_time": 0.0,
    "is_valid": true,
    "convergence_history": null
  }
}