{
  "instance_id": "synthetic_150c_525q_random_s232021832",
  "instance_name": "Synthetic Random",
  "instance_size": 150,
  "configuration": "ga_pure",
  "agent_used": null,
  "replicate": 2,
  "seed": 1232762182,
  "initial_cost": 7150.145662900439,
  "final_cost": 4073.6599606066407,
  "improvement_gap": 43.02689549748039,
  "total_time": 23.575090169906616,
  "initialization_time": 0.27565765380859375,
  "evolution_time": 23.299432516098022,
  "generations_run": 100,
  "generations_to_convergence": null,
  "convergence_history": [
    7150.145662900439,
    6760.874994090944,
    6726.639821423911,
    6615.877856339596,
    6482.801144509837,
    6279.121364241513,
    6146.466122099645,
    6142.974732031222,
    5954.41756095994,
    5947.612384453034,
    5920.482895175612,
    5833.40915542575,
    5823.214424923919,
    5759.079087778844,
    5691.054815104351,
    5550.198701761071,
    5550.198701761071,
    5550.198701761071,
    5431.021685982267,
    5431.021685982267,
    5431.021685982267,
    5428.46974826283,
    5422.441422354445,
    5419.8894846350095,
    5373.9733625460285,
    5322.918693069172,
    5321.861001878726,
    5308.754483574496,
    5267.801751366953,
    5244.657539166255,
    5244.657539166255,
    5230.7382979334,
    5185.814639188264,
    5180.935692579289,
    5133.429087513658,
    5128.550140904685,
    5078.312145811438,
    5075.979092747593,
    5061.794964631021,
    5018.8227062656115,
    5018.8227062656115,
    5002.3073783731215,
    4960.491628034882,
    4960.491628034882,
    4937.17679102663,
    4920.158117200757,
    4874.3043578875895,
    4831.348386800314,
    4804.9812531945745,
    4788.264750546542,
    4788.264750546542,
    4772.82456334273,
    4754.602386082336,
    4754.602386082336,
    4722.445696230491,
    4719.346697203452,
    4653.94848482175,
    4603.971447542567,
    4567.8311507314365,
    4567.8311507314365,
    4567.8311507314365,
    4554.535557696437,
    4550.776384275133,
    4540.593877593271,
    4530.335381885698,
    4501.36496831363,
    4474.385337334249,
    4468.904790286353,
    4414.489247652003,
    4404.482377203117,
    4388.538303654019,
    4380.84507198305,
    4366.918993622632,
    4366.918993622632,
    4335.100856285634,
    4321.1747779252155,
    4321.1747779252155,
    4321.1747779252155,
    4321.1747779252155,
    4295.125257311192,
    4295.125257311192,
    4295.125257311192,
    4295.125257311192,
    4283.1725908124035,
    4257.12307019838,
    4219.878935858565,
    4211.088760172538,
    4211.088760172538,
    4195.466246850435,
    4195.466246850435,
    4173.969161712396,
    4132.793314234418,
    4132.793314234418,
    4132.793314234418,
    4116.689186906236,
    4116.4127272735095,
    4084.6860866232237,
    4084.6860866232237,
    4079.5891587864608,
    4073.6599606066407,
    4073.6599606066407
  ],
  "best_solution": {
    "id": "ga_gen0_4090",
    "instance_id": "synthetic_150c_525q_random_s232021832",
    "algorithm": "ga_pure",
    "routes": [
      {
        "vehicle_id": 0,
        "customer_sequence": [
          149,
          69,
          95,
          82,
          42,
          18,
          72,
          115,
          22,
          97,
          130,
          3,
          26,
          142,
          105,
          75,
          32,
          20,
          144,
          2,
          137,
          49,
          89,
          110,
          62,
          10,
          116,
          45,
          21,
          46,
          99,
          8
        ],
        "total_demand": 518,
        "total_distance": 1000.0617472569759
      },
      {
        "vehicle_id": 1,
        "customer_sequence": [
          136,
          39,
          133,
          146,
          67,
          28,
          112,
          88,
          16,
          34,
          98,
          86,
          81,
          1,
          31,
          83,
          55,
          100,
          77,
          4,
          87,
          57,
          118,
          120,
          78,
          85,
          121,
          80,
          143,
          129
        ],
        "total_demand": 501,
        "total_distance": 785.3368229380848
      },
      {
        "vehicle_id": 2,
        "customer_sequence": [
          63,
          122,
          59,
          58,
          29,
          111,
          135,
          52,
          70,
          19,
          140,
          44,
          150,
          104,
          113,
          102,
          101,
          24,
          147,
          37,
          114,
          107,
          12,
          23,
          40,
          9,
          13,
          124,
          125,
          43,
          148
        ],
        "total_demand": 517,
        "total_distance": 973.9758087476911
      },
      {
        "vehicle_id": 3,
        "customer_sequence": [
          64,
          53,
          134,
          139,
          66,
          5,
          76,
          68,
          108,
          27,
          127,
          117,
          73,
          79,
          106,
          71,
          132,
          138,
          123,
          14,
          41,
          90,
          93,
          84,
          91,
          17,
          119,
          33,
          74,
          131
        ],
        "total_demand": 521,
        "total_distance": 968.4140651168955
      },
      {
        "vehicle_id": 4,
        "customer_sequence": [
          11,
          47,
          7,
          94,
          25,
          141,
          65,
          126,
          30,
          51,
          128,
          15,
          35,
          109,
          61,
          96,
          6,
          145,
          60,
          36,
          54,
          38,
          56,
          103,
          92,
          50,
          48
        ],
        "total_demand": 459,
        "total_distance": 748.2439353683661
      }
    ],
    "total_cost": 4073.6599606066407,
    "computation_time": 0.0,
    "is_valid": true,
    "convergence_history": null
  }
}