{
  "instance_id": "synthetic_20c_60q_random_s651100647",
  "instance_name": "Synthetic Random",
  "instance_size": 20,
  "configuration": "ga_pure",
  "agent_used": null,
  "replicate": 1,
  "seed": 1250855457,
  "initial_cost": 530.4231302751696,
  "final_cost": 295.72233244489837,
  "improvement_gap": 44.247843737228166,
  "total_time": 0.3994460105895996,
  "initialization_time": 0.005218029022216797,
  "evolution_time": 0.3942279815673828,
  "generations_run": 100,
  "generations_to_convergence": 10,
  "convergence_history": [
    530.4231302751696,
    425.4908037845632,
    425.4908037845632,
    412.77412891864753,
    380.86814239401014,
    380.86814239401014,
    344.76508746082317,
    344.76508746082317,
    313.20199136191144,
    313.20199136191144,
    295.72233244489837,
    295.72233244489837,
    295.72233244489837,
    295.72233244489837,
    295.72233244489837,
    295.72233244489837,
    295.72233244489837,
    295.72233244489837,
    295.72233244489837,
    295.72233244489837,
    295.72233244489837,
    295.72233244489837,
    295.72233244489837,
    295.72233244489837,
    295.72233244489837,
    295.72233244489837,
    295.72233244489837,
    295.72233244489837,
    295.72233244489837,
    295.72233244489837,
    295.72233244489837,
    295.72233244489837,
    295.72233244489837,
    295.72233244489837,
    295.72233244489837,
    295.72233244489837,
    295.72233244489837,
    295.72233244489837,
    295.72233244489837,
    295.72233244489837,
    295.72233244489837,
    295.72233244489837,
    295.72233244489837,
    295.72233244489837,
    295.72233244489837,
    295.72233244489837,
    295.72233244489837,
    295.72233244489837,
    295.72233244489837,
    295.72233244489837,
    295.72233244489837,
    295.72233244489837,
    295.72233244489837,
    295.72233244489837,
    295.72233244489837,
    295.72233244489837,
    295.72233244489837,
    295.72233244489837,
    295.72233244489837,
    295.72233244489837,
    295.72233244489837,
    295.72233244489837,
    295.72233244489837,
    295.72233244489837,
    295.72233244489837,
    295.72233244489837,
    295.72233244489837,
    295.72233244489837,
    295.72233244489837,
    295.72233244489837,
    295.72233244489837,
    295.72233244489837,
    295.72233244489837,
    295.72233244489837,
    295.72233244489837,
    295.72233244489837,
    295.72233244489837,
    295.72233244489837,
    295.72233244489837,
    295.72233244489837,
    295.72233244489837,
    295.72233244489837,
    295.72233244489837,
    295.72233244489837,
    295.72233244489837,
    295.72233244489837,
    295.72233244489837,
    295.72233244489837,
    295.72233244489837,
    295.72233244489837,
    295.72233244489837,
    295.72233244489837,
    295.72233244489837,
    295.72233244489837,
    295.72233244489837,
    295.72233244489837,
    295.72233244489837,
    295.72233244489837,
    295.72233244489837,
    295.72233244489837,
    295.72233244489837
  ],
  "best_solution": {
    "id": "ga_gen0_3226",
    "instance_id": "synthetic_20c_60q_random_s651100647",
    "algorithm": "ga_pure",
    "routes": [
      {
        "vehicle_id": 0,
        "customer_sequence": [
          2,
          3
        ],
        "total_demand": 34,
        "total_distance": 131.03098901276607
      },
      {
        "vehicle_id": 1,
        "customer_sequence": [
          1,
          20,
          10
        ],
        "total_demand": 48,
        "total_distance": 134.83087766743944
      },
      {
        "vehicle_id": 2,
        "customer_sequence": [
          19,
          18
        ],
        "total_demand": 44,
        "total_distance": 105.92546196144725
      },
      {
        "vehicle_id": 3,
        "customer_sequence": [
          8,
          15,
          14,
          7
        ],
        "total_demand": 58,
        "total_distance": 159.15319327537887
      },
      {
        "vehicle_id": 4,
        "customer_sequence": [
          17,
          6,
          11
        ],
        "total_demand": 42,
        "total_distance": 111.59396749534297
      },
      {
        "vehicle_id": 5,
        "customer_sequence": [
          13,
          16
        ],
        "total_demand": 39,
        "total_distance": 71.32320489859924
      },
      {
        "vehicle_id": 6,
        "customer_sequence": [
          4,
          12,
          5
        ],
        "total_demand": 59,
        "total_distance": 140.30713858920566
      },
      {
        "vehicle_id": 7,
        "customer_sequence": [
          9
        ],
        "total_demand": 28,
        "total_distance": 49.71586522264775
      }
    ],
    "total_cost": 295.72233244489837,
    "computation_time": 0.0,
    "is_valid": true,
    "convergence_history": null
  }
}