{
  "instance_id": "synthetic_125c_437q_random_s1134366121",
  "instance_name": "Synthetic Random",
  "instance_size": 125,
  "configuration": "ga_pure",
  "agent_used": null,
  "replicate": 1,
  "seed": 412926144,
  "initial_cost": 5468.477429386078,
  "final_cost": 3348.3521224704814,
  "improvement_gap": 38.769937963401524,
  "total_time": 16.777355909347534,
  "initialization_time": 0.20570158958435059,
  "evolution_time": 16.571654319763184,
  "generations_run": 100,
  "generations_to_convergence": null,
  "convergence_history": [
    5468.477429386078,
    5468.477429386078,
    5302.9985601754715,
    5260.271523076586,
    5260.271523076586,
    5240.683721006518,
    5208.420990132557,
    5131.648619118664,
    5044.819079893884,
    5044.819079893884,
    5015.0321212394765,
    4962.229356075598,
    4962.229356075598,
    4926.953205769935,
    4881.651770160304,
    4852.4119396431315,
    4834.409333887688,
    4762.622316789421,
    4719.029751356026,
    4686.372121065908,
    4654.711239988955,
    4644.565722280468,
    4644.565722280468,
    4635.385418554525,
    4591.896967087943,
    4573.399871529664,
    4533.079509784031,
    4458.443924355427,
    4403.710521492567,
    4403.710521492567,
    4369.538873171643,
    4336.20198820328,
    4316.682702861623,
    4316.682702861623,
    4278.999098253744,
    4261.540980042552,
    4228.33262908419,
    4218.095936249852,
    4153.535777793043,
    4140.022381974921,
    4124.607575411659,
    4124.607575411659,
    4124.607575411659,
    4106.065389497013,
    4094.5656406457274,
    4074.7237237544987,
    4074.7237237544987,
    4043.520082463486,
    4041.7599245839237,
    4040.1765901828176,
    4040.1765901828176,
    4022.3587038690684,
    4022.3587038690684,
    3968.376152447614,
    3968.376152447614,
    3940.4869075867327,
    3916.159764533958,
    3916.159764533958,
    3916.159764533958,
    3909.7169084062807,
    3906.0841867760055,
    3901.0214331855377,
    3888.2262475619673,
    3878.150669804015,
    3866.1146427435033,
    3852.5206344557555,
    3835.365403666112,
    3778.0024450613237,
    3778.0024450613237,
    3742.354762433428,
    3738.0329010288215,
    3712.459062785244,
    3671.9996971428372,
    3616.137428704167,
    3606.4563148667576,
    3606.4563148667576,
    3606.4563148667576,
    3584.1364606454886,
    3584.1364606454886,
    3584.1364606454886,
    3575.4498118011784,
    3565.429260614829,
    3565.429260614829,
    3539.5429168927017,
    3539.5429168927017,
    3539.5429168927017,
    3530.8562680483915,
    3528.2078410089603,
    3528.2078410089603,
    3487.3111565795557,
    3487.3111565795557,
    3475.8852053683954,
    3475.8852053683954,
    3459.5773152284305,
    3454.3239454316877,
    3427.3955377804837,
    3427.3955377804837,
    3405.0781779324857,
    3394.164610922116,
    3386.41645396131,
    3348.3521224704814
  ],
  "best_solution": {
    "id": "ga_gen0_4575",
    "instance_id": "synthetic_125c_437q_random_s1134366121",
    "algorithm": "ga_pure",
    "routes": [
      {
        "vehicle_id": 0,
        "customer_sequence": [
          30,
          12,
          99,
          85,
          31,
          103,
          105,
          13,
          124,
          64,
          22,
          4,
          94,
          121,
          77,
          101,
          82,
          35,
          41,
          65,
          102,
          109,
          89,
          6,
          48
        ],
        "total_demand": 425,
        "total_distance": 774.9229037601112
      },
      {
        "vehicle_id": 1,
        "customer_sequence": [
          17,
          68,
          58,
          78,
          25,
          80,
          32,
          46,
          81,
          16,
          88,
          59,
          74,
          93,
          47,
          96,
          95,
          122,
          55,
          28,
          9,
          33,
          8,
          61,
          49
        ],
        "total_demand": 414,
        "total_distance": 792.2043781717931
      },
      {
        "vehicle_id": 2,
        "customer_sequence": [
          3,
          123,
          23,
          66,
          38,
          5,
          21,
          36,
          115,
          113,
          34,
          14,
          73,
          116,
          112,
          67,
          90,
          40,
          83,
          100,
          75,
          50,
          37
        ],
        "total_demand": 433,
        "total_distance": 631.5589482603973
      },
      {
        "vehicle_id": 3,
        "customer_sequence": [
          11,
          26,
          52,
          24,
          111,
          45,
          1,
          106,
          79,
          18,
          70,
          29,
          118,
          60,
          110,
          86,
          120,
          107,
          2,
          117,
          98,
          44,
          119
        ],
        "total_demand": 417,
        "total_distance": 632.2935540155719
      },
      {
        "vehicle_id": 4,
        "customer_sequence": [
          20,
          97,
          114,
          76,
          84,
          57,
          63,
          39,
          54,
          87,
          56,
          71,
          19,
          91,
          69,
          7,
          15,
          104,
          108,
          43,
          92
        ],
        "total_demand": 437,
        "total_distance": 713.6801981101505
      },
      {
        "vehicle_id": 5,
        "customer_sequence": [
          42,
          10,
          53,
          51,
          62,
          72,
          125,
          27
        ],
        "total_demand": 134,
        "total_distance": 308.76353949276375
      }
    ],
    "total_cost": 3348.3521224704814,
    "computation_time": 0.0,
    "is_valid": true,
    "convergence_history": null
  }
}