{
  "instance_id": "synthetic_90c_337q_random_s429643669",
  "instance_name": "Synthetic Random",
  "instance_size": 90,
  "configuration": "ga_pure",
  "agent_used": null,
  "replicate": 1,
  "seed": 607765177,
  "initial_cost": 3920.1077649347526,
  "final_cost": 2188.33392580925,
  "improvement_gap": 44.176689595530206,
  "total_time": 8.82870888710022,
  "initialization_time": 0.10015511512756348,
  "evolution_time": 8.728553771972656,
  "generations_run": 100,
  "generations_to_convergence": null,
  "convergence_history": [
    3920.1077649347526,
    3914.1317105384305,
    3844.313225727929,
    3734.562426988603,
    3734.562426988603,
    3730.6686611086725,
    3607.6980386897303,
    3562.477846681105,
    3498.472773792941,
    3435.88471123181,
    3435.88471123181,
    3316.9766521815,
    3302.4892449597305,
    3302.4892449597305,
    3297.936953792505,
    3255.325389436386,
    3255.325389436386,
    3231.927225680276,
    3186.9651034810518,
    3186.9651034810518,
    3166.3180154608463,
    3120.860707211053,
    3043.4331090209425,
    3043.4331090209425,
    3043.4331090209425,
    3002.010910099053,
    3002.010910099053,
    3002.010910099053,
    2988.88764082559,
    2988.88764082559,
    2975.344983602159,
    2946.8556733230985,
    2930.3426900609197,
    2916.8000328374887,
    2903.676763564026,
    2903.676763564026,
    2893.154320175634,
    2888.3257849781794,
    2880.213539875296,
    2880.213539875296,
    2863.1494346436516,
    2860.848203445945,
    2830.819028379575,
    2807.0808757964774,
    2799.6532162918634,
    2761.7123938149334,
    2756.090671578205,
    2739.5842283744296,
    2706.623797044918,
    2706.623797044918,
    2668.738945959885,
    2647.562639354138,
    2626.0875439603806,
    2597.4586279855453,
    2529.854446042845,
    2529.854446042845,
    2477.585113207418,
    2470.2931736348924,
    2470.2931736348924,
    2430.699774903748,
    2408.841368576509,
    2408.841368576509,
    2402.3641638753693,
    2398.399679007338,
    2394.8617009669124,
    2393.4093459365477,
    2384.8487358921,
    2382.9676563673765,
    2367.9298416217894,
    2358.9750236829677,
    2358.9750236829677,
    2358.9750236829677,
    2341.460129666702,
    2341.460129666702,
    2341.460129666702,
    2341.460129666702,
    2310.559275591762,
    2310.559275591762,
    2307.8988894308195,
    2307.8988894308195,
    2273.2913569275124,
    2273.2913569275124,
    2270.63097076657,
    2270.63097076657,
    2270.63097076657,
    2268.2130999098104,
    2268.2130999098104,
    2268.2130999098104,
    2268.2130999098104,
    2242.0109793798174,
    2242.0109793798174,
    2241.6027243536228,
    2241.6027243536228,
    2224.3165791765605,
    2223.908324150366,
    2223.908324150366,
    2223.908324150366,
    2223.908324150366,
    2213.2049463878875,
    2213.2049463878875,
    2188.33392580925
  ],
  "best_solution": {
    "id": "ga_gen0_4947",
    "instance_id": "synthetic_90c_337q_random_s429643669",
    "algorithm": "ga_pure",
    "routes": [
      {
        "vehicle_id": 0,
        "customer_sequence": [
          46,
          85,
          21,
          12,
          16,
          14,
          23,
          8,
          43,
          35,
          56,
          88,
          89,
          72,
          29,
          6,
          27
        ],
        "total_demand": 317,
        "total_distance": 566.9466718949774
      },
      {
        "vehicle_id": 1,
        "customer_sequence": [
          59,
          67,
          15,
          62,
          63,
          38,
          53,
          7,
          90,
          26,
          55,
          28,
          66,
          60,
          32,
          45,
          81,
          33,
          86,
          61,
          30,
          57,
          17
        ],
        "total_demand": 336,
        "total_distance": 590.8570680473971
      },
      {
        "vehicle_id": 2,
        "customer_sequence": [
          65,
          34,
          71,
          75,
          84,
          49,
          77,
          31,
          13,
          76,
          70,
          52,
          58,
          54,
          2,
          39,
          4
        ],
        "total_demand": 332,
        "total_distance": 551.0435341079822
      },
      {
        "vehicle_id": 3,
        "customer_sequence": [
          40,
          20,
          78,
          11,
          19,
          44,
          3,
          5,
          37,
          24,
          41,
          50,
          69,
          47,
          1,
          73,
          22,
          79,
          9,
          51
        ],
        "total_demand": 327,
        "total_distance": 535.1368290648993
      },
      {
        "vehicle_id": 4,
        "customer_sequence": [
          82,
          87,
          74,
          10,
          36,
          64,
          42,
          83,
          48,
          25,
          68,
          80,
          18
        ],
        "total_demand": 269,
        "total_distance": 421.33506535759807
      }
    ],
    "total_cost": 2188.33392580925,
    "computation_time": 0.0,
    "is_valid": true,
    "convergence_history": null
  }
}