{
  "instance_id": "synthetic_75c_281q_clustered5_s445961326",
  "instance_name": "Synthetic Clustered",
  "instance_size": 75,
  "configuration": "ga_pure",
  "agent_used": null,
  "replicate": 3,
  "seed": 1645396891,
  "initial_cost": 1872.9883856037031,
  "final_cost": 992.1825798466854,
  "improvement_gap": 47.026762820695,
  "total_time": 4.82114839553833,
  "initialization_time": 0.05229496955871582,
  "evolution_time": 4.768853425979614,
  "generations_run": 100,
  "generations_to_convergence": null,
  "convergence_history": [
    1872.9883856037031,
    1798.5182039276601,
    1770.1202907579711,
    1763.9905026023619,
    1733.135046434863,
    1633.6574036905938,
    1633.6574036905938,
    1622.9998745557218,
    1527.4795323811984,
    1527.4795323811984,
    1527.4795323811984,
    1498.6057572907696,
    1452.7351057129117,
    1426.9932608140386,
    1417.0603923173264,
    1401.0529896349087,
    1401.0529896349087,
    1381.3950374043302,
    1373.043466422034,
    1347.6858808606662,
    1312.4986590228743,
    1312.4986590228743,
    1312.4986590228743,
    1292.972825817308,
    1280.4083799074813,
    1273.577909806231,
    1263.896068839666,
    1253.4357013697556,
    1245.8514583672231,
    1231.0097797946223,
    1224.4069841204707,
    1209.7019312197333,
    1180.701649119654,
    1180.701649119654,
    1180.701649119654,
    1180.701649119654,
    1180.701649119654,
    1161.6970574414902,
    1161.6970574414902,
    1161.6970574414902,
    1143.4182009762549,
    1124.4136092980912,
    1120.3251556550472,
    1120.3251556550472,
    1104.4065396072172,
    1100.7993224494808,
    1095.6482140295032,
    1091.5597603864592,
    1071.5526906955852,
    1071.5526906955852,
    1061.354361594367,
    1061.354361594367,
    1052.8978948285594,
    1052.8978948285594,
    1049.5474200389388,
    1049.2298943445087,
    1049.2298943445087,
    1049.2298943445087,
    1047.6232931789827,
    1047.6232931789827,
    1047.6232931789827,
    1041.7429786187383,
    1035.6067676649823,
    1028.1198519392117,
    1028.1198519392117,
    1026.5798019163922,
    1026.5798019163922,
    1024.719595520436,
    1024.719595520436,
    1015.8546253675623,
    1015.8546253675623,
    1012.4543689487866,
    1012.4543689487866,
    1012.4543689487866,
    1012.4543689487866,
    1007.7507566725327,
    1007.7507566725327,
    1007.7507566725327,
    1007.7507566725327,
    1007.7507566725327,
    1007.7507566725327,
    1004.0915312299849,
    1001.9899037733379,
    1001.9899037733379,
    1001.9899037733379,
    1001.934977992108,
    998.33067833079,
    998.33067833079,
    998.33067833079,
    998.33067833079,
    998.33067833079,
    998.33067833079,
    993.0588679278154,
    993.0588679278154,
    993.0588679278154,
    993.0342623554087,
    993.0342623554087,
    992.831727565636,
    992.8071219932292,
    992.4097202088648,
    992.1825798466854
  ],
  "best_solution": {
    "id": "ga_gen0_4910",
    "instance_id": "synthetic_75c_281q_clustered5_s445961326",
    "algorithm": "ga_pure",
    "routes": [
      {
        "vehicle_id": 0,
        "customer_sequence": [
          46,
          62,
          75,
          26,
          29,
          27,
          18,
          42,
          71,
          72,
          63,
          43,
          5,
          40,
          31,
          59,
          44,
          2
        ],
        "total_demand": 264,
        "total_distance": 339.4284996499598
      },
      {
        "vehicle_id": 1,
        "customer_sequence": [
          61,
          48,
          70,
          50,
          39,
          36,
          51,
          52,
          7,
          6,
          55,
          1,
          12,
          3
        ],
        "total_demand": 273,
        "total_distance": 173.623554938406
      },
      {
        "vehicle_id": 2,
        "customer_sequence": [
          37,
          13,
          67,
          8,
          10,
          9,
          32,
          56,
          38,
          57,
          64,
          41,
          47,
          45
        ],
        "total_demand": 279,
        "total_distance": 196.98288638721266
      },
      {
        "vehicle_id": 3,
        "customer_sequence": [
          21,
          16,
          30,
          19,
          20,
          4,
          15,
          60,
          69,
          33,
          34,
          66,
          68,
          53,
          22,
          23
        ],
        "total_demand": 267,
        "total_distance": 298.58370060636054
      },
      {
        "vehicle_id": 4,
        "customer_sequence": [
          17,
          24,
          25,
          28,
          74,
          14,
          54,
          58,
          65,
          73,
          49,
          35,
          11
        ],
        "total_demand": 258,
        "total_distance": 285.13707731248496
      }
    ],
    "total_cost": 992.1825798466854,
    "computation_time": 0.0,
    "is_valid": true,
    "convergence_history": null
  }
}