{
  "instance_id": "synthetic_75c_281q_clustered5_s259384487",
  "instance_name": "Synthetic Clustered",
  "instance_size": 75,
  "configuration": "ga_pure",
  "agent_used": null,
  "replicate": 4,
  "seed": 1205401045,
  "initial_cost": 1927.277452109379,
  "final_cost": 859.0223659689427,
  "improvement_gap": 55.42819405536269,
  "total_time": 4.839428901672363,
  "initialization_time": 0.06251192092895508,
  "evolution_time": 4.776916980743408,
  "generations_run": 100,
  "generations_to_convergence": null,
  "convergence_history": [
    1927.277452109379,
    1858.9907983946705,
    1858.2564006455027,
    1715.617996830936,
    1715.617996830936,
    1669.8056672615044,
    1669.8056672615044,
    1650.5208459597065,
    1646.653822503626,
    1640.0404553385454,
    1553.757271653852,
    1553.757271653852,
    1553.5606464309196,
    1533.718724660343,
    1533.4168604583979,
    1528.1756593475484,
    1498.0826583539215,
    1477.0806684964398,
    1477.0806684964398,
    1441.6412274129507,
    1429.5017961688,
    1410.705174102006,
    1407.0959666470123,
    1394.5193586784253,
    1384.0900551232096,
    1351.4615628751205,
    1297.7048092932816,
    1297.7048092932816,
    1293.949307874447,
    1293.949307874447,
    1293.949307874447,
    1290.2663854150412,
    1279.3282698779856,
    1279.3282698779856,
    1270.6283465302783,
    1268.2668991318835,
    1250.547347803236,
    1242.5366929392596,
    1233.9262827872633,
    1220.9006269542842,
    1209.4196694372138,
    1196.3940136042347,
    1196.3940136042347,
    1196.3940136042347,
    1196.3940136042347,
    1195.8492772443637,
    1189.885371120268,
    1189.340634760397,
    1189.340634760397,
    1174.750844467081,
    1172.6391420212572,
    1166.43629528964,
    1164.3245928438164,
    1162.3002941002949,
    1149.1900661906293,
    1145.054065001284,
    1145.054065001284,
    1144.9853620921488,
    1144.9708232582423,
    1096.2050796894687,
    1096.2050796894687,
    1094.112078036812,
    1078.3208754065424,
    1049.7959541714047,
    1049.7959541714047,
    1044.1761905697153,
    1001.0804228096197,
    998.9874211569628,
    955.353564253692,
    955.353564253692,
    947.2270492133995,
    947.0558500084741,
    941.0223366208385,
    941.0223366208385,
    938.611218340248,
    930.8513210106864,
    930.8513210106864,
    915.0527861560929,
    906.9747721985977,
    906.9747721985977,
    903.0012762499257,
    903.0012762499257,
    900.3694256462709,
    900.3694256462709,
    896.3959296975988,
    896.3959296975988,
    894.5831661181176,
    879.1171886053819,
    879.1171886053819,
    874.3477175433134,
    874.3477175433134,
    871.8124581172657,
    869.6243192204781,
    869.6243192204781,
    868.9018233739117,
    867.0890597944305,
    867.0890597944305,
    862.6827518027281,
    862.6827518027281,
    860.8699882232469,
    859.0223659689427
  ],
  "best_solution": {
    "id": "ga_gen0_1682",
    "instance_id": "synthetic_75c_281q_clustered5_s259384487",
    "algorithm": "ga_pure",
    "routes": [
      {
        "vehicle_id": 0,
        "customer_sequence": [
          44,
          38,
          46,
          40,
          23,
          69,
          71,
          1,
          72,
          20,
          5,
          6,
          21,
          16
        ],
        "total_demand": 264,
        "total_distance": 234.3769033913925
      },
      {
        "vehicle_id": 1,
        "customer_sequence": [
          29,
          27,
          3,
          10,
          4,
          64,
          52,
          73,
          37,
          41,
          45,
          39,
          54,
          48,
          49,
          55
        ],
        "total_demand": 270,
        "total_distance": 249.65961784003457
      },
      {
        "vehicle_id": 2,
        "customer_sequence": [
          25,
          14,
          2,
          17,
          26,
          65,
          8,
          62,
          33,
          35,
          57,
          50,
          58,
          51,
          56,
          53,
          59,
          47
        ],
        "total_demand": 277,
        "total_distance": 296.8708195162594
      },
      {
        "vehicle_id": 3,
        "customer_sequence": [
          43,
          60,
          31,
          42,
          32,
          34,
          70,
          63,
          24,
          74,
          7,
          68,
          19,
          30,
          22,
          66,
          36
        ],
        "total_demand": 279,
        "total_distance": 253.3818641313121
      },
      {
        "vehicle_id": 4,
        "customer_sequence": [
          61,
          67,
          75,
          28,
          13,
          9,
          18,
          15,
          11,
          12
        ],
        "total_demand": 219,
        "total_distance": 114.94950665782511
      }
    ],
    "total_cost": 859.0223659689427,
    "computation_time": 0.0,
    "is_valid": true,
    "convergence_history": null
  }
}