{
  "instance_id": "synthetic_60c_300q_random_s204422348",
  "instance_name": "Synthetic Random",
  "instance_size": 60,
  "configuration": "ga_pure",
  "agent_used": null,
  "replicate": 4,
  "seed": 1187037371,
  "initial_cost": 2416.253873826191,
  "final_cost": 1235.0920850511602,
  "improvement_gap": 48.88401014354651,
  "total_time": 4.163944244384766,
  "initialization_time": 0.055234670639038086,
  "evolution_time": 4.1087095737457275,
  "generations_run": 100,
  "generations_to_convergence": null,
  "convergence_history": [
    2416.253873826191,
    2416.253873826191,
    2318.4201582211194,
    2217.1341102606134,
    2217.1341102606134,
    2161.303193216145,
    2161.303193216145,
    2050.483324260788,
    2050.483324260788,
    2016.9735822812052,
    1961.2812989986464,
    1957.331415919049,
    1903.4102305618076,
    1870.8765576415344,
    1844.6023196532733,
    1844.6023196532733,
    1819.4044950613686,
    1819.4044950613686,
    1776.8697687983406,
    1776.8697687983406,
    1748.934395166857,
    1747.6580409750586,
    1709.7721734815902,
    1703.9309495431044,
    1677.1244748222787,
    1677.1244748222787,
    1622.2420471358314,
    1622.2420471358314,
    1604.785668646852,
    1599.5468776045245,
    1591.2009784556667,
    1582.0904991155453,
    1571.4662650161454,
    1571.2281629238926,
    1560.6039288244926,
    1560.2528172976529,
    1537.582998683933,
    1531.4100913306345,
    1531.0589798037947,
    1507.1082670125754,
    1498.8764076962038,
    1483.6965031937025,
    1476.4120769587942,
    1453.3911468182343,
    1435.8592418709832,
    1417.020489415188,
    1417.020489415188,
    1417.020489415188,
    1385.9267004681842,
    1385.9267004681842,
    1365.01447328887,
    1358.8135059551914,
    1358.8135059551914,
    1333.1884792246265,
    1333.1884792246265,
    1309.1524488900309,
    1309.1524488900309,
    1309.1524488900309,
    1307.6260559928064,
    1307.6260559928064,
    1307.6260559928064,
    1307.6260559928064,
    1307.6260559928064,
    1307.6260559928064,
    1304.930017857842,
    1304.930017857842,
    1304.930017857842,
    1300.1848888967288,
    1300.1848888967288,
    1300.1848888967288,
    1300.1848888967288,
    1293.5565010846194,
    1293.5565010846194,
    1293.5565010846194,
    1293.5565010846194,
    1293.5565010846194,
    1293.5565010846194,
    1293.5565010846194,
    1285.5687706233948,
    1285.5687706233948,
    1285.5687706233948,
    1285.5687706233948,
    1285.5687706233948,
    1285.5687706233948,
    1285.5687706233948,
    1285.5687706233948,
    1285.5687706233948,
    1285.5687706233948,
    1285.5687706233948,
    1285.2220429189247,
    1267.5600665987295,
    1267.5600665987295,
    1267.5600665987295,
    1235.0920850511602,
    1235.0920850511602,
    1235.0920850511602,
    1235.0920850511602,
    1235.0920850511602,
    1235.0920850511602,
    1235.0920850511602,
    1235.0920850511602
  ],
  "best_solution": {
    "id": "ga_gen0_8627",
    "instance_id": "synthetic_60c_300q_random_s204422348",
    "algorithm": "ga_pure",
    "routes": [
      {
        "vehicle_id": 0,
        "customer_sequence": [
          13,
          50,
          42,
          21,
          22,
          8,
          15,
          46,
          3,
          45,
          18,
          60,
          26,
          16,
          52,
          27
        ],
        "total_demand": 289,
        "total_distance": 385.97792600811056
      },
      {
        "vehicle_id": 1,
        "customer_sequence": [
          51,
          48,
          41,
          58,
          30,
          28,
          29,
          11,
          37,
          9,
          56,
          14,
          24
        ],
        "total_demand": 297,
        "total_distance": 410.6706934013264
      },
      {
        "vehicle_id": 2,
        "customer_sequence": [
          44,
          10,
          1,
          36,
          32,
          53,
          47,
          5,
          7,
          2,
          34,
          33,
          38,
          4,
          31,
          20,
          12,
          55
        ],
        "total_demand": 300,
        "total_distance": 464.01751752529236
      },
      {
        "vehicle_id": 3,
        "customer_sequence": [
          19,
          59,
          39,
          54,
          43,
          49,
          40,
          35,
          25,
          57,
          17,
          23,
          6
        ],
        "total_demand": 194,
        "total_distance": 237.96142948902892
      }
    ],
    "total_cost": 1235.0920850511602,
    "computation_time": 0.0,
    "is_valid": true,
    "convergence_history": null
  }
}