{
  "instance_id": "synthetic_140c_490q_random_s158679892",
  "instance_name": "Synthetic Random",
  "instance_size": 140,
  "configuration": "ga_pure",
  "agent_used": null,
  "replicate": 3,
  "seed": 1147990056,
  "initial_cost": 6545.1073805971255,
  "final_cost": 3893.9053707737216,
  "improvement_gap": 40.506623583943835,
  "total_time": 20.596651554107666,
  "initialization_time": 0.2435009479522705,
  "evolution_time": 20.353150606155396,
  "generations_run": 100,
  "generations_to_convergence": null,
  "convergence_history": [
    6545.1073805971255,
    6545.1073805971255,
    6545.1073805971255,
    6413.868815051521,
    6413.868815051521,
    6413.868815051521,
    6266.982896787612,
    6184.770211569279,
    6029.9832272554095,
    6029.9832272554095,
    5878.704340095522,
    5859.391058678998,
    5859.391058678998,
    5760.296388438419,
    5698.271098950911,
    5698.271098950911,
    5519.022698499853,
    5519.022698499853,
    5519.022698499853,
    5519.022698499853,
    5505.9535480933855,
    5398.592975258078,
    5387.654223275812,
    5366.418248235325,
    5322.886248699102,
    5298.797845621288,
    5241.9784331562505,
    5230.0898451277835,
    5208.0191648125765,
    5145.893104310521,
    5145.893104310521,
    5117.153315217506,
    5045.102334611513,
    5045.102334611513,
    5011.984056147446,
    4970.246089484684,
    4927.308057916921,
    4887.520670675047,
    4875.93446532367,
    4875.93446532367,
    4826.989460616348,
    4818.6866310020705,
    4800.140017716391,
    4765.301459940177,
    4749.299823475308,
    4744.741280971384,
    4705.413225744663,
    4682.13330945538,
    4682.033088588647,
    4669.337362033228,
    4669.337362033228,
    4653.577916867646,
    4653.577916867646,
    4621.179893018435,
    4621.179893018435,
    4610.507875210039,
    4592.724721297435,
    4551.053015093114,
    4519.275775202645,
    4519.275775202645,
    4478.162849628557,
    4478.162849628557,
    4453.99756980921,
    4453.99756980921,
    4422.762037529371,
    4422.762037529371,
    4383.4900634615615,
    4383.4900634615615,
    4377.483360461751,
    4377.483360461751,
    4338.21138639394,
    4336.761175791269,
    4335.2363983773785,
    4303.795400889,
    4303.795400889,
    4199.616749418282,
    4199.616749418282,
    4159.188696588558,
    4159.188696588558,
    4142.111826763581,
    4105.842895383211,
    4077.776903264344,
    4077.776903264344,
    4055.55416205981,
    4032.6367573918587,
    4032.6367573918587,
    4032.6367573918587,
    4000.492734416076,
    4000.492734416076,
    3996.897228201413,
    3973.3524665801683,
    3973.3524665801683,
    3973.3524665801683,
    3967.41261679199,
    3937.758252038165,
    3937.758252038165,
    3926.187238781831,
    3914.6311088596017,
    3903.0600956032677,
    3896.972063806207,
    3893.9053707737216
  ],
  "best_solution": {
    "id": "ga_gen0_8843",
    "instance_id": "synthetic_140c_490q_random_s158679892",
    "algorithm": "ga_pure",
    "routes": [
      {
        "vehicle_id": 0,
        "customer_sequence": [
          64,
          65,
          7,
          83,
          39,
          106,
          120,
          137,
          136,
          44,
          140,
          24,
          123,
          112,
          96,
          61,
          31,
          81,
          98,
          12,
          5,
          99,
          9,
          124,
          32,
          60,
          86,
          36,
          34
        ],
        "total_demand": 480,
        "total_distance": 949.1871427340858
      },
      {
        "vehicle_id": 1,
        "customer_sequence": [
          48,
          70,
          38,
          13,
          119,
          94,
          135,
          79,
          17,
          42,
          25,
          95,
          8,
          63,
          139,
          92,
          73,
          56,
          115,
          88,
          129,
          111,
          117,
          21,
          80,
          116,
          100,
          6
        ],
        "total_demand": 485,
        "total_distance": 801.723593944178
      },
      {
        "vehicle_id": 2,
        "customer_sequence": [
          104,
          18,
          58,
          45,
          43,
          35,
          118,
          23,
          1,
          132,
          53,
          62,
          69,
          127,
          102,
          103,
          85,
          10,
          11,
          33,
          67,
          28,
          78,
          90,
          41,
          15,
          84
        ],
        "total_demand": 488,
        "total_distance": 938.4176540483988
      },
      {
        "vehicle_id": 3,
        "customer_sequence": [
          52,
          91,
          89,
          71,
          49,
          130,
          77,
          138,
          97,
          29,
          26,
          4,
          114,
          113,
          122,
          2,
          125,
          55,
          50,
          105,
          72,
          126,
          27,
          121,
          20
        ],
        "total_demand": 463,
        "total_distance": 855.9001493724305
      },
      {
        "vehicle_id": 4,
        "customer_sequence": [
          131,
          57,
          22,
          101,
          51,
          16,
          40,
          134,
          46,
          87,
          19,
          82,
          75,
          108,
          66,
          54,
          109,
          76,
          47,
          107,
          37,
          59,
          3,
          110,
          30
        ],
        "total_demand": 474,
        "total_distance": 705.5898272560712
      },
      {
        "vehicle_id": 5,
        "customer_sequence": [
          128,
          93,
          133,
          14,
          68,
          74
        ],
        "total_demand": 111,
        "total_distance": 239.96587311849046
      }
    ],
    "total_cost": 3893.9053707737216,
    "computation_time": 0.0,
    "is_valid": true,
    "convergence_history": null
  }
}