{
  "instance_id": "synthetic_75c_281q_random_s455467924",
  "instance_name": "Synthetic Random",
  "instance_size": 75,
  "configuration": "ga_pure",
  "agent_used": null,
  "replicate": 1,
  "seed": 366730932,
  "initial_cost": 3127.636568879005,
  "final_cost": 1657.0745074461227,
  "improvement_gap": 47.018316516229866,
  "total_time": 6.092423915863037,
  "initialization_time": 0.08291459083557129,
  "evolution_time": 6.009509325027466,
  "generations_run": 100,
  "generations_to_convergence": null,
  "convergence_history": [
    3127.636568879005,
    3019.121932783432,
    3019.121932783432,
    2896.9194748785,
    2865.455209923478,
    2765.5299700727724,
    2765.5299700727724,
    2597.4832837538393,
    2566.2012970095716,
    2566.2012970095716,
    2566.2012970095716,
    2566.2012970095716,
    2533.8619096833495,
    2466.841837393756,
    2437.147903351243,
    2437.147903351243,
    2417.7734192276316,
    2417.7734192276316,
    2355.079090765116,
    2328.6084577358,
    2324.568112340154,
    2290.007032949266,
    2251.764841748829,
    2251.764841748829,
    2251.764841748829,
    2217.260352523246,
    2213.6881051814325,
    2182.196744294981,
    2156.289070071073,
    2156.289070071073,
    2156.289070071073,
    2147.139533188753,
    2135.037702079297,
    2135.037702079297,
    2135.037702079297,
    2114.725730243417,
    2114.725730243417,
    2103.2091622287603,
    2100.352139573188,
    2094.209271330475,
    2092.834014542686,
    2082.8730386599364,
    2069.053692679909,
    2069.053692679909,
    2045.748745929085,
    2045.748745929085,
    2025.2322870161431,
    2001.5862223242227,
    1996.7548689683447,
    1971.930875900033,
    1971.930875900033,
    1939.0650893432596,
    1939.0650893432596,
    1914.8899431892694,
    1899.6133702137902,
    1899.6133702137902,
    1894.7515913682194,
    1886.6733559786023,
    1864.6167381575494,
    1864.6167381575494,
    1864.4064846137032,
    1841.1630487064024,
    1841.1630487064024,
    1841.1630487064024,
    1835.6162243006884,
    1826.6229814090418,
    1821.015289472184,
    1813.7079078422,
    1808.916450946227,
    1799.681937965841,
    1799.681937965841,
    1799.681937965841,
    1798.8904131675706,
    1798.8904131675706,
    1785.7297438533785,
    1785.7297438533785,
    1785.7297438533785,
    1758.930103621405,
    1758.930103621405,
    1751.5541566136428,
    1751.5541566136428,
    1751.5541566136428,
    1751.5541566136428,
    1738.5572483922085,
    1738.5572483922085,
    1738.5572483922085,
    1738.5572483922085,
    1702.588543941088,
    1702.588543941088,
    1680.5195370822764,
    1680.5195370822764,
    1680.5195370822764,
    1668.1916435430048,
    1668.1916435430048,
    1664.143678865067,
    1664.143678865067,
    1664.143678865067,
    1658.4874737876414,
    1658.4874737876414,
    1658.4874737876414,
    1657.0745074461227
  ],
  "best_solution": {
    "id": "ga_gen0_8609",
    "instance_id": "synthetic_75c_281q_random_s455467924",
    "algorithm": "ga_pure",
    "routes": [
      {
        "vehicle_id": 0,
        "customer_sequence": [
          43,
          61,
          5,
          33,
          59,
          45,
          35,
          60,
          3,
          40,
          62,
          11,
          66,
          69,
          44,
          56,
          42
        ],
        "total_demand": 257,
        "total_distance": 457.4832378208815
      },
      {
        "vehicle_id": 1,
        "customer_sequence": [
          65,
          64,
          48,
          28,
          38,
          22,
          53,
          17,
          72,
          73,
          18,
          30,
          75,
          2,
          6,
          54
        ],
        "total_demand": 275,
        "total_distance": 323.0471974863342
      },
      {
        "vehicle_id": 2,
        "customer_sequence": [
          8,
          4,
          19,
          20,
          26,
          58,
          25,
          15,
          47,
          13,
          16,
          34,
          41,
          31,
          21,
          57,
          27,
          49,
          12
        ],
        "total_demand": 280,
        "total_distance": 582.5720068753756
      },
      {
        "vehicle_id": 3,
        "customer_sequence": [
          46,
          50,
          24,
          39,
          37,
          10,
          55,
          14,
          36,
          1,
          74,
          71,
          9,
          32,
          52,
          70
        ],
        "total_demand": 275,
        "total_distance": 437.83341458233764
      },
      {
        "vehicle_id": 4,
        "customer_sequence": [
          29,
          23,
          7,
          67,
          63,
          68,
          51
        ],
        "total_demand": 150,
        "total_distance": 211.36896804573058
      }
    ],
    "total_cost": 1657.0745074461227,
    "computation_time": 0.0,
    "is_valid": true,
    "convergence_history": null
  }
}