{
  "instance_id": "synthetic_60c_300q_clustered5_s1602549446",
  "instance_name": "Synthetic Clustered",
  "instance_size": 60,
  "configuration": "ga_pure",
  "agent_used": null,
  "replicate": 2,
  "seed": 748595076,
  "initial_cost": 1758.9192106011199,
  "final_cost": 866.6528653466976,
  "improvement_gap": 50.72810279611908,
  "total_time": 3.054220676422119,
  "initialization_time": 0.036895036697387695,
  "evolution_time": 3.0173256397247314,
  "generations_run": 100,
  "generations_to_convergence": null,
  "convergence_history": [
    1758.9192106011199,
    1717.1533549846006,
    1689.531798735772,
    1655.6631059110805,
    1621.6811344226041,
    1602.2696056459813,
    1511.4169164008254,
    1511.4169164008254,
    1511.4169164008254,
    1511.4169164008254,
    1459.1344827176413,
    1433.867476867217,
    1433.867476867217,
    1433.867476867217,
    1433.867476867217,
    1410.046725377241,
    1350.8454659213628,
    1350.8454659213628,
    1336.6597374995386,
    1315.6882334454963,
    1315.6882334454963,
    1243.663443412163,
    1243.663443412163,
    1219.7191803895066,
    1219.7191803895066,
    1196.550168837055,
    1196.550168837055,
    1167.898688604026,
    1164.2834966906655,
    1162.7964367947245,
    1145.218870290675,
    1145.218870290675,
    1136.0979165622982,
    1136.0979165622982,
    1125.3359445911897,
    1102.522323704844,
    1102.522323704844,
    1102.522323704844,
    1102.522323704844,
    1086.275926091933,
    1034.515032272314,
    1034.515032272314,
    1034.515032272314,
    1034.515032272314,
    1032.6738604366612,
    1009.5445425118262,
    1009.5445425118262,
    1009.5445425118262,
    1000.9585608370976,
    988.6133451682585,
    980.02736349353,
    980.02736349353,
    973.7718013841304,
    973.7718013841304,
    970.7500798245085,
    960.2959194766563,
    960.2959194766563,
    957.2741979170344,
    957.2741979170344,
    957.2741979170344,
    957.2741979170344,
    951.5318105327101,
    951.5318105327101,
    951.5318105327101,
    945.5390576867103,
    937.969857643031,
    937.969857643031,
    937.969857643031,
    937.969857643031,
    937.969857643031,
    910.757704734867,
    910.757704734867,
    909.91533129144,
    909.91533129144,
    900.5950904613389,
    900.5950904613389,
    894.4168427610616,
    894.4168427610616,
    890.6406697613411,
    886.746278298981,
    886.746278298981,
    881.7389582194933,
    881.7389582194933,
    881.7389582194933,
    881.7389582194933,
    881.7389582194933,
    881.7389582194933,
    881.7389582194933,
    879.6250194932566,
    879.6250194932566,
    879.6250194932566,
    878.9004396279416,
    878.9004396279416,
    876.786500901705,
    868.9153042022735,
    868.9153042022735,
    868.9153042022735,
    868.9153042022735,
    868.9153042022735,
    868.9153042022735,
    866.6528653466976
  ],
  "best_solution": {
    "id": "ga_gen0_7748",
    "instance_id": "synthetic_60c_300q_clustered5_s1602549446",
    "algorithm": "ga_pure",
    "routes": [
      {
        "vehicle_id": 0,
        "customer_sequence": [
          49,
          27,
          26,
          35,
          22,
          43,
          48,
          6,
          2,
          41,
          14,
          21,
          19,
          17,
          20,
          34
        ],
        "total_demand": 279,
        "total_distance": 309.30986933822487
      },
      {
        "vehicle_id": 1,
        "customer_sequence": [
          12,
          10,
          3,
          8,
          45,
          23,
          15,
          39,
          13,
          60,
          52,
          58,
          51,
          57,
          53
        ],
        "total_demand": 272,
        "total_distance": 313.17654272143255
      },
      {
        "vehicle_id": 2,
        "customer_sequence": [
          9,
          18,
          33,
          40,
          37,
          46,
          44,
          4,
          1,
          11,
          5,
          47,
          24,
          42,
          55,
          30
        ],
        "total_demand": 285,
        "total_distance": 339.8430517412596
      },
      {
        "vehicle_id": 3,
        "customer_sequence": [
          25,
          28,
          36,
          59,
          56,
          50,
          29,
          31,
          54,
          32,
          16,
          38,
          7
        ],
        "total_demand": 228,
        "total_distance": 214.18482868686175
      }
    ],
    "total_cost": 866.6528653466976,
    "computation_time": 0.0,
    "is_valid": true,
    "convergence_history": null
  }
}