{
  "instance_id": "synthetic_110c_481q_clustered6_s447877095",
  "instance_name": "Synthetic Clustered",
  "instance_size": 110,
  "configuration": "ga_pure",
  "agent_used": null,
  "replicate": 5,
  "seed": 1344507725,
  "initial_cost": 3871.928402736128,
  "final_cost": 2155.8217124819075,
  "improvement_gap": 44.321756803186766,
  "total_time": 13.16230034828186,
  "initialization_time": 0.1506938934326172,
  "evolution_time": 13.011606454849243,
  "generations_run": 100,
  "generations_to_convergence": null,
  "convergence_history": [
    3871.928402736128,
    3808.832857353754,
    3690.8319905692415,
    3635.769279504975,
    3550.0536969457007,
    3550.0536969457007,
    3331.192427774725,
    3295.9537324064854,
    3295.9537324064854,
    3265.9369010727983,
    3213.9338433745584,
    3213.9338433745584,
    3146.065389197619,
    3104.8810478037135,
    3104.8810478037135,
    3104.8810478037135,
    3078.7363229028556,
    3061.7019426689426,
    3060.2410182284684,
    3028.723099706948,
    2955.2420539676136,
    2955.2420539676136,
    2936.0049219982475,
    2936.0049219982475,
    2936.0049219982475,
    2933.9919849825396,
    2912.6159291486515,
    2910.6029921329437,
    2893.5893785561684,
    2883.804531773794,
    2883.804531773794,
    2883.804531773794,
    2860.168168227032,
    2860.168168227032,
    2860.168168227032,
    2860.168168227032,
    2858.1477445532437,
    2826.7227225634597,
    2810.7907618145477,
    2748.469480403027,
    2748.469480403027,
    2748.469480403027,
    2735.0721641810064,
    2715.0240347394556,
    2715.0240347394556,
    2698.472347863181,
    2672.0116016168195,
    2672.0116016168195,
    2655.459914740545,
    2626.310232384942,
    2626.310232384942,
    2626.310232384942,
    2626.310232384942,
    2606.564145750788,
    2585.282568840871,
    2516.6499729135544,
    2512.7731930879036,
    2507.536666927792,
    2450.265006519159,
    2446.388226693508,
    2446.388226693508,
    2446.388226693508,
    2420.934810525092,
    2412.0794415829305,
    2412.0794415829305,
    2412.0794415829305,
    2382.8835227743375,
    2379.8480909379377,
    2352.0343437469237,
    2352.0343437469237,
    2352.0343437469237,
    2345.9458036663336,
    2345.9458036663336,
    2345.915255329951,
    2325.8398910449478,
    2325.8398910449478,
    2315.1416887431587,
    2315.1416887431587,
    2315.1416887431587,
    2252.342693515254,
    2252.342693515254,
    2252.342693515254,
    2252.342693515254,
    2228.380296624779,
    2228.380296624779,
    2228.380296624779,
    2221.0971872292744,
    2219.4619699634077,
    2219.4619699634077,
    2212.178860567903,
    2212.178860567903,
    2212.178860567903,
    2212.178860567903,
    2200.3292055884426,
    2200.3292055884426,
    2189.6265983008134,
    2189.6265983008134,
    2170.203154175909,
    2165.549396087335,
    2155.8217124819075,
    2155.8217124819075
  ],
  "best_solution": {
    "id": "ga_gen0_8759",
    "instance_id": "synthetic_110c_481q_clustered6_s447877095",
    "algorithm": "ga_pure",
    "routes": [
      {
        "vehicle_id": 0,
        "customer_sequence": [
          100,
          93,
          31,
          56,
          66,
          67,
          55,
          10,
          85,
          107,
          96,
          83,
          89,
          97,
          108,
          74,
          81,
          84,
          20,
          3,
          60,
          34,
          73,
          48,
          54,
          98
        ],
        "total_demand": 473,
        "total_distance": 594.9110638372558
      },
      {
        "vehicle_id": 1,
        "customer_sequence": [
          5,
          17,
          11,
          36,
          28,
          64,
          23,
          6,
          2,
          7,
          53,
          42,
          47,
          52,
          49,
          45,
          41,
          37,
          104,
          13,
          8,
          26,
          65,
          25,
          27,
          12,
          9,
          110
        ],
        "total_demand": 478,
        "total_distance": 659.4185170048904
      },
      {
        "vehicle_id": 2,
        "customer_sequence": [
          101,
          50,
          51,
          14,
          82,
          106,
          4,
          40,
          76,
          87,
          77,
          102,
          91,
          99,
          103,
          18,
          35,
          70,
          22,
          75,
          90,
          24,
          61,
          62,
          63,
          15,
          109,
          68,
          69
        ],
        "total_demand": 462,
        "total_distance": 683.8928354682585
      },
      {
        "vehicle_id": 3,
        "customer_sequence": [
          43,
          92,
          86,
          80,
          32,
          30,
          21,
          33,
          19,
          71,
          72,
          58,
          29,
          59,
          57,
          16,
          1,
          88,
          79,
          94,
          44,
          95,
          39,
          78,
          46,
          38
        ],
        "total_demand": 473,
        "total_distance": 500.9374283034996
      },
      {
        "vehicle_id": 4,
        "customer_sequence": [
          105
        ],
        "total_demand": 10,
        "total_distance": 89.78138533287162
      }
    ],
    "total_cost": 2155.8217124819075,
    "computation_time": 0.0,
    "is_valid": true,
    "convergence_history": null
  }
}