{
  "instance_id": "synthetic_110c_481q_random_s1543721749",
  "instance_name": "Synthetic Random",
  "instance_size": 110,
  "configuration": "ga_pure",
  "agent_used": null,
  "replicate": 1,
  "seed": 1342645575,
  "initial_cost": 4923.125910731071,
  "final_cost": 2615.2437379039666,
  "improvement_gap": 46.87839016663277,
  "total_time": 12.995527744293213,
  "initialization_time": 0.1464071273803711,
  "evolution_time": 12.849120616912842,
  "generations_run": 100,
  "generations_to_convergence": null,
  "convergence_history": [
    4923.125910731071,
    4923.125910731071,
    4756.0275284525915,
    4756.0275284525915,
    4623.674114053627,
    4614.804824615508,
    4585.113762606554,
    4571.333022897533,
    4540.391933165541,
    4391.950345371171,
    4391.950345371171,
    4391.950345371171,
    4385.1286366880595,
    4273.725491038156,
    4273.725491038156,
    4241.282229227585,
    4157.222240863097,
    4157.222240863097,
    4061.125337527288,
    4043.7876641624807,
    3987.293102029118,
    3925.1508695744296,
    3925.1508695744296,
    3893.0599085453555,
    3862.865960103605,
    3823.831679205598,
    3808.8360524473255,
    3802.2198357334373,
    3785.3177374326738,
    3755.1237889909235,
    3735.7460234401415,
    3735.7460234401415,
    3712.7902953984594,
    3708.294375751425,
    3675.3578190801686,
    3675.3578190801686,
    3670.861899433134,
    3658.310093636728,
    3633.6415507515867,
    3621.2916954747016,
    3621.2916954747016,
    3598.2828104254436,
    3530.58414687494,
    3530.58414687494,
    3523.5089202264953,
    3504.1701338899743,
    3469.769159213111,
    3454.8561504490126,
    3418.31527045056,
    3404.1075219072104,
    3375.0566494169475,
    3345.7336688671976,
    3335.583968410089,
    3282.166574950147,
    3266.3764440199716,
    3190.4221310279854,
    3185.363464133818,
    3179.414013188022,
    3177.7660751545523,
    3145.755926195848,
    3145.755926195848,
    3106.3760050663714,
    3092.3589220337,
    3074.3658561076672,
    3058.196824226472,
    3050.0408263104932,
    3037.8472209871243,
    3037.8472209871243,
    3037.8472209871243,
    3010.9718628164437,
    2993.1885486512933,
    2941.0379469997083,
    2941.0379469997083,
    2941.0379469997083,
    2933.141999780074,
    2919.1629694861704,
    2892.49615892575,
    2892.49615892575,
    2870.3520275710807,
    2870.3520275710807,
    2824.068038947763,
    2787.366413459914,
    2774.9292528245633,
    2774.9292528245633,
    2768.5061247426866,
    2737.9720815796263,
    2737.9720815796263,
    2721.499911664402,
    2721.499911664402,
    2684.542740419465,
    2684.542740419465,
    2684.542740419465,
    2632.616943341078,
    2632.616943341078,
    2616.1214038658113,
    2616.1214038658113,
    2616.1214038658113,
    2616.1214038658113,
    2615.2437379039666,
    2615.2437379039666,
    2615.2437379039666
  ],
  "best_solution": {
    "id": "ga_gen0_9026",
    "instance_id": "synthetic_110c_481q_random_s1543721749",
    "algorithm": "ga_pure",
    "routes": [
      {
        "vehicle_id": 0,
        "customer_sequence": [
          87,
          63,
          47,
          40,
          100,
          59,
          39,
          15,
          108,
          92,
          98,
          16,
          7,
          71,
          81,
          22,
          52,
          105,
          73,
          23,
          9,
          84,
          53,
          26
        ],
        "total_demand": 471,
        "total_distance": 678.7906534695476
      },
      {
        "vehicle_id": 1,
        "customer_sequence": [
          13,
          25,
          50,
          67,
          41,
          77,
          10,
          49,
          65,
          106,
          28,
          1,
          18,
          14,
          51,
          12,
          110,
          76,
          102,
          90,
          57,
          5,
          69,
          43,
          88,
          54
        ],
        "total_demand": 461,
        "total_distance": 658.4233649873499
      },
      {
        "vehicle_id": 2,
        "customer_sequence": [
          83,
          82,
          36,
          61,
          2,
          101,
          79,
          95,
          35,
          96,
          78,
          103,
          89,
          48,
          94,
          72,
          85,
          104,
          17,
          55,
          93,
          34,
          30,
          42,
          56,
          38,
          64
        ],
        "total_demand": 465,
        "total_distance": 701.9750354105571
      },
      {
        "vehicle_id": 3,
        "customer_sequence": [
          24,
          107,
          74,
          46,
          20,
          44,
          75,
          66,
          45,
          37,
          58,
          19,
          86,
          3,
          80,
          8,
          29,
          21,
          60,
          62,
          109,
          99,
          31,
          91,
          11,
          97,
          27,
          70,
          6,
          33,
          32,
          68
        ],
        "total_demand": 461,
        "total_distance": 866.9041472571906
      },
      {
        "vehicle_id": 4,
        "customer_sequence": [
          4
        ],
        "total_demand": 26,
        "total_distance": 106.19520428246155
      }
    ],
    "total_cost": 2615.2437379039666,
    "computation_time": 0.0,
    "is_valid": true,
    "convergence_history": null
  }
}