{
  "instance_id": "synthetic_30c_90q_clustered4_s1077838830",
  "instance_name": "Synthetic Clustered",
  "instance_size": 30,
  "configuration": "ga_pure",
  "agent_used": null,
  "replicate": 2,
  "seed": 1336689513,
  "initial_cost": 495.82047523013574,
  "final_cost": 398.90535926632754,
  "improvement_gap": 19.5464126242114,
  "total_time": 1.0610907077789307,
  "initialization_time": 0.012180805206298828,
  "evolution_time": 1.0489099025726318,
  "generations_run": 100,
  "generations_to_convergence": 27,
  "convergence_history": [
    495.82047523013574,
    495.82047523013574,
    495.82047523013574,
    495.82047523013574,
    480.5007343394842,
    477.5834945937724,
    477.5834945937724,
    459.2931247866838,
    442.91324874430705,
    442.1289176058953,
    442.1289176058953,
    434.69871036815704,
    428.99772638080174,
    428.0860870666777,
    426.8662986631307,
    426.8662986631307,
    424.095656158289,
    417.1988354912895,
    412.29676526877665,
    412.29676526877665,
    407.03099093611013,
    407.03099093611013,
    407.03099093611013,
    407.03099093611013,
    399.46428741304635,
    399.46428741304635,
    399.46428741304635,
    398.90535926632754,
    398.90535926632754,
    398.90535926632754,
    398.90535926632754,
    398.90535926632754,
    398.90535926632754,
    398.90535926632754,
    398.90535926632754,
    398.90535926632754,
    398.90535926632754,
    398.90535926632754,
    398.90535926632754,
    398.90535926632754,
    398.90535926632754,
    398.90535926632754,
    398.90535926632754,
    398.90535926632754,
    398.90535926632754,
    398.90535926632754,
    398.90535926632754,
    398.90535926632754,
    398.90535926632754,
    398.90535926632754,
    398.90535926632754,
    398.90535926632754,
    398.90535926632754,
    398.90535926632754,
    398.90535926632754,
    398.90535926632754,
    398.90535926632754,
    398.90535926632754,
    398.90535926632754,
    398.90535926632754,
    398.90535926632754,
    398.90535926632754,
    398.90535926632754,
    398.90535926632754,
    398.90535926632754,
    398.90535926632754,
    398.90535926632754,
    398.90535926632754,
    398.90535926632754,
    398.90535926632754,
    398.90535926632754,
    398.90535926632754,
    398.90535926632754,
    398.90535926632754,
    398.90535926632754,
    398.90535926632754,
    398.90535926632754,
    398.90535926632754,
    398.90535926632754,
    398.90535926632754,
    398.90535926632754,
    398.90535926632754,
    398.90535926632754,
    398.90535926632754,
    398.90535926632754,
    398.90535926632754,
    398.90535926632754,
    398.90535926632754,
    398.90535926632754,
    398.90535926632754,
    398.90535926632754,
    398.90535926632754,
    398.90535926632754,
    398.90535926632754,
    398.90535926632754,
    398.90535926632754,
    398.90535926632754,
    398.90535926632754,
    398.90535926632754,
    398.90535926632754,
    398.90535926632754
  ],
  "best_solution": {
    "id": "ga_gen0_7907",
    "instance_id": "synthetic_30c_90q_clustered4_s1077838830",
    "algorithm": "ga_pure",
    "routes": [
      {
        "vehicle_id": 0,
        "customer_sequence": [
          6,
          21,
          17,
          25,
          23
        ],
        "total_demand": 77,
        "total_distance": 168.75204488250148
      },
      {
        "vehicle_id": 1,
        "customer_sequence": [
          4,
          2,
          5,
          16
        ],
        "total_demand": 71,
        "total_distance": 134.8278384191856
      },
      {
        "vehicle_id": 2,
        "customer_sequence": [
          28,
          24,
          30,
          22
        ],
        "total_demand": 86,
        "total_distance": 101.57379722508267
      },
      {
        "vehicle_id": 3,
        "customer_sequence": [
          18,
          26,
          10,
          14,
          3
        ],
        "total_demand": 68,
        "total_distance": 53.9376060039611
      },
      {
        "vehicle_id": 4,
        "customer_sequence": [
          15,
          11,
          8,
          9,
          19,
          20
        ],
        "total_demand": 79,
        "total_distance": 130.27631090870415
      },
      {
        "vehicle_id": 5,
        "customer_sequence": [
          27,
          12,
          13,
          7
        ],
        "total_demand": 82,
        "total_distance": 104.33844482101954
      },
      {
        "vehicle_id": 6,
        "customer_sequence": [
          29,
          1
        ],
        "total_demand": 34,
        "total_distance": 91.45462341285618
      }
    ],
    "total_cost": 398.90535926632754,
    "computation_time": 0.0,
    "is_valid": true,
    "convergence_history": null
  }
}