{
  "instance_id": "synthetic_125c_437q_random_s730903354",
  "instance_name": "Synthetic Random",
  "instance_size": 125,
  "configuration": "ga_pure",
  "agent_used": null,
  "replicate": 4,
  "seed": 1348715870,
  "initial_cost": 5734.718923727124,
  "final_cost": 2868.0609715989813,
  "improvement_gap": 49.987767321384894,
  "total_time": 17.07299280166626,
  "initialization_time": 0.19890904426574707,
  "evolution_time": 16.874083757400513,
  "generations_run": 100,
  "generations_to_convergence": null,
  "convergence_history": [
    5734.718923727124,
    5655.305518933088,
    5381.448838271193,
    5285.092277632473,
    5225.837339418151,
    5130.0746159964965,
    5093.358237348209,
    5037.063870532465,
    4869.503750679043,
    4869.503750679043,
    4797.113962228094,
    4762.010799495691,
    4758.5688657068185,
    4697.562239267999,
    4673.801853719876,
    4640.209741200726,
    4611.252200196618,
    4590.914053206191,
    4454.319982922675,
    4398.241793568016,
    4322.821766324563,
    4322.821766324563,
    4277.65064219705,
    4200.2846477083385,
    4187.009210684786,
    4187.009210684786,
    4086.366951216942,
    4028.526039076772,
    3991.4574397667043,
    3991.4574397667043,
    3938.9599046255034,
    3766.2230464083505,
    3729.2732789272086,
    3729.2732789272086,
    3726.1013851829994,
    3692.5308973875935,
    3650.1967306591678,
    3650.1967306591678,
    3646.8573187364173,
    3617.983821278494,
    3617.983821278494,
    3592.0175437402886,
    3592.0175437402886,
    3591.2250011936662,
    3569.8107348880967,
    3559.6902544543573,
    3541.2388403668006,
    3497.0590997879335,
    3462.138556572061,
    3462.138556572061,
    3442.028864887283,
    3425.437076762552,
    3413.8899533672047,
    3413.8899533672047,
    3413.8899533672047,
    3376.2279075694796,
    3372.823671694734,
    3358.0299898584362,
    3349.305440014192,
    3344.2772368091055,
    3344.2772368091055,
    3305.696578393384,
    3305.696578393384,
    3264.620978286063,
    3258.302968260336,
    3229.6831494104163,
    3210.8519087098744,
    3210.8519087098744,
    3210.8519087098744,
    3210.626230598774,
    3199.7013593883207,
    3199.7013593883207,
    3174.5252991423345,
    3174.5252991423345,
    3163.374749820781,
    3153.6412374311876,
    3144.1981801867887,
    3108.233887569149,
    3108.233887569149,
    3089.057317935157,
    3075.6806846424943,
    3044.122335546545,
    3044.122335546545,
    3021.4149730329395,
    3021.4149730329395,
    2973.217470528932,
    2973.217470528932,
    2962.7324983260855,
    2962.7324983260855,
    2949.041074234812,
    2933.989442286716,
    2928.4494233196474,
    2923.401875962898,
    2893.27028483513,
    2893.27028483513,
    2893.27028483513,
    2878.218652887034,
    2871.1078764162294,
    2868.0609715989813,
    2868.0609715989813,
    2868.0609715989813
  ],
  "best_solution": {
    "id": "ga_gen0_9471",
    "instance_id": "synthetic_125c_437q_random_s730903354",
    "algorithm": "ga_pure",
    "routes": [
      {
        "vehicle_id": 0,
        "customer_sequence": [
          89,
          7,
          55,
          42,
          41,
          15,
          40,
          125,
          109,
          1,
          98,
          90,
          103,
          34,
          50,
          121,
          80,
          75,
          19,
          33,
          116,
          111,
          91,
          59,
          14,
          60
        ],
        "total_demand": 433,
        "total_distance": 721.9482993504756
      },
      {
        "vehicle_id": 1,
        "customer_sequence": [
          101,
          52,
          24,
          37,
          78,
          72,
          62,
          74,
          88,
          54,
          85,
          92,
          104,
          69,
          5,
          20,
          66,
          49,
          120,
          28,
          77,
          56,
          25,
          97
        ],
        "total_demand": 434,
        "total_distance": 675.7229208798508
      },
      {
        "vehicle_id": 2,
        "customer_sequence": [
          83,
          122,
          67,
          31,
          6,
          84,
          110,
          53,
          43,
          8,
          99,
          73,
          118,
          117,
          48,
          113,
          96,
          10,
          22,
          45,
          3,
          21,
          65,
          30,
          68,
          51,
          9
        ],
        "total_demand": 411,
        "total_distance": 655.1545882826108
      },
      {
        "vehicle_id": 3,
        "customer_sequence": [
          123,
          17,
          86,
          112,
          107,
          64,
          93,
          39,
          87,
          105,
          100,
          114,
          70,
          16,
          2,
          94,
          58,
          36,
          46,
          11,
          95,
          4,
          44,
          12
        ],
        "total_demand": 424,
        "total_distance": 450.5139492763796
      },
      {
        "vehicle_id": 4,
        "customer_sequence": [
          124,
          63,
          47,
          32,
          29,
          61,
          115,
          102,
          119,
          71,
          79,
          38,
          18,
          76,
          82,
          57,
          27,
          81,
          26,
          108,
          13,
          35,
          23,
          106
        ],
        "total_demand": 374,
        "total_distance": 697.8548153693137
      }
    ],
    "total_cost": 2868.0609715989813,
    "computation_time": 0.0,
    "is_valid": true,
    "convergence_history": null
  }
}