{
  "instance_id": "synthetic_125c_437q_clustered6_s1470637096",
  "instance_name": "Synthetic Clustered",
  "instance_size": 125,
  "configuration": "ga_pure",
  "agent_used": null,
  "replicate": 4,
  "seed": 1621516655,
  "initial_cost": 3996.6169654590385,
  "final_cost": 2331.3279378327334,
  "improvement_gap": 41.667466310097986,
  "total_time": 16.519935369491577,
  "initialization_time": 0.19980764389038086,
  "evolution_time": 16.320127725601196,
  "generations_run": 100,
  "generations_to_convergence": null,
  "convergence_history": [
    3996.6169654590385,
    3996.6169654590385,
    3761.6730595789368,
    3720.6654511972083,
    3575.59034647475,
    3575.59034647475,
    3570.7501073133935,
    3540.960686581939,
    3480.7540163857225,
    3466.754186984291,
    3466.754186984291,
    3465.249527716619,
    3380.980953937581,
    3372.727762528597,
    3372.727762528597,
    3296.1258367450987,
    3100.8001040555723,
    3100.8001040555723,
    3100.8001040555723,
    3100.8001040555723,
    3078.2980942134636,
    3044.3736523406023,
    3044.3736523406023,
    3029.8212054042756,
    3026.4385898572136,
    3023.1023910796307,
    3000.8971283283863,
    3000.8971283283863,
    2985.774052659782,
    2969.4365581443913,
    2964.3898080202825,
    2945.7605483622783,
    2930.5566783878417,
    2916.9950759607186,
    2906.6764706787353,
    2873.982506410386,
    2871.768463430412,
    2814.6814279320342,
    2804.0668724381217,
    2804.0668724381217,
    2784.898245724456,
    2744.812461767226,
    2715.029279559648,
    2700.6617841955326,
    2670.8786019879544,
    2667.1690790682483,
    2655.820684092979,
    2644.969969287368,
    2643.443606421303,
    2643.443606421303,
    2623.0337990800526,
    2604.260167950133,
    2586.913721297859,
    2581.681913606054,
    2558.0313373689464,
    2558.0313373689464,
    2556.2541402630945,
    2556.2541402630945,
    2533.6758859190154,
    2533.6758859190154,
    2518.230958255511,
    2505.9548442636196,
    2493.87550680558,
    2493.87550680558,
    2493.87550680558,
    2478.3778399145103,
    2478.3778399145103,
    2478.3778399145103,
    2470.718247242039,
    2470.718247242039,
    2470.718247242039,
    2470.718247242039,
    2470.718247242039,
    2470.718247242039,
    2462.8691635088317,
    2462.8691635088317,
    2455.233082759786,
    2455.233082759786,
    2455.233082759786,
    2455.233082759786,
    2443.409630976548,
    2443.409630976548,
    2443.409630976548,
    2433.1660129174716,
    2411.862019918515,
    2411.862019918515,
    2400.0385681352773,
    2396.5418181102045,
    2396.5418181102045,
    2394.7415008526878,
    2374.800815559314,
    2374.800815559314,
    2370.279711810159,
    2353.9468716904867,
    2353.9468716904867,
    2353.9468716904867,
    2332.508574379568,
    2332.508574379568,
    2331.3279378327334,
    2331.3279378327334,
    2331.3279378327334
  ],
  "best_solution": {
    "id": "ga_gen0_4701",
    "instance_id": "synthetic_125c_437q_clustered6_s1470637096",
    "algorithm": "ga_pure",
    "routes": [
      {
        "vehicle_id": 0,
        "customer_sequence": [
          69,
          6,
          13,
          45,
          79,
          10,
          53,
          20,
          118,
          7,
          41,
          1,
          47,
          100,
          91,
          32,
          33,
          82,
          89,
          96,
          87,
          73,
          60,
          49,
          80
        ],
        "total_demand": 431,
        "total_distance": 528.0126976703893
      },
      {
        "vehicle_id": 1,
        "customer_sequence": [
          124,
          120,
          77,
          3,
          27,
          30,
          121,
          55,
          42,
          29,
          21,
          92,
          34,
          40,
          86,
          84,
          48,
          18,
          17,
          8,
          5,
          102
        ],
        "total_demand": 418,
        "total_distance": 556.1331409801214
      },
      {
        "vehicle_id": 2,
        "customer_sequence": [
          2,
          75,
          63,
          46,
          51,
          71,
          67,
          16,
          61,
          66,
          101,
          114,
          76,
          74,
          19,
          105,
          103,
          106,
          113,
          95,
          85,
          35,
          38
        ],
        "total_demand": 411,
        "total_distance": 409.4487624321727
      },
      {
        "vehicle_id": 3,
        "customer_sequence": [
          12,
          123,
          31,
          122,
          64,
          70,
          62,
          65,
          56,
          22,
          98,
          93,
          125,
          37,
          119,
          43,
          14,
          68,
          9,
          15,
          112
        ],
        "total_demand": 426,
        "total_distance": 503.18553135477896
      },
      {
        "vehicle_id": 4,
        "customer_sequence": [
          24,
          23,
          99,
          109,
          116,
          90,
          97,
          26,
          88,
          94,
          111,
          110,
          108,
          83,
          104,
          115,
          59,
          72,
          54,
          52,
          44
        ],
        "total_demand": 434,
        "total_distance": 399.03846580372465
      },
      {
        "vehicle_id": 5,
        "customer_sequence": [
          107,
          117,
          4,
          11,
          81,
          39,
          28,
          36,
          25,
          50,
          58,
          57,
          78
        ],
        "total_demand": 267,
        "total_distance": 353.02149250582784
      }
    ],
    "total_cost": 2331.3279378327334,
    "computation_time": 0.0,
    "is_valid": true,
    "convergence_history": null
  }
}