{
  "instance_id": "synthetic_60c_300q_random_s1845336475",
  "instance_name": "Synthetic Random",
  "instance_size": 60,
  "configuration": "ga_pure",
  "agent_used": null,
  "replicate": 1,
  "seed": 1076007390,
  "initial_cost": 2664.015552417132,
  "final_cost": 1290.7341480211276,
  "improvement_gap": 51.549301322583865,
  "total_time": 3.9884965419769287,
  "initialization_time": 0.04496955871582031,
  "evolution_time": 3.9435269832611084,
  "generations_run": 100,
  "generations_to_convergence": null,
  "convergence_history": [
    2664.015552417132,
    2647.128554499859,
    2535.019244657789,
    2432.5057762923952,
    2291.367999398535,
    2291.367999398535,
    2291.367999398535,
    2268.397168098232,
    2254.286244663307,
    2219.6988848085234,
    2219.6988848085234,
    2077.3060998677047,
    2071.0853246194615,
    2063.9925309991995,
    2063.9925309991995,
    2039.696856080242,
    2039.696856080242,
    2019.037283639426,
    2019.037283639426,
    1952.0529595679664,
    1949.5332257980303,
    1930.5477460811553,
    1930.5477460811553,
    1923.2570101425797,
    1911.3850596935756,
    1896.8422965106743,
    1862.1610947960971,
    1835.8848791406463,
    1835.8848791406463,
    1818.548644876724,
    1818.548644876724,
    1803.048027332821,
    1768.877241222371,
    1748.4876369327746,
    1748.4876369327746,
    1741.9909047584135,
    1695.5181835540914,
    1688.4858776516244,
    1662.966250710471,
    1662.966250710471,
    1636.566540822427,
    1618.3469334264826,
    1604.720096323773,
    1602.5157890992184,
    1580.5411432672222,
    1567.0906849152857,
    1551.241962884343,
    1551.241962884343,
    1513.929022737597,
    1513.929022737597,
    1510.8451271953656,
    1507.7704067542197,
    1498.5493693480296,
    1492.3907533646523,
    1490.1864461400976,
    1485.2714779836676,
    1483.067170759113,
    1483.067170759113,
    1472.2777598134437,
    1472.2777598134437,
    1472.2777598134437,
    1471.391044662502,
    1468.6878071498502,
    1468.6878071498502,
    1468.156688434979,
    1459.395882088185,
    1457.6838553784771,
    1427.7593141495452,
    1427.7593141495452,
    1427.228195434674,
    1419.7817078265268,
    1419.7817078265268,
    1419.2505891116557,
    1419.2505891116557,
    1419.2505891116557,
    1417.9455825867344,
    1417.9455825867344,
    1417.9455825867344,
    1417.9455825867344,
    1417.9455825867344,
    1417.9455825867344,
    1417.9455825867344,
    1412.9373937322043,
    1412.779312959928,
    1412.779312959928,
    1395.5525673117177,
    1395.5525673117177,
    1395.5525673117177,
    1383.529220164703,
    1362.1918421399787,
    1362.1918421399787,
    1362.1918421399787,
    1329.7126834571636,
    1329.7126834571636,
    1316.6882788028356,
    1316.6882788028356,
    1316.6882788028356,
    1300.5289605367193,
    1290.7341480211276,
    1290.7341480211276,
    1290.7341480211276
  ],
  "best_solution": {
    "id": "ga_gen0_5300",
    "instance_id": "synthetic_60c_300q_random_s1845336475",
    "algorithm": "ga_pure",
    "routes": [
      {
        "vehicle_id": 0,
        "customer_sequence": [
          21,
          9,
          59,
          13,
          12,
          28,
          24,
          44,
          36,
          27,
          20,
          4,
          3,
          15,
          42,
          17,
          57,
          23,
          1
        ],
        "total_demand": 295,
        "total_distance": 518.9610148571221
      },
      {
        "vehicle_id": 1,
        "customer_sequence": [
          6,
          11,
          14,
          51,
          33,
          45,
          34,
          40,
          52,
          60,
          29,
          25,
          41,
          26,
          50,
          7,
          48,
          46,
          53
        ],
        "total_demand": 296,
        "total_distance": 468.00804437697695
      },
      {
        "vehicle_id": 2,
        "customer_sequence": [
          55,
          54,
          56,
          31,
          10,
          37,
          16,
          19,
          39,
          49,
          43,
          38,
          58,
          8,
          5,
          32
        ],
        "total_demand": 294,
        "total_distance": 352.5374356337502
      },
      {
        "vehicle_id": 3,
        "customer_sequence": [
          30,
          35,
          47,
          22,
          18,
          2
        ],
        "total_demand": 108,
        "total_distance": 191.3317025082395
      }
    ],
    "total_cost": 1290.7341480211276,
    "computation_time": 0.0,
    "is_valid": true,
    "convergence_history": null
  }
}