{
  "instance_id": "synthetic_140c_490q_random_s158679892",
  "instance_name": "Synthetic Random",
  "instance_size": 140,
  "configuration": "ga_pure",
  "agent_used": null,
  "replicate": 5,
  "seed": 344193121,
  "initial_cost": 6810.825911641481,
  "final_cost": 4167.991802402491,
  "improvement_gap": 38.803430648868826,
  "total_time": 21.0762300491333,
  "initialization_time": 0.23456048965454102,
  "evolution_time": 20.84166955947876,
  "generations_run": 100,
  "generations_to_convergence": null,
  "convergence_history": [
    6810.825911641481,
    6569.55918892042,
    6425.698151750749,
    6425.698151750749,
    6425.698151750749,
    6284.239060689868,
    6284.239060689868,
    6099.960134728287,
    6099.960134728287,
    6082.817994721164,
    5958.188546423113,
    5958.188546423113,
    5925.247638822366,
    5925.247638822366,
    5903.974665545085,
    5885.16202612973,
    5885.16202612973,
    5829.448649535111,
    5805.566256639308,
    5805.566256639308,
    5778.013916847673,
    5733.331947980873,
    5733.331947980873,
    5657.602507572556,
    5657.602507572556,
    5600.286561799972,
    5597.564972245838,
    5573.367115890881,
    5544.5268445593965,
    5500.245366745616,
    5500.245366745616,
    5500.245366745616,
    5500.245366745616,
    5495.033247433595,
    5472.823953314982,
    5409.807103963822,
    5385.4614947865775,
    5379.765554533867,
    5359.443061798507,
    5338.92575431409,
    5327.133101252215,
    5311.337429897254,
    5299.544776835378,
    5283.28681503483,
    5283.28681503483,
    5268.898912045892,
    5260.827548498125,
    5229.3296780431565,
    5229.3296780431565,
    5210.8752897884315,
    5203.891890724139,
    5158.556742065079,
    5158.556742065079,
    5100.907910805833,
    5100.907910805833,
    5069.709768439189,
    5051.512102847759,
    4991.9938299112855,
    4956.657684059843,
    4941.649127043778,
    4887.930254172247,
    4841.916641834327,
    4841.916641834327,
    4841.916641834327,
    4811.500598424328,
    4806.38059327085,
    4748.5757836200855,
    4713.039735056609,
    4713.039735056609,
    4702.012289433166,
    4694.083323668123,
    4605.617033086501,
    4576.386204581912,
    4576.386204581912,
    4557.429793193426,
    4549.246510742629,
    4548.052473620772,
    4520.1495976766655,
    4520.1495976766655,
    4431.116240536941,
    4431.116240536941,
    4431.116240536941,
    4418.472094247001,
    4381.81239878002,
    4381.81239878002,
    4381.81239878002,
    4381.81239878002,
    4343.763332477769,
    4343.763332477769,
    4343.763332477769,
    4343.763332477769,
    4299.901920024097,
    4299.901920024097,
    4299.901920024097,
    4276.560030773373,
    4276.258540415666,
    4231.006776472166,
    4229.515584230963,
    4218.344035934426,
    4199.877667335153,
    4167.991802402491
  ],
  "best_solution": {
    "id": "ga_gen0_7608",
    "instance_id": "synthetic_140c_490q_random_s158679892",
    "algorithm": "ga_pure",
    "routes": [
      {
        "vehicle_id": 0,
        "customer_sequence": [
          42,
          94,
          12,
          132,
          1,
          41,
          70,
          39,
          127,
          111,
          7,
          68,
          26,
          73,
          137,
          78,
          115,
          43,
          106,
          58,
          75,
          24,
          20,
          134,
          122,
          46
        ],
        "total_demand": 487,
        "total_distance": 874.6561088064309
      },
      {
        "vehicle_id": 1,
        "customer_sequence": [
          121,
          22,
          93,
          50,
          23,
          77,
          114,
          136,
          71,
          31,
          34,
          36,
          95,
          19,
          45,
          14,
          92,
          108,
          104,
          76,
          140,
          66,
          81,
          128,
          97
        ],
        "total_demand": 480,
        "total_distance": 805.8842747105674
      },
      {
        "vehicle_id": 2,
        "customer_sequence": [
          72,
          10,
          11,
          62,
          80,
          57,
          119,
          40,
          138,
          51,
          56,
          125,
          59,
          21,
          107,
          54,
          53,
          101,
          91,
          124,
          120,
          113,
          139,
          87,
          116,
          90,
          3,
          86,
          29,
          117
        ],
        "total_demand": 484,
        "total_distance": 1076.4313991250472
      },
      {
        "vehicle_id": 3,
        "customer_sequence": [
          27,
          112,
          44,
          64,
          130,
          9,
          99,
          18,
          133,
          63,
          5,
          79,
          35,
          98,
          109,
          123,
          126,
          61,
          103,
          131,
          105,
          89,
          67,
          129,
          4,
          38,
          69
        ],
        "total_demand": 483,
        "total_distance": 843.1437724684613
      },
      {
        "vehicle_id": 4,
        "customer_sequence": [
          110,
          6,
          37,
          49,
          8,
          60,
          30,
          102,
          55,
          85,
          13,
          16,
          32,
          52,
          28,
          118,
          2,
          15,
          17,
          88,
          100,
          48,
          84,
          82,
          25,
          47,
          96
        ],
        "total_demand": 478,
        "total_distance": 946.042032119315
      },
      {
        "vehicle_id": 5,
        "customer_sequence": [
          74,
          83,
          65,
          33,
          135
        ],
        "total_demand": 89,
        "total_distance": 194.14584493157616
      }
    ],
    "total_cost": 4167.991802402491,
    "computation_time": 0.0,
    "is_valid": true,
    "convergence_history": null
  }
}