{
  "instance_id": "synthetic_60c_300q_clustered5_s1382882660",
  "instance_name": "Synthetic Clustered",
  "instance_size": 60,
  "configuration": "ga_pure",
  "agent_used": null,
  "replicate": 3,
  "seed": 12826285,
  "initial_cost": 1779.8052100007562,
  "final_cost": 921.7534556108004,
  "improvement_gap": 48.21043053299025,
  "total_time": 3.2255194187164307,
  "initialization_time": 0.03817558288574219,
  "evolution_time": 3.1873438358306885,
  "generations_run": 100,
  "generations_to_convergence": null,
  "convergence_history": [
    1779.8052100007562,
    1779.8052100007562,
    1749.7700896266497,
    1696.2218763152182,
    1662.2068963511128,
    1595.1643699990657,
    1595.1643699990657,
    1555.5259158519366,
    1555.5259158519366,
    1540.9035263992369,
    1466.4099413437411,
    1406.3848738100728,
    1406.3848738100728,
    1274.8031835950146,
    1274.8031835950146,
    1274.8031835950146,
    1274.8031835950146,
    1274.8031835950146,
    1274.8031835950146,
    1240.6727729545764,
    1240.6727729545764,
    1240.6727729545764,
    1219.0539427629876,
    1219.0539427629876,
    1207.901217338225,
    1207.901217338225,
    1207.901217338225,
    1195.9545784771685,
    1195.9545784771685,
    1182.3860557285495,
    1166.0084215103766,
    1154.4860200465212,
    1147.5954501801982,
    1147.5954501801982,
    1141.2748382182456,
    1099.1054449465346,
    1098.7089143596365,
    1091.2443638082682,
    1083.903596453225,
    1073.202652572792,
    1072.9619229568452,
    1060.5207125658383,
    1060.5207125658383,
    1060.2799829498913,
    1056.4581906488584,
    1056.2174610329114,
    1049.4912467444658,
    1049.4912467444658,
    1040.7284896491258,
    1040.7284896491258,
    1033.9057197822895,
    1033.9057197822895,
    1033.9057197822895,
    1025.1429626869494,
    1025.1429626869494,
    1025.1429626869494,
    1025.1429626869494,
    1025.1429626869494,
    1025.1429626869494,
    1025.1429626869494,
    1019.4383505274936,
    1019.4383505274936,
    1019.4383505274936,
    1019.4383505274936,
    1019.4383505274936,
    1016.5304129528461,
    1010.8258007933902,
    1010.8258007933902,
    1006.6431562241694,
    1006.6431562241694,
    1001.3729599916953,
    1001.3729599916953,
    997.0077492231128,
    997.0077492231128,
    997.0077492231128,
    997.0077492231128,
    997.0077492231128,
    987.8041342155763,
    987.8041342155763,
    987.8041342155763,
    987.8041342155763,
    984.1360237181053,
    984.1360237181053,
    984.1360237181053,
    984.1360237181053,
    955.0459057952808,
    955.0459057952808,
    955.0459057952808,
    955.0459057952808,
    955.0459057952808,
    955.0459057952808,
    952.7872609595521,
    952.7872609595521,
    952.7872609595521,
    952.7872609595521,
    947.733443422295,
    947.733443422295,
    947.733443422295,
    947.733443422295,
    934.3376832449279,
    921.7534556108004
  ],
  "best_solution": {
    "id": "ga_gen0_5241",
    "instance_id": "synthetic_60c_300q_clustered5_s1382882660",
    "algorithm": "ga_pure",
    "routes": [
      {
        "vehicle_id": 0,
        "customer_sequence": [
          60,
          26,
          25,
          29,
          40,
          37,
          39,
          43,
          47,
          38,
          3,
          13,
          17,
          15,
          52,
          24,
          58,
          59
        ],
        "total_demand": 298,
        "total_distance": 444.93224202919663
      },
      {
        "vehicle_id": 1,
        "customer_sequence": [
          31,
          34,
          49,
          57,
          54,
          50,
          53,
          22,
          16,
          20,
          56,
          51,
          18,
          14,
          23,
          55
        ],
        "total_demand": 294,
        "total_distance": 231.73934673886248
      },
      {
        "vehicle_id": 2,
        "customer_sequence": [
          27,
          6,
          28,
          7,
          36,
          30,
          9,
          5,
          10,
          11,
          42,
          44,
          48,
          8,
          1
        ],
        "total_demand": 293,
        "total_distance": 239.05449759193993
      },
      {
        "vehicle_id": 3,
        "customer_sequence": [
          35,
          32,
          2,
          4,
          33,
          12,
          41,
          46,
          45,
          21,
          19
        ],
        "total_demand": 165,
        "total_distance": 260.41371021090384
      }
    ],
    "total_cost": 921.7534556108004,
    "computation_time": 0.0,
    "is_valid": true,
    "convergence_history": null
  }
}