{
  "instance_id": "synthetic_60c_300q_clustered5_s316884001",
  "instance_name": "Synthetic Clustered",
  "instance_size": 60,
  "configuration": "ga_pure",
  "agent_used": null,
  "replicate": 1,
  "seed": 897856378,
  "initial_cost": 1611.3001501635442,
  "final_cost": 842.8243008730784,
  "improvement_gap": 47.69290496326627,
  "total_time": 2.988534927368164,
  "initialization_time": 0.0343320369720459,
  "evolution_time": 2.954202890396118,
  "generations_run": 100,
  "generations_to_convergence": null,
  "convergence_history": [
    1611.3001501635442,
    1576.5845752287805,
    1537.830183508546,
    1491.4989075079848,
    1491.4989075079848,
    1452.299905843911,
    1441.006257056878,
    1383.142067347822,
    1317.0214715504733,
    1317.0214715504733,
    1261.956305145188,
    1252.9526961049992,
    1252.9526961049992,
    1252.9526961049992,
    1211.33126760507,
    1207.852722671707,
    1181.705989737265,
    1168.5216334831432,
    1168.5216334831432,
    1126.2658902449766,
    1113.5223507761052,
    1113.5223507761052,
    1113.5223507761052,
    1104.7736864844262,
    1104.7736864844262,
    1104.7736864844262,
    1081.8757351132583,
    1081.8757351132583,
    1081.8757351132583,
    1074.2346385598885,
    1074.2346385598885,
    1074.2346385598885,
    1074.2346385598885,
    1074.2346385598885,
    1071.293228567125,
    1071.293228567125,
    1046.1896066579088,
    1043.2481966651453,
    1034.1611375002872,
    1008.5824863951905,
    1001.6088855929711,
    1001.6088855929711,
    996.6154935275731,
    993.8729763352401,
    993.8729763352401,
    988.7440801543387,
    971.915309699013,
    961.2379904485185,
    961.2379904485185,
    954.6935649900099,
    954.6935649900099,
    948.0357202598626,
    941.4912948013539,
    930.8139755508595,
    930.8139755508595,
    925.5962274090281,
    925.5962274090281,
    921.6754599095628,
    921.6754599095628,
    921.6754599095628,
    915.4562907597607,
    915.4562907597607,
    911.5355232602955,
    911.5355232602955,
    910.3984301082344,
    909.9706911358428,
    907.031257564804,
    895.9895620339529,
    895.9895620339529,
    895.9895620339529,
    895.9895620339529,
    892.6223894905226,
    892.6223894905226,
    889.8327307040739,
    889.8327307040739,
    889.8327307040739,
    889.8327307040739,
    888.1081279732512,
    888.1081279732512,
    888.1081279732512,
    888.1081279732512,
    888.1081279732512,
    883.023044000877,
    880.6635327129494,
    860.5461202123338,
    860.5461202123338,
    860.5461202123338,
    860.5461202123338,
    860.5461202123338,
    860.5461202123338,
    860.5461202123338,
    860.5461202123338,
    860.5461202123338,
    860.5461202123338,
    860.5461202123338,
    860.5461202123338,
    859.1551008401977,
    857.7911440010334,
    845.5792770843788,
    845.5792770843788,
    842.8243008730784
  ],
  "best_solution": {
    "id": "ga_gen0_4547",
    "instance_id": "synthetic_60c_300q_clustered5_s316884001",
    "algorithm": "ga_pure",
    "routes": [
      {
        "vehicle_id": 0,
        "customer_sequence": [
          60,
          5,
          11,
          2,
          28,
          27,
          6,
          7,
          40,
          56,
          50,
          51,
          55,
          58
        ],
        "total_demand": 294,
        "total_distance": 267.2231880926801
      },
      {
        "vehicle_id": 1,
        "customer_sequence": [
          49,
          59,
          22,
          36,
          33,
          4,
          10,
          8,
          1,
          12,
          45,
          18,
          13,
          20,
          24
        ],
        "total_demand": 299,
        "total_distance": 216.19871684950675
      },
      {
        "vehicle_id": 2,
        "customer_sequence": [
          17,
          37,
          47,
          15,
          41,
          14,
          57,
          19,
          52,
          53,
          54,
          21,
          23,
          26,
          29,
          31
        ],
        "total_demand": 288,
        "total_distance": 342.23010205747545
      },
      {
        "vehicle_id": 3,
        "customer_sequence": [
          46,
          42,
          44,
          48,
          43,
          16,
          38,
          39,
          9,
          3,
          34,
          30,
          35,
          25,
          32
        ],
        "total_demand": 229,
        "total_distance": 250.07774114287395
      }
    ],
    "total_cost": 842.8243008730784,
    "computation_time": 0.0,
    "is_valid": true,
    "convergence_history": null
  }
}