{
  "instance_id": "synthetic_50c_150q_random_s1019194482",
  "instance_name": "Synthetic Random",
  "instance_size": 50,
  "configuration": "ga_pure",
  "agent_used": null,
  "replicate": 5,
  "seed": 276707582,
  "initial_cost": 1852.5722879334146,
  "final_cost": 974.7249567889554,
  "improvement_gap": 47.385321310388235,
  "total_time": 2.098663330078125,
  "initialization_time": 0.02235889434814453,
  "evolution_time": 2.0763044357299805,
  "generations_run": 100,
  "generations_to_convergence": null,
  "convergence_history": [
    1852.5722879334146,
    1852.5722879334146,
    1837.014812758595,
    1837.014812758595,
    1816.4891201470082,
    1809.0442191221684,
    1698.4739270313225,
    1698.4739270313225,
    1645.8116781522137,
    1645.8116781522137,
    1596.4949951777771,
    1559.3314239468696,
    1447.4612180286003,
    1447.4612180286003,
    1366.4850439332772,
    1364.735882929383,
    1351.485753917904,
    1323.8205458772616,
    1323.8205458772616,
    1323.8205458772616,
    1323.8205458772616,
    1287.837984932604,
    1287.837984932604,
    1287.837984932604,
    1287.837984932604,
    1242.6275918318017,
    1242.6275918318017,
    1207.1772668420351,
    1207.1772668420351,
    1199.7144572022976,
    1199.7144572022976,
    1199.7144572022976,
    1175.584130354256,
    1175.584130354256,
    1175.584130354256,
    1175.584130354256,
    1164.5784190199774,
    1164.5784190199774,
    1135.038340712444,
    1135.038340712444,
    1135.038340712444,
    1135.038340712444,
    1135.038340712444,
    1123.9840946385953,
    1123.9840946385953,
    1123.9840946385953,
    1042.440089880536,
    1042.440089880536,
    1042.440089880536,
    1031.3858438066873,
    1031.3858438066873,
    1031.3858438066873,
    1030.3669313273747,
    1030.3669313273747,
    1030.3669313273747,
    1029.5896518136865,
    1029.5896518136865,
    1029.5896518136865,
    1029.5896518136865,
    1029.5896518136865,
    1029.5896518136865,
    1029.5896518136865,
    1029.5896518136865,
    1022.1784618360023,
    1022.1784618360023,
    1022.1784618360023,
    1022.1784618360023,
    1022.1784618360023,
    1022.1784618360023,
    1021.6310203755415,
    1021.6310203755415,
    1021.6310203755415,
    1021.6310203755415,
    1021.6310203755415,
    1021.6310203755415,
    1018.4044527677634,
    1018.4044527677634,
    1018.4044527677634,
    1018.4044527677634,
    1018.4044527677634,
    1018.4044527677634,
    1018.4044527677634,
    974.7249567889554,
    974.7249567889554,
    974.7249567889554,
    974.7249567889554,
    974.7249567889554,
    974.7249567889554,
    974.7249567889554,
    974.7249567889554,
    974.7249567889554,
    974.7249567889554,
    974.7249567889554,
    974.7249567889554,
    974.7249567889554,
    974.7249567889554,
    974.7249567889554,
    974.7249567889554,
    974.7249567889554,
    974.7249567889554,
    974.7249567889554
  ],
  "best_solution": {
    "id": "ga_gen0_4720",
    "instance_id": "synthetic_50c_150q_random_s1019194482",
    "algorithm": "ga_pure",
    "routes": [
      {
        "vehicle_id": 0,
        "customer_sequence": [
          31,
          1,
          28,
          39,
          20,
          29,
          37
        ],
        "total_demand": 134,
        "total_distance": 229.0689124270368
      },
      {
        "vehicle_id": 1,
        "customer_sequence": [
          26,
          5,
          48,
          22,
          24,
          17,
          9,
          27
        ],
        "total_demand": 140,
        "total_distance": 234.94043502951317
      },
      {
        "vehicle_id": 2,
        "customer_sequence": [
          50,
          10,
          14,
          3,
          7,
          19,
          12,
          23,
          8,
          35
        ],
        "total_demand": 149,
        "total_distance": 305.35139926002074
      },
      {
        "vehicle_id": 3,
        "customer_sequence": [
          25,
          36,
          4,
          49,
          18,
          41,
          45,
          34,
          46,
          44,
          11
        ],
        "total_demand": 135,
        "total_distance": 267.4893179561809
      },
      {
        "vehicle_id": 4,
        "customer_sequence": [
          30,
          13,
          47,
          42,
          15,
          33,
          2,
          43
        ],
        "total_demand": 140,
        "total_distance": 247.62281710520233
      },
      {
        "vehicle_id": 5,
        "customer_sequence": [
          6,
          21,
          38,
          40,
          16,
          32
        ],
        "total_demand": 82,
        "total_distance": 217.82160289341184
      }
    ],
    "total_cost": 974.7249567889554,
    "computation_time": 0.0,
    "is_valid": true,
    "convergence_history": null
  }
}