{
  "instance_id": "synthetic_60c_300q_random_s912583937",
  "instance_name": "Synthetic Random",
  "instance_size": 60,
  "configuration": "ga_pure",
  "agent_used": null,
  "replicate": 5,
  "seed": 322997933,
  "initial_cost": 2681.01788574877,
  "final_cost": 1293.8207036756605,
  "improvement_gap": 51.741437065634685,
  "total_time": 4.003664970397949,
  "initialization_time": 0.04812741279602051,
  "evolution_time": 3.9555375576019287,
  "generations_run": 100,
  "generations_to_convergence": null,
  "convergence_history": [
    2681.01788574877,
    2587.4550260860524,
    2558.3536824483604,
    2392.0731472041703,
    2392.0731472041703,
    2392.0731472041703,
    2323.03545182998,
    2178.4336379348356,
    2178.4336379348356,
    2071.8664920906112,
    2071.8664920906112,
    2071.8664920906112,
    2071.4952876078473,
    2067.5465784454477,
    1997.148666340246,
    1945.494108709403,
    1945.494108709403,
    1945.494108709403,
    1945.494108709403,
    1945.494108709403,
    1939.7584667043793,
    1919.9323743333175,
    1915.9439813267813,
    1902.8495762626317,
    1889.7363765622945,
    1875.726879783064,
    1862.6115379813298,
    1862.6115379813298,
    1862.6115379813298,
    1772.3222374980476,
    1772.3222374980476,
    1772.3222374980476,
    1768.3338444915112,
    1717.0497913508414,
    1706.635384967494,
    1706.635384967494,
    1694.7358595523644,
    1694.7358595523644,
    1664.789027602039,
    1664.789027602039,
    1656.6309929728209,
    1643.7520346102604,
    1593.6421198964947,
    1593.6421198964947,
    1593.6421198964947,
    1593.6421198964947,
    1589.039259831745,
    1583.8705162455865,
    1581.2571995504643,
    1536.4688336759043,
    1526.697230024996,
    1514.3600654639715,
    1513.0244180071238,
    1489.9928262038222,
    1489.9928262038222,
    1489.9928262038222,
    1489.9928262038222,
    1484.380168706188,
    1484.380168706188,
    1484.380168706188,
    1474.344994280042,
    1474.344994280042,
    1474.344994280042,
    1467.7824779967125,
    1467.7824779967125,
    1467.7824779967125,
    1467.7824779967125,
    1449.0956206088272,
    1449.0956206088272,
    1449.0956206088272,
    1449.0956206088272,
    1449.0956206088272,
    1449.0956206088272,
    1449.0956206088272,
    1449.0956206088272,
    1449.0956206088272,
    1435.4228085909547,
    1435.4228085909547,
    1435.4228085909547,
    1422.451830692062,
    1413.855792647935,
    1413.855792647935,
    1413.855792647935,
    1413.855792647935,
    1400.8848147490423,
    1400.8848147490423,
    1381.3334289292532,
    1321.5116067927418,
    1321.5116067927418,
    1313.4010023210933,
    1313.4010023210933,
    1302.4060314002202,
    1302.4060314002202,
    1302.4060314002202,
    1293.8210528298189,
    1293.8207036756605,
    1293.8207036756605,
    1293.8207036756605,
    1293.8207036756605,
    1293.8207036756605,
    1293.8207036756605
  ],
  "best_solution": {
    "id": "ga_gen0_9611",
    "instance_id": "synthetic_60c_300q_random_s912583937",
    "algorithm": "ga_pure",
    "routes": [
      {
        "vehicle_id": 0,
        "customer_sequence": [
          25,
          48,
          35,
          13,
          17,
          41,
          55,
          23,
          7,
          9,
          37,
          60,
          36,
          39,
          6,
          15,
          26,
          12
        ],
        "total_demand": 290,
        "total_distance": 530.1340787828012
      },
      {
        "vehicle_id": 1,
        "customer_sequence": [
          40,
          56,
          51,
          30,
          38,
          16,
          18,
          43,
          1,
          2,
          59,
          52,
          14,
          19,
          22,
          8
        ],
        "total_demand": 289,
        "total_distance": 386.1742958873177
      },
      {
        "vehicle_id": 2,
        "customer_sequence": [
          32,
          10,
          53,
          3,
          20,
          44,
          34,
          58,
          5,
          21,
          29,
          50,
          54,
          27,
          24
        ],
        "total_demand": 292,
        "total_distance": 439.03914538213417
      },
      {
        "vehicle_id": 3,
        "customer_sequence": [
          57,
          47,
          33,
          45,
          31,
          42,
          28,
          11,
          4,
          46,
          49
        ],
        "total_demand": 213,
        "total_distance": 335.5303649442996
      }
    ],
    "total_cost": 1293.8207036756605,
    "computation_time": 0.0,
    "is_valid": true,
    "convergence_history": null
  }
}