{
  "instance_id": "synthetic_75c_281q_clustered5_s259384487",
  "instance_name": "Synthetic Clustered",
  "instance_size": 75,
  "configuration": "ga_pure",
  "agent_used": null,
  "replicate": 3,
  "seed": 1683423424,
  "initial_cost": 2009.9603692742298,
  "final_cost": 894.6483140589196,
  "improvement_gap": 55.48925602040774,
  "total_time": 4.723273515701294,
  "initialization_time": 0.05472278594970703,
  "evolution_time": 4.668550729751587,
  "generations_run": 100,
  "generations_to_convergence": null,
  "convergence_history": [
    2009.9603692742298,
    2009.9603692742298,
    1976.007737754442,
    1857.4237432264676,
    1811.521635951687,
    1766.6192998906,
    1766.6192998906,
    1742.7183702332118,
    1705.166321729128,
    1700.8792030353432,
    1664.6030872046176,
    1664.6030872046176,
    1617.1984774516882,
    1617.1984774516882,
    1554.4226981119668,
    1549.703253881688,
    1520.733113948524,
    1520.733113948524,
    1476.230750022918,
    1476.230750022918,
    1475.4994860715628,
    1456.3573919380106,
    1456.1988475884737,
    1447.4361150522673,
    1416.9806890179045,
    1396.5124358767375,
    1396.5124358767375,
    1395.7825942225877,
    1395.7825942225877,
    1318.7357833498486,
    1318.7357833498486,
    1307.8633067209053,
    1254.3033282382073,
    1249.720706389083,
    1249.720706389083,
    1222.798718854191,
    1222.798718854191,
    1222.798718854191,
    1206.8752334155226,
    1206.8752334155226,
    1157.7669709110094,
    1157.7669709110094,
    1155.5482339296448,
    1108.2172495166571,
    1108.2172495166571,
    1104.1821331660499,
    1086.3449486708048,
    1086.3449486708048,
    1082.257697065721,
    1049.5946713186274,
    1046.430684972898,
    1029.9435610012729,
    1022.5668969499476,
    1022.5668969499476,
    1007.7438685033153,
    1007.7438685033153,
    1003.5301107792042,
    1003.5301107792042,
    999.0072124017717,
    999.0072124017717,
    995.4512751943765,
    995.4512751943765,
    992.6143301667219,
    992.6143301667219,
    983.9386511728782,
    970.9050182565483,
    959.39239423505,
    955.1056598964076,
    955.1056598964076,
    955.1056598964076,
    955.1056598964076,
    950.8240504529902,
    950.8240504529902,
    950.8240504529902,
    950.8240504529902,
    950.8240504529902,
    950.8240504529902,
    941.4922519432573,
    941.4922519432573,
    941.4922519432573,
    932.7733584053136,
    932.7733584053136,
    932.7733584053136,
    927.016628619537,
    927.016628619537,
    927.016628619537,
    927.016628619537,
    927.016628619537,
    927.016628619537,
    912.420272655044,
    912.420272655044,
    912.420272655044,
    912.420272655044,
    912.420272655044,
    904.7079009128751,
    904.7079009128751,
    899.639902604409,
    899.639902604409,
    899.639902604409,
    894.6483140589196,
    894.6483140589196
  ],
  "best_solution": {
    "id": "ga_gen0_5600",
    "instance_id": "synthetic_75c_281q_clustered5_s259384487",
    "algorithm": "ga_pure",
    "routes": [
      {
        "vehicle_id": 0,
        "customer_sequence": [
          51,
          34,
          32,
          49,
          50,
          55,
          67,
          65,
          22,
          25,
          14,
          6,
          68,
          64,
          71
        ],
        "total_demand": 262,
        "total_distance": 242.94289011198632
      },
      {
        "vehicle_id": 1,
        "customer_sequence": [
          38,
          42,
          36,
          43,
          35,
          5,
          2,
          8,
          9,
          13,
          17,
          27,
          70,
          3,
          23
        ],
        "total_demand": 278,
        "total_distance": 200.69489914862126
      },
      {
        "vehicle_id": 2,
        "customer_sequence": [
          60,
          37,
          52,
          66,
          61,
          75,
          72,
          1,
          18,
          24,
          74,
          29,
          19,
          16,
          15,
          12
        ],
        "total_demand": 278,
        "total_distance": 229.36535842058515
      },
      {
        "vehicle_id": 3,
        "customer_sequence": [
          58,
          48,
          56,
          57,
          54,
          44,
          31,
          45,
          33,
          63,
          21,
          26,
          30,
          28,
          20
        ],
        "total_demand": 277,
        "total_distance": 214.2771189896582
      },
      {
        "vehicle_id": 4,
        "customer_sequence": [
          62,
          4,
          7,
          10,
          11,
          69,
          73,
          40,
          47,
          59,
          53,
          46,
          39,
          41
        ],
        "total_demand": 214,
        "total_distance": 270.185809324436
      }
    ],
    "total_cost": 894.6483140589196,
    "computation_time": 0.0,
    "is_valid": true,
    "convergence_history": null
  }
}