{
  "instance_id": "synthetic_75c_281q_clustered5_s445961326",
  "instance_name": "Synthetic Clustered",
  "instance_size": 75,
  "configuration": "ga_pure",
  "agent_used": null,
  "replicate": 1,
  "seed": 365221149,
  "initial_cost": 1775.6175497592878,
  "final_cost": 996.4623099987623,
  "improvement_gap": 43.88080304039302,
  "total_time": 4.680453300476074,
  "initialization_time": 0.049535274505615234,
  "evolution_time": 4.630918025970459,
  "generations_run": 100,
  "generations_to_convergence": null,
  "convergence_history": [
    1775.6175497592878,
    1775.6175497592878,
    1765.1208397749806,
    1750.1623553957554,
    1692.7524520698835,
    1692.7524520698835,
    1615.3935083005508,
    1613.4087847239311,
    1553.0184319098953,
    1553.0184319098953,
    1553.0184319098953,
    1468.393830005884,
    1468.393830005884,
    1468.393830005884,
    1468.393830005884,
    1452.229691556799,
    1443.8726461378674,
    1442.0371894048353,
    1440.243928665674,
    1416.0296871696305,
    1416.0296871696305,
    1412.4009696974367,
    1412.4009696974367,
    1384.8535992832353,
    1378.4233883318657,
    1364.1600855303695,
    1364.1600855303695,
    1359.6329628875483,
    1338.0499248050828,
    1321.1494079202712,
    1321.1494079202712,
    1321.1494079202712,
    1314.8488181406083,
    1314.8488181406083,
    1310.1223524977559,
    1303.821762718093,
    1302.239675021819,
    1297.1847346721252,
    1296.0907996760889,
    1292.724080772331,
    1288.2563074350319,
    1278.2795245367133,
    1275.3196537052545,
    1269.6341042798786,
    1245.7114599371785,
    1229.650293098171,
    1229.4142843194174,
    1218.3088692108045,
    1218.3088692108045,
    1217.8366941892166,
    1213.003673307045,
    1201.6622494196783,
    1192.1667486994224,
    1187.0975615744164,
    1175.7561376870499,
    1157.3957583731603,
    1147.0600871651436,
    1146.0543344857938,
    1141.6882186644323,
    1141.6882186644323,
    1141.2713401474693,
    1108.181794233813,
    1108.181794233813,
    1102.8099257331014,
    1098.026931394777,
    1098.026931394777,
    1098.026931394777,
    1088.6425377678793,
    1088.6425377678793,
    1082.1892731332844,
    1082.1892731332844,
    1082.1892731332844,
    1082.1892731332844,
    1082.1892731332844,
    1082.1238034227895,
    1082.0350237077832,
    1082.0350237077832,
    1073.573970257413,
    1072.931642148498,
    1072.931642148498,
    1061.1372316320217,
    1061.1372316320217,
    1059.5281981912535,
    1056.0167003741692,
    1045.1367678599865,
    1037.3880932906593,
    1037.3880932906593,
    1034.3361898702967,
    1034.3361898702967,
    1012.4086671151451,
    1012.4086671151451,
    1010.9657971355507,
    1010.9657971355507,
    1006.3721047072154,
    1006.3721047072154,
    1003.9050811566638,
    1003.9050811566638,
    1001.3157254240766,
    1001.3157254240766,
    996.4623099987623,
    996.4623099987623
  ],
  "best_solution": {
    "id": "ga_gen0_4811",
    "instance_id": "synthetic_75c_281q_clustered5_s445961326",
    "algorithm": "ga_pure",
    "routes": [
      {
        "vehicle_id": 0,
        "customer_sequence": [
          28,
          23,
          45,
          38,
          15,
          4,
          9,
          6,
          32,
          52,
          72,
          34,
          75,
          17,
          30,
          20
        ],
        "total_demand": 263,
        "total_distance": 293.7839974443431
      },
      {
        "vehicle_id": 1,
        "customer_sequence": [
          16,
          29,
          22,
          18,
          46,
          42,
          74,
          64,
          73,
          48,
          57,
          66,
          44,
          35,
          11
        ],
        "total_demand": 265,
        "total_distance": 292.61804461180935
      },
      {
        "vehicle_id": 2,
        "customer_sequence": [
          5,
          60,
          40,
          12,
          1,
          55,
          59,
          62,
          2,
          3,
          27,
          26,
          19,
          24,
          58,
          51,
          49,
          43
        ],
        "total_demand": 264,
        "total_distance": 290.7467406350241
      },
      {
        "vehicle_id": 3,
        "customer_sequence": [
          13,
          70,
          37,
          67,
          36,
          71,
          63,
          50,
          41,
          8,
          54,
          7
        ],
        "total_demand": 260,
        "total_distance": 180.26205631675145
      },
      {
        "vehicle_id": 4,
        "customer_sequence": [
          21,
          68,
          65,
          39,
          56,
          61,
          53,
          47,
          33,
          31,
          14,
          10,
          69
        ],
        "total_demand": 262,
        "total_distance": 272.29105675712367
      },
      {
        "vehicle_id": 5,
        "customer_sequence": [
          25
        ],
        "total_demand": 27,
        "total_distance": 55.00496951620603
      }
    ],
    "total_cost": 996.4623099987623,
    "computation_time": 0.0,
    "is_valid": true,
    "convergence_history": null
  }
}