{
  "instance_id": "synthetic_110c_481q_clustered6_s201764005",
  "instance_name": "Synthetic Clustered",
  "instance_size": 110,
  "configuration": "ga_pure",
  "agent_used": null,
  "replicate": 2,
  "seed": 170273413,
  "initial_cost": 2828.098516216056,
  "final_cost": 1672.8389409510787,
  "improvement_gap": 40.84933988829687,
  "total_time": 12.771764516830444,
  "initialization_time": 0.14910507202148438,
  "evolution_time": 12.62265944480896,
  "generations_run": 100,
  "generations_to_convergence": null,
  "convergence_history": [
    2828.098516216056,
    2685.7972272404345,
    2685.7972272404345,
    2634.500882843663,
    2634.500882843663,
    2634.500882843663,
    2634.500882843663,
    2634.500882843663,
    2605.99336783083,
    2580.0752039604395,
    2560.3602298113683,
    2496.0228461504585,
    2482.8064188270546,
    2441.895190850367,
    2431.1232388160292,
    2413.6037849132194,
    2375.566712632443,
    2350.76568578969,
    2350.76568578969,
    2350.26256218545,
    2328.2793963599897,
    2328.2793963599897,
    2258.5223032080376,
    2255.37439004477,
    2227.700659324783,
    2227.6663232654846,
    2224.7105612138416,
    2180.6897145011335,
    2134.2356109155107,
    2134.2356109155107,
    2127.096369045517,
    2076.3111456727765,
    2069.2290694332464,
    2054.1873935248664,
    2020.9561972747972,
    1996.6087017748607,
    1988.754515873619,
    1988.754515873619,
    1982.118295414676,
    1966.3716341375605,
    1951.6006836207114,
    1945.9537818138117,
    1945.9537818138117,
    1922.6048937518306,
    1919.6552080881622,
    1883.4849964022662,
    1883.4849964022662,
    1879.4322235166005,
    1879.4322235166005,
    1860.1418064253169,
    1860.1418064253169,
    1832.1835498097632,
    1832.1835498097632,
    1828.3699123170234,
    1828.3699123170234,
    1823.3790397122027,
    1823.3790397122027,
    1819.531891648392,
    1819.531891648392,
    1815.7182541556522,
    1815.7182541556522,
    1815.7182541556522,
    1802.6245589502182,
    1802.6245589502182,
    1802.6245589502182,
    1789.947613165215,
    1789.947613165215,
    1789.947613165215,
    1778.6770884672733,
    1778.6770884672733,
    1778.6770884672733,
    1778.6770884672733,
    1768.2060120897004,
    1768.2060120897004,
    1768.2060120897004,
    1768.2060120897004,
    1768.2060120897004,
    1768.2060120897004,
    1768.2060120897004,
    1763.6144607162487,
    1757.563771811609,
    1757.563771811609,
    1744.8308848345955,
    1734.6019166500746,
    1734.1886445565042,
    1730.1334678973217,
    1723.000503348564,
    1723.000503348564,
    1713.221080671427,
    1704.988941638905,
    1704.988941638905,
    1692.9396263826488,
    1691.8589434424766,
    1690.3621405984854,
    1683.4596052447664,
    1683.4596052447664,
    1683.4596052447664,
    1683.4596052447664,
    1680.882119460603,
    1674.752290993271,
    1672.8389409510787
  ],
  "best_solution": {
    "id": "ga_gen0_2959",
    "instance_id": "synthetic_110c_481q_clustered6_s201764005",
    "algorithm": "ga_pure",
    "routes": [
      {
        "vehicle_id": 0,
        "customer_sequence": [
          73,
          78,
          79,
          77,
          74,
          86,
          18,
          27,
          109,
          58,
          106,
          66,
          32,
          21,
          4,
          108,
          60,
          13,
          3,
          55,
          99,
          16,
          64,
          101,
          53,
          24,
          102,
          35,
          93
        ],
        "total_demand": 471,
        "total_distance": 471.468805454443
      },
      {
        "vehicle_id": 1,
        "customer_sequence": [
          89,
          45,
          82,
          91,
          29,
          83,
          26,
          107,
          33,
          22,
          19,
          100,
          94,
          25,
          59,
          65,
          96,
          8,
          67,
          11,
          54,
          9,
          76,
          90,
          17
        ],
        "total_demand": 476,
        "total_distance": 415.8157278314843
      },
      {
        "vehicle_id": 2,
        "customer_sequence": [
          110,
          15,
          36,
          2,
          88,
          80,
          34,
          30,
          69,
          31,
          97,
          72,
          98,
          57,
          5,
          10,
          14,
          70,
          50,
          40,
          47,
          85,
          84,
          51,
          87,
          75,
          39
        ],
        "total_demand": 463,
        "total_distance": 469.86040709090213
      },
      {
        "vehicle_id": 3,
        "customer_sequence": [
          49,
          52,
          38,
          81,
          1,
          12,
          6,
          92,
          56,
          23,
          105,
          28,
          68,
          7,
          41,
          37,
          44,
          46,
          42,
          43,
          61,
          71,
          104,
          103,
          63
        ],
        "total_demand": 463,
        "total_distance": 460.3437397782149
      },
      {
        "vehicle_id": 4,
        "customer_sequence": [
          20,
          95,
          62,
          48
        ],
        "total_demand": 81,
        "total_distance": 115.5897038102633
      }
    ],
    "total_cost": 1672.8389409510787,
    "computation_time": 0.0,
    "is_valid": true,
    "convergence_history": null
  }
}