{
  "instance_id": "synthetic_60c_300q_random_s1191810689",
  "instance_name": "Synthetic Random",
  "instance_size": 60,
  "configuration": "ga_pure",
  "agent_used": null,
  "replicate": 5,
  "seed": 221618670,
  "initial_cost": 2425.7677707136086,
  "final_cost": 1236.5386109614153,
  "improvement_gap": 49.02485613461455,
  "total_time": 4.683558940887451,
  "initialization_time": 0.0613250732421875,
  "evolution_time": 4.622233867645264,
  "generations_run": 100,
  "generations_to_convergence": null,
  "convergence_history": [
    2425.7677707136086,
    2361.7611695912396,
    2326.2976485114714,
    2326.2976485114714,
    2248.9231867734375,
    2248.9231867734375,
    2109.809603449894,
    2099.2070281057004,
    2099.2070281057004,
    2073.8664277058147,
    2002.616592963745,
    2002.616592963745,
    2002.616592963745,
    1987.6357232180474,
    1931.5557440034856,
    1926.8806523194924,
    1914.4079555349915,
    1901.8756034049761,
    1891.1685433964312,
    1891.1685433964312,
    1846.6902682145474,
    1836.6789979391472,
    1812.8394165965904,
    1808.5933279985554,
    1808.5933279985554,
    1791.3087973231825,
    1771.282885471631,
    1754.792967691633,
    1707.9731553468769,
    1693.878030888425,
    1693.878030888425,
    1693.878030888425,
    1656.879117253854,
    1653.5297661203886,
    1617.3824249386494,
    1617.3824249386494,
    1605.8120204870484,
    1588.2749778623706,
    1567.452574948274,
    1539.5811294853108,
    1536.819039748946,
    1536.819039748946,
    1523.247375802703,
    1520.6070503571923,
    1480.0650707565387,
    1480.0650707565387,
    1480.0650707565387,
    1476.8754960693489,
    1450.7036315551663,
    1450.6962874691158,
    1450.6962874691158,
    1433.9905137664346,
    1426.1202665704825,
    1426.1202665704825,
    1425.235575689534,
    1413.7728096512126,
    1413.7728096512126,
    1405.0252156603624,
    1405.0252156603624,
    1395.415586513558,
    1345.5107852744973,
    1345.5107852744973,
    1336.7631912836473,
    1336.7631912836473,
    1320.4432709148589,
    1315.2979718486001,
    1315.2979718486001,
    1315.2979718486001,
    1315.2979718486001,
    1315.2979718486001,
    1311.0860482968758,
    1311.0860482968758,
    1311.0860482968758,
    1311.0860482968758,
    1311.0860482968758,
    1311.0860482968758,
    1297.9992933235371,
    1297.9992933235371,
    1297.9992933235371,
    1297.9992933235371,
    1297.9992933235371,
    1289.9938632734286,
    1289.9938632734286,
    1285.9784682734398,
    1285.9784682734398,
    1285.9784682734398,
    1277.9730382233313,
    1277.9730382233313,
    1272.3335852128712,
    1272.3335852128712,
    1272.3335852128712,
    1272.3335852128712,
    1266.9137512533962,
    1266.9137512533962,
    1266.9137512533962,
    1266.9137512533962,
    1250.6972327496394,
    1250.6972327496394,
    1250.6972327496394,
    1236.5386109614153,
    1236.5386109614153
  ],
  "best_solution": {
    "id": "ga_gen0_3151",
    "instance_id": "synthetic_60c_300q_random_s1191810689",
    "algorithm": "ga_pure",
    "routes": [
      {
        "vehicle_id": 0,
        "customer_sequence": [
          24,
          54,
          38,
          27,
          31,
          50,
          16,
          5,
          42,
          34,
          21,
          39,
          4,
          56,
          3,
          47,
          45,
          57,
          22
        ],
        "total_demand": 292,
        "total_distance": 537.4735149485315
      },
      {
        "vehicle_id": 1,
        "customer_sequence": [
          37,
          19,
          13,
          46,
          28,
          60,
          6,
          55,
          51,
          23,
          52,
          9,
          7,
          25
        ],
        "total_demand": 284,
        "total_distance": 381.6759159932101
      },
      {
        "vehicle_id": 2,
        "customer_sequence": [
          33,
          29,
          48,
          30,
          35,
          44,
          32,
          10,
          8,
          1,
          43,
          2,
          26,
          41,
          11,
          15
        ],
        "total_demand": 295,
        "total_distance": 390.1502683907768
      },
      {
        "vehicle_id": 3,
        "customer_sequence": [
          49,
          36,
          18,
          20,
          14,
          12,
          40,
          58,
          59,
          17,
          53
        ],
        "total_demand": 240,
        "total_distance": 283.69748858377716
      }
    ],
    "total_cost": 1236.5386109614153,
    "computation_time": 0.0,
    "is_valid": true,
    "convergence_history": null
  }
}