{
  "instance_id": "synthetic_110c_481q_clustered6_s1227734037",
  "instance_name": "Synthetic Clustered",
  "instance_size": 110,
  "configuration": "ga_pure",
  "agent_used": null,
  "replicate": 1,
  "seed": 1076132357,
  "initial_cost": 2918.178173116923,
  "final_cost": 1460.3443030695958,
  "improvement_gap": 49.95698629635786,
  "total_time": 13.10749340057373,
  "initialization_time": 0.14662456512451172,
  "evolution_time": 12.960868835449219,
  "generations_run": 100,
  "generations_to_convergence": null,
  "convergence_history": [
    2918.178173116923,
    2802.9103111888253,
    2714.6554871072376,
    2628.289056429751,
    2611.335903585903,
    2568.7755575510364,
    2568.7755575510364,
    2488.65465300154,
    2457.937097339289,
    2411.9411080366563,
    2411.9411080366563,
    2371.5919897466456,
    2371.5919897466456,
    2323.2953278362097,
    2289.062603757675,
    2289.062603757675,
    2271.1866738009458,
    2211.795250710016,
    2193.481000454437,
    2161.1042425686705,
    2154.161038961312,
    2152.297078110569,
    2138.9868509381286,
    2120.713158381343,
    2102.5421096101386,
    2094.467324809011,
    2034.5028361538862,
    2034.5028361538862,
    2034.5028361538862,
    2034.5028361538862,
    2018.4452593678045,
    2018.4452593678045,
    1973.643390313755,
    1973.643390313755,
    1965.8342026054204,
    1935.6454956103078,
    1935.6454956103078,
    1935.6454956103078,
    1917.0665680275927,
    1903.517707116849,
    1903.517707116849,
    1903.517707116849,
    1863.0126071973593,
    1863.0126071973593,
    1841.83615767952,
    1841.83615767952,
    1834.9195580457397,
    1834.9195580457397,
    1834.9195580457397,
    1824.8609236626105,
    1824.8609236626105,
    1816.8646323648572,
    1815.6419606296947,
    1782.6698052505897,
    1782.6698052505897,
    1761.328502129256,
    1758.7632185106156,
    1758.7632185106156,
    1737.7100965348814,
    1730.9199472861244,
    1701.9812874732388,
    1701.9812874732388,
    1672.1127317883306,
    1672.1127317883306,
    1654.3586860706596,
    1654.3586860706596,
    1652.203876585445,
    1649.2349486246196,
    1632.6876685974098,
    1632.6876685974098,
    1629.5408307585094,
    1629.5408307585094,
    1619.3574801952595,
    1607.9868809571242,
    1594.656692554974,
    1594.656692554974,
    1585.025932175288,
    1550.673022180872,
    1550.673022180872,
    1550.673022180872,
    1550.673022180872,
    1541.9134202365692,
    1541.9134202365692,
    1541.9134202365692,
    1538.4731933862467,
    1529.8656758028367,
    1529.2354279265605,
    1517.187683492828,
    1517.187683492828,
    1487.852812632114,
    1475.8050681983814,
    1475.8050681983814,
    1475.8050681983814,
    1475.8050681983814,
    1475.8050681983814,
    1475.8050681983814,
    1475.8050681983814,
    1475.1247579680528,
    1475.1247579680528,
    1460.3443030695958,
    1460.3443030695958
  ],
  "best_solution": {
    "id": "ga_gen0_1424",
    "instance_id": "synthetic_110c_481q_clustered6_s1227734037",
    "algorithm": "ga_pure",
    "routes": [
      {
        "vehicle_id": 0,
        "customer_sequence": [
          13,
          6,
          7,
          55,
          76,
          82,
          48,
          90,
          77,
          18,
          52,
          97,
          100,
          31,
          83,
          19,
          105,
          43,
          98,
          99,
          110,
          1,
          16,
          60,
          71,
          61,
          72,
          59,
          89
        ],
        "total_demand": 478,
        "total_distance": 421.2568376805127
      },
      {
        "vehicle_id": 1,
        "customer_sequence": [
          75,
          81,
          95,
          107,
          108,
          106,
          94,
          92,
          93,
          23,
          80,
          45,
          5,
          9,
          17,
          109,
          3,
          8,
          21,
          38,
          87,
          73,
          50,
          74,
          69,
          58,
          65,
          68,
          63,
          36
        ],
        "total_demand": 464,
        "total_distance": 418.1281212439278
      },
      {
        "vehicle_id": 2,
        "customer_sequence": [
          35,
          34,
          62,
          66,
          37,
          42,
          41,
          25,
          84,
          56,
          29,
          47,
          104,
          96,
          26,
          32,
          22,
          54,
          27,
          79,
          46,
          24,
          88,
          85,
          86
        ],
        "total_demand": 481,
        "total_distance": 398.88587176365513
      },
      {
        "vehicle_id": 3,
        "customer_sequence": [
          70,
          15,
          10,
          12,
          2,
          11,
          4,
          14,
          64,
          57,
          67,
          53,
          44,
          78,
          101,
          33,
          30,
          51,
          49,
          20,
          103,
          28,
          102,
          39,
          40,
          91
        ],
        "total_demand": 435,
        "total_distance": 407.83770945978216
      }
    ],
    "total_cost": 1460.3443030695958,
    "computation_time": 0.0,
    "is_valid": true,
    "convergence_history": null
  }
}