{
  "instance_id": "synthetic_100c_300q_random_s1779751512",
  "instance_name": "Synthetic Random",
  "instance_size": 100,
  "configuration": "ga_pure",
  "agent_used": null,
  "replicate": 4,
  "seed": 501152449,
  "initial_cost": 4556.3716644720225,
  "final_cost": 2601.958625584024,
  "improvement_gap": 42.894065339914924,
  "total_time": 10.764377117156982,
  "initialization_time": 0.12311983108520508,
  "evolution_time": 10.641257286071777,
  "generations_run": 100,
  "generations_to_convergence": null,
  "convergence_history": [
    4556.3716644720225,
    4556.3716644720225,
    4440.16972154233,
    4401.301067181607,
    4300.789410237271,
    4300.789410237271,
    4215.221669756874,
    4196.940145827458,
    4196.940145827458,
    4148.328910251349,
    4046.548414608029,
    3904.392815141387,
    3904.392815141387,
    3766.611761383376,
    3716.833475592758,
    3713.115561873347,
    3616.5813697653707,
    3498.9596916480527,
    3498.9596916480527,
    3456.1311026776375,
    3456.1311026776375,
    3405.2907733364027,
    3405.2907733364027,
    3345.829961291498,
    3345.829961291498,
    3258.932963438696,
    3258.932963438696,
    3230.123968723739,
    3210.3900080854346,
    3168.1665389236223,
    3168.1665389236223,
    3137.989630669851,
    3079.4071078423312,
    3079.4071078423312,
    3064.115686441736,
    3057.5265615358444,
    3057.5265615358444,
    3049.904998615013,
    2997.5142239781107,
    2997.5142239781107,
    2997.5142239781107,
    2982.2228025775153,
    2967.727965087324,
    2967.727965087324,
    2923.891638752555,
    2908.6002173519596,
    2908.6002173519596,
    2896.9396743012126,
    2869.734622144811,
    2858.670784020661,
    2849.6973810670156,
    2822.4923289106137,
    2822.4923289106137,
    2816.970894374068,
    2816.970894374068,
    2813.6353877302386,
    2813.6353877302386,
    2813.6353877302386,
    2813.6353877302386,
    2813.6353877302386,
    2813.6353877302386,
    2775.075569282456,
    2775.075569282456,
    2774.04308817824,
    2768.5900566029677,
    2768.5879543561755,
    2740.35006122721,
    2740.35006122721,
    2735.045402022368,
    2726.4952092320073,
    2707.512064060091,
    2707.512064060091,
    2691.0025013806526,
    2691.0025013806526,
    2691.0025013806526,
    2689.3616650671147,
    2689.3616650671147,
    2683.3467214153948,
    2667.190908777913,
    2667.190908777913,
    2667.025712451181,
    2662.2723599896417,
    2662.2723599896417,
    2659.7976718678715,
    2659.7976718678715,
    2659.7976718678715,
    2656.8448618588272,
    2656.8448618588272,
    2651.3581172865333,
    2639.3534943915656,
    2639.1882980648334,
    2638.273937106873,
    2638.273937106873,
    2637.5474617512955,
    2637.5474617512955,
    2634.4615584180747,
    2607.471953730267,
    2607.471953730267,
    2603.659575041469,
    2603.659575041469,
    2601.958625584024
  ],
  "best_solution": {
    "id": "ga_gen0_7739",
    "instance_id": "synthetic_100c_300q_random_s1779751512",
    "algorithm": "ga_pure",
    "routes": [
      {
        "vehicle_id": 0,
        "customer_sequence": [
          70,
          14,
          57,
          44,
          16,
          63,
          39,
          27,
          10,
          92,
          78,
          19,
          81,
          67,
          36,
          8,
          42
        ],
        "total_demand": 271,
        "total_distance": 495.8778378576199
      },
      {
        "vehicle_id": 1,
        "customer_sequence": [
          48,
          32,
          85,
          91,
          38,
          21,
          96,
          41,
          89,
          80,
          15,
          83,
          79,
          6,
          31,
          62,
          60
        ],
        "total_demand": 297,
        "total_distance": 571.7154448260256
      },
      {
        "vehicle_id": 2,
        "customer_sequence": [
          24,
          37,
          100,
          20,
          99,
          40,
          25,
          11,
          46,
          7,
          50,
          59,
          33,
          12,
          18
        ],
        "total_demand": 288,
        "total_distance": 458.03313504783137
      },
      {
        "vehicle_id": 3,
        "customer_sequence": [
          49,
          23,
          82,
          76,
          95,
          61,
          52,
          22,
          69,
          51,
          98,
          93,
          45,
          17,
          56,
          68,
          77
        ],
        "total_demand": 282,
        "total_distance": 506.2535310215267
      },
      {
        "vehicle_id": 4,
        "customer_sequence": [
          88,
          73,
          87,
          9,
          55,
          1,
          43,
          64,
          30,
          58,
          65,
          4,
          72,
          28,
          26,
          75,
          35,
          86
        ],
        "total_demand": 294,
        "total_distance": 656.8173608439878
      },
      {
        "vehicle_id": 5,
        "customer_sequence": [
          29,
          54,
          90,
          97,
          74,
          66,
          84,
          3,
          94,
          71,
          34,
          2,
          13,
          53,
          47,
          5
        ],
        "total_demand": 275,
        "total_distance": 454.2886271290203
      }
    ],
    "total_cost": 2601.958625584024,
    "computation_time": 0.0,
    "is_valid": true,
    "convergence_history": null
  }
}