{
  "instance_id": "synthetic_140c_490q_clustered6_s1712485283",
  "instance_name": "Synthetic Clustered",
  "instance_size": 140,
  "configuration": "ga_pure",
  "agent_used": null,
  "replicate": 1,
  "seed": 908307438,
  "initial_cost": 3487.922764947358,
  "final_cost": 2043.779659963409,
  "improvement_gap": 41.404102163533565,
  "total_time": 20.43677282333374,
  "initialization_time": 0.2329702377319336,
  "evolution_time": 20.203802585601807,
  "generations_run": 100,
  "generations_to_convergence": null,
  "convergence_history": [
    3487.922764947358,
    3395.218078014309,
    3367.8351002426166,
    3350.991716122017,
    3328.8031981363483,
    3324.9137749809624,
    3244.503993128106,
    3188.582946544939,
    3188.582946544939,
    3117.306569845449,
    3117.306569845449,
    3035.400532472002,
    3026.8663883359923,
    2999.9692849045077,
    2953.5400990219846,
    2932.5586326292246,
    2897.7460639789197,
    2832.2288898064353,
    2832.2288898064353,
    2807.342059229282,
    2787.7727536526636,
    2780.284378806038,
    2780.284378806038,
    2755.3975482288847,
    2744.3552221042937,
    2734.8424930679653,
    2734.8424930679653,
    2711.6292584230187,
    2691.799457885628,
    2691.799457885628,
    2682.4531352827644,
    2634.8552001794715,
    2634.8552001794715,
    2602.1292364981964,
    2597.6670173149873,
    2588.5914602668963,
    2588.5914602668963,
    2575.556555592151,
    2562.4115721997923,
    2556.848118148586,
    2556.848118148586,
    2552.527428685286,
    2548.8327600100492,
    2548.8327600100492,
    2533.9988695982975,
    2523.6765861845256,
    2523.6765861845256,
    2513.156030919805,
    2513.156030919805,
    2513.156030919805,
    2482.478755642389,
    2468.6238339931024,
    2468.6238339931024,
    2464.2050779884385,
    2445.9888720909903,
    2414.8177127888584,
    2374.8976561496393,
    2371.098576631588,
    2330.7115823498434,
    2330.7115823498434,
    2305.9543670092357,
    2305.9543670092357,
    2301.7816020304717,
    2300.764963047352,
    2292.4635245522118,
    2285.3566411560673,
    2285.3566411560673,
    2276.037853612614,
    2270.8491597159236,
    2255.222176705759,
    2255.222176705759,
    2236.3620933698517,
    2236.3620933698517,
    2231.11082164028,
    2222.8621025331595,
    2219.450727126456,
    2212.414108494888,
    2175.164195436909,
    2175.164195436909,
    2169.077127798031,
    2161.022228098913,
    2138.4587310445468,
    2137.167464287819,
    2115.0321375735093,
    2099.955920463325,
    2099.955920463325,
    2093.9975634199604,
    2082.028767461883,
    2075.941699823006,
    2072.051740600395,
    2065.964672961518,
    2065.964672961518,
    2065.964672961518,
    2065.964672961518,
    2065.964672961518,
    2063.651848510967,
    2046.09248441396,
    2046.09248441396,
    2045.648298659181,
    2043.779659963409,
    2043.779659963409
  ],
  "best_solution": {
    "id": "ga_gen0_5814",
    "instance_id": "synthetic_140c_490q_clustered6_s1712485283",
    "algorithm": "ga_pure",
    "routes": [
      {
        "vehicle_id": 0,
        "customer_sequence": [
          124,
          106,
          102,
          114,
          14,
          95,
          72,
          66,
          3,
          58,
          83,
          9,
          18,
          22,
          48,
          13,
          118,
          50,
          56,
          59,
          137,
          10,
          52,
          109,
          78,
          88,
          103,
          89
        ],
        "total_demand": 476,
        "total_distance": 443.00168230954495
      },
      {
        "vehicle_id": 1,
        "customer_sequence": [
          82,
          42,
          81,
          111,
          27,
          80,
          131,
          75,
          79,
          87,
          36,
          23,
          8,
          136,
          15,
          51,
          37,
          25,
          29,
          26,
          105,
          31,
          110,
          99,
          53,
          129,
          19,
          127
        ],
        "total_demand": 477,
        "total_distance": 488.1869563410868
      },
      {
        "vehicle_id": 2,
        "customer_sequence": [
          32,
          108,
          91,
          62,
          47,
          116,
          98,
          55,
          45,
          16,
          122,
          117,
          7,
          69,
          135,
          20,
          54,
          119,
          121,
          126,
          60,
          65,
          123,
          2,
          24,
          30,
          39,
          43
        ],
        "total_demand": 467,
        "total_distance": 420.8610200701365
      },
      {
        "vehicle_id": 3,
        "customer_sequence": [
          140,
          35,
          40,
          28,
          93,
          73,
          71,
          96,
          134,
          132,
          138,
          67,
          128,
          120,
          49,
          33,
          46,
          86,
          76,
          125,
          97,
          84,
          77,
          112,
          41,
          5,
          104,
          100,
          94
        ],
        "total_demand": 472,
        "total_distance": 470.9082288537884
      },
      {
        "vehicle_id": 4,
        "customer_sequence": [
          92,
          130,
          17,
          70,
          44,
          38,
          74,
          107,
          4,
          11,
          64,
          61,
          57,
          1,
          21,
          12,
          6,
          115,
          34,
          101,
          90,
          113,
          85,
          63,
          133,
          68
        ],
        "total_demand": 466,
        "total_distance": 560.819549383326
      },
      {
        "vehicle_id": 5,
        "customer_sequence": [
          139
        ],
        "total_demand": 26,
        "total_distance": 74.83232059806808
      }
    ],
    "total_cost": 2043.779659963409,
    "computation_time": 0.0,
    "is_valid": true,
    "convergence_history": null
  }
}