{
  "instance_id": "synthetic_75c_281q_clustered5_s445961326",
  "instance_name": "Synthetic Clustered",
  "instance_size": 75,
  "configuration": "ga_pure",
  "agent_used": null,
  "replicate": 5,
  "seed": 1140644144,
  "initial_cost": 1695.6834208166551,
  "final_cost": 1015.4192515988918,
  "improvement_gap": 40.11740404291636,
  "total_time": 4.766301155090332,
  "initialization_time": 0.05156660079956055,
  "evolution_time": 4.7147345542907715,
  "generations_run": 100,
  "generations_to_convergence": null,
  "convergence_history": [
    1695.6834208166551,
    1676.2398637161905,
    1676.2398637161905,
    1676.2398637161905,
    1670.889245523821,
    1610.6448226107286,
    1610.6448226107286,
    1579.5794092295846,
    1573.6313813472566,
    1546.9552900953563,
    1530.338598209559,
    1530.338598209559,
    1530.338598209559,
    1519.4158787237418,
    1490.3036679843399,
    1490.3036679843399,
    1475.7838786059292,
    1475.7838786059292,
    1462.4913281521165,
    1438.0049439519369,
    1437.7318119284798,
    1385.2085056172377,
    1385.2085056172377,
    1375.5372586104263,
    1375.5372586104263,
    1358.9165045872446,
    1350.3857296193032,
    1346.857469477003,
    1345.7999735256456,
    1320.9622848008023,
    1315.4495344586855,
    1309.8317095410107,
    1296.505014368873,
    1287.7211365409519,
    1269.7257984869732,
    1264.3967711528414,
    1255.0944621469575,
    1251.25221754929,
    1242.1410160267067,
    1233.88577174689,
    1233.88577174689,
    1225.2979070495135,
    1209.2394814433878,
    1209.2394814433878,
    1198.0844929785142,
    1186.7499467705463,
    1180.5772374047274,
    1178.1620820731698,
    1176.3469791807283,
    1146.794707577703,
    1146.794707577703,
    1144.3795522461455,
    1139.9488644718908,
    1128.3283504580409,
    1125.839064259928,
    1125.839064259928,
    1111.3344506155318,
    1111.3344506155318,
    1106.4300090858612,
    1106.4300090858612,
    1106.4300090858612,
    1104.9418853358695,
    1102.5267300043122,
    1090.330152778157,
    1090.330152778157,
    1090.330152778157,
    1086.4268736966078,
    1075.189959370722,
    1075.189959370722,
    1075.106017068549,
    1075.0853575062297,
    1074.7005991012895,
    1067.3408867446965,
    1060.6534746388832,
    1060.6534746388832,
    1058.0669284016635,
    1045.5227039815907,
    1035.6726313254667,
    1035.1832710560343,
    1029.2596494073798,
    1029.2596494073798,
    1028.7702891379474,
    1028.7702891379474,
    1028.7702891379474,
    1022.8680622059026,
    1022.8680622059026,
    1022.8680622059026,
    1022.8680622059026,
    1022.8680622059026,
    1018.4101644568238,
    1018.4101644568238,
    1018.4101644568238,
    1018.4101644568238,
    1018.4101644568238,
    1018.4101644568238,
    1018.4101644568238,
    1018.4101644568238,
    1015.4192515988918,
    1015.4192515988918,
    1015.4192515988918,
    1015.4192515988918
  ],
  "best_solution": {
    "id": "ga_gen0_1960",
    "instance_id": "synthetic_75c_281q_clustered5_s445961326",
    "algorithm": "ga_pure",
    "routes": [
      {
        "vehicle_id": 0,
        "customer_sequence": [
          41,
          46,
          62,
          8,
          54,
          7,
          4,
          28,
          21,
          24,
          20,
          30,
          22,
          17
        ],
        "total_demand": 275,
        "total_distance": 331.72118316856984
      },
      {
        "vehicle_id": 1,
        "customer_sequence": [
          52,
          72,
          49,
          59,
          40,
          32,
          35,
          39,
          38,
          34,
          70,
          12,
          2,
          60,
          3,
          23,
          27
        ],
        "total_demand": 278,
        "total_distance": 250.0555727356275
      },
      {
        "vehicle_id": 2,
        "customer_sequence": [
          9,
          57,
          31,
          1,
          25,
          19,
          18,
          74,
          45,
          50,
          65,
          75,
          16,
          29
        ],
        "total_demand": 263,
        "total_distance": 303.9988808884817
      },
      {
        "vehicle_id": 3,
        "customer_sequence": [
          13,
          68,
          61,
          64,
          48,
          63,
          71,
          44,
          33,
          14,
          10,
          15,
          69,
          58
        ],
        "total_demand": 260,
        "total_distance": 225.17231364927076
      },
      {
        "vehicle_id": 4,
        "customer_sequence": [
          53,
          42,
          26,
          47,
          56,
          43,
          51,
          55,
          67,
          66,
          37,
          73,
          36,
          5,
          6,
          11
        ],
        "total_demand": 265,
        "total_distance": 258.9168672039601
      }
    ],
    "total_cost": 1015.4192515988918,
    "computation_time": 0.0,
    "is_valid": true,
    "convergence_history": null
  }
}