{
  "instance_id": "synthetic_110c_481q_random_s2142269742",
  "instance_name": "Synthetic Random",
  "instance_size": 110,
  "configuration": "ga_pure",
  "agent_used": null,
  "replicate": 3,
  "seed": 1902259216,
  "initial_cost": 4534.128830760015,
  "final_cost": 2667.904082699508,
  "improvement_gap": 41.15949982276284,
  "total_time": 12.831753015518188,
  "initialization_time": 0.15117883682250977,
  "evolution_time": 12.680574178695679,
  "generations_run": 100,
  "generations_to_convergence": null,
  "convergence_history": [
    4534.128830760015,
    4367.134559760181,
    4367.134559760181,
    4367.134559760181,
    4286.794846463838,
    4257.277736113656,
    4190.287209276586,
    4106.0533259789845,
    4047.755658641729,
    4046.244111463023,
    4041.6514185259857,
    3994.969321665009,
    3994.969321665009,
    3949.0455437426453,
    3892.920719268964,
    3871.5710372789317,
    3803.3453809282178,
    3739.2192338221716,
    3739.2192338221716,
    3739.2192338221716,
    3668.491616869024,
    3668.491616869024,
    3647.5298513818952,
    3583.100103962917,
    3583.100103962917,
    3563.914577557139,
    3544.762113387235,
    3522.043858691837,
    3499.834397036058,
    3437.478606978893,
    3388.4772615534744,
    3343.7925183639713,
    3333.762095074028,
    3326.5918729807386,
    3312.9982124970334,
    3290.279957801636,
    3268.7017569066843,
    3268.7017569066843,
    3216.1602263094005,
    3182.58589707503,
    3182.58589707503,
    3182.4087875165374,
    3161.0400971235044,
    3141.9406835619807,
    3141.9406835619807,
    3141.9406835619807,
    3141.9406835619807,
    3123.8329067869113,
    3118.000040501539,
    3118.000040501539,
    3115.7561069896697,
    3115.7561069896697,
    3061.953243317559,
    3061.953243317559,
    3042.52126685573,
    3042.52126685573,
    3022.186029513566,
    3022.186029513566,
    3015.22395858554,
    3015.22395858554,
    3003.5432053684804,
    2993.3636976522575,
    2993.3636976522575,
    2975.2033639507654,
    2975.2033639507654,
    2961.9431027108362,
    2958.71703607829,
    2945.714329102828,
    2929.8707517325115,
    2920.5328610515294,
    2886.348723530279,
    2857.5024391845004,
    2855.4892630539052,
    2802.1589515898463,
    2802.1589515898463,
    2792.7523378707433,
    2792.7523378707433,
    2783.998617888354,
    2783.998617888354,
    2782.009263765832,
    2782.009263765832,
    2779.1207413418438,
    2753.240025040294,
    2753.240025040294,
    2744.4863050579047,
    2744.4863050579047,
    2744.4863050579047,
    2744.4863050579047,
    2744.4863050579047,
    2744.4863050579047,
    2744.4863050579047,
    2715.9133880784725,
    2715.9133880784725,
    2715.9133880784725,
    2696.643294706792,
    2696.643294706792,
    2692.101825732286,
    2692.101825732286,
    2676.991613635751,
    2671.362810148798,
    2667.904082699508
  ],
  "best_solution": {
    "id": "ga_gen0_4232",
    "instance_id": "synthetic_110c_481q_random_s2142269742",
    "algorithm": "ga_pure",
    "routes": [
      {
        "vehicle_id": 0,
        "customer_sequence": [
          5,
          46,
          28,
          104,
          108,
          70,
          81,
          56,
          51,
          75,
          54,
          22,
          110,
          18,
          96,
          31,
          1,
          85,
          43,
          65,
          64,
          53,
          11,
          13,
          86,
          67,
          27
        ],
        "total_demand": 478,
        "total_distance": 819.3923925516411
      },
      {
        "vehicle_id": 1,
        "customer_sequence": [
          103,
          84,
          24,
          4,
          44,
          14,
          77,
          35,
          101,
          73,
          39,
          99,
          87,
          61,
          92,
          34,
          106,
          60,
          100,
          41,
          59,
          21,
          68,
          78
        ],
        "total_demand": 470,
        "total_distance": 602.3424299271537
      },
      {
        "vehicle_id": 2,
        "customer_sequence": [
          19,
          15,
          8,
          94,
          30,
          47,
          80,
          107,
          102,
          90,
          17,
          20,
          79,
          71,
          36,
          16,
          97,
          12,
          33,
          50,
          93,
          23,
          6,
          49,
          48
        ],
        "total_demand": 466,
        "total_distance": 710.3348413404747
      },
      {
        "vehicle_id": 3,
        "customer_sequence": [
          66,
          29,
          74,
          38,
          109,
          57,
          26,
          32,
          82,
          42,
          58,
          25,
          95,
          89,
          55,
          88,
          9,
          52,
          63,
          91,
          76,
          69,
          37,
          83,
          3,
          2,
          105,
          72,
          10,
          98
        ],
        "total_demand": 469,
        "total_distance": 712.4137590805597
      },
      {
        "vehicle_id": 4,
        "customer_sequence": [
          7,
          45,
          62,
          40
        ],
        "total_demand": 52,
        "total_distance": 117.21729689880401
      }
    ],
    "total_cost": 2667.904082699508,
    "computation_time": 0.0,
    "is_valid": true,
    "convergence_history": null
  }
}