{
  "instance_id": "synthetic_30c_90q_random_s1848810400",
  "instance_name": "Synthetic Random",
  "instance_size": 30,
  "configuration": "ga_pure",
  "agent_used": null,
  "replicate": 2,
  "seed": 1968774882,
  "initial_cost": 979.2674705501863,
  "final_cost": 556.6356784188063,
  "improvement_gap": 43.15795273929919,
  "total_time": 0.8170850276947021,
  "initialization_time": 0.010640144348144531,
  "evolution_time": 0.8064448833465576,
  "generations_run": 100,
  "generations_to_convergence": 30,
  "convergence_history": [
    979.2674705501863,
    979.2674705501863,
    880.134936631449,
    880.134936631449,
    880.134936631449,
    790.8904810186298,
    768.2464360944579,
    768.2464360944579,
    768.2464360944579,
    736.799590599676,
    736.799590599676,
    732.7286313976736,
    716.9492586554067,
    674.6072262779824,
    669.9316471777661,
    664.7346199465783,
    631.8663503912039,
    625.2532648543906,
    625.2532648543906,
    600.5730992691211,
    595.3760720379333,
    580.8327529186076,
    580.8327529186076,
    564.957895508998,
    564.957895508998,
    557.5808451282634,
    557.5808451282634,
    557.5808451282634,
    557.5808451282634,
    557.5808451282634,
    556.6356784188063,
    556.6356784188063,
    556.6356784188063,
    556.6356784188063,
    556.6356784188063,
    556.6356784188063,
    556.6356784188063,
    556.6356784188063,
    556.6356784188063,
    556.6356784188063,
    556.6356784188063,
    556.6356784188063,
    556.6356784188063,
    556.6356784188063,
    556.6356784188063,
    556.6356784188063,
    556.6356784188063,
    556.6356784188063,
    556.6356784188063,
    556.6356784188063,
    556.6356784188063,
    556.6356784188063,
    556.6356784188063,
    556.6356784188063,
    556.6356784188063,
    556.6356784188063,
    556.6356784188063,
    556.6356784188063,
    556.6356784188063,
    556.6356784188063,
    556.6356784188063,
    556.6356784188063,
    556.6356784188063,
    556.6356784188063,
    556.6356784188063,
    556.6356784188063,
    556.6356784188063,
    556.6356784188063,
    556.6356784188063,
    556.6356784188063,
    556.6356784188063,
    556.6356784188063,
    556.6356784188063,
    556.6356784188063,
    556.6356784188063,
    556.6356784188063,
    556.6356784188063,
    556.6356784188063,
    556.6356784188063,
    556.6356784188063,
    556.6356784188063,
    556.6356784188063,
    556.6356784188063,
    556.6356784188063,
    556.6356784188063,
    556.6356784188063,
    556.6356784188063,
    556.6356784188063,
    556.6356784188063,
    556.6356784188063,
    556.6356784188063,
    556.6356784188063,
    556.6356784188063,
    556.6356784188063,
    556.6356784188063,
    556.6356784188063,
    556.6356784188063,
    556.6356784188063,
    556.6356784188063,
    556.6356784188063,
    556.6356784188063
  ],
  "best_solution": {
    "id": "ga_gen0_9923",
    "instance_id": "synthetic_30c_90q_random_s1848810400",
    "algorithm": "ga_pure",
    "routes": [
      {
        "vehicle_id": 0,
        "customer_sequence": [
          9,
          24,
          17,
          27
        ],
        "total_demand": 76,
        "total_distance": 119.655084859032
      },
      {
        "vehicle_id": 1,
        "customer_sequence": [
          30,
          20,
          7,
          15,
          26,
          21
        ],
        "total_demand": 86,
        "total_distance": 205.22771609608668
      },
      {
        "vehicle_id": 2,
        "customer_sequence": [
          2,
          5,
          25,
          1,
          12,
          3
        ],
        "total_demand": 76,
        "total_distance": 236.9014497547035
      },
      {
        "vehicle_id": 3,
        "customer_sequence": [
          14,
          28,
          18,
          19
        ],
        "total_demand": 72,
        "total_distance": 101.90650814633926
      },
      {
        "vehicle_id": 4,
        "customer_sequence": [
          23,
          29,
          10,
          8
        ],
        "total_demand": 66,
        "total_distance": 100.33011185698273
      },
      {
        "vehicle_id": 5,
        "customer_sequence": [
          22,
          6,
          13,
          16
        ],
        "total_demand": 75,
        "total_distance": 174.5885612303618
      },
      {
        "vehicle_id": 6,
        "customer_sequence": [
          11,
          4
        ],
        "total_demand": 36,
        "total_distance": 125.50216941662212
      }
    ],
    "total_cost": 556.6356784188063,
    "computation_time": 0.0,
    "is_valid": true,
    "convergence_history": null
  }
}