{
  "instance_id": "synthetic_40c_120q_clustered4_s1938856732",
  "instance_name": "Synthetic Clustered",
  "instance_size": 40,
  "configuration": "ga_pure",
  "agent_used": null,
  "replicate": 2,
  "seed": 1257257104,
  "initial_cost": 1048.9775198606733,
  "final_cost": 672.9574164115821,
  "improvement_gap": 35.84634525809807,
  "total_time": 1.4487030506134033,
  "initialization_time": 0.01638054847717285,
  "evolution_time": 1.4323225021362305,
  "generations_run": 100,
  "generations_to_convergence": 46,
  "convergence_history": [
    1048.9775198606733,
    973.5536218535151,
    973.5536218535151,
    952.5069815400109,
    928.3149357191035,
    857.9094865023678,
    857.9094865023678,
    857.9094865023678,
    853.3752727274114,
    840.9422312729878,
    795.245676600449,
    795.245676600449,
    761.0028155588715,
    761.0028155588715,
    756.3515230512194,
    732.6169555327581,
    732.6169555327581,
    732.6169555327581,
    727.2703687642564,
    727.2703687642564,
    717.1231491264468,
    717.1231491264468,
    702.2892021412896,
    702.2892021412896,
    702.2892021412896,
    695.2658007371574,
    692.1419825034799,
    692.1419825034799,
    692.1419825034799,
    692.1419825034799,
    692.1419825034799,
    692.1419825034799,
    692.1419825034799,
    692.1419825034799,
    692.1419825034799,
    692.1419825034799,
    683.4134160083005,
    683.4134160083005,
    683.4134160083005,
    683.4134160083005,
    683.4134160083005,
    683.4134160083005,
    683.4134160083005,
    683.4134160083005,
    683.4134160083005,
    683.4134160083005,
    672.9574164115821,
    672.9574164115821,
    672.9574164115821,
    672.9574164115821,
    672.9574164115821,
    672.9574164115821,
    672.9574164115821,
    672.9574164115821,
    672.9574164115821,
    672.9574164115821,
    672.9574164115821,
    672.9574164115821,
    672.9574164115821,
    672.9574164115821,
    672.9574164115821,
    672.9574164115821,
    672.9574164115821,
    672.9574164115821,
    672.9574164115821,
    672.9574164115821,
    672.9574164115821,
    672.9574164115821,
    672.9574164115821,
    672.9574164115821,
    672.9574164115821,
    672.9574164115821,
    672.9574164115821,
    672.9574164115821,
    672.9574164115821,
    672.9574164115821,
    672.9574164115821,
    672.9574164115821,
    672.9574164115821,
    672.9574164115821,
    672.9574164115821,
    672.9574164115821,
    672.9574164115821,
    672.9574164115821,
    672.9574164115821,
    672.9574164115821,
    672.9574164115821,
    672.9574164115821,
    672.9574164115821,
    672.9574164115821,
    672.9574164115821,
    672.9574164115821,
    672.9574164115821,
    672.9574164115821,
    672.9574164115821,
    672.9574164115821,
    672.9574164115821,
    672.9574164115821,
    672.9574164115821,
    672.9574164115821,
    672.9574164115821
  ],
  "best_solution": {
    "id": "ga_gen0_7478",
    "instance_id": "synthetic_40c_120q_clustered4_s1938856732",
    "algorithm": "ga_pure",
    "routes": [
      {
        "vehicle_id": 0,
        "customer_sequence": [
          24,
          10,
          2,
          6,
          11,
          31,
          37,
          32
        ],
        "total_demand": 102,
        "total_distance": 193.86351913044442
      },
      {
        "vehicle_id": 1,
        "customer_sequence": [
          39,
          14,
          20,
          19,
          3
        ],
        "total_demand": 113,
        "total_distance": 158.44149880015374
      },
      {
        "vehicle_id": 2,
        "customer_sequence": [
          23,
          26,
          27,
          30,
          21
        ],
        "total_demand": 116,
        "total_distance": 90.84628171552009
      },
      {
        "vehicle_id": 3,
        "customer_sequence": [
          13,
          22,
          5,
          7,
          16,
          15
        ],
        "total_demand": 118,
        "total_distance": 145.90660666099183
      },
      {
        "vehicle_id": 4,
        "customer_sequence": [
          36,
          40,
          28,
          29,
          25,
          8
        ],
        "total_demand": 120,
        "total_distance": 233.30947127485774
      },
      {
        "vehicle_id": 5,
        "customer_sequence": [
          34,
          33,
          38,
          35,
          17,
          18,
          1
        ],
        "total_demand": 120,
        "total_distance": 216.80806893173963
      },
      {
        "vehicle_id": 6,
        "customer_sequence": [
          9,
          4,
          12
        ],
        "total_demand": 41,
        "total_distance": 74.63678888315596
      }
    ],
    "total_cost": 672.9574164115821,
    "computation_time": 0.0,
    "is_valid": true,
    "convergence_history": null
  }
}