{
  "instance_id": "synthetic_50c_150q_clustered4_s483460627",
  "instance_name": "Synthetic Clustered",
  "instance_size": 50,
  "configuration": "ga_pure",
  "agent_used": null,
  "replicate": 2,
  "seed": 356905700,
  "initial_cost": 1001.6507647326614,
  "final_cost": 582.9097226478872,
  "improvement_gap": 41.80509383393077,
  "total_time": 2.8131840229034424,
  "initialization_time": 0.03489494323730469,
  "evolution_time": 2.7782890796661377,
  "generations_run": 100,
  "generations_to_convergence": 48,
  "convergence_history": [
    1001.6507647326614,
    962.2465723003975,
    898.3080868638655,
    898.3080868638655,
    880.7688755413154,
    831.741996383182,
    774.4397190551693,
    774.4397190551693,
    763.9911622246849,
    763.9911622246849,
    763.9911622246849,
    734.325590356293,
    715.1699957254536,
    715.1699957254536,
    715.1699957254536,
    701.6637580363752,
    694.6332082977178,
    694.6332082977178,
    694.6332082977178,
    691.4489348027994,
    683.5560200005832,
    672.6003002849403,
    669.3088858294377,
    667.2486758878288,
    667.2486758878288,
    657.8949713260706,
    647.726951803661,
    644.3887336369922,
    622.2566974116828,
    622.2566974116828,
    593.9186739986645,
    593.9186739986645,
    593.9186739986645,
    593.9186739986645,
    593.9186739986645,
    585.202902048928,
    585.202902048928,
    585.202902048928,
    585.202902048928,
    585.202902048928,
    585.202902048928,
    585.202902048928,
    585.202902048928,
    585.202902048928,
    585.202902048928,
    585.202902048928,
    585.202902048928,
    585.202902048928,
    582.9097226478872,
    582.9097226478872,
    582.9097226478872,
    582.9097226478872,
    582.9097226478872,
    582.9097226478872,
    582.9097226478872,
    582.9097226478872,
    582.9097226478872,
    582.9097226478872,
    582.9097226478872,
    582.9097226478872,
    582.9097226478872,
    582.9097226478872,
    582.9097226478872,
    582.9097226478872,
    582.9097226478872,
    582.9097226478872,
    582.9097226478872,
    582.9097226478872,
    582.9097226478872,
    582.9097226478872,
    582.9097226478872,
    582.9097226478872,
    582.9097226478872,
    582.9097226478872,
    582.9097226478872,
    582.9097226478872,
    582.9097226478872,
    582.9097226478872,
    582.9097226478872,
    582.9097226478872,
    582.9097226478872,
    582.9097226478872,
    582.9097226478872,
    582.9097226478872,
    582.9097226478872,
    582.9097226478872,
    582.9097226478872,
    582.9097226478872,
    582.9097226478872,
    582.9097226478872,
    582.9097226478872,
    582.9097226478872,
    582.9097226478872,
    582.9097226478872,
    582.9097226478872,
    582.9097226478872,
    582.9097226478872,
    582.9097226478872,
    582.9097226478872,
    582.9097226478872,
    582.9097226478872
  ],
  "best_solution": {
    "id": "ga_gen0_4790",
    "instance_id": "synthetic_50c_150q_clustered4_s483460627",
    "algorithm": "ga_pure",
    "routes": [
      {
        "vehicle_id": 0,
        "customer_sequence": [
          29,
          15,
          22,
          25,
          46,
          41,
          44,
          50
        ],
        "total_demand": 127,
        "total_distance": 146.297343083079
      },
      {
        "vehicle_id": 1,
        "customer_sequence": [
          39,
          33,
          18,
          20,
          7,
          12,
          4,
          26,
          2,
          35
        ],
        "total_demand": 142,
        "total_distance": 134.7350586599895
      },
      {
        "vehicle_id": 2,
        "customer_sequence": [
          14,
          47,
          38,
          45,
          21,
          5,
          1
        ],
        "total_demand": 140,
        "total_distance": 139.97170737770733
      },
      {
        "vehicle_id": 3,
        "customer_sequence": [
          11,
          17,
          34,
          36,
          24,
          10,
          27,
          19,
          40
        ],
        "total_demand": 144,
        "total_distance": 133.12558056806915
      },
      {
        "vehicle_id": 4,
        "customer_sequence": [
          48,
          42,
          37,
          43,
          16,
          3,
          32,
          8,
          31
        ],
        "total_demand": 146,
        "total_distance": 212.75363662053363
      },
      {
        "vehicle_id": 5,
        "customer_sequence": [
          13,
          9,
          28,
          23,
          49,
          30,
          6
        ],
        "total_demand": 85,
        "total_distance": 84.11085481810439
      }
    ],
    "total_cost": 582.9097226478872,
    "computation_time": 0.0,
    "is_valid": true,
    "convergence_history": null
  }
}