{
  "instance_id": "synthetic_60c_300q_random_s1845336475",
  "instance_name": "Synthetic Random",
  "instance_size": 60,
  "configuration": "ga_pure",
  "agent_used": null,
  "replicate": 5,
  "seed": 988183947,
  "initial_cost": 2751.1426091443614,
  "final_cost": 1484.8243701872502,
  "improvement_gap": 46.02881125638745,
  "total_time": 4.087005615234375,
  "initialization_time": 0.044777870178222656,
  "evolution_time": 4.042227745056152,
  "generations_run": 100,
  "generations_to_convergence": null,
  "convergence_history": [
    2751.1426091443614,
    2671.0552505216365,
    2607.9437520085503,
    2538.4854855858125,
    2538.4854855858125,
    2391.9155753073037,
    2208.0102274268497,
    2188.5940827487784,
    2186.9597980852254,
    2184.239936400263,
    2137.8526235188956,
    2119.9249588400517,
    2119.9249588400517,
    2119.9249588400517,
    2089.0075642249512,
    2077.612332846489,
    2077.612332846489,
    2074.45677266619,
    2056.2539003363754,
    2056.2539003363754,
    2056.2539003363754,
    1983.097382615125,
    1983.097382615125,
    1983.097382615125,
    1983.097382615125,
    1936.5927928400126,
    1926.4969516650028,
    1926.4969516650028,
    1910.564796462222,
    1910.564796462222,
    1906.3172361182812,
    1906.3172361182812,
    1891.4691579175253,
    1891.4691579175253,
    1880.28923974049,
    1855.7968071705661,
    1855.7968071705661,
    1825.5212504488343,
    1825.5212504488343,
    1825.5212504488343,
    1812.0541323095565,
    1793.6184970202755,
    1793.6184970202755,
    1793.6184970202755,
    1780.09245996067,
    1780.09245996067,
    1719.506486106753,
    1706.0393679674753,
    1706.0393679674753,
    1706.0393679674753,
    1706.0393679674753,
    1706.0393679674753,
    1701.438547887842,
    1701.438547887842,
    1697.9084713609545,
    1697.9084713609545,
    1690.0020471230437,
    1677.588797618279,
    1666.7171208503387,
    1666.7171208503387,
    1644.272430016605,
    1644.272430016605,
    1644.272430016605,
    1644.272430016605,
    1644.272430016605,
    1615.2976620476293,
    1613.8568541690206,
    1613.8568541690206,
    1605.9704259247715,
    1599.1266781076483,
    1599.1266781076483,
    1599.1266781076483,
    1599.1266781076483,
    1599.1266781076483,
    1599.1266781076483,
    1591.5539120553808,
    1591.5539120553808,
    1591.5539120553808,
    1591.5539120553808,
    1591.5539120553808,
    1591.5539120553808,
    1591.5539120553808,
    1591.5539120553808,
    1568.739762132947,
    1568.739762132947,
    1568.739762132947,
    1561.297424769859,
    1552.4988639700146,
    1547.8015223193975,
    1533.661026744654,
    1533.661026744654,
    1513.6085753627553,
    1506.3974218418884,
    1506.3974218418884,
    1502.1182892579309,
    1486.3449704599898,
    1486.3449704599898,
    1486.3449704599898,
    1486.3449704599898,
    1486.3449704599898,
    1484.8243701872502
  ],
  "best_solution": {
    "id": "ga_gen0_7818",
    "instance_id": "synthetic_60c_300q_random_s1845336475",
    "algorithm": "ga_pure",
    "routes": [
      {
        "vehicle_id": 0,
        "customer_sequence": [
          14,
          42,
          6,
          31,
          60,
          40,
          16,
          23,
          21,
          55,
          56,
          28,
          43,
          32,
          8,
          30,
          41
        ],
        "total_demand": 290,
        "total_distance": 433.6920788665223
      },
      {
        "vehicle_id": 1,
        "customer_sequence": [
          18,
          44,
          48,
          7,
          35,
          27,
          36,
          38,
          1,
          33,
          59,
          11,
          57,
          3,
          13,
          50,
          54
        ],
        "total_demand": 282,
        "total_distance": 491.3154116003071
      },
      {
        "vehicle_id": 2,
        "customer_sequence": [
          34,
          2,
          51,
          25,
          10,
          9,
          26,
          15,
          17,
          4,
          20,
          53,
          46,
          24,
          5,
          45,
          49,
          39,
          19
        ],
        "total_demand": 295,
        "total_distance": 556.0623415775466
      },
      {
        "vehicle_id": 3,
        "customer_sequence": [
          29,
          37,
          52,
          58,
          12,
          22,
          47
        ],
        "total_demand": 126,
        "total_distance": 307.7129770444909
      }
    ],
    "total_cost": 1484.8243701872502,
    "computation_time": 0.0,
    "is_valid": true,
    "convergence_history": null
  }
}