{
  "instance_id": "synthetic_110c_481q_clustered6_s1964921483",
  "instance_name": "Synthetic Clustered",
  "instance_size": 110,
  "configuration": "ga_pure",
  "agent_used": null,
  "replicate": 1,
  "seed": 1591903746,
  "initial_cost": 3210.244008261673,
  "final_cost": 1772.9505317532612,
  "improvement_gap": 44.77209435823221,
  "total_time": 12.620461225509644,
  "initialization_time": 0.17798185348510742,
  "evolution_time": 12.442479372024536,
  "generations_run": 100,
  "generations_to_convergence": null,
  "convergence_history": [
    3210.244008261673,
    3063.4290138785777,
    3063.4290138785777,
    3010.7611212799266,
    2821.8520321658807,
    2821.8520321658807,
    2747.233913512851,
    2747.233913512851,
    2747.233913512851,
    2747.233913512851,
    2747.233913512851,
    2680.347947953157,
    2659.6643882175636,
    2647.819900010342,
    2647.819900010342,
    2636.158495288714,
    2605.9541106631164,
    2578.5752298515454,
    2578.5752298515454,
    2563.1612445867318,
    2563.1612445867318,
    2553.9284434353503,
    2510.309451331846,
    2500.763511527335,
    2493.0385384408596,
    2475.7685265464056,
    2458.948200781194,
    2430.172180925283,
    2424.6061483894014,
    2389.5708086112145,
    2386.799853351975,
    2368.5049476949875,
    2361.0963040298543,
    2346.761947099137,
    2344.4491396769913,
    2320.993732839799,
    2315.296707183102,
    2237.9967083053234,
    2237.9967083053234,
    2237.9967083053234,
    2237.9967083053234,
    2232.593739284297,
    2218.695864510303,
    2198.800495220916,
    2176.6587415157915,
    2176.6587415157915,
    2153.99660194178,
    2153.99660194178,
    2143.530445673776,
    2136.571028253254,
    2089.608622699807,
    2089.608622699807,
    2085.1989986371173,
    2077.397354613185,
    2064.390895065137,
    2064.390895065137,
    2058.8395972913077,
    2058.8395972913077,
    2050.369781454146,
    2046.5265929739455,
    2040.1502264025069,
    2040.1502264025069,
    2029.31885941342,
    2021.3045427515906,
    2001.9481580329702,
    1991.6343004199787,
    1990.5625935323908,
    1983.6199837581496,
    1976.1703540121098,
    1976.1703540121098,
    1965.7444261744881,
    1958.8018164002467,
    1936.4359521587826,
    1936.4359521587826,
    1936.4359521587826,
    1921.5107659979208,
    1910.5217802835846,
    1909.2376809458965,
    1898.0481905853899,
    1898.0481905853899,
    1898.0481905853899,
    1898.0481905853899,
    1890.313855086916,
    1886.1451770819926,
    1886.1451770819926,
    1886.1451770819926,
    1853.6877450052555,
    1853.6877450052555,
    1847.2595742383864,
    1792.0231108378862,
    1792.0231108378862,
    1792.0231108378862,
    1792.0231108378862,
    1789.463884436878,
    1784.616395235066,
    1784.616395235066,
    1781.5760817650287,
    1781.5760817650287,
    1781.5760817650287,
    1772.9505317532612,
    1772.9505317532612
  ],
  "best_solution": {
    "id": "ga_gen0_8583",
    "instance_id": "synthetic_110c_481q_clustered6_s1964921483",
    "algorithm": "ga_pure",
    "routes": [
      {
        "vehicle_id": 0,
        "customer_sequence": [
          103,
          109,
          73,
          81,
          88,
          83,
          85,
          75,
          26,
          27,
          21,
          31,
          30,
          74,
          38,
          14,
          9,
          44,
          110,
          50,
          57,
          11,
          56,
          104,
          13,
          2
        ],
        "total_demand": 478,
        "total_distance": 544.1464601568953
      },
      {
        "vehicle_id": 1,
        "customer_sequence": [
          91,
          100,
          34,
          19,
          29,
          102,
          32,
          55,
          60,
          63,
          67,
          71,
          12,
          15,
          35,
          69,
          92,
          22,
          23,
          46,
          53,
          64,
          40,
          54
        ],
        "total_demand": 472,
        "total_distance": 499.4150220348709
      },
      {
        "vehicle_id": 2,
        "customer_sequence": [
          105,
          79,
          99,
          86,
          90,
          78,
          82,
          24,
          98,
          101,
          25,
          96,
          87,
          94,
          36,
          72,
          62,
          4,
          68,
          5,
          47,
          7,
          1,
          48,
          45
        ],
        "total_demand": 470,
        "total_distance": 447.8619416507516
      },
      {
        "vehicle_id": 3,
        "customer_sequence": [
          33,
          77,
          89,
          84,
          97,
          20,
          61,
          10,
          6,
          18,
          42,
          17,
          58,
          65,
          66,
          52,
          8,
          41,
          3,
          37,
          51,
          59,
          16,
          43,
          70,
          107,
          28,
          106,
          80
        ],
        "total_demand": 470,
        "total_distance": 427.05480931527677
      },
      {
        "vehicle_id": 4,
        "customer_sequence": [
          95,
          76,
          93,
          108,
          39,
          49
        ],
        "total_demand": 122,
        "total_distance": 201.9831560921347
      }
    ],
    "total_cost": 1772.9505317532612,
    "computation_time": 0.0,
    "is_valid": true,
    "convergence_history": null
  }
}