{
  "instance_id": "synthetic_125c_437q_clustered6_s1470637096",
  "instance_name": "Synthetic Clustered",
  "instance_size": 125,
  "configuration": "ga_pure",
  "agent_used": null,
  "replicate": 3,
  "seed": 268874235,
  "initial_cost": 3902.7933280943175,
  "final_cost": 2311.3608421998397,
  "improvement_gap": 40.77675531621228,
  "total_time": 16.368467569351196,
  "initialization_time": 0.181060791015625,
  "evolution_time": 16.18740677833557,
  "generations_run": 100,
  "generations_to_convergence": null,
  "convergence_history": [
    3902.7933280943175,
    3902.7933280943175,
    3902.7933280943175,
    3854.0294647414344,
    3701.150019923287,
    3681.117972365183,
    3681.117972365183,
    3568.0563686331125,
    3568.0563686331125,
    3520.2026980457504,
    3520.2026980457504,
    3493.099834400711,
    3378.2021429913557,
    3378.2021429913557,
    3378.2021429913557,
    3339.033123020261,
    3324.176349957973,
    3310.0570278252626,
    3215.1459171373963,
    3200.9501334664064,
    3200.9501334664064,
    3200.9501334664064,
    3157.166679036689,
    3117.5116818443767,
    3100.7019083711966,
    3096.0787751795087,
    3017.844037087011,
    3017.844037087011,
    3002.01625415875,
    3002.01625415875,
    2995.543749782183,
    2983.346345698102,
    2968.0161742052414,
    2940.4365870476563,
    2926.6998322337695,
    2894.169258233906,
    2894.169258233906,
    2875.9315599927495,
    2867.2756640923917,
    2848.6057556317437,
    2840.599866836136,
    2811.5562139820304,
    2811.5562139820304,
    2770.3441869088506,
    2759.4488558732282,
    2745.873888751302,
    2708.9281666739307,
    2705.306489123961,
    2705.306489123961,
    2701.2024149122276,
    2701.2024149122276,
    2689.3430603486854,
    2665.9025739171416,
    2652.259721693559,
    2652.259721693559,
    2623.6235639734846,
    2610.3679210614155,
    2610.3679210614155,
    2598.8388529592175,
    2583.9345037646344,
    2583.9345037646344,
    2559.149792750367,
    2557.3812324208693,
    2548.4074482322085,
    2545.484957901166,
    2545.484957901166,
    2511.018216150567,
    2511.018216150567,
    2511.018216150567,
    2509.4834489107593,
    2481.3316306269076,
    2479.7968633871,
    2479.7968633871,
    2473.197950795328,
    2466.893391514311,
    2460.401141485021,
    2460.294478922539,
    2445.0030006045804,
    2445.0030006045804,
    2444.593563858117,
    2417.267032658539,
    2417.267032658539,
    2417.267032658539,
    2414.499698236175,
    2402.39721561156,
    2402.39721561156,
    2402.39721561156,
    2391.91784904877,
    2391.91784904877,
    2391.91784904877,
    2386.794120653324,
    2386.794120653324,
    2386.794120653324,
    2386.794120653324,
    2374.7554230450705,
    2374.7554230450705,
    2374.7554230450705,
    2338.8052500995864,
    2338.2510263659597,
    2330.490263932989,
    2311.3608421998397
  ],
  "best_solution": {
    "id": "ga_gen0_8903",
    "instance_id": "synthetic_125c_437q_clustered6_s1470637096",
    "algorithm": "ga_pure",
    "routes": [
      {
        "vehicle_id": 0,
        "customer_sequence": [
          120,
          1,
          8,
          11,
          109,
          16,
          44,
          32,
          29,
          24,
          95,
          23,
          121,
          105,
          77,
          102,
          5,
          64,
          14,
          18,
          68,
          43,
          71
        ],
        "total_demand": 435,
        "total_distance": 439.1546378228242
      },
      {
        "vehicle_id": 1,
        "customer_sequence": [
          118,
          76,
          67,
          115,
          12,
          37,
          113,
          114,
          86,
          39,
          90,
          116,
          54,
          13,
          73,
          42,
          55,
          47,
          50,
          84,
          81,
          79,
          70,
          61
        ],
        "total_demand": 424,
        "total_distance": 537.2046966496699
      },
      {
        "vehicle_id": 2,
        "customer_sequence": [
          83,
          106,
          108,
          41,
          4,
          10,
          2,
          15,
          59,
          93,
          123,
          85,
          20,
          51,
          101,
          75,
          63,
          74,
          72,
          112,
          103,
          98
        ],
        "total_demand": 419,
        "total_distance": 398.9988338251805
      },
      {
        "vehicle_id": 3,
        "customer_sequence": [
          62,
          56,
          9,
          87,
          60,
          53,
          48,
          78,
          80,
          46,
          57,
          69,
          117,
          6,
          7,
          110,
          107,
          119,
          89,
          88,
          30
        ],
        "total_demand": 430,
        "total_distance": 424.67036177753596
      },
      {
        "vehicle_id": 4,
        "customer_sequence": [
          111,
          125,
          34,
          52,
          17,
          49,
          45,
          91,
          31,
          22,
          40,
          36,
          124,
          25,
          33,
          21,
          82,
          26,
          97,
          92,
          99,
          3,
          66
        ],
        "total_demand": 422,
        "total_distance": 535.9553795820001
      },
      {
        "vehicle_id": 5,
        "customer_sequence": [
          38,
          27,
          28,
          94,
          35,
          100,
          96,
          104,
          65,
          19,
          58,
          122
        ],
        "total_demand": 257,
        "total_distance": 346.69624120876944
      }
    ],
    "total_cost": 2311.3608421998397,
    "computation_time": 0.0,
    "is_valid": true,
    "convergence_history": null
  }
}