{
  "instance_id": "synthetic_60c_300q_random_s912583937",
  "instance_name": "Synthetic Random",
  "instance_size": 60,
  "configuration": "ga_pure",
  "agent_used": null,
  "replicate": 4,
  "seed": 1984061436,
  "initial_cost": 2591.1997511805976,
  "final_cost": 1288.7106957643505,
  "improvement_gap": 50.26586834236957,
  "total_time": 3.9291014671325684,
  "initialization_time": 0.03619813919067383,
  "evolution_time": 3.8929033279418945,
  "generations_run": 100,
  "generations_to_convergence": null,
  "convergence_history": [
    2591.1997511805976,
    2556.687408130935,
    2448.56505025587,
    2409.8489244778425,
    2400.5889922132383,
    2359.374573427789,
    2359.374573427789,
    2215.4394030042477,
    2215.4394030042477,
    2215.4394030042477,
    2173.447705102156,
    2158.1538443721543,
    2013.3706040451402,
    2013.3706040451402,
    2013.3706040451402,
    2013.3706040451402,
    1990.818129272589,
    1961.2352835876252,
    1863.0978983688497,
    1863.0978983688497,
    1824.257327523232,
    1824.257327523232,
    1796.2007443388197,
    1762.0819722507597,
    1762.0819722507597,
    1747.1406844499118,
    1725.906912626066,
    1725.906912626066,
    1725.906912626066,
    1725.906912626066,
    1711.2758831334113,
    1709.0940532070317,
    1689.7258086595687,
    1689.7258086595687,
    1684.724614872277,
    1664.6547970858592,
    1664.6547970858592,
    1599.3398974851036,
    1559.7995622310639,
    1559.7995622310639,
    1559.0270692658216,
    1554.1564201532374,
    1550.4932412507985,
    1528.7684183278222,
    1520.2345903127991,
    1520.2345903127991,
    1520.2345903127991,
    1520.2345903127991,
    1514.6496163193021,
    1496.9505944344385,
    1496.9505944344385,
    1464.4329892600636,
    1464.4329892600636,
    1464.4329892600636,
    1464.4329892600636,
    1464.4329892600636,
    1464.4329892600636,
    1464.4329892600636,
    1464.4329892600636,
    1463.8793186486644,
    1463.8793186486644,
    1458.9441074009987,
    1458.9441074009987,
    1434.892973147751,
    1434.892973147751,
    1429.9577619000854,
    1427.304385286721,
    1427.304385286721,
    1411.8871614120048,
    1411.8871614120048,
    1409.2337847986405,
    1409.2337847986405,
    1408.861455881276,
    1408.861455881276,
    1399.53784792272,
    1399.53784792272,
    1399.53784792272,
    1390.8632587655898,
    1385.219634221607,
    1371.5848763549952,
    1371.5848763549952,
    1360.679050125404,
    1352.5811143156398,
    1351.6229554716483,
    1341.6752880860486,
    1341.6752880860486,
    1332.6191934322928,
    1332.6191934322928,
    1332.6191934322928,
    1332.6191934322928,
    1312.8047917273275,
    1303.7486970735717,
    1303.7486970735717,
    1288.7106957643505,
    1288.7106957643505,
    1288.7106957643505,
    1288.7106957643505,
    1288.7106957643505,
    1288.7106957643505,
    1288.7106957643505,
    1288.7106957643505
  ],
  "best_solution": {
    "id": "ga_gen0_7715",
    "instance_id": "synthetic_60c_300q_random_s912583937",
    "algorithm": "ga_pure",
    "routes": [
      {
        "vehicle_id": 0,
        "customer_sequence": [
          22,
          26,
          29,
          43,
          17,
          46,
          9,
          30,
          38,
          13,
          5,
          35,
          45,
          14,
          52,
          34,
          59,
          20,
          42
        ],
        "total_demand": 298,
        "total_distance": 474.69515233945975
      },
      {
        "vehicle_id": 1,
        "customer_sequence": [
          12,
          54,
          51,
          49,
          24,
          56,
          18,
          6,
          57,
          47,
          44,
          41,
          25,
          58,
          32
        ],
        "total_demand": 283,
        "total_distance": 483.3581283605341
      },
      {
        "vehicle_id": 2,
        "customer_sequence": [
          33,
          2,
          21,
          28,
          3,
          23,
          36,
          1,
          50,
          15,
          27,
          39,
          4,
          40,
          11
        ],
        "total_demand": 298,
        "total_distance": 384.07180345084595
      },
      {
        "vehicle_id": 3,
        "customer_sequence": [
          19,
          8,
          31,
          48,
          55,
          60,
          10,
          53,
          7,
          37,
          16
        ],
        "total_demand": 205,
        "total_distance": 289.614559831602
      }
    ],
    "total_cost": 1288.7106957643505,
    "computation_time": 0.0,
    "is_valid": true,
    "convergence_history": null
  }
}