{
  "instance_id": "synthetic_100c_300q_random_s1254967486",
  "instance_name": "Synthetic Random",
  "instance_size": 100,
  "configuration": "ga_pure",
  "agent_used": null,
  "replicate": 1,
  "seed": 660862193,
  "initial_cost": 4440.020879298167,
  "final_cost": 2422.1559705594764,
  "improvement_gap": 45.447194137016176,
  "total_time": 10.795503377914429,
  "initialization_time": 0.14306163787841797,
  "evolution_time": 10.65244174003601,
  "generations_run": 100,
  "generations_to_convergence": null,
  "convergence_history": [
    4440.020879298167,
    4315.664342182767,
    4303.508312914806,
    4229.299143570264,
    4051.7862487409216,
    4051.7862487409216,
    4051.7862487409216,
    4051.7862487409216,
    3992.2853344273517,
    3926.780922940452,
    3919.2338913799836,
    3888.680648658292,
    3888.680648658292,
    3856.7462063145267,
    3814.797557310517,
    3814.797557310517,
    3762.8952829225323,
    3671.754954440143,
    3638.826061545318,
    3638.826061545318,
    3600.395671077156,
    3599.5282867707197,
    3590.430046662822,
    3524.5164041886005,
    3482.850084275036,
    3482.850084275036,
    3422.33851741392,
    3422.33851741392,
    3422.33851741392,
    3378.0672824002627,
    3312.724717038331,
    3312.724717038331,
    3244.119760084129,
    3244.119760084129,
    3244.119760084129,
    3244.119760084129,
    3219.962131782816,
    3219.962131782816,
    3203.474582302846,
    3194.052422906412,
    3128.25237245174,
    3128.25237245174,
    3080.022563747523,
    3080.022563747523,
    3034.5782808540766,
    3002.822116601692,
    3002.822116601692,
    3002.822116601692,
    2980.405562741774,
    2968.7648050527946,
    2963.8324769182486,
    2949.2553071765956,
    2946.3482511928764,
    2946.3482511928764,
    2939.103838139915,
    2918.650131535605,
    2918.650131535605,
    2916.7166403489514,
    2904.003210965263,
    2904.003210965263,
    2893.851741928582,
    2883.951290849218,
    2820.2636137099807,
    2820.2636137099807,
    2820.2636137099807,
    2806.9209670633577,
    2806.9209670633577,
    2799.5417973891326,
    2795.3200479720185,
    2750.762139081839,
    2700.628833695105,
    2700.628833695105,
    2700.628833695105,
    2685.057029114972,
    2674.7153196299128,
    2672.5471384705406,
    2642.639217302824,
    2642.639217302824,
    2642.639217302824,
    2630.1038214571327,
    2607.298862242064,
    2594.267108065681,
    2539.6283311938328,
    2535.8654324806057,
    2521.6999876631494,
    2521.6999876631494,
    2521.6999876631494,
    2521.6999876631494,
    2511.35827817809,
    2494.355218054552,
    2494.355218054552,
    2489.9161246318213,
    2484.013508569493,
    2438.7795267811102,
    2436.1368618032843,
    2436.1368618032843,
    2430.8728632826164,
    2430.171176834214,
    2430.171176834214,
    2430.171176834214,
    2422.1559705594764
  ],
  "best_solution": {
    "id": "ga_gen0_2657",
    "instance_id": "synthetic_100c_300q_random_s1254967486",
    "algorithm": "ga_pure",
    "routes": [
      {
        "vehicle_id": 0,
        "customer_sequence": [
          44,
          87,
          22,
          20,
          99,
          28,
          93,
          67,
          24,
          78,
          80,
          56,
          17,
          37,
          45,
          66,
          51,
          35,
          46
        ],
        "total_demand": 296,
        "total_distance": 552.24175094202
      },
      {
        "vehicle_id": 1,
        "customer_sequence": [
          43,
          39,
          74,
          54,
          86,
          73,
          96,
          95,
          4,
          34,
          16,
          47,
          68,
          72,
          55,
          31,
          10,
          62,
          59
        ],
        "total_demand": 280,
        "total_distance": 554.5576194109258
      },
      {
        "vehicle_id": 2,
        "customer_sequence": [
          13,
          82,
          88,
          91,
          83,
          23,
          27,
          50,
          79,
          61,
          71,
          52,
          2,
          6,
          30,
          81,
          8
        ],
        "total_demand": 279,
        "total_distance": 536.1007599577018
      },
      {
        "vehicle_id": 3,
        "customer_sequence": [
          14,
          77,
          76,
          49,
          98,
          32,
          70,
          100,
          12,
          33,
          60,
          38,
          75,
          63,
          9,
          25,
          69,
          65
        ],
        "total_demand": 295,
        "total_distance": 481.4344451501305
      },
      {
        "vehicle_id": 4,
        "customer_sequence": [
          64,
          40,
          53,
          5,
          18,
          97,
          21,
          19,
          58,
          36,
          94,
          42,
          57,
          15,
          90,
          1,
          84,
          29,
          11,
          92
        ],
        "total_demand": 274,
        "total_distance": 584.8368456810124
      },
      {
        "vehicle_id": 5,
        "customer_sequence": [
          85,
          26,
          89,
          7,
          3,
          41,
          48
        ],
        "total_demand": 159,
        "total_distance": 259.42240005609256
      }
    ],
    "total_cost": 2422.1559705594764,
    "computation_time": 0.0,
    "is_valid": true,
    "convergence_history": null
  }
}