{
  "instance_id": "synthetic_90c_337q_random_s916952474",
  "instance_name": "Synthetic Random",
  "instance_size": 90,
  "configuration": "ga_pure",
  "agent_used": null,
  "replicate": 1,
  "seed": 2116279392,
  "initial_cost": 4125.943212240687,
  "final_cost": 2138.6064597651994,
  "improvement_gap": 48.166846954643844,
  "total_time": 8.590747594833374,
  "initialization_time": 0.10869646072387695,
  "evolution_time": 8.482051134109497,
  "generations_run": 100,
  "generations_to_convergence": null,
  "convergence_history": [
    4125.943212240687,
    3983.2124327693923,
    3720.987252502186,
    3720.987252502186,
    3720.987252502186,
    3654.0462126467546,
    3654.0462126467546,
    3467.8044384400046,
    3467.8044384400046,
    3440.759151248756,
    3440.759151248756,
    3438.562305180733,
    3347.5737205033433,
    3322.630135555384,
    3318.531141687007,
    3299.7903124257514,
    3264.733089945991,
    3206.627963765234,
    3191.2502289649256,
    3190.258344330069,
    3132.241528584971,
    3114.920855783321,
    3105.2487503566726,
    3076.9164546357497,
    3052.974814231957,
    3052.974814231957,
    2999.9868719937595,
    2999.9868719937595,
    2928.5257454848647,
    2928.5257454848647,
    2924.0141694324425,
    2917.2061892574643,
    2895.861358793344,
    2880.0603019980754,
    2847.395915306555,
    2847.395915306555,
    2841.831270630502,
    2809.1668839389813,
    2779.1340650663574,
    2779.1340650663574,
    2723.5732953481206,
    2723.5732953481206,
    2719.0209758352057,
    2719.0209758352057,
    2688.988156962582,
    2683.0652857009472,
    2668.464841534306,
    2632.5091514000474,
    2632.5091514000474,
    2626.77272598516,
    2585.9510899204347,
    2585.9510899204347,
    2585.9510899204347,
    2585.9510899204347,
    2546.4647689831595,
    2543.488998202975,
    2542.6502710182713,
    2540.854745165351,
    2526.613836193929,
    2507.041399476043,
    2507.041399476043,
    2499.245625311302,
    2499.245625311302,
    2453.021742107278,
    2453.021742107278,
    2423.1853155611193,
    2407.1488807367773,
    2403.519951207998,
    2403.519951207998,
    2391.0439730463054,
    2353.1767539262974,
    2353.1767539262974,
    2352.424458359573,
    2352.424458359573,
    2333.5828252299116,
    2333.5828252299116,
    2325.1792650393027,
    2306.772453292104,
    2306.772453292104,
    2293.475721020627,
    2293.475721020627,
    2278.4961162788995,
    2278.4961162788995,
    2261.8493026048536,
    2252.199059794726,
    2252.199059794726,
    2248.5701302659472,
    2247.172175427136,
    2247.172175427136,
    2169.0977917960968,
    2169.0977917960968,
    2165.325496468978,
    2142.098019181706,
    2142.098019181706,
    2142.098019181706,
    2142.098019181706,
    2142.098019181706,
    2142.098019181706,
    2141.883397222983,
    2141.883397222983,
    2138.6064597651994
  ],
  "best_solution": {
    "id": "ga_gen0_6764",
    "instance_id": "synthetic_90c_337q_random_s916952474",
    "algorithm": "ga_pure",
    "routes": [
      {
        "vehicle_id": 0,
        "customer_sequence": [
          41,
          76,
          90,
          49,
          62,
          9,
          70,
          21,
          8,
          63,
          30,
          56,
          59,
          77,
          83,
          44,
          64,
          24,
          60,
          74
        ],
        "total_demand": 329,
        "total_distance": 632.8286086046514
      },
      {
        "vehicle_id": 1,
        "customer_sequence": [
          34,
          15,
          72,
          52,
          16,
          2,
          42,
          33,
          11,
          18,
          6,
          39,
          10,
          67,
          73,
          61,
          69,
          53,
          5,
          75,
          55
        ],
        "total_demand": 323,
        "total_distance": 528.6774993283781
      },
      {
        "vehicle_id": 2,
        "customer_sequence": [
          85,
          25,
          58,
          78,
          89,
          4,
          7,
          88,
          40,
          38,
          79,
          1,
          68,
          50,
          29,
          22,
          84,
          26,
          80
        ],
        "total_demand": 328,
        "total_distance": 427.95580715123424
      },
      {
        "vehicle_id": 3,
        "customer_sequence": [
          27,
          20,
          51,
          14,
          57,
          65,
          37,
          17,
          46,
          12,
          35,
          47,
          81,
          23,
          43,
          45,
          87,
          86,
          19
        ],
        "total_demand": 311,
        "total_distance": 500.1685480409732
      },
      {
        "vehicle_id": 4,
        "customer_sequence": [
          3,
          71,
          48,
          31,
          82,
          66,
          13,
          28,
          36,
          54,
          32
        ],
        "total_demand": 240,
        "total_distance": 460.9068861052119
      }
    ],
    "total_cost": 2138.6064597651994,
    "computation_time": 0.0,
    "is_valid": true,
    "convergence_history": null
  }
}