{
  "instance_id": "synthetic_50c_150q_random_s2054244932",
  "instance_name": "Synthetic Random",
  "instance_size": 50,
  "configuration": "ga_pure",
  "agent_used": null,
  "replicate": 3,
  "seed": 25980932,
  "initial_cost": 2142.8833886258367,
  "final_cost": 1180.203103713753,
  "improvement_gap": 44.92452972578317,
  "total_time": 2.300832986831665,
  "initialization_time": 0.03282976150512695,
  "evolution_time": 2.268003225326538,
  "generations_run": 100,
  "generations_to_convergence": 73,
  "convergence_history": [
    2142.8833886258367,
    2104.5026486938627,
    2033.8220498219434,
    2033.8220498219434,
    1953.6625404635217,
    1747.88712096435,
    1747.88712096435,
    1747.88712096435,
    1747.88712096435,
    1747.88712096435,
    1747.88712096435,
    1705.5281122354313,
    1705.5281122354313,
    1705.5281122354313,
    1612.158345632068,
    1612.158345632068,
    1612.158345632068,
    1535.2545600877224,
    1501.9678403503942,
    1501.9678403503942,
    1500.7832402003044,
    1475.0758815777106,
    1448.0226525160467,
    1448.0226525160467,
    1422.695069761712,
    1422.695069761712,
    1391.9518098914011,
    1391.9518098914011,
    1391.9518098914011,
    1385.0846370400066,
    1305.8292040425697,
    1305.8292040425697,
    1305.8292040425697,
    1305.8292040425697,
    1305.8292040425697,
    1305.8292040425697,
    1289.6502457128267,
    1289.6502457128267,
    1289.6502457128267,
    1289.6502457128267,
    1282.6527431953546,
    1266.4737848656116,
    1266.4737848656116,
    1261.7328308588776,
    1248.4779359698089,
    1243.7369819630749,
    1243.7369819630749,
    1243.7369819630749,
    1226.117755407908,
    1219.9806496118085,
    1219.9806496118085,
    1213.5206612379427,
    1213.5206612379427,
    1213.5206612379427,
    1213.5206612379427,
    1204.6779897855743,
    1203.4801686521205,
    1203.4801686521205,
    1203.4801686521205,
    1203.4801686521205,
    1188.1988881247942,
    1188.1988881247942,
    1188.1988881247942,
    1188.1988881247942,
    1188.1988881247942,
    1188.1988881247942,
    1184.3342859265667,
    1184.3342859265667,
    1181.2506483961897,
    1181.2506483961897,
    1181.2506483961897,
    1181.2506483961897,
    1181.2506483961897,
    1180.203103713753,
    1180.203103713753,
    1180.203103713753,
    1180.203103713753,
    1180.203103713753,
    1180.203103713753,
    1180.203103713753,
    1180.203103713753,
    1180.203103713753,
    1180.203103713753,
    1180.203103713753,
    1180.203103713753,
    1180.203103713753,
    1180.203103713753,
    1180.203103713753,
    1180.203103713753,
    1180.203103713753,
    1180.203103713753,
    1180.203103713753,
    1180.203103713753,
    1180.203103713753,
    1180.203103713753,
    1180.203103713753,
    1180.203103713753,
    1180.203103713753,
    1180.203103713753,
    1180.203103713753,
    1180.203103713753
  ],
  "best_solution": {
    "id": "ga_gen0_6199",
    "instance_id": "synthetic_50c_150q_random_s2054244932",
    "algorithm": "ga_pure",
    "routes": [
      {
        "vehicle_id": 0,
        "customer_sequence": [
          3,
          42,
          43,
          8,
          46,
          35,
          21,
          48
        ],
        "total_demand": 142,
        "total_distance": 355.7380080409308
      },
      {
        "vehicle_id": 1,
        "customer_sequence": [
          26,
          11,
          14,
          19,
          39,
          25,
          12,
          47
        ],
        "total_demand": 145,
        "total_distance": 267.4170649618779
      },
      {
        "vehicle_id": 2,
        "customer_sequence": [
          10,
          44,
          37,
          13,
          29,
          34,
          15
        ],
        "total_demand": 139,
        "total_distance": 164.93693489292187
      },
      {
        "vehicle_id": 3,
        "customer_sequence": [
          9,
          45,
          32,
          6,
          50,
          38,
          2,
          22,
          16
        ],
        "total_demand": 130,
        "total_distance": 353.7578781050235
      },
      {
        "vehicle_id": 4,
        "customer_sequence": [
          40,
          49,
          5,
          17,
          1,
          41,
          28,
          33,
          31,
          23
        ],
        "total_demand": 131,
        "total_distance": 299.08427703776647
      },
      {
        "vehicle_id": 5,
        "customer_sequence": [
          30,
          36,
          27,
          4,
          20,
          24,
          7
        ],
        "total_demand": 149,
        "total_distance": 261.2169758182207
      },
      {
        "vehicle_id": 6,
        "customer_sequence": [
          18
        ],
        "total_demand": 6,
        "total_distance": 99.41420641115089
      }
    ],
    "total_cost": 1180.203103713753,
    "computation_time": 0.0,
    "is_valid": true,
    "convergence_history": null
  }
}