{
  "instance_id": "synthetic_150c_525q_clustered6_s1716751590",
  "instance_name": "Synthetic Clustered",
  "instance_size": 150,
  "configuration": "ga_pure",
  "agent_used": null,
  "replicate": 5,
  "seed": 1027961575,
  "initial_cost": 5070.873256446585,
  "final_cost": 3037.8843007938103,
  "improvement_gap": 40.09149613566544,
  "total_time": 23.634347915649414,
  "initialization_time": 0.2823903560638428,
  "evolution_time": 23.35195755958557,
  "generations_run": 100,
  "generations_to_convergence": null,
  "convergence_history": [
    5070.873256446585,
    4970.2638798593935,
    4840.558652970225,
    4647.887988217332,
    4647.887988217332,
    4554.811772669016,
    4554.811772669016,
    4554.811772669016,
    4554.811772669016,
    4554.811772669016,
    4554.811772669016,
    4406.992171542791,
    4294.85901830741,
    4283.391075746983,
    4283.391075746983,
    4247.137244243682,
    4199.468218679176,
    4199.468218679176,
    4116.929687787651,
    4116.929687787651,
    4076.640658028627,
    4076.640658028627,
    4055.6412152790404,
    4046.384568541955,
    4030.857084861213,
    4013.289245787366,
    4013.289245787366,
    3998.693362300901,
    3966.0048322486996,
    3957.462748862328,
    3923.9836467465757,
    3923.9836467465757,
    3897.1154039282046,
    3878.5771850874844,
    3866.2227557365677,
    3848.941973691299,
    3837.6752537073926,
    3800.246367162409,
    3800.246367162409,
    3787.2519203435927,
    3746.676773611232,
    3733.3178951658188,
    3713.5935340127126,
    3695.548618150225,
    3695.548618150225,
    3642.1022372231387,
    3640.1126445689397,
    3640.1126445689397,
    3631.573986840639,
    3625.899772567567,
    3625.899772567567,
    3614.114085389616,
    3606.1738758487777,
    3602.5341465876572,
    3588.4980236834326,
    3588.4980236834326,
    3535.9002882266714,
    3535.9002882266714,
    3460.6075556630676,
    3460.6075556630676,
    3460.6075556630676,
    3407.632064224044,
    3407.632064224044,
    3402.2439840534307,
    3402.2439840534307,
    3382.9218775824925,
    3382.2657460686273,
    3362.1013062965285,
    3362.1013062965285,
    3346.266194913202,
    3342.6651916884493,
    3302.841101185399,
    3302.589767141117,
    3302.589767141117,
    3302.589767141117,
    3282.9883201282964,
    3282.9883201282964,
    3267.7954518239344,
    3267.7954518239344,
    3267.7954518239344,
    3267.7954518239344,
    3257.147139679228,
    3257.147139679228,
    3250.9018091227636,
    3220.3355323650403,
    3220.3355323650403,
    3212.9312715129245,
    3212.9312715129245,
    3208.9878203202275,
    3176.8141379664935,
    3176.8141379664935,
    3173.657901234372,
    3148.432700598678,
    3123.261229313471,
    3123.261229313471,
    3087.5168342967245,
    3069.5229354134403,
    3069.5229354134403,
    3069.5229354134403,
    3056.3373979522135,
    3037.8843007938103
  ],
  "best_solution": {
    "id": "ga_gen0_6549",
    "instance_id": "synthetic_150c_525q_clustered6_s1716751590",
    "algorithm": "ga_pure",
    "routes": [
      {
        "vehicle_id": 0,
        "customer_sequence": [
          47,
          29,
          10,
          77,
          40,
          118,
          45,
          42,
          27,
          51,
          123,
          109,
          139,
          125,
          26,
          65,
          117,
          105,
          61,
          46,
          18,
          34,
          25,
          86,
          141,
          137
        ],
        "total_demand": 518,
        "total_distance": 551.4874631706496
      },
      {
        "vehicle_id": 1,
        "customer_sequence": [
          88,
          7,
          33,
          94,
          43,
          8,
          116,
          66,
          83,
          126,
          146,
          39,
          50,
          37,
          5,
          20,
          3,
          28,
          55,
          68,
          41,
          31,
          16,
          15,
          24,
          96,
          119,
          124,
          75,
          54,
          58
        ],
        "total_demand": 498,
        "total_distance": 659.0274070985972
      },
      {
        "vehicle_id": 2,
        "customer_sequence": [
          44,
          48,
          38,
          129,
          140,
          149,
          74,
          72,
          107,
          120,
          95,
          102,
          78,
          21,
          9,
          12,
          2,
          87,
          32,
          1,
          11,
          13,
          19,
          106,
          67,
          56,
          71,
          36,
          133
        ],
        "total_demand": 510,
        "total_distance": 696.9241636118929
      },
      {
        "vehicle_id": 3,
        "customer_sequence": [
          134,
          128,
          136,
          135,
          113,
          30,
          22,
          150,
          91,
          80,
          110,
          115,
          35,
          84,
          148,
          138,
          69,
          60,
          99,
          127,
          52,
          103,
          73,
          57,
          59
        ],
        "total_demand": 514,
        "total_distance": 533.065006980275
      },
      {
        "vehicle_id": 4,
        "customer_sequence": [
          62,
          63,
          131,
          64,
          121,
          90,
          93,
          147,
          143,
          82,
          130,
          4,
          6,
          23,
          85,
          92,
          97,
          79,
          98,
          81,
          89,
          14,
          17,
          144,
          132,
          145,
          114,
          112,
          53,
          104,
          49
        ],
        "total_demand": 519,
        "total_distance": 780.0095232125352
      },
      {
        "vehicle_id": 5,
        "customer_sequence": [
          111,
          70,
          101,
          122,
          108,
          142,
          100,
          76
        ],
        "total_demand": 131,
        "total_distance": 160.29558683094044
      }
    ],
    "total_cost": 3037.8843007938103,
    "computation_time": 0.0,
    "is_valid": true,
    "convergence_history": null
  }
}