{
  "instance_id": "synthetic_30c_90q_random_s1068090579",
  "instance_name": "Synthetic Random",
  "instance_size": 30,
  "configuration": "ga_pure",
  "agent_used": null,
  "replicate": 1,
  "seed": 614052185,
  "initial_cost": 924.9796523165919,
  "final_cost": 604.4019021236854,
  "improvement_gap": 34.65781646007307,
  "total_time": 0.8057765960693359,
  "initialization_time": 0.008205890655517578,
  "evolution_time": 0.7975707054138184,
  "generations_run": 100,
  "generations_to_convergence": 39,
  "convergence_history": [
    924.9796523165919,
    875.057931419193,
    837.741414323343,
    837.741414323343,
    833.2587084110506,
    822.8152704053532,
    795.3019293817109,
    795.0810460385052,
    752.4514991636979,
    752.4514991636979,
    731.3196216308907,
    731.3196216308907,
    695.4029212665616,
    661.0136013797394,
    661.0136013797394,
    661.0136013797394,
    660.4878686295074,
    660.4878686295074,
    645.8291181963773,
    641.1740634320697,
    625.9895802487076,
    625.9895802487076,
    625.9895802487076,
    624.2776757386155,
    624.2776757386155,
    624.2776757386155,
    624.2776757386155,
    624.2776757386155,
    623.3150311901322,
    623.3150311901322,
    623.3150311901322,
    623.3150311901322,
    623.3150311901322,
    623.3150311901322,
    623.3150311901322,
    623.3150311901322,
    623.3150311901322,
    604.9968450883334,
    604.9968450883334,
    604.4019021236854,
    604.4019021236854,
    604.4019021236854,
    604.4019021236854,
    604.4019021236854,
    604.4019021236854,
    604.4019021236854,
    604.4019021236854,
    604.4019021236854,
    604.4019021236854,
    604.4019021236854,
    604.4019021236854,
    604.4019021236854,
    604.4019021236854,
    604.4019021236854,
    604.4019021236854,
    604.4019021236854,
    604.4019021236854,
    604.4019021236854,
    604.4019021236854,
    604.4019021236854,
    604.4019021236854,
    604.4019021236854,
    604.4019021236854,
    604.4019021236854,
    604.4019021236854,
    604.4019021236854,
    604.4019021236854,
    604.4019021236854,
    604.4019021236854,
    604.4019021236854,
    604.4019021236854,
    604.4019021236854,
    604.4019021236854,
    604.4019021236854,
    604.4019021236854,
    604.4019021236854,
    604.4019021236854,
    604.4019021236854,
    604.4019021236854,
    604.4019021236854,
    604.4019021236854,
    604.4019021236854,
    604.4019021236854,
    604.4019021236854,
    604.4019021236854,
    604.4019021236854,
    604.4019021236854,
    604.4019021236854,
    604.4019021236854,
    604.4019021236854,
    604.4019021236854,
    604.4019021236854,
    604.4019021236854,
    604.4019021236854,
    604.4019021236854,
    604.4019021236854,
    604.4019021236854,
    604.4019021236854,
    604.4019021236854,
    604.4019021236854,
    604.4019021236854
  ],
  "best_solution": {
    "id": "ga_gen0_2666",
    "instance_id": "synthetic_30c_90q_random_s1068090579",
    "algorithm": "ga_pure",
    "routes": [
      {
        "vehicle_id": 0,
        "customer_sequence": [
          4,
          29,
          20,
          19,
          17,
          16,
          26
        ],
        "total_demand": 88,
        "total_distance": 235.93781031262827
      },
      {
        "vehicle_id": 1,
        "customer_sequence": [
          18,
          30,
          24
        ],
        "total_demand": 64,
        "total_distance": 128.8604871095848
      },
      {
        "vehicle_id": 2,
        "customer_sequence": [
          8,
          9,
          6,
          28,
          25
        ],
        "total_demand": 83,
        "total_distance": 181.79706582231466
      },
      {
        "vehicle_id": 3,
        "customer_sequence": [
          1,
          2,
          22,
          5
        ],
        "total_demand": 68,
        "total_distance": 174.80236593526087
      },
      {
        "vehicle_id": 4,
        "customer_sequence": [
          13,
          11,
          27,
          15
        ],
        "total_demand": 69,
        "total_distance": 163.55493283755175
      },
      {
        "vehicle_id": 5,
        "customer_sequence": [
          7,
          10,
          3,
          12
        ],
        "total_demand": 72,
        "total_distance": 135.74060481909768
      },
      {
        "vehicle_id": 6,
        "customer_sequence": [
          21,
          14,
          23
        ],
        "total_demand": 80,
        "total_distance": 124.5714750275954
      }
    ],
    "total_cost": 604.4019021236854,
    "computation_time": 0.0,
    "is_valid": true,
    "convergence_history": null
  }
}