{
  "instance_id": "synthetic_30c_90q_clustered4_s83732290",
  "instance_name": "Synthetic Clustered",
  "instance_size": 30,
  "configuration": "ga_pure",
  "agent_used": null,
  "replicate": 1,
  "seed": 675768937,
  "initial_cost": 564.2363765739298,
  "final_cost": 300.29184153578325,
  "improvement_gap": 46.77907097036712,
  "total_time": 1.0999820232391357,
  "initialization_time": 0.014774560928344727,
  "evolution_time": 1.085207462310791,
  "generations_run": 100,
  "generations_to_convergence": 25,
  "convergence_history": [
    564.2363765739298,
    532.2633552696567,
    532.2633552696567,
    525.3904632042855,
    479.74687531637596,
    466.9285641251195,
    466.9285641251195,
    465.1352351275639,
    390.3769638457357,
    390.3769638457357,
    390.3769638457357,
    365.34003085719655,
    352.8079526692766,
    327.77101968073737,
    324.7814162027318,
    323.646050434205,
    320.65644695619943,
    311.8994878972774,
    306.0886256773962,
    306.0886256773962,
    303.09902219939056,
    303.09902219939056,
    303.09902219939056,
    300.45136803982433,
    300.45136803982433,
    300.29184153578325,
    300.29184153578325,
    300.29184153578325,
    300.29184153578325,
    300.29184153578325,
    300.29184153578325,
    300.29184153578325,
    300.29184153578325,
    300.29184153578325,
    300.29184153578325,
    300.29184153578325,
    300.29184153578325,
    300.29184153578325,
    300.29184153578325,
    300.29184153578325,
    300.29184153578325,
    300.29184153578325,
    300.29184153578325,
    300.29184153578325,
    300.29184153578325,
    300.29184153578325,
    300.29184153578325,
    300.29184153578325,
    300.29184153578325,
    300.29184153578325,
    300.29184153578325,
    300.29184153578325,
    300.29184153578325,
    300.29184153578325,
    300.29184153578325,
    300.29184153578325,
    300.29184153578325,
    300.29184153578325,
    300.29184153578325,
    300.29184153578325,
    300.29184153578325,
    300.29184153578325,
    300.29184153578325,
    300.29184153578325,
    300.29184153578325,
    300.29184153578325,
    300.29184153578325,
    300.29184153578325,
    300.29184153578325,
    300.29184153578325,
    300.29184153578325,
    300.29184153578325,
    300.29184153578325,
    300.29184153578325,
    300.29184153578325,
    300.29184153578325,
    300.29184153578325,
    300.29184153578325,
    300.29184153578325,
    300.29184153578325,
    300.29184153578325,
    300.29184153578325,
    300.29184153578325,
    300.29184153578325,
    300.29184153578325,
    300.29184153578325,
    300.29184153578325,
    300.29184153578325,
    300.29184153578325,
    300.29184153578325,
    300.29184153578325,
    300.29184153578325,
    300.29184153578325,
    300.29184153578325,
    300.29184153578325,
    300.29184153578325,
    300.29184153578325,
    300.29184153578325,
    300.29184153578325,
    300.29184153578325,
    300.29184153578325
  ],
  "best_solution": {
    "id": "ga_gen0_6508",
    "instance_id": "synthetic_30c_90q_clustered4_s83732290",
    "algorithm": "ga_pure",
    "routes": [
      {
        "vehicle_id": 0,
        "customer_sequence": [
          29,
          15,
          17,
          22,
          23
        ],
        "total_demand": 89,
        "total_distance": 90.90479258820008
      },
      {
        "vehicle_id": 1,
        "customer_sequence": [
          21,
          19,
          27,
          3
        ],
        "total_demand": 79,
        "total_distance": 103.6728306295906
      },
      {
        "vehicle_id": 2,
        "customer_sequence": [
          12,
          9,
          4,
          2
        ],
        "total_demand": 70,
        "total_distance": 85.39683102240079
      },
      {
        "vehicle_id": 3,
        "customer_sequence": [
          30,
          18,
          20,
          25
        ],
        "total_demand": 85,
        "total_distance": 108.92076661227448
      },
      {
        "vehicle_id": 4,
        "customer_sequence": [
          14,
          13,
          16,
          11,
          28
        ],
        "total_demand": 85,
        "total_distance": 93.74207163160867
      },
      {
        "vehicle_id": 5,
        "customer_sequence": [
          8,
          10,
          24,
          6,
          26
        ],
        "total_demand": 70,
        "total_distance": 58.0515885082548
      },
      {
        "vehicle_id": 6,
        "customer_sequence": [
          7,
          5,
          1
        ],
        "total_demand": 56,
        "total_distance": 94.44473934063248
      }
    ],
    "total_cost": 300.29184153578325,
    "computation_time": 0.0,
    "is_valid": true,
    "convergence_history": null
  }
}