{
  "instance_id": "synthetic_30c_90q_random_s1892812490",
  "instance_name": "Synthetic Random",
  "instance_size": 30,
  "configuration": "ga_pure",
  "agent_used": null,
  "replicate": 1,
  "seed": 746907906,
  "initial_cost": 992.4223377396571,
  "final_cost": 654.7439091765135,
  "improvement_gap": 34.025677952013915,
  "total_time": 0.8706848621368408,
  "initialization_time": 0.01352071762084961,
  "evolution_time": 0.8571641445159912,
  "generations_run": 100,
  "generations_to_convergence": 23,
  "convergence_history": [
    992.4223377396571,
    830.222611622697,
    815.7053127299336,
    793.6121891973671,
    790.6296835605862,
    781.3050712155442,
    754.6567372829879,
    715.063809220877,
    715.063809220877,
    715.063809220877,
    715.063809220877,
    705.795372769036,
    705.0079956227884,
    702.5290404579947,
    702.2392885813445,
    686.1162301743307,
    686.1162301743307,
    686.1162301743307,
    686.1162301743307,
    686.1162301743307,
    686.1162301743307,
    686.1162301743307,
    686.1162301743307,
    654.963296570366,
    654.963296570366,
    654.963296570366,
    654.963296570366,
    654.963296570366,
    654.963296570366,
    654.963296570366,
    654.963296570366,
    654.963296570366,
    654.963296570366,
    654.963296570366,
    654.963296570366,
    654.963296570366,
    654.963296570366,
    654.963296570366,
    654.963296570366,
    654.963296570366,
    654.963296570366,
    654.963296570366,
    654.963296570366,
    654.963296570366,
    654.963296570366,
    654.963296570366,
    654.963296570366,
    654.963296570366,
    654.963296570366,
    654.963296570366,
    654.963296570366,
    654.963296570366,
    654.963296570366,
    654.963296570366,
    654.963296570366,
    654.963296570366,
    654.963296570366,
    654.963296570366,
    654.963296570366,
    654.963296570366,
    654.963296570366,
    654.963296570366,
    654.963296570366,
    654.963296570366,
    654.963296570366,
    654.963296570366,
    654.963296570366,
    654.963296570366,
    654.963296570366,
    654.963296570366,
    654.963296570366,
    654.963296570366,
    654.963296570366,
    654.963296570366,
    654.963296570366,
    654.963296570366,
    654.963296570366,
    654.963296570366,
    654.963296570366,
    654.963296570366,
    654.963296570366,
    654.963296570366,
    654.963296570366,
    654.7439091765135,
    654.7439091765135,
    654.7439091765135,
    654.7439091765135,
    654.7439091765135,
    654.7439091765135,
    654.7439091765135,
    654.7439091765135,
    654.7439091765135,
    654.7439091765135,
    654.7439091765135,
    654.7439091765135,
    654.7439091765135,
    654.7439091765135,
    654.7439091765135,
    654.7439091765135,
    654.7439091765135,
    654.7439091765135
  ],
  "best_solution": {
    "id": "ga_gen0_6465",
    "instance_id": "synthetic_30c_90q_random_s1892812490",
    "algorithm": "ga_pure",
    "routes": [
      {
        "vehicle_id": 0,
        "customer_sequence": [
          5,
          10,
          22,
          23
        ],
        "total_demand": 77,
        "total_distance": 227.74197594141128
      },
      {
        "vehicle_id": 1,
        "customer_sequence": [
          14,
          7,
          20,
          27,
          3
        ],
        "total_demand": 87,
        "total_distance": 226.68934804069457
      },
      {
        "vehicle_id": 2,
        "customer_sequence": [
          11,
          8,
          2,
          24,
          18
        ],
        "total_demand": 87,
        "total_distance": 149.27752282047453
      },
      {
        "vehicle_id": 3,
        "customer_sequence": [
          6,
          15,
          21,
          29,
          16,
          13
        ],
        "total_demand": 89,
        "total_distance": 198.5656632969933
      },
      {
        "vehicle_id": 4,
        "customer_sequence": [
          28,
          1,
          4,
          12
        ],
        "total_demand": 74,
        "total_distance": 183.8649229847744
      },
      {
        "vehicle_id": 5,
        "customer_sequence": [
          19,
          17,
          30,
          26,
          25
        ],
        "total_demand": 87,
        "total_distance": 178.56289226656685
      },
      {
        "vehicle_id": 6,
        "customer_sequence": [
          9
        ],
        "total_demand": 30,
        "total_distance": 4.6695966006883545
      }
    ],
    "total_cost": 654.7439091765135,
    "computation_time": 0.0,
    "is_valid": true,
    "convergence_history": null
  }
}