{
  "instance_id": "synthetic_30c_90q_clustered4_s1059562644",
  "instance_name": "Synthetic Clustered",
  "instance_size": 30,
  "configuration": "ga_pure",
  "agent_used": null,
  "replicate": 2,
  "seed": 608847952,
  "initial_cost": 684.8907958712205,
  "final_cost": 369.1141179347063,
  "improvement_gap": 46.10613543650095,
  "total_time": 0.8980939388275146,
  "initialization_time": 0.012669086456298828,
  "evolution_time": 0.8854248523712158,
  "generations_run": 100,
  "generations_to_convergence": 26,
  "convergence_history": [
    684.8907958712205,
    521.6249529668838,
    521.6249529668838,
    521.6249529668838,
    521.6249529668838,
    487.6954035177923,
    487.6954035177923,
    487.6954035177923,
    467.1583715089912,
    461.27653335382803,
    434.33567384309305,
    434.33567384309305,
    422.7304833324023,
    420.3651664521229,
    415.49195317025107,
    407.18470225849325,
    407.18470225849325,
    398.03092601208107,
    398.03092601208107,
    391.2602552405716,
    391.2602552405716,
    381.8584471981263,
    381.8584471981263,
    375.08777642661687,
    375.08777642661687,
    375.08777642661687,
    369.1141179347063,
    369.1141179347063,
    369.1141179347063,
    369.1141179347063,
    369.1141179347063,
    369.1141179347063,
    369.1141179347063,
    369.1141179347063,
    369.1141179347063,
    369.1141179347063,
    369.1141179347063,
    369.1141179347063,
    369.1141179347063,
    369.1141179347063,
    369.1141179347063,
    369.1141179347063,
    369.1141179347063,
    369.1141179347063,
    369.1141179347063,
    369.1141179347063,
    369.1141179347063,
    369.1141179347063,
    369.1141179347063,
    369.1141179347063,
    369.1141179347063,
    369.1141179347063,
    369.1141179347063,
    369.1141179347063,
    369.1141179347063,
    369.1141179347063,
    369.1141179347063,
    369.1141179347063,
    369.1141179347063,
    369.1141179347063,
    369.1141179347063,
    369.1141179347063,
    369.1141179347063,
    369.1141179347063,
    369.1141179347063,
    369.1141179347063,
    369.1141179347063,
    369.1141179347063,
    369.1141179347063,
    369.1141179347063,
    369.1141179347063,
    369.1141179347063,
    369.1141179347063,
    369.1141179347063,
    369.1141179347063,
    369.1141179347063,
    369.1141179347063,
    369.1141179347063,
    369.1141179347063,
    369.1141179347063,
    369.1141179347063,
    369.1141179347063,
    369.1141179347063,
    369.1141179347063,
    369.1141179347063,
    369.1141179347063,
    369.1141179347063,
    369.1141179347063,
    369.1141179347063,
    369.1141179347063,
    369.1141179347063,
    369.1141179347063,
    369.1141179347063,
    369.1141179347063,
    369.1141179347063,
    369.1141179347063,
    369.1141179347063,
    369.1141179347063,
    369.1141179347063,
    369.1141179347063,
    369.1141179347063
  ],
  "best_solution": {
    "id": "ga_gen0_3678",
    "instance_id": "synthetic_30c_90q_clustered4_s1059562644",
    "algorithm": "ga_pure",
    "routes": [
      {
        "vehicle_id": 0,
        "customer_sequence": [
          16,
          5,
          1,
          7
        ],
        "total_demand": 75,
        "total_distance": 108.14831022019831
      },
      {
        "vehicle_id": 1,
        "customer_sequence": [
          6,
          21,
          27,
          22
        ],
        "total_demand": 80,
        "total_distance": 108.66095850468345
      },
      {
        "vehicle_id": 2,
        "customer_sequence": [
          13,
          11,
          12,
          14
        ],
        "total_demand": 81,
        "total_distance": 98.40882045071423
      },
      {
        "vehicle_id": 3,
        "customer_sequence": [
          23,
          26,
          25,
          24,
          3
        ],
        "total_demand": 84,
        "total_distance": 112.75221211988818
      },
      {
        "vehicle_id": 4,
        "customer_sequence": [
          20,
          18,
          15,
          29
        ],
        "total_demand": 75,
        "total_distance": 98.92195984904967
      },
      {
        "vehicle_id": 5,
        "customer_sequence": [
          8,
          9,
          2,
          4,
          30,
          17,
          19
        ],
        "total_demand": 90,
        "total_distance": 199.30464868329466
      },
      {
        "vehicle_id": 6,
        "customer_sequence": [
          28,
          10
        ],
        "total_demand": 26,
        "total_distance": 68.515481938351
      }
    ],
    "total_cost": 369.1141179347063,
    "computation_time": 0.0,
    "is_valid": true,
    "convergence_history": null
  }
}