{
  "instance_id": "synthetic_90c_337q_random_s489782327",
  "instance_name": "Synthetic Random",
  "instance_size": 90,
  "configuration": "ga_pure",
  "agent_used": null,
  "replicate": 4,
  "seed": 809714333,
  "initial_cost": 3964.03814634591,
  "final_cost": 2287.8497600310347,
  "improvement_gap": 42.2848702366803,
  "total_time": 9.325829267501831,
  "initialization_time": 0.11175394058227539,
  "evolution_time": 9.214075326919556,
  "generations_run": 100,
  "generations_to_convergence": null,
  "convergence_history": [
    3964.03814634591,
    3917.8297989005964,
    3902.6831952062967,
    3779.2115663869595,
    3779.2115663869595,
    3779.2115663869595,
    3682.866347586979,
    3682.866347586979,
    3542.5211193812065,
    3542.5211193812065,
    3524.4051599063273,
    3484.837925520061,
    3484.837925520061,
    3422.5298924747935,
    3415.215825292541,
    3310.6132821052156,
    3310.6132821052156,
    3304.726291412105,
    3257.9105906595996,
    3197.3772721740215,
    3197.3772721740215,
    3184.608900775108,
    3138.903022432953,
    3129.1062769032396,
    3034.8980072701456,
    3034.8980072701456,
    3025.5035078979713,
    3024.926057718525,
    3021.0900880306067,
    2999.6084063236212,
    2999.6084063236212,
    2999.6084063236212,
    2963.880978196782,
    2962.886347832573,
    2889.152829971507,
    2880.2938549014066,
    2880.2938549014066,
    2880.2938549014066,
    2863.6174465111135,
    2846.635650238746,
    2823.305941830727,
    2818.846569692061,
    2787.3940400817746,
    2761.8586566213808,
    2757.38365834291,
    2751.1637123008,
    2711.677813136648,
    2706.2081844939685,
    2698.4479340016965,
    2670.7797016729282,
    2630.469195711664,
    2630.469195711664,
    2589.571084247944,
    2589.571084247944,
    2589.363186831698,
    2583.6944571076824,
    2573.7024831593685,
    2567.8258560191075,
    2557.207486749682,
    2557.207486749682,
    2557.207486749682,
    2527.439253065942,
    2527.439253065942,
    2519.758746721965,
    2519.758746721965,
    2519.758746721965,
    2517.707471488591,
    2517.707471488591,
    2457.1082987431837,
    2455.05702350981,
    2455.05702350981,
    2451.573767274883,
    2413.0246183138497,
    2413.0246183138497,
    2407.2428059010044,
    2385.1537800621104,
    2364.468538939463,
    2364.468538939463,
    2361.4128526169793,
    2355.1086143333123,
    2355.1086143333123,
    2351.8429118608415,
    2334.423373210665,
    2334.423373210665,
    2331.157670738194,
    2324.8494669519664,
    2324.8494669519664,
    2323.276239984219,
    2314.6051002562026,
    2314.6051002562026,
    2314.6051002562026,
    2297.0239081527398,
    2297.0239081527398,
    2297.0239081527398,
    2297.0239081527398,
    2287.8497600310347,
    2287.8497600310347,
    2287.8497600310347,
    2287.8497600310347,
    2287.8497600310347,
    2287.8497600310347
  ],
  "best_solution": {
    "id": "ga_gen0_9744",
    "instance_id": "synthetic_90c_337q_random_s489782327",
    "algorithm": "ga_pure",
    "routes": [
      {
        "vehicle_id": 0,
        "customer_sequence": [
          48,
          26,
          13,
          31,
          73,
          11,
          58,
          52,
          24,
          89,
          68,
          83,
          44,
          2,
          25,
          54,
          30,
          87,
          3,
          59,
          49
        ],
        "total_demand": 316,
        "total_distance": 689.998255577917
      },
      {
        "vehicle_id": 1,
        "customer_sequence": [
          32,
          66,
          4,
          77,
          55,
          9,
          23,
          35,
          29,
          88,
          53,
          81,
          39,
          64,
          69,
          19,
          27,
          8
        ],
        "total_demand": 334,
        "total_distance": 535.0748022049154
      },
      {
        "vehicle_id": 2,
        "customer_sequence": [
          33,
          74,
          21,
          80,
          51,
          37,
          1,
          20,
          16,
          75,
          18,
          57,
          72,
          56,
          78
        ],
        "total_demand": 321,
        "total_distance": 440.93402932228946
      },
      {
        "vehicle_id": 3,
        "customer_sequence": [
          7,
          76,
          85,
          15,
          63,
          40,
          42,
          71,
          86,
          84,
          90,
          43,
          6,
          28,
          62,
          61,
          60
        ],
        "total_demand": 328,
        "total_distance": 537.0709460735194
      },
      {
        "vehicle_id": 4,
        "customer_sequence": [
          5,
          70,
          17,
          36,
          34,
          47,
          38,
          67,
          50,
          14,
          22,
          82,
          46,
          41,
          12,
          10,
          45,
          79
        ],
        "total_demand": 326,
        "total_distance": 578.4766863798604
      },
      {
        "vehicle_id": 5,
        "customer_sequence": [
          65
        ],
        "total_demand": 27,
        "total_distance": 75.65533217317403
      }
    ],
    "total_cost": 2287.8497600310347,
    "computation_time": 0.0,
    "is_valid": true,
    "convergence_history": null
  }
}