{
  "instance_id": "synthetic_110c_481q_clustered6_s447877095",
  "instance_name": "Synthetic Clustered",
  "instance_size": 110,
  "configuration": "ga_pure",
  "agent_used": null,
  "replicate": 2,
  "seed": 749930854,
  "initial_cost": 3695.3075337720356,
  "final_cost": 2203.232937111307,
  "improvement_gap": 40.37754863497581,
  "total_time": 12.906511306762695,
  "initialization_time": 0.15259480476379395,
  "evolution_time": 12.753916501998901,
  "generations_run": 100,
  "generations_to_convergence": null,
  "convergence_history": [
    3695.3075337720356,
    3551.172216455363,
    3551.172216455363,
    3550.2378503965574,
    3511.6654417229656,
    3446.647342692757,
    3414.2354555605234,
    3359.2402773358053,
    3321.9532855469406,
    3321.9532855469406,
    3321.9532855469406,
    3261.987137305981,
    3246.289198250851,
    3194.0407838261726,
    3194.0407838261726,
    3165.536613876238,
    3061.0823910160116,
    3061.0823910160116,
    3049.026108762491,
    3009.3629805194237,
    3007.6843735167936,
    2994.385805963276,
    2994.385805963276,
    2973.8926839476994,
    2973.8926839476994,
    2962.121401786703,
    2951.0603949511033,
    2951.0603949511033,
    2886.0476475366677,
    2886.0476475366677,
    2867.105439675632,
    2852.503655664671,
    2852.503655664671,
    2823.6171760079937,
    2819.8622549136176,
    2804.397457656138,
    2783.292929015712,
    2782.240288675226,
    2754.406449359035,
    2741.660727468282,
    2728.2315473852896,
    2703.7976190919467,
    2670.862287572472,
    2660.2178450307674,
    2652.85207847509,
    2640.468119127604,
    2628.7647454285316,
    2616.6100493080903,
    2604.5239269238073,
    2593.3764438758217,
    2575.848366789185,
    2565.2039242474807,
    2559.0001041006685,
    2558.5284499660374,
    2507.556124356451,
    2484.99960151052,
    2484.527947375889,
    2458.605923938413,
    2456.67437841072,
    2455.5625524852694,
    2453.636288373352,
    2440.4522932411546,
    2437.408921788011,
    2432.5880166046454,
    2432.5880166046454,
    2425.5891998445586,
    2413.9407753208616,
    2413.9407753208616,
    2409.119870137496,
    2409.119870137496,
    2407.869746824106,
    2407.869746824106,
    2403.4150639847153,
    2386.75352416996,
    2386.75352416996,
    2375.7814751884725,
    2375.7814751884725,
    2375.7814751884725,
    2374.845793256132,
    2367.7388402745146,
    2367.7388402745146,
    2367.7388402745146,
    2344.069843816817,
    2337.204728517245,
    2337.204728517245,
    2337.204728517245,
    2337.204728517245,
    2316.478322690763,
    2312.1622732514534,
    2312.1622732514534,
    2312.1622732514534,
    2290.524548314934,
    2265.851705201643,
    2265.851705201643,
    2264.43177244597,
    2264.43177244597,
    2248.2181394866016,
    2236.1512528370713,
    2220.2063500329405,
    2220.2063500329405,
    2203.232937111307
  ],
  "best_solution": {
    "id": "ga_gen0_1892",
    "instance_id": "synthetic_110c_481q_clustered6_s447877095",
    "algorithm": "ga_pure",
    "routes": [
      {
        "vehicle_id": 0,
        "customer_sequence": [
          7,
          25,
          89,
          17,
          109,
          60,
          68,
          1,
          10,
          106,
          71,
          34,
          21,
          70,
          28,
          67,
          32,
          94,
          91,
          102,
          41,
          82,
          18,
          81,
          107,
          38,
          51,
          42,
          74,
          84,
          66
        ],
        "total_demand": 481,
        "total_distance": 772.4288462472051
      },
      {
        "vehicle_id": 1,
        "customer_sequence": [
          56,
          62,
          37,
          53,
          46,
          49,
          43,
          40,
          105,
          83,
          96,
          101,
          77,
          85,
          20,
          100,
          35,
          36,
          30,
          58,
          24,
          86,
          97,
          50,
          44,
          75,
          87
        ],
        "total_demand": 469,
        "total_distance": 565.0740787699124
      },
      {
        "vehicle_id": 2,
        "customer_sequence": [
          69,
          65,
          72,
          4,
          61,
          26,
          29,
          19,
          27,
          33,
          90,
          12,
          23,
          95,
          79,
          76,
          54,
          52,
          14,
          73,
          93,
          88,
          92,
          99,
          45
        ],
        "total_demand": 464,
        "total_distance": 570.9352321761006
      },
      {
        "vehicle_id": 3,
        "customer_sequence": [
          104,
          103,
          13,
          6,
          78,
          98,
          47,
          48,
          39,
          108,
          80,
          8,
          2,
          11,
          110,
          5,
          9,
          57,
          64,
          63,
          15,
          16,
          3,
          55,
          31,
          22
        ],
        "total_demand": 467,
        "total_distance": 563.6182620200734
      },
      {
        "vehicle_id": 4,
        "customer_sequence": [
          59
        ],
        "total_demand": 15,
        "total_distance": 86.10639088116454
      }
    ],
    "total_cost": 2203.232937111307,
    "computation_time": 0.0,
    "is_valid": true,
    "convergence_history": null
  }
}