{
  "instance_id": "synthetic_60c_300q_random_s1456827858",
  "instance_name": "Synthetic Random",
  "instance_size": 60,
  "configuration": "ga_pure",
  "agent_used": null,
  "replicate": 4,
  "seed": 886558556,
  "initial_cost": 2464.1680326003225,
  "final_cost": 1297.2730309830192,
  "improvement_gap": 47.354522345050185,
  "total_time": 3.9574010372161865,
  "initialization_time": 0.04643416404724121,
  "evolution_time": 3.9109668731689453,
  "generations_run": 100,
  "generations_to_convergence": null,
  "convergence_history": [
    2464.1680326003225,
    2464.1680326003225,
    2345.3706004863043,
    2296.086691997037,
    2255.83235858407,
    2206.23204180386,
    2184.2734746040883,
    2101.6369951769875,
    2101.6369951769875,
    2101.6369951769875,
    2058.163456302954,
    1969.7798011016503,
    1969.7798011016503,
    1940.7137352366487,
    1892.6805501614742,
    1892.6805501614742,
    1890.9934773254383,
    1858.5047098360963,
    1850.936745769023,
    1837.2548009887673,
    1801.2164878578126,
    1787.100099259127,
    1778.9984750358894,
    1764.5885105404795,
    1764.5885105404795,
    1728.1375331786448,
    1728.1375331786448,
    1673.8952766593952,
    1673.8952766593952,
    1673.8952766593952,
    1673.8952766593952,
    1640.5001934658114,
    1640.5001934658114,
    1635.1843515633605,
    1609.6061875647242,
    1609.6061875647242,
    1591.4592873091117,
    1591.4592873091117,
    1591.4592873091117,
    1591.122318582846,
    1553.6057373884626,
    1553.6057373884626,
    1548.4429792358685,
    1547.24336216896,
    1516.1270665818063,
    1498.0903122537668,
    1494.1371885663805,
    1472.1500138666795,
    1456.6585177597242,
    1456.6585177597242,
    1446.792588558728,
    1434.771070039718,
    1434.771070039718,
    1419.1801179785973,
    1409.2835115596192,
    1402.8522244480653,
    1402.8522244480653,
    1399.4175823586231,
    1399.0249450238305,
    1399.0249450238305,
    1399.0249450238305,
    1399.0249450238305,
    1399.0249450238305,
    1399.0249450238305,
    1399.0249450238305,
    1393.7815779529228,
    1393.7815779529228,
    1389.2362385560634,
    1362.4087938800435,
    1362.4087938800435,
    1362.4087938800435,
    1354.626844704422,
    1333.1130425871079,
    1333.1130425871079,
    1333.1130425871079,
    1327.354199652609,
    1317.5654931848417,
    1317.5654931848417,
    1317.5654931848417,
    1317.5654931848417,
    1317.5654931848417,
    1317.5654931848417,
    1317.5654931848417,
    1311.7973863612553,
    1311.7973863612553,
    1311.7973863612553,
    1311.7973863612553,
    1311.7973863612553,
    1311.7973863612553,
    1310.3677353082692,
    1310.3677353082692,
    1310.3677353082692,
    1309.9128319358927,
    1299.157585408382,
    1299.157585408382,
    1297.2730309830192,
    1297.2730309830192,
    1297.2730309830192,
    1297.2730309830192,
    1297.2730309830192,
    1297.2730309830192
  ],
  "best_solution": {
    "id": "ga_gen0_1934",
    "instance_id": "synthetic_60c_300q_random_s1456827858",
    "algorithm": "ga_pure",
    "routes": [
      {
        "vehicle_id": 0,
        "customer_sequence": [
          50,
          57,
          8,
          35,
          15,
          43,
          10,
          58,
          56,
          33,
          26,
          40,
          25,
          2,
          53
        ],
        "total_demand": 282,
        "total_distance": 521.5013372609835
      },
      {
        "vehicle_id": 1,
        "customer_sequence": [
          1,
          48,
          11,
          21,
          20,
          27,
          41,
          4,
          31,
          13,
          7,
          6,
          28,
          54,
          44,
          24
        ],
        "total_demand": 293,
        "total_distance": 466.17141560955895
      },
      {
        "vehicle_id": 2,
        "customer_sequence": [
          52,
          19,
          34,
          5,
          12,
          38,
          46,
          30,
          59,
          9,
          47,
          16,
          14,
          37,
          29,
          49,
          18,
          39
        ],
        "total_demand": 298,
        "total_distance": 416.8272314646023
      },
      {
        "vehicle_id": 3,
        "customer_sequence": [
          55,
          23,
          42,
          32,
          3,
          51,
          17,
          22,
          36,
          45,
          60
        ],
        "total_demand": 150,
        "total_distance": 324.9936623024777
      }
    ],
    "total_cost": 1297.2730309830192,
    "computation_time": 0.0,
    "is_valid": true,
    "convergence_history": null
  }
}