{
  "instance_id": "synthetic_50c_150q_random_s2054244932",
  "instance_name": "Synthetic Random",
  "instance_size": 50,
  "configuration": "ga_pure",
  "agent_used": null,
  "replicate": 4,
  "seed": 1749106142,
  "initial_cost": 2052.6816565377967,
  "final_cost": 1278.3066107347393,
  "improvement_gap": 37.72504340050347,
  "total_time": 2.0995705127716064,
  "initialization_time": 0.032099008560180664,
  "evolution_time": 2.067471504211426,
  "generations_run": 100,
  "generations_to_convergence": null,
  "convergence_history": [
    2052.6816565377967,
    2052.6816565377967,
    1967.5435912000894,
    1922.149751076715,
    1843.1680825439685,
    1843.1680825439685,
    1841.8991266045537,
    1804.2119501224893,
    1798.5694977783228,
    1699.7799829473379,
    1699.7799829473379,
    1699.7799829473379,
    1699.7799829473379,
    1693.6885628989744,
    1693.6885628989744,
    1640.961806000138,
    1611.6351332792071,
    1570.4572574002452,
    1570.2972222600617,
    1570.2972222600617,
    1564.8972546786918,
    1557.5929275612505,
    1552.2356321273228,
    1543.2571581195289,
    1543.2571581195289,
    1520.2291167991204,
    1520.2291167991204,
    1509.0914034942107,
    1509.0914034942107,
    1509.0914034942107,
    1488.7116514065965,
    1488.7116514065965,
    1478.981616463814,
    1478.981616463814,
    1472.8101942016428,
    1472.8101942016428,
    1466.9956028285421,
    1464.8238102348037,
    1464.8238102348037,
    1450.9303355545044,
    1449.828254513291,
    1449.828254513291,
    1442.9439515876652,
    1442.9439515876652,
    1425.7766032724141,
    1419.9050991961951,
    1415.8634902244523,
    1415.8634902244523,
    1415.8634902244523,
    1408.3035831282514,
    1408.3035831282514,
    1408.3035831282514,
    1408.3035831282514,
    1408.3035831282514,
    1408.3035831282514,
    1396.2482831712537,
    1396.2482831712537,
    1396.2482831712537,
    1396.2482831712537,
    1381.8070690489478,
    1357.6269829049554,
    1357.6269829049554,
    1357.6269829049554,
    1357.6269829049554,
    1348.6094292677285,
    1348.6094292677285,
    1348.6094292677285,
    1348.6094292677285,
    1348.6094292677285,
    1348.6094292677285,
    1348.6094292677285,
    1348.6094292677285,
    1348.6094292677285,
    1325.4943038591096,
    1325.4943038591096,
    1325.4943038591096,
    1325.4943038591096,
    1325.4943038591096,
    1325.4943038591096,
    1325.4943038591096,
    1299.8510685267543,
    1299.8510685267543,
    1283.6882350121004,
    1283.6882350121004,
    1283.6882350121004,
    1283.6882350121004,
    1283.6882350121004,
    1283.6882350121004,
    1283.6882350121004,
    1283.6882350121004,
    1283.6882350121004,
    1283.6882350121004,
    1283.6882350121004,
    1283.6882350121004,
    1283.6882350121004,
    1283.6882350121004,
    1283.6882350121004,
    1278.3066107347393,
    1278.3066107347393,
    1278.3066107347393,
    1278.3066107347393
  ],
  "best_solution": {
    "id": "ga_gen0_4957",
    "instance_id": "synthetic_50c_150q_random_s2054244932",
    "algorithm": "ga_pure",
    "routes": [
      {
        "vehicle_id": 0,
        "customer_sequence": [
          18,
          1,
          33,
          19,
          6,
          35,
          47,
          10,
          49,
          20
        ],
        "total_demand": 148,
        "total_distance": 381.6195548755816
      },
      {
        "vehicle_id": 1,
        "customer_sequence": [
          25,
          48,
          38,
          34,
          42,
          13,
          43
        ],
        "total_demand": 123,
        "total_distance": 330.35893923378
      },
      {
        "vehicle_id": 2,
        "customer_sequence": [
          11,
          14,
          26,
          31,
          28,
          44,
          4
        ],
        "total_demand": 136,
        "total_distance": 321.3655535814887
      },
      {
        "vehicle_id": 3,
        "customer_sequence": [
          3,
          30,
          36,
          41,
          39,
          32,
          45,
          21,
          2,
          16
        ],
        "total_demand": 144,
        "total_distance": 293.355134432356
      },
      {
        "vehicle_id": 4,
        "customer_sequence": [
          29,
          15,
          5,
          17,
          37,
          8,
          9,
          22
        ],
        "total_demand": 135,
        "total_distance": 276.0479959631011
      },
      {
        "vehicle_id": 5,
        "customer_sequence": [
          50,
          27,
          40,
          24,
          12,
          7,
          23
        ],
        "total_demand": 148,
        "total_distance": 302.5217499704608
      },
      {
        "vehicle_id": 6,
        "customer_sequence": [
          46
        ],
        "total_demand": 8,
        "total_distance": 6.0650726080518025
      }
    ],
    "total_cost": 1278.3066107347393,
    "computation_time": 0.0,
    "is_valid": true,
    "convergence_history": null
  }
}