{
  "instance_id": "synthetic_110c_481q_clustered6_s1964921483",
  "instance_name": "Synthetic Clustered",
  "instance_size": 110,
  "configuration": "ga_pure",
  "agent_used": null,
  "replicate": 5,
  "seed": 1704982274,
  "initial_cost": 3225.8366796736195,
  "final_cost": 1821.6246520496254,
  "improvement_gap": 43.53016494827841,
  "total_time": 12.998629570007324,
  "initialization_time": 0.17072725296020508,
  "evolution_time": 12.82790231704712,
  "generations_run": 100,
  "generations_to_convergence": null,
  "convergence_history": [
    3225.8366796736195,
    3146.320543752607,
    2967.454014619849,
    2943.352155071865,
    2860.998530555929,
    2860.998530555929,
    2680.0363769601004,
    2680.0363769601004,
    2652.057520317865,
    2597.9093812815263,
    2597.9093812815263,
    2593.0121671121447,
    2568.904301552765,
    2548.2421646041194,
    2548.2421646041194,
    2537.2177880163986,
    2508.083647140942,
    2486.0748460921905,
    2466.627195423179,
    2456.1925818665522,
    2456.1925818665522,
    2454.1471662650106,
    2433.5017753546654,
    2425.781197649689,
    2425.781197649689,
    2408.6855452696154,
    2402.534390818286,
    2382.945268788221,
    2381.4618423977226,
    2376.7941143368907,
    2353.8800704483247,
    2353.8800704483247,
    2353.350819824817,
    2346.605536304079,
    2346.0762856805713,
    2345.5335386911747,
    2345.5335386911747,
    2338.259004546929,
    2331.8426687447027,
    2288.9708632580137,
    2281.696329113768,
    2275.279993311542,
    2275.279993311542,
    2275.279993311542,
    2257.9529235274886,
    2257.9529235274886,
    2257.8666979886852,
    2248.7620394660257,
    2219.8368651927353,
    2219.8368651927353,
    2214.0807804429755,
    2195.0245634635276,
    2195.0245634635276,
    2166.6348896299287,
    2166.6348896299287,
    2156.9085051287743,
    2141.2144316337854,
    2141.2144316337854,
    2110.7353640297074,
    2110.7353640297074,
    2087.7392098412256,
    2078.935004177147,
    2078.935004177147,
    2078.935004177147,
    2078.935004177147,
    2067.6416174128485,
    2067.6416174128485,
    2067.6416174128485,
    2066.8034849895607,
    2062.264091876998,
    2050.9707051126993,
    2050.9707051126993,
    2047.784523987647,
    2045.770097295499,
    2045.770097295499,
    2021.582338241386,
    2021.582338241386,
    2017.960101748541,
    2017.5484688827255,
    2000.8392866121603,
    1956.91907557154,
    1956.91907557154,
    1936.7062708190201,
    1936.7062708190201,
    1920.8970659641,
    1920.8970659641,
    1920.8970659641,
    1920.8970659641,
    1906.230961593852,
    1906.230961593852,
    1900.8969467101915,
    1863.6372685956026,
    1863.6372685956026,
    1863.6372685956026,
    1863.6372685956026,
    1843.792648367084,
    1837.9595810113249,
    1837.9595810113249,
    1831.6816734011843,
    1827.902559659766,
    1821.6246520496254
  ],
  "best_solution": {
    "id": "ga_gen0_3154",
    "instance_id": "synthetic_110c_481q_clustered6_s1964921483",
    "algorithm": "ga_pure",
    "routes": [
      {
        "vehicle_id": 0,
        "customer_sequence": [
          19,
          23,
          24,
          14,
          35,
          55,
          39,
          72,
          97,
          25,
          36,
          89,
          57,
          13,
          5,
          31,
          15,
          76,
          84,
          106,
          91,
          103,
          96,
          69,
          56,
          49
        ],
        "total_demand": 480,
        "total_distance": 587.4765704828033
      },
      {
        "vehicle_id": 1,
        "customer_sequence": [
          81,
          47,
          102,
          94,
          108,
          87,
          92,
          80,
          90,
          78,
          77,
          82,
          73,
          34,
          101,
          74,
          62,
          46,
          58,
          18,
          98,
          28,
          100,
          60,
          41,
          50,
          11,
          4
        ],
        "total_demand": 479,
        "total_distance": 541.6955659282496
      },
      {
        "vehicle_id": 2,
        "customer_sequence": [
          59,
          70,
          45,
          52,
          48,
          8,
          10,
          42,
          17,
          65,
          44,
          71,
          43,
          67,
          54,
          9,
          66,
          30,
          93,
          33,
          21,
          105,
          75
        ],
        "total_demand": 469,
        "total_distance": 356.5075753222471
      },
      {
        "vehicle_id": 3,
        "customer_sequence": [
          7,
          6,
          64,
          63,
          40,
          3,
          53,
          88,
          68,
          2,
          29,
          27,
          22,
          99,
          79,
          83,
          109,
          85,
          95,
          26,
          107,
          104,
          20,
          16,
          1,
          37,
          51,
          110
        ],
        "total_demand": 480,
        "total_distance": 521.912008320231
      },
      {
        "vehicle_id": 4,
        "customer_sequence": [
          38,
          12,
          32,
          61,
          86
        ],
        "total_demand": 104,
        "total_distance": 125.03171226480009
      }
    ],
    "total_cost": 1821.6246520496254,
    "computation_time": 0.0,
    "is_valid": true,
    "convergence_history": null
  }
}