{
  "instance_id": "synthetic_30c_90q_random_s618647013",
  "instance_name": "Synthetic Random",
  "instance_size": 30,
  "configuration": "ga_pure",
  "agent_used": null,
  "replicate": 2,
  "seed": 1303688665,
  "initial_cost": 1004.4343227783861,
  "final_cost": 775.2085692689698,
  "improvement_gap": 22.821377994665728,
  "total_time": 0.8293421268463135,
  "initialization_time": 0.012015581130981445,
  "evolution_time": 0.817326545715332,
  "generations_run": 100,
  "generations_to_convergence": 35,
  "convergence_history": [
    1004.4343227783861,
    1004.4343227783861,
    947.0363982273954,
    947.0363982273954,
    853.2536682398936,
    853.2536682398936,
    853.2536682398936,
    853.2536682398936,
    853.2536682398936,
    806.9941515108978,
    806.9941515108978,
    806.9941515108978,
    806.9941515108978,
    806.9941515108978,
    806.9941515108978,
    806.9941515108978,
    806.9941515108978,
    797.3872957511369,
    797.3872957511369,
    797.3872957511369,
    797.3872957511369,
    797.3872957511369,
    790.5196594682975,
    790.5196594682975,
    790.5196594682975,
    790.5196594682975,
    790.5196594682975,
    785.0840292927028,
    785.0840292927028,
    785.0840292927028,
    785.0840292927028,
    784.5220344355644,
    775.7705641261082,
    775.7705641261082,
    775.7705641261082,
    775.2085692689698,
    775.2085692689698,
    775.2085692689698,
    775.2085692689698,
    775.2085692689698,
    775.2085692689698,
    775.2085692689698,
    775.2085692689698,
    775.2085692689698,
    775.2085692689698,
    775.2085692689698,
    775.2085692689698,
    775.2085692689698,
    775.2085692689698,
    775.2085692689698,
    775.2085692689698,
    775.2085692689698,
    775.2085692689698,
    775.2085692689698,
    775.2085692689698,
    775.2085692689698,
    775.2085692689698,
    775.2085692689698,
    775.2085692689698,
    775.2085692689698,
    775.2085692689698,
    775.2085692689698,
    775.2085692689698,
    775.2085692689698,
    775.2085692689698,
    775.2085692689698,
    775.2085692689698,
    775.2085692689698,
    775.2085692689698,
    775.2085692689698,
    775.2085692689698,
    775.2085692689698,
    775.2085692689698,
    775.2085692689698,
    775.2085692689698,
    775.2085692689698,
    775.2085692689698,
    775.2085692689698,
    775.2085692689698,
    775.2085692689698,
    775.2085692689698,
    775.2085692689698,
    775.2085692689698,
    775.2085692689698,
    775.2085692689698,
    775.2085692689698,
    775.2085692689698,
    775.2085692689698,
    775.2085692689698,
    775.2085692689698,
    775.2085692689698,
    775.2085692689698,
    775.2085692689698,
    775.2085692689698,
    775.2085692689698,
    775.2085692689698,
    775.2085692689698,
    775.2085692689698,
    775.2085692689698,
    775.2085692689698,
    775.2085692689698
  ],
  "best_solution": {
    "id": "ga_gen0_1431",
    "instance_id": "synthetic_30c_90q_random_s618647013",
    "algorithm": "ga_pure",
    "routes": [
      {
        "vehicle_id": 0,
        "customer_sequence": [
          28,
          6,
          10,
          29,
          26
        ],
        "total_demand": 69,
        "total_distance": 237.1175282542493
      },
      {
        "vehicle_id": 1,
        "customer_sequence": [
          25,
          12,
          8,
          5
        ],
        "total_demand": 88,
        "total_distance": 219.25724546024583
      },
      {
        "vehicle_id": 2,
        "customer_sequence": [
          2,
          4,
          15,
          20,
          23
        ],
        "total_demand": 71,
        "total_distance": 309.26755675795954
      },
      {
        "vehicle_id": 3,
        "customer_sequence": [
          16,
          19,
          7,
          14
        ],
        "total_demand": 62,
        "total_distance": 231.77544497096488
      },
      {
        "vehicle_id": 4,
        "customer_sequence": [
          9,
          17,
          27,
          30,
          3
        ],
        "total_demand": 82,
        "total_distance": 132.83335028011487
      },
      {
        "vehicle_id": 5,
        "customer_sequence": [
          24,
          13,
          11
        ],
        "total_demand": 75,
        "total_distance": 111.9365777662822
      },
      {
        "vehicle_id": 6,
        "customer_sequence": [
          18,
          21,
          22
        ],
        "total_demand": 72,
        "total_distance": 166.71175982460642
      },
      {
        "vehicle_id": 7,
        "customer_sequence": [
          1
        ],
        "total_demand": 26,
        "total_distance": 104.73381161681964
      }
    ],
    "total_cost": 775.2085692689698,
    "computation_time": 0.0,
    "is_valid": true,
    "convergence_history": null
  }
}