{
  "instance_id": "synthetic_60c_300q_clustered5_s316884001",
  "instance_name": "Synthetic Clustered",
  "instance_size": 60,
  "configuration": "ga_pure",
  "agent_used": null,
  "replicate": 3,
  "seed": 2131239527,
  "initial_cost": 1507.1247640048196,
  "final_cost": 856.7617404273112,
  "improvement_gap": 43.152567001110505,
  "total_time": 3.0350074768066406,
  "initialization_time": 0.04842638969421387,
  "evolution_time": 2.9865810871124268,
  "generations_run": 100,
  "generations_to_convergence": null,
  "convergence_history": [
    1507.1247640048196,
    1507.1247640048196,
    1507.1247640048196,
    1447.7867231567236,
    1438.1287909015005,
    1405.9633794652755,
    1363.0779671323317,
    1363.0779671323317,
    1349.1389893048959,
    1332.6870251949777,
    1312.597000436096,
    1223.9776712346998,
    1223.9776712346998,
    1222.1978993500966,
    1222.1978993500966,
    1211.3130002349515,
    1168.0660512950255,
    1168.0660512950255,
    1158.4526644463795,
    1158.4526644463795,
    1113.3845337822459,
    1107.7796904560432,
    1097.5852605648886,
    1059.5730565707609,
    1059.5730565707609,
    1059.5730565707609,
    1044.4426147080408,
    1041.6438339224349,
    1021.4195954083763,
    1020.3377292472773,
    1020.3377292472773,
    1020.3377292472773,
    1020.3377292472773,
    1006.5758272014174,
    1006.5758272014174,
    1006.5758272014174,
    1006.5758272014174,
    1000.3876393562199,
    993.7209577611965,
    993.7209577611965,
    993.7209577611965,
    993.7209577611965,
    993.7209577611965,
    993.7209577611965,
    984.8981635583967,
    973.9982700799852,
    965.1754758771855,
    965.1754758771855,
    965.1754758771855,
    960.0965650113668,
    944.2615721945339,
    944.2615721945339,
    930.7316393845612,
    930.7316393845612,
    930.7316393845612,
    922.7059330650662,
    922.7059330650662,
    919.9230160418543,
    919.9230160418543,
    919.9230160418543,
    919.9230160418543,
    911.1770221061611,
    911.1770221061611,
    907.2855183378406,
    899.4985171357027,
    895.6070133673823,
    895.6070133673823,
    893.8914557968901,
    893.8914557968901,
    893.8914557968901,
    889.7613486761998,
    889.7613486761998,
    886.9720327456422,
    885.2771663733502,
    885.2771663733502,
    885.2771663733502,
    883.5616088028582,
    883.5616088028582,
    882.4878504427927,
    882.4878504427927,
    876.0864987650475,
    874.3709411945555,
    874.3709411945555,
    874.3709411945555,
    873.2820330490172,
    873.2820330490172,
    873.2820330490172,
    873.2820330490172,
    873.2820330490172,
    872.2082746889516,
    872.2082746889516,
    865.8573406899613,
    865.8573406899613,
    865.8573406899613,
    865.8573406899613,
    865.8573406899613,
    865.8573406899613,
    865.8573406899613,
    865.4776296143257,
    856.7617404273112,
    856.7617404273112
  ],
  "best_solution": {
    "id": "ga_gen0_7370",
    "instance_id": "synthetic_60c_300q_clustered5_s316884001",
    "algorithm": "ga_pure",
    "routes": [
      {
        "vehicle_id": 0,
        "customer_sequence": [
          10,
          12,
          15,
          47,
          45,
          42,
          43,
          46,
          48,
          14,
          56,
          5,
          23,
          4,
          35,
          28
        ],
        "total_demand": 283,
        "total_distance": 248.96258287929618
      },
      {
        "vehicle_id": 1,
        "customer_sequence": [
          51,
          55,
          13,
          50,
          24,
          8,
          1,
          11,
          40,
          39,
          38,
          41,
          54,
          17,
          53,
          58,
          52
        ],
        "total_demand": 296,
        "total_distance": 298.2398843343579
      },
      {
        "vehicle_id": 2,
        "customer_sequence": [
          60,
          26,
          31,
          30,
          6,
          9,
          34,
          33,
          49,
          59,
          57,
          19,
          37,
          16,
          2
        ],
        "total_demand": 298,
        "total_distance": 307.28960542506223
      },
      {
        "vehicle_id": 3,
        "customer_sequence": [
          7,
          44,
          3,
          27,
          29,
          25,
          36,
          32,
          22,
          20,
          18,
          21
        ],
        "total_demand": 233,
        "total_distance": 167.6919912238071
      }
    ],
    "total_cost": 856.7617404273112,
    "computation_time": 0.0,
    "is_valid": true,
    "convergence_history": null
  }
}