{
  "instance_id": "synthetic_125c_437q_clustered6_s214637918",
  "instance_name": "Synthetic Clustered",
  "instance_size": 125,
  "configuration": "ga_pure",
  "agent_used": null,
  "replicate": 3,
  "seed": 830103737,
  "initial_cost": 3626.462177227031,
  "final_cost": 2151.6180295721047,
  "improvement_gap": 40.668951600169834,
  "total_time": 16.38792896270752,
  "initialization_time": 0.2012484073638916,
  "evolution_time": 16.186680555343628,
  "generations_run": 100,
  "generations_to_convergence": null,
  "convergence_history": [
    3626.462177227031,
    3626.462177227031,
    3528.9126621362234,
    3528.9126621362234,
    3365.9161979483815,
    3271.1885457946382,
    3271.1885457946382,
    3209.913813287954,
    3209.913813287954,
    3208.2904046042217,
    3186.270338982189,
    3155.515042041137,
    3099.624018091945,
    3099.624018091945,
    3099.624018091945,
    3089.348795796346,
    3089.348795796346,
    3060.353122386145,
    2996.3965128804166,
    2952.384967947662,
    2939.5505083078747,
    2905.541867634585,
    2897.779540983228,
    2879.2460960023486,
    2879.2460960023486,
    2865.6844459401837,
    2827.7686304106883,
    2810.7550819743165,
    2783.603366140666,
    2715.8616458099364,
    2715.8616458099364,
    2715.8616458099364,
    2663.2246761170045,
    2663.2246761170045,
    2659.5921045839136,
    2648.4661734458573,
    2608.9722721299872,
    2608.9722721299872,
    2597.8463409919314,
    2573.9920034595752,
    2573.9920034595752,
    2573.9920034595752,
    2572.355799522634,
    2571.478919917866,
    2571.478919917866,
    2561.8354147840855,
    2561.522538167508,
    2553.653318730409,
    2543.6940118786974,
    2543.6940118786974,
    2540.6541222603732,
    2531.31898816847,
    2511.854257942718,
    2508.518325327338,
    2501.895350317188,
    2498.135597006006,
    2493.3493517544234,
    2490.2783620788564,
    2469.8318497007353,
    2467.639716787854,
    2460.5815461281604,
    2460.5815461281604,
    2460.5815461281604,
    2448.8250125888776,
    2405.857534800564,
    2405.857534800564,
    2394.101001261281,
    2394.101001261281,
    2394.101001261281,
    2394.101001261281,
    2394.101001261281,
    2360.275712655318,
    2351.8697097073186,
    2327.9845889890544,
    2327.9845889890544,
    2327.0757011664637,
    2323.3701908753555,
    2315.1575835369895,
    2315.1575835369895,
    2307.4845963724774,
    2307.4845963724774,
    2304.0316523989336,
    2298.612344517381,
    2287.389393012766,
    2287.389393012766,
    2286.7916485800447,
    2286.7916485800447,
    2286.7916485800447,
    2273.447713587693,
    2267.8435919263243,
    2267.8435919263243,
    2267.8435919263243,
    2255.080541106762,
    2255.080541106762,
    2255.080541106762,
    2255.080541106762,
    2227.8156793213607,
    2221.9420587311215,
    2193.314199490727,
    2193.314199490727,
    2151.6180295721047
  ],
  "best_solution": {
    "id": "ga_gen0_9546",
    "instance_id": "synthetic_125c_437q_clustered6_s214637918",
    "algorithm": "ga_pure",
    "routes": [
      {
        "vehicle_id": 0,
        "customer_sequence": [
          70,
          102,
          118,
          108,
          67,
          78,
          44,
          56,
          58,
          95,
          105,
          98,
          20,
          1,
          8,
          2,
          38,
          55,
          19,
          26,
          30,
          25,
          124,
          29,
          22,
          21,
          14
        ],
        "total_demand": 413,
        "total_distance": 443.03674980251645
      },
      {
        "vehicle_id": 1,
        "customer_sequence": [
          66,
          31,
          54,
          85,
          9,
          16,
          42,
          23,
          10,
          5,
          7,
          4,
          39,
          3,
          82,
          47,
          114,
          63,
          45,
          110,
          103
        ],
        "total_demand": 414,
        "total_distance": 409.4777152893003
      },
      {
        "vehicle_id": 2,
        "customer_sequence": [
          60,
          77,
          51,
          48,
          120,
          68,
          104,
          57,
          41,
          49,
          53,
          76,
          84,
          100,
          88,
          86,
          107,
          106,
          97,
          96,
          89,
          17,
          40,
          11,
          6,
          13
        ],
        "total_demand": 431,
        "total_distance": 405.5243853278353
      },
      {
        "vehicle_id": 3,
        "customer_sequence": [
          74,
          46,
          122,
          64,
          111,
          72,
          94,
          28,
          24,
          36,
          50,
          32,
          92,
          62,
          35,
          33,
          27,
          12,
          116,
          43,
          115,
          52,
          121,
          90
        ],
        "total_demand": 431,
        "total_distance": 530.7008455316932
      },
      {
        "vehicle_id": 4,
        "customer_sequence": [
          101,
          93,
          119,
          59,
          73,
          61,
          79,
          69,
          65,
          15,
          34,
          113,
          75,
          81,
          71,
          109,
          87,
          112,
          123,
          83,
          117,
          80,
          37
        ],
        "total_demand": 430,
        "total_distance": 473.9859929667769
      },
      {
        "vehicle_id": 5,
        "customer_sequence": [
          91,
          99,
          125,
          18
        ],
        "total_demand": 55,
        "total_distance": 171.10667985807765
      }
    ],
    "total_cost": 2151.6180295721047,
    "computation_time": 0.0,
    "is_valid": true,
    "convergence_history": null
  }
}