{
  "instance_id": "synthetic_150c_525q_clustered6_s2010231941",
  "instance_name": "Synthetic Clustered",
  "instance_size": 150,
  "configuration": "ga_pure",
  "agent_used": null,
  "replicate": 4,
  "seed": 1669528152,
  "initial_cost": 3962.1680510787814,
  "final_cost": 2453.5603034749706,
  "improvement_gap": 38.07530948095605,
  "total_time": 23.60771608352661,
  "initialization_time": 0.28572964668273926,
  "evolution_time": 23.321986436843872,
  "generations_run": 100,
  "generations_to_convergence": null,
  "convergence_history": [
    3962.1680510787814,
    3936.188335699313,
    3868.5477396227416,
    3856.8746582703857,
    3752.672120559734,
    3726.697339924365,
    3721.6071160827746,
    3682.714462992796,
    3682.714462992796,
    3643.7729562565332,
    3527.052084584755,
    3483.097856543775,
    3410.93619028988,
    3407.967160034305,
    3345.2872809274027,
    3345.2872809274027,
    3334.760684120564,
    3255.752027102463,
    3255.752027102463,
    3237.805625562839,
    3217.1371781714165,
    3217.1371781714165,
    3214.9570779022383,
    3186.4750155394418,
    3166.6435703083343,
    3166.6435703083343,
    3112.7815481787043,
    3112.7815481787043,
    3066.237331850673,
    3066.237331850673,
    3065.301553347438,
    3055.6019120324395,
    3040.1763687356006,
    3040.1763687356006,
    3040.1763687356006,
    3040.1763687356006,
    3040.1763687356006,
    2997.948325925863,
    2997.948325925863,
    2997.948325925863,
    2997.948325925863,
    2980.5512819045507,
    2980.5512819045507,
    2956.8375125422554,
    2956.8375125422554,
    2945.0280984133747,
    2926.3214345308643,
    2926.3214345308643,
    2891.1484540612273,
    2891.1484540612273,
    2884.0238733414,
    2884.0238733414,
    2874.45351194466,
    2867.361775261772,
    2860.722207908415,
    2839.1448425140543,
    2839.1448425140543,
    2825.219410605826,
    2815.3426084326147,
    2789.5055658528963,
    2764.847629525999,
    2764.847629525999,
    2764.077914935002,
    2742.018164509866,
    2738.1988249914207,
    2738.1988249914207,
    2737.7743555797642,
    2726.931059510133,
    2726.931059510133,
    2723.582943479952,
    2722.8083644871103,
    2713.7776619867864,
    2713.7776619867864,
    2703.357548627827,
    2698.1053174334784,
    2672.032693810778,
    2672.032693810778,
    2666.7804626164293,
    2660.222815153346,
    2646.54348863259,
    2597.2247077387274,
    2597.2247077387274,
    2583.6038365548275,
    2570.2142776459004,
    2554.0836096646044,
    2554.0836096646044,
    2553.7919698896217,
    2533.3357460911416,
    2533.3357460911416,
    2529.455676364347,
    2518.6506705577694,
    2506.772245685777,
    2506.772245685777,
    2506.772245685777,
    2492.0871701524047,
    2485.38663246854,
    2485.38663246854,
    2478.6672363779826,
    2478.6672363779826,
    2453.5603034749706,
    2453.5603034749706
  ],
  "best_solution": {
    "id": "ga_gen0_7733",
    "instance_id": "synthetic_150c_525q_clustered6_s2010231941",
    "algorithm": "ga_pure",
    "routes": [
      {
        "vehicle_id": 0,
        "customer_sequence": [
          54,
          144,
          113,
          102,
          116,
          143,
          61,
          60,
          51,
          149,
          58,
          75,
          52,
          20,
          22,
          32,
          106,
          8,
          132,
          49,
          5,
          114,
          80,
          87,
          31,
          43,
          79,
          26,
          101,
          129
        ],
        "total_demand": 503,
        "total_distance": 454.2112043752371
      },
      {
        "vehicle_id": 1,
        "customer_sequence": [
          78,
          3,
          73,
          122,
          108,
          139,
          72,
          115,
          135,
          107,
          104,
          117,
          110,
          123,
          99,
          97,
          94,
          21,
          69,
          24,
          150,
          12,
          30,
          68,
          11,
          76,
          127,
          105,
          42,
          84
        ],
        "total_demand": 512,
        "total_distance": 590.0849445936492
      },
      {
        "vehicle_id": 2,
        "customer_sequence": [
          35,
          118,
          23,
          40,
          46,
          33,
          120,
          44,
          92,
          9,
          100,
          70,
          67,
          55,
          145,
          125,
          38,
          147,
          130,
          131,
          146,
          77,
          82,
          98,
          86,
          96
        ],
        "total_demand": 517,
        "total_distance": 551.8755554012046
      },
      {
        "vehicle_id": 3,
        "customer_sequence": [
          93,
          85,
          81,
          88,
          34,
          119,
          137,
          140,
          57,
          133,
          7,
          39,
          36,
          2,
          1,
          134,
          74,
          66,
          64,
          10,
          19,
          142,
          124,
          48,
          50,
          136,
          47,
          112,
          18,
          6,
          13
        ],
        "total_demand": 506,
        "total_distance": 470.6248716357148
      },
      {
        "vehicle_id": 4,
        "customer_sequence": [
          37,
          148,
          65,
          25,
          109,
          103,
          28,
          89,
          121,
          41,
          59,
          56,
          15,
          16,
          141,
          138,
          27,
          71,
          63,
          62,
          53,
          111,
          17,
          45,
          29,
          95,
          4,
          83,
          91,
          128,
          90
        ],
        "total_demand": 507,
        "total_distance": 687.3604300076072
      },
      {
        "vehicle_id": 5,
        "customer_sequence": [
          14,
          126
        ],
        "total_demand": 38,
        "total_distance": 42.35235192629779
      }
    ],
    "total_cost": 2453.5603034749706,
    "computation_time": 0.0,
    "is_valid": true,
    "convergence_history": null
  }
}