{
  "instance_id": "synthetic_60c_300q_clustered5_s1602549446",
  "instance_name": "Synthetic Clustered",
  "instance_size": 60,
  "configuration": "ga_pure",
  "agent_used": null,
  "replicate": 1,
  "seed": 98416534,
  "initial_cost": 1655.2083852090661,
  "final_cost": 873.763748136581,
  "improvement_gap": 47.2112541270012,
  "total_time": 3.128908157348633,
  "initialization_time": 0.05653786659240723,
  "evolution_time": 3.0723702907562256,
  "generations_run": 100,
  "generations_to_convergence": null,
  "convergence_history": [
    1655.2083852090661,
    1655.2083852090661,
    1635.147655690027,
    1635.147655690027,
    1587.7382366757686,
    1587.7382366757686,
    1506.523399011673,
    1450.2671199306037,
    1450.2671199306037,
    1420.0061112786325,
    1420.0061112786325,
    1393.687076645754,
    1391.942791743079,
    1365.7053243542691,
    1352.2440490431986,
    1350.6740923631473,
    1350.6740923631473,
    1329.8543079155343,
    1315.12083569997,
    1296.778296745317,
    1291.0056086747884,
    1290.5545510302682,
    1272.2120120756153,
    1265.709931956423,
    1221.2179644990485,
    1221.2179644990485,
    1207.7415158183812,
    1190.6711737682213,
    1187.0069936509633,
    1168.66445469631,
    1167.470875808982,
    1154.3743774355205,
    1151.732694234347,
    1151.732694234347,
    1137.4426169735573,
    1137.4426169735573,
    1137.4139169148245,
    1134.771682405006,
    1134.771682405006,
    1131.046187929363,
    1131.046187929363,
    1106.377483325442,
    1106.377483325442,
    1106.377483325442,
    1106.377483325442,
    1074.7003756839376,
    1074.7003756839376,
    1074.7003756839376,
    1074.7003756839376,
    1074.7003756839376,
    1064.5112719204071,
    1064.5112719204071,
    1063.2231858480764,
    1061.794997946307,
    1061.4350340081992,
    1054.695825518999,
    1054.695825518999,
    1053.1454517599602,
    1034.5404361890278,
    1034.5404361890278,
    1033.2492038409184,
    1033.2492038409184,
    1031.46419827682,
    1013.8822440075672,
    993.4799881557022,
    990.4037502434943,
    963.496913657546,
    963.496913657546,
    963.496913657546,
    963.496913657546,
    957.1483930745518,
    933.5264241640887,
    933.5264241640887,
    933.5264241640887,
    916.1587847075689,
    906.6881533353978,
    906.6881533353978,
    906.6881533353978,
    906.6881533353978,
    892.0574020765116,
    892.0574020765116,
    892.0574020765116,
    892.0574020765116,
    891.1044717921077,
    886.7271255027562,
    885.0287741610983,
    884.0758438766943,
    874.1742921512616,
    874.1742921512616,
    874.1742921512616,
    873.763748136581,
    873.763748136581,
    873.763748136581,
    873.763748136581,
    873.763748136581,
    873.763748136581,
    873.763748136581,
    873.763748136581,
    873.763748136581,
    873.763748136581,
    873.763748136581
  ],
  "best_solution": {
    "id": "ga_gen0_1582",
    "instance_id": "synthetic_60c_300q_clustered5_s1602549446",
    "algorithm": "ga_pure",
    "routes": [
      {
        "vehicle_id": 0,
        "customer_sequence": [
          28,
          30,
          36,
          29,
          50,
          51,
          16,
          25,
          24,
          41,
          2,
          9,
          55,
          52,
          59
        ],
        "total_demand": 291,
        "total_distance": 284.78246967380244
      },
      {
        "vehicle_id": 1,
        "customer_sequence": [
          35,
          26,
          27,
          56,
          58,
          7,
          10,
          47,
          42,
          21,
          18,
          15,
          39,
          19,
          34,
          33
        ],
        "total_demand": 284,
        "total_distance": 336.93270837518077
      },
      {
        "vehicle_id": 2,
        "customer_sequence": [
          48,
          4,
          46,
          23,
          17,
          40,
          13,
          20,
          31,
          45,
          1,
          5,
          11,
          3,
          8,
          12
        ],
        "total_demand": 288,
        "total_distance": 284.6781256881945
      },
      {
        "vehicle_id": 3,
        "customer_sequence": [
          32,
          54,
          49,
          57,
          53,
          60,
          6,
          44,
          43,
          38,
          37,
          22,
          14
        ],
        "total_demand": 201,
        "total_distance": 247.98723630902902
      }
    ],
    "total_cost": 873.763748136581,
    "computation_time": 0.0,
    "is_valid": true,
    "convergence_history": null
  }
}