{
  "instance_id": "synthetic_100c_300q_clustered5_s873773925",
  "instance_name": "Synthetic Clustered",
  "instance_size": 100,
  "configuration": "ga_pure",
  "agent_used": null,
  "replicate": 2,
  "seed": 1860396029,
  "initial_cost": 3252.7845764500717,
  "final_cost": 1733.1722241166776,
  "improvement_gap": 46.717276125055406,
  "total_time": 10.535616397857666,
  "initialization_time": 0.14057040214538574,
  "evolution_time": 10.39504599571228,
  "generations_run": 100,
  "generations_to_convergence": null,
  "convergence_history": [
    3252.7845764500717,
    3252.7845764500717,
    3205.8834550358583,
    3196.2365806367666,
    3148.303193958749,
    2985.7949767131736,
    2963.7893715359514,
    2890.51427892874,
    2885.3715409683455,
    2885.3715409683455,
    2843.167070466803,
    2762.454682091616,
    2728.6256835271643,
    2728.6256835271643,
    2712.321102889149,
    2705.9629492346803,
    2646.3553276930215,
    2604.390657590832,
    2604.390657590832,
    2427.5677492416826,
    2427.5677492416826,
    2427.5677492416826,
    2427.5677492416826,
    2416.00839810472,
    2376.2548691328016,
    2369.394910313493,
    2332.5660700159074,
    2318.082030204612,
    2317.5091621223287,
    2317.4254054668004,
    2302.3684975732217,
    2277.0607799823856,
    2277.0607799823856,
    2259.4344680311992,
    2259.4344680311992,
    2234.1267504403636,
    2234.1267504403636,
    2234.1267504403636,
    2213.532177916596,
    2213.532177916596,
    2198.034601157519,
    2198.034601157519,
    2168.097544544663,
    2132.582294607771,
    2132.582294607771,
    2132.582294607771,
    2114.204996953688,
    2103.6038670422126,
    2101.4177293141274,
    2101.4177293141274,
    2087.7563778007243,
    2058.777950235166,
    2058.777950235166,
    2025.3065617176112,
    2024.8010314419553,
    2011.4156064729987,
    2011.4156064729987,
    1986.1779032874165,
    1962.594546956766,
    1961.5872719105364,
    1961.5872719105364,
    1953.9517079059729,
    1953.9517079059729,
    1953.9517079059729,
    1944.0354513847674,
    1944.0354513847674,
    1940.016418435756,
    1930.1001619145504,
    1930.1001619145504,
    1919.3262949713867,
    1914.1903336109744,
    1904.9670252823043,
    1875.2337687942554,
    1875.2337687942554,
    1875.2337687942554,
    1872.4599744491811,
    1872.4599744491811,
    1855.9764760179814,
    1855.9764760179814,
    1855.9764760179814,
    1855.9764760179814,
    1855.9764760179814,
    1846.149914137231,
    1836.1557332545876,
    1836.1557332545876,
    1836.1557332545876,
    1825.1029407315727,
    1825.1029407315727,
    1819.3663108424898,
    1816.4788902382738,
    1816.4788902382738,
    1810.6138187335787,
    1807.3213497765669,
    1801.908118665273,
    1795.8117050219516,
    1788.7303519945049,
    1787.918856630532,
    1782.1028340333473,
    1741.0650725080973,
    1733.9837194806505,
    1733.1722241166776
  ],
  "best_solution": {
    "id": "ga_gen0_8927",
    "instance_id": "synthetic_100c_300q_clustered5_s873773925",
    "algorithm": "ga_pure",
    "routes": [
      {
        "vehicle_id": 0,
        "customer_sequence": [
          19,
          9,
          29,
          23,
          26,
          24,
          88,
          36,
          31,
          90,
          83,
          63,
          61,
          15,
          7,
          57
        ],
        "total_demand": 299,
        "total_distance": 417.2118312057157
      },
      {
        "vehicle_id": 1,
        "customer_sequence": [
          85,
          35,
          97,
          32,
          27,
          4,
          1,
          58,
          20,
          2,
          92,
          5,
          3,
          16,
          46,
          49,
          8
        ],
        "total_demand": 286,
        "total_distance": 382.6537668740335
      },
      {
        "vehicle_id": 2,
        "customer_sequence": [
          37,
          12,
          14,
          18,
          6,
          43,
          44,
          17,
          65,
          62,
          73,
          69,
          94,
          84,
          87,
          96,
          40
        ],
        "total_demand": 282,
        "total_distance": 374.54751678245395
      },
      {
        "vehicle_id": 3,
        "customer_sequence": [
          81,
          30,
          25,
          21,
          33,
          76,
          79,
          56,
          51,
          53,
          74,
          41,
          78,
          11,
          10,
          42
        ],
        "total_demand": 280,
        "total_distance": 298.20069188795395
      },
      {
        "vehicle_id": 4,
        "customer_sequence": [
          48,
          70,
          60,
          67,
          52,
          75,
          47,
          72,
          59,
          13,
          45,
          54,
          77,
          93,
          91,
          22,
          28
        ],
        "total_demand": 285,
        "total_distance": 322.8026115153861
      },
      {
        "vehicle_id": 5,
        "customer_sequence": [
          64,
          82,
          86,
          95,
          100,
          55,
          68,
          50,
          80,
          66,
          71,
          38,
          34,
          89,
          99,
          98,
          39
        ],
        "total_demand": 291,
        "total_distance": 335.5609118889139
      }
    ],
    "total_cost": 1733.1722241166776,
    "computation_time": 0.0,
    "is_valid": true,
    "convergence_history": null
  }
}