{
  "instance_id": "synthetic_30c_90q_clustered4_s1059562644",
  "instance_name": "Synthetic Clustered",
  "instance_size": 30,
  "configuration": "ga_pure",
  "agent_used": null,
  "replicate": 3,
  "seed": 550583713,
  "initial_cost": 689.5559515877264,
  "final_cost": 412.9700520688826,
  "improvement_gap": 40.110726168339966,
  "total_time": 0.900101900100708,
  "initialization_time": 0.007752180099487305,
  "evolution_time": 0.8923497200012207,
  "generations_run": 100,
  "generations_to_convergence": 23,
  "convergence_history": [
    689.5559515877264,
    675.65067222922,
    561.2192615857164,
    561.2192615857164,
    491.65849314039565,
    491.65849314039565,
    491.65849314039565,
    491.65849314039565,
    491.65849314039565,
    476.0952023386937,
    476.0952023386937,
    470.43546054270314,
    466.3977346768472,
    460.3823503879268,
    456.3997161590933,
    455.1545641856348,
    436.38761339486047,
    425.9094722589682,
    425.9094722589682,
    417.0077779347385,
    417.0077779347385,
    414.87984486601385,
    414.87984486601385,
    412.9700520688826,
    412.9700520688826,
    412.9700520688826,
    412.9700520688826,
    412.9700520688826,
    412.9700520688826,
    412.9700520688826,
    412.9700520688826,
    412.9700520688826,
    412.9700520688826,
    412.9700520688826,
    412.9700520688826,
    412.9700520688826,
    412.9700520688826,
    412.9700520688826,
    412.9700520688826,
    412.9700520688826,
    412.9700520688826,
    412.9700520688826,
    412.9700520688826,
    412.9700520688826,
    412.9700520688826,
    412.9700520688826,
    412.9700520688826,
    412.9700520688826,
    412.9700520688826,
    412.9700520688826,
    412.9700520688826,
    412.9700520688826,
    412.9700520688826,
    412.9700520688826,
    412.9700520688826,
    412.9700520688826,
    412.9700520688826,
    412.9700520688826,
    412.9700520688826,
    412.9700520688826,
    412.9700520688826,
    412.9700520688826,
    412.9700520688826,
    412.9700520688826,
    412.9700520688826,
    412.9700520688826,
    412.9700520688826,
    412.9700520688826,
    412.9700520688826,
    412.9700520688826,
    412.9700520688826,
    412.9700520688826,
    412.9700520688826,
    412.9700520688826,
    412.9700520688826,
    412.9700520688826,
    412.9700520688826,
    412.9700520688826,
    412.9700520688826,
    412.9700520688826,
    412.9700520688826,
    412.9700520688826,
    412.9700520688826,
    412.9700520688826,
    412.9700520688826,
    412.9700520688826,
    412.9700520688826,
    412.9700520688826,
    412.9700520688826,
    412.9700520688826,
    412.9700520688826,
    412.9700520688826,
    412.9700520688826,
    412.9700520688826,
    412.9700520688826,
    412.9700520688826,
    412.9700520688826,
    412.9700520688826,
    412.9700520688826,
    412.9700520688826,
    412.9700520688826
  ],
  "best_solution": {
    "id": "ga_gen0_8726",
    "instance_id": "synthetic_30c_90q_clustered4_s1059562644",
    "algorithm": "ga_pure",
    "routes": [
      {
        "vehicle_id": 0,
        "customer_sequence": [
          20,
          15,
          4,
          2,
          1
        ],
        "total_demand": 68,
        "total_distance": 119.10150899262416
      },
      {
        "vehicle_id": 1,
        "customer_sequence": [
          29,
          14,
          8,
          10
        ],
        "total_demand": 88,
        "total_distance": 120.9095564666888
      },
      {
        "vehicle_id": 2,
        "customer_sequence": [
          25,
          22,
          21,
          16,
          7
        ],
        "total_demand": 89,
        "total_distance": 158.5067225760843
      },
      {
        "vehicle_id": 3,
        "customer_sequence": [
          11,
          26,
          28,
          9,
          3
        ],
        "total_demand": 72,
        "total_distance": 119.04278360305842
      },
      {
        "vehicle_id": 4,
        "customer_sequence": [
          12,
          13,
          19,
          17,
          18
        ],
        "total_demand": 79,
        "total_distance": 133.12769801682145
      },
      {
        "vehicle_id": 5,
        "customer_sequence": [
          27,
          5,
          30,
          6
        ],
        "total_demand": 83,
        "total_distance": 106.14073099714923
      },
      {
        "vehicle_id": 6,
        "customer_sequence": [
          23,
          24
        ],
        "total_demand": 32,
        "total_distance": 73.2531418652727
      }
    ],
    "total_cost": 412.9700520688826,
    "computation_time": 0.0,
    "is_valid": true,
    "convergence_history": null
  }
}