{
  "instance_id": "synthetic_90c_337q_random_s916952474",
  "instance_name": "Synthetic Random",
  "instance_size": 90,
  "configuration": "ga_pure",
  "agent_used": null,
  "replicate": 2,
  "seed": 1231935563,
  "initial_cost": 4047.405001886492,
  "final_cost": 2027.235274215472,
  "improvement_gap": 49.912715103366736,
  "total_time": 8.811534643173218,
  "initialization_time": 0.08191537857055664,
  "evolution_time": 8.729619264602661,
  "generations_run": 100,
  "generations_to_convergence": null,
  "convergence_history": [
    4047.405001886492,
    3985.8387079028475,
    3939.459171420597,
    3755.152357771719,
    3648.6147600372155,
    3648.6147600372155,
    3636.232286101552,
    3503.7114860199663,
    3330.3900157030303,
    3290.851240375464,
    3279.1078023345935,
    3212.724924576366,
    3179.1702082807547,
    3179.1702082807547,
    3136.491846331522,
    3079.7331637074976,
    3079.7331637074976,
    3041.8874348272357,
    3037.34775521992,
    3027.019409563528,
    2989.429711282813,
    2986.215090250278,
    2986.215090250278,
    2977.1230121862695,
    2977.1230121862695,
    2977.1230121862695,
    2977.1230121862695,
    2960.308907018616,
    2960.308907018616,
    2960.308907018616,
    2940.526124842577,
    2904.461679633003,
    2898.741693859106,
    2887.873377923515,
    2860.971234305036,
    2753.923792847241,
    2753.923792847241,
    2753.923792847241,
    2717.343673162458,
    2717.343673162458,
    2706.679623281847,
    2684.5734892641526,
    2670.517534471382,
    2648.4114004536877,
    2648.4114004536877,
    2630.121891405262,
    2618.5793721630816,
    2618.5793721630816,
    2609.949868218168,
    2574.118606563744,
    2574.118606563744,
    2569.2704656809456,
    2555.8290975153177,
    2545.7603812924126,
    2521.143227324847,
    2492.7850020535157,
    2492.7850020535157,
    2487.4787172821816,
    2477.492782963569,
    2477.492782963569,
    2471.288969825936,
    2425.784156964896,
    2425.784156964896,
    2419.580343827263,
    2375.3446302255575,
    2354.840064008276,
    2335.2824250009053,
    2332.4247991008965,
    2330.20958082062,
    2323.073746788698,
    2314.3706624819743,
    2314.3706624819743,
    2311.5130365819655,
    2311.5130365819655,
    2284.9506628110457,
    2284.9506628110457,
    2259.9483696874668,
    2259.9483696874668,
    2233.3859959165466,
    2233.3859959165466,
    2231.4601223062746,
    2225.588902276802,
    2225.588902276802,
    2211.5309029500213,
    2202.2228234919103,
    2193.6792577876786,
    2186.078673468959,
    2186.078673468959,
    2168.2270283066164,
    2165.222982300933,
    2139.949579784009,
    2137.065535251899,
    2137.065535251899,
    2112.7222752133816,
    2103.9263487489225,
    2076.6990441782955,
    2052.8578059773317,
    2052.3497041641103,
    2049.264669999505,
    2049.264669999505,
    2027.235274215472
  ],
  "best_solution": {
    "id": "ga_gen0_7315",
    "instance_id": "synthetic_90c_337q_random_s916952474",
    "algorithm": "ga_pure",
    "routes": [
      {
        "vehicle_id": 0,
        "customer_sequence": [
          64,
          29,
          43,
          56,
          77,
          83,
          81,
          34,
          66,
          85,
          35,
          82,
          69,
          70,
          88,
          41,
          27,
          68
        ],
        "total_demand": 332,
        "total_distance": 507.35341030380926
      },
      {
        "vehicle_id": 1,
        "customer_sequence": [
          57,
          10,
          65,
          12,
          46,
          2,
          53,
          33,
          73,
          61,
          37,
          50,
          51,
          36,
          84,
          24,
          60,
          15,
          74,
          62,
          54,
          7
        ],
        "total_demand": 315,
        "total_distance": 545.7830902946038
      },
      {
        "vehicle_id": 2,
        "customer_sequence": [
          11,
          32,
          63,
          14,
          44,
          23,
          87,
          26,
          80,
          31,
          86,
          22,
          75,
          55,
          20,
          79,
          39,
          76
        ],
        "total_demand": 335,
        "total_distance": 503.51020986308265
      },
      {
        "vehicle_id": 3,
        "customer_sequence": [
          8,
          78,
          13,
          21,
          90,
          1,
          28,
          6,
          4,
          67,
          38,
          9,
          3,
          49,
          71,
          19,
          48
        ],
        "total_demand": 326,
        "total_distance": 501.7975476499454
      },
      {
        "vehicle_id": 4,
        "customer_sequence": [
          89,
          18,
          17,
          25,
          47,
          16,
          52,
          59,
          45,
          5,
          30,
          42,
          58,
          40,
          72
        ],
        "total_demand": 223,
        "total_distance": 376.5902468870772
      }
    ],
    "total_cost": 2027.235274215472,
    "computation_time": 0.0,
    "is_valid": true,
    "convergence_history": null
  }
}