{
  "instance_id": "synthetic_50c_150q_random_s2054244932",
  "instance_name": "Synthetic Random",
  "instance_size": 50,
  "configuration": "ga_pure",
  "agent_used": null,
  "replicate": 1,
  "seed": 343394155,
  "initial_cost": 2205.0627837194957,
  "final_cost": 1143.0858641623813,
  "improvement_gap": 48.16084727373493,
  "total_time": 2.1258838176727295,
  "initialization_time": 0.0275118350982666,
  "evolution_time": 2.098371982574463,
  "generations_run": 100,
  "generations_to_convergence": 79,
  "convergence_history": [
    2205.0627837194957,
    2019.5976616977607,
    2019.5976616977607,
    1924.0805472382253,
    1924.0805472382253,
    1924.0805472382253,
    1701.4940219124453,
    1701.4940219124453,
    1674.520801994886,
    1637.5142090763609,
    1586.9561050515522,
    1559.622162310567,
    1559.622162310567,
    1548.219390889252,
    1548.219390889252,
    1527.1977360365206,
    1466.3202308795628,
    1466.3202308795628,
    1466.3202308795628,
    1432.6733654531984,
    1432.6733654531984,
    1432.6733654531984,
    1432.6733654531984,
    1432.6733654531984,
    1415.117853831318,
    1415.117853831318,
    1411.6450177923227,
    1400.8520993765358,
    1394.0895061704423,
    1393.9459365668215,
    1379.75986918452,
    1379.75986918452,
    1370.5994903655273,
    1370.5994903655273,
    1368.0451376198012,
    1341.903545296535,
    1341.903545296535,
    1319.8580509390194,
    1319.8580509390194,
    1319.8580509390194,
    1296.6006220372374,
    1296.6006220372374,
    1296.6006220372374,
    1277.308805331851,
    1277.308805331851,
    1277.308805331851,
    1274.3809048945589,
    1261.2967746571233,
    1250.5671293663358,
    1241.1390546900666,
    1241.1390546900666,
    1214.3973787245513,
    1211.469478287259,
    1211.469478287259,
    1211.469478287259,
    1211.469478287259,
    1211.469478287259,
    1211.469478287259,
    1211.469478287259,
    1194.8606279625828,
    1194.8606279625828,
    1193.5393541891333,
    1183.0023267942431,
    1183.0023267942431,
    1183.0023267942431,
    1183.0023267942431,
    1178.5895047684535,
    1178.5895047684535,
    1174.0189367816074,
    1169.6061147558178,
    1155.5391710544861,
    1155.5391710544861,
    1146.5557810418504,
    1146.5557810418504,
    1146.5557810418504,
    1146.5557810418504,
    1143.9068740800562,
    1143.9068740800562,
    1143.9068740800562,
    1143.0858641623813,
    1143.0858641623813,
    1143.0858641623813,
    1143.0858641623813,
    1143.0858641623813,
    1143.0858641623813,
    1143.0858641623813,
    1143.0858641623813,
    1143.0858641623813,
    1143.0858641623813,
    1143.0858641623813,
    1143.0858641623813,
    1143.0858641623813,
    1143.0858641623813,
    1143.0858641623813,
    1143.0858641623813,
    1143.0858641623813,
    1143.0858641623813,
    1143.0858641623813,
    1143.0858641623813,
    1143.0858641623813,
    1143.0858641623813
  ],
  "best_solution": {
    "id": "ga_gen0_5763",
    "instance_id": "synthetic_50c_150q_random_s2054244932",
    "algorithm": "ga_pure",
    "routes": [
      {
        "vehicle_id": 0,
        "customer_sequence": [
          26,
          1,
          24,
          13,
          47,
          16,
          22,
          9,
          5,
          19
        ],
        "total_demand": 126,
        "total_distance": 411.00245750474465
      },
      {
        "vehicle_id": 1,
        "customer_sequence": [
          48,
          21,
          2,
          25,
          12,
          45,
          32,
          7
        ],
        "total_demand": 124,
        "total_distance": 216.38111519697546
      },
      {
        "vehicle_id": 2,
        "customer_sequence": [
          11,
          34,
          46,
          37,
          43,
          4
        ],
        "total_demand": 126,
        "total_distance": 261.4099096996931
      },
      {
        "vehicle_id": 3,
        "customer_sequence": [
          15,
          33,
          41,
          36,
          14,
          42,
          29
        ],
        "total_demand": 131,
        "total_distance": 207.460627280843
      },
      {
        "vehicle_id": 4,
        "customer_sequence": [
          40,
          20,
          8,
          44,
          17,
          10,
          6,
          50
        ],
        "total_demand": 147,
        "total_distance": 265.88073521902584
      },
      {
        "vehicle_id": 5,
        "customer_sequence": [
          31,
          28,
          38,
          23,
          35,
          3,
          30
        ],
        "total_demand": 128,
        "total_distance": 265.08087673289106
      },
      {
        "vehicle_id": 6,
        "customer_sequence": [
          27,
          49,
          18,
          39
        ],
        "total_demand": 60,
        "total_distance": 178.3435124923509
      }
    ],
    "total_cost": 1143.0858641623813,
    "computation_time": 0.0,
    "is_valid": true,
    "convergence_history": null
  }
}