{
  "instance_id": "synthetic_110c_481q_random_s1671223154",
  "instance_name": "Synthetic Random",
  "instance_size": 110,
  "configuration": "ga_pure",
  "agent_used": null,
  "replicate": 4,
  "seed": 450880546,
  "initial_cost": 4887.387229654092,
  "final_cost": 2781.040147916745,
  "improvement_gap": 43.097609883602885,
  "total_time": 12.844585180282593,
  "initialization_time": 0.16989588737487793,
  "evolution_time": 12.674689292907715,
  "generations_run": 100,
  "generations_to_convergence": null,
  "convergence_history": [
    4887.387229654092,
    4701.622537974739,
    4701.622537974739,
    4701.622537974739,
    4543.704612469723,
    4453.328180397924,
    4400.080588775484,
    4318.265187557252,
    4149.9541047774865,
    4149.9541047774865,
    4149.9541047774865,
    4088.7205814366334,
    4030.573561569886,
    4030.573561569886,
    3985.914135237751,
    3931.886368835938,
    3884.556902489605,
    3884.556902489605,
    3874.491566491497,
    3843.205987990047,
    3781.031651702549,
    3743.7049404202685,
    3687.8924324650206,
    3687.8924324650206,
    3618.0353389750967,
    3617.200132466103,
    3584.8627832394204,
    3584.8627832394204,
    3539.508432297863,
    3502.9837240111533,
    3475.415160072703,
    3428.6626559751394,
    3428.6626559751394,
    3424.840152542928,
    3403.491588316462,
    3403.491588316462,
    3403.491588316462,
    3382.1128333551706,
    3382.1128333551706,
    3382.1128333551706,
    3382.1128333551706,
    3381.7947454376435,
    3381.7947454376435,
    3368.401532495046,
    3351.636420124333,
    3317.106644064609,
    3317.106644064609,
    3295.564653480469,
    3248.229808004525,
    3238.778387647686,
    3223.6758978222933,
    3220.988616522701,
    3220.988616522701,
    3202.1893709855776,
    3179.7234547619864,
    3160.9242092248624,
    3154.7761445936612,
    3135.976899056537,
    3135.976899056537,
    3104.1709239321754,
    3104.1709239321754,
    3104.1709239321754,
    3104.1709239321754,
    3096.8215906498617,
    3096.8215906498617,
    3096.8215906498617,
    3096.09333847765,
    3096.09333847765,
    3088.7440051953363,
    3088.7440051953363,
    3071.0590291226326,
    3058.3880087634743,
    3021.06895564553,
    3007.284863966439,
    3007.284863966439,
    2969.5795342522642,
    2969.5795342522642,
    2958.329316576338,
    2958.329316576338,
    2958.329316576338,
    2948.956180593188,
    2897.6992945242127,
    2897.6992945242127,
    2897.6992945242127,
    2897.6992945242127,
    2897.6992945242127,
    2897.6992945242127,
    2878.5732698263582,
    2878.5732698263582,
    2878.5732698263582,
    2834.777408032661,
    2834.777408032661,
    2834.777408032661,
    2815.0821575096743,
    2798.7734625167677,
    2798.7734625167677,
    2792.2018640786355,
    2792.1369203425647,
    2792.1369203425647,
    2783.0192851927677,
    2781.040147916745
  ],
  "best_solution": {
    "id": "ga_gen0_4831",
    "instance_id": "synthetic_110c_481q_random_s1671223154",
    "algorithm": "ga_pure",
    "routes": [
      {
        "vehicle_id": 0,
        "customer_sequence": [
          69,
          96,
          14,
          48,
          41,
          100,
          22,
          2,
          26,
          75,
          105,
          108,
          67,
          21,
          79,
          57,
          59,
          20,
          50,
          51,
          94,
          33,
          5,
          101,
          77,
          40,
          110,
          24
        ],
        "total_demand": 473,
        "total_distance": 841.2189772047005
      },
      {
        "vehicle_id": 1,
        "customer_sequence": [
          28,
          78,
          88,
          90,
          87,
          53,
          6,
          83,
          64,
          42,
          27,
          89,
          60,
          58,
          102,
          85,
          86,
          98,
          38,
          54,
          72,
          39,
          4,
          12,
          106
        ],
        "total_demand": 475,
        "total_distance": 649.7764150560607
      },
      {
        "vehicle_id": 2,
        "customer_sequence": [
          10,
          18,
          56,
          46,
          74,
          99,
          32,
          93,
          9,
          82,
          81,
          29,
          73,
          63,
          16,
          95,
          65,
          104,
          45,
          91,
          62,
          70,
          15,
          37,
          7,
          61,
          97,
          107,
          30,
          36,
          8,
          84
        ],
        "total_demand": 472,
        "total_distance": 945.5541897532341
      },
      {
        "vehicle_id": 3,
        "customer_sequence": [
          43,
          109,
          76,
          23,
          31,
          35,
          11,
          17,
          3,
          47,
          13,
          44,
          71,
          1,
          92,
          34,
          68,
          25,
          66,
          55,
          103,
          80,
          49,
          19,
          52
        ],
        "total_demand": 439,
        "total_distance": 649.9832230191093
      }
    ],
    "total_cost": 2781.040147916745,
    "computation_time": 0.0,
    "is_valid": true,
    "convergence_history": null
  }
}