{
  "instance_id": "synthetic_60c_300q_random_s912583937",
  "instance_name": "Synthetic Random",
  "instance_size": 60,
  "configuration": "ga_pure",
  "agent_used": null,
  "replicate": 3,
  "seed": 40538614,
  "initial_cost": 2601.611139026992,
  "final_cost": 1469.7367096827372,
  "improvement_gap": 43.50667216806191,
  "total_time": 3.98774790763855,
  "initialization_time": 0.04916644096374512,
  "evolution_time": 3.9385814666748047,
  "generations_run": 100,
  "generations_to_convergence": null,
  "convergence_history": [
    2601.611139026992,
    2601.611139026992,
    2408.093927327249,
    2408.093927327249,
    2372.380456838208,
    2325.7138980818318,
    2324.226854477427,
    2313.80015670355,
    2159.6888556207473,
    2118.4207135895936,
    2118.4207135895936,
    2118.4207135895936,
    2072.860393017809,
    2014.0100064997853,
    2014.0100064997853,
    1965.4162573879926,
    1928.2312058684133,
    1920.4914644734254,
    1920.4914644734254,
    1908.0181349931786,
    1908.0181349931786,
    1895.5763347764048,
    1882.5024418525818,
    1882.5024418525818,
    1857.3096429951963,
    1857.3096429951963,
    1849.2956824757962,
    1849.2956824757962,
    1840.5735154440306,
    1828.870630077622,
    1828.870630077622,
    1798.1813793391748,
    1798.1813793391748,
    1798.1813793391748,
    1783.8208441529425,
    1762.918201643802,
    1755.2082712008526,
    1738.0447698422045,
    1722.4516337017478,
    1687.7901031279623,
    1657.2222123969752,
    1657.2222123969752,
    1646.956710804438,
    1646.956710804438,
    1638.4685371649093,
    1616.7256990162525,
    1616.7256990162525,
    1616.7256990162525,
    1606.4601974237153,
    1606.4601974237153,
    1598.6219412224932,
    1598.6219412224932,
    1598.6219412224932,
    1591.577467830843,
    1591.577467830843,
    1591.577467830843,
    1575.4353802317034,
    1575.4353802317034,
    1569.079423146413,
    1569.079423146413,
    1553.8451997698123,
    1553.8451997698123,
    1548.8099723632079,
    1544.3312933294374,
    1539.296065922833,
    1511.6456676329517,
    1511.6456676329517,
    1511.6456676329517,
    1511.6456676329517,
    1511.6456676329517,
    1507.8664880056242,
    1507.8664880056242,
    1507.8664880056242,
    1507.8664880056242,
    1507.8664880056242,
    1505.9296350947927,
    1505.9296350947927,
    1505.9296350947927,
    1504.8358315409307,
    1504.8358315409307,
    1497.9258405349606,
    1497.9258405349606,
    1497.9258405349606,
    1496.2796994910284,
    1496.2796994910284,
    1496.2796994910284,
    1496.2796994910284,
    1496.2796994910284,
    1496.2796994910284,
    1492.3141912562724,
    1492.3141912562724,
    1492.3141912562724,
    1489.878439869498,
    1489.878439869498,
    1489.878439869498,
    1489.878439869498,
    1488.6194534742724,
    1488.6194534742724,
    1488.6194534742724,
    1469.7367096827372,
    1469.7367096827372
  ],
  "best_solution": {
    "id": "ga_gen0_8909",
    "instance_id": "synthetic_60c_300q_random_s912583937",
    "algorithm": "ga_pure",
    "routes": [
      {
        "vehicle_id": 0,
        "customer_sequence": [
          12,
          19,
          26,
          27,
          29,
          57,
          6,
          36,
          37,
          7,
          48,
          2,
          58,
          20,
          42,
          41,
          59
        ],
        "total_demand": 296,
        "total_distance": 505.9034460796849
      },
      {
        "vehicle_id": 1,
        "customer_sequence": [
          39,
          21,
          28,
          60,
          23,
          10,
          38,
          16,
          13,
          5,
          17,
          45,
          52,
          8,
          34,
          25,
          55
        ],
        "total_demand": 280,
        "total_distance": 479.6137985523494
      },
      {
        "vehicle_id": 2,
        "customer_sequence": [
          15,
          54,
          4,
          40,
          11,
          32,
          35,
          33,
          50,
          43,
          18,
          1,
          14,
          31,
          3
        ],
        "total_demand": 300,
        "total_distance": 466.98495327537603
      },
      {
        "vehicle_id": 3,
        "customer_sequence": [
          9,
          53,
          30,
          51,
          24,
          49,
          46,
          56,
          22,
          47,
          44
        ],
        "total_demand": 208,
        "total_distance": 371.63003028773176
      }
    ],
    "total_cost": 1469.7367096827372,
    "computation_time": 0.0,
    "is_valid": true,
    "convergence_history": null
  }
}