{
  "instance_id": "synthetic_30c_90q_random_s1155944711",
  "instance_name": "Synthetic Random",
  "instance_size": 30,
  "configuration": "ga_pure",
  "agent_used": null,
  "replicate": 5,
  "seed": 585829706,
  "initial_cost": 935.4468835681573,
  "final_cost": 637.7383637373936,
  "improvement_gap": 31.825272504536866,
  "total_time": 0.7885706424713135,
  "initialization_time": 0.009164571762084961,
  "evolution_time": 0.7794060707092285,
  "generations_run": 100,
  "generations_to_convergence": 16,
  "convergence_history": [
    935.4468835681573,
    907.0167986613635,
    883.5787850736585,
    799.0115108437996,
    799.0115108437996,
    746.9787303224934,
    746.9787303224934,
    746.9787303224934,
    731.2419960042695,
    728.0886167344845,
    705.107207088528,
    678.6867139101302,
    678.6867139101302,
    665.6800456521916,
    654.7326594685176,
    654.7326594685176,
    637.7383637373936,
    637.7383637373936,
    637.7383637373936,
    637.7383637373936,
    637.7383637373936,
    637.7383637373936,
    637.7383637373936,
    637.7383637373936,
    637.7383637373936,
    637.7383637373936,
    637.7383637373936,
    637.7383637373936,
    637.7383637373936,
    637.7383637373936,
    637.7383637373936,
    637.7383637373936,
    637.7383637373936,
    637.7383637373936,
    637.7383637373936,
    637.7383637373936,
    637.7383637373936,
    637.7383637373936,
    637.7383637373936,
    637.7383637373936,
    637.7383637373936,
    637.7383637373936,
    637.7383637373936,
    637.7383637373936,
    637.7383637373936,
    637.7383637373936,
    637.7383637373936,
    637.7383637373936,
    637.7383637373936,
    637.7383637373936,
    637.7383637373936,
    637.7383637373936,
    637.7383637373936,
    637.7383637373936,
    637.7383637373936,
    637.7383637373936,
    637.7383637373936,
    637.7383637373936,
    637.7383637373936,
    637.7383637373936,
    637.7383637373936,
    637.7383637373936,
    637.7383637373936,
    637.7383637373936,
    637.7383637373936,
    637.7383637373936,
    637.7383637373936,
    637.7383637373936,
    637.7383637373936,
    637.7383637373936,
    637.7383637373936,
    637.7383637373936,
    637.7383637373936,
    637.7383637373936,
    637.7383637373936,
    637.7383637373936,
    637.7383637373936,
    637.7383637373936,
    637.7383637373936,
    637.7383637373936,
    637.7383637373936,
    637.7383637373936,
    637.7383637373936,
    637.7383637373936,
    637.7383637373936,
    637.7383637373936,
    637.7383637373936,
    637.7383637373936,
    637.7383637373936,
    637.7383637373936,
    637.7383637373936,
    637.7383637373936,
    637.7383637373936,
    637.7383637373936,
    637.7383637373936,
    637.7383637373936,
    637.7383637373936,
    637.7383637373936,
    637.7383637373936,
    637.7383637373936,
    637.7383637373936
  ],
  "best_solution": {
    "id": "ga_gen0_8618",
    "instance_id": "synthetic_30c_90q_random_s1155944711",
    "algorithm": "ga_pure",
    "routes": [
      {
        "vehicle_id": 0,
        "customer_sequence": [
          2,
          8,
          20,
          17
        ],
        "total_demand": 77,
        "total_distance": 146.14894654877025
      },
      {
        "vehicle_id": 1,
        "customer_sequence": [
          5,
          21,
          1,
          10
        ],
        "total_demand": 73,
        "total_distance": 174.52460444645106
      },
      {
        "vehicle_id": 2,
        "customer_sequence": [
          3,
          25,
          14
        ],
        "total_demand": 69,
        "total_distance": 144.48304525114528
      },
      {
        "vehicle_id": 3,
        "customer_sequence": [
          26,
          30,
          27,
          24,
          28,
          6
        ],
        "total_demand": 86,
        "total_distance": 215.3266759488436
      },
      {
        "vehicle_id": 4,
        "customer_sequence": [
          22,
          19,
          12,
          23
        ],
        "total_demand": 88,
        "total_distance": 158.58630439806143
      },
      {
        "vehicle_id": 5,
        "customer_sequence": [
          4,
          9,
          16,
          7
        ],
        "total_demand": 68,
        "total_distance": 179.9164416049468
      },
      {
        "vehicle_id": 6,
        "customer_sequence": [
          15,
          13,
          18,
          29
        ],
        "total_demand": 74,
        "total_distance": 188.2045737867803
      },
      {
        "vehicle_id": 7,
        "customer_sequence": [
          11
        ],
        "total_demand": 21,
        "total_distance": 78.94158276310833
      }
    ],
    "total_cost": 637.7383637373936,
    "computation_time": 0.0,
    "is_valid": true,
    "convergence_history": null
  }
}