{
  "instance_id": "synthetic_100c_300q_random_s65293674",
  "instance_name": "Synthetic Random",
  "instance_size": 100,
  "configuration": "ga_pure",
  "agent_used": null,
  "replicate": 2,
  "seed": 88510770,
  "initial_cost": 4612.011209656181,
  "final_cost": 2311.561149775818,
  "improvement_gap": 49.879541816028194,
  "total_time": 10.851836681365967,
  "initialization_time": 0.1344764232635498,
  "evolution_time": 10.717360258102417,
  "generations_run": 100,
  "generations_to_convergence": null,
  "convergence_history": [
    4612.011209656181,
    4411.308163504229,
    4366.866963554044,
    4366.866963554044,
    4304.588788064398,
    4232.991689103895,
    4228.544831577126,
    4107.267536418313,
    4004.500629497709,
    3944.983999893434,
    3882.746659372198,
    3869.517515356329,
    3764.3703829861024,
    3764.3703829861024,
    3764.3703829861024,
    3764.3703829861024,
    3656.542986532815,
    3656.542986532815,
    3623.0473261117577,
    3623.0473261117577,
    3582.5656696677243,
    3569.1036624791977,
    3437.257017542035,
    3437.257017542035,
    3437.257017542035,
    3363.6249512523955,
    3363.6249512523955,
    3323.481424622878,
    3313.888507200154,
    3313.888507200154,
    3282.1937084785304,
    3251.444838073382,
    3251.444838073382,
    3245.1229361447904,
    3161.8496167094263,
    3161.8496167094263,
    3161.8496167094263,
    3144.5640117497132,
    3144.5640117497132,
    3096.277757518278,
    3081.6416508032644,
    3081.6416508032644,
    3028.8181419691045,
    2996.3014652838992,
    2993.526617593626,
    2992.5167828747026,
    2963.5940853285056,
    2963.5940853285056,
    2963.5940853285056,
    2946.6369543941673,
    2946.6369543941673,
    2923.6236625383644,
    2906.298838467468,
    2892.528307090979,
    2892.507056102806,
    2874.462139910617,
    2874.2608246701493,
    2840.9246978051715,
    2817.198884103219,
    2803.821398740306,
    2779.1193336585156,
    2734.1516222741366,
    2727.515724372708,
    2709.449557192346,
    2708.627394674865,
    2703.9353943644355,
    2686.4104844941703,
    2680.244856919548,
    2636.184191813109,
    2597.6718811623396,
    2577.992070283837,
    2535.3583108858584,
    2509.834083286587,
    2509.834083286587,
    2495.5397171425993,
    2470.204358711951,
    2470.204358711951,
    2454.8315582059818,
    2447.6038534492054,
    2447.6038534492054,
    2443.221887501743,
    2443.221887501743,
    2437.3871198830675,
    2437.3871198830675,
    2436.091215786943,
    2433.0051539356054,
    2433.0051539356054,
    2429.2063951194245,
    2391.1104831650186,
    2391.1104831650186,
    2391.1104831650186,
    2385.596320337108,
    2377.4228604492637,
    2377.4228604492637,
    2377.4228604492637,
    2377.4228604492637,
    2322.836847206454,
    2322.836847206454,
    2319.038088390273,
    2319.038088390273,
    2311.561149775818
  ],
  "best_solution": {
    "id": "ga_gen0_3099",
    "instance_id": "synthetic_100c_300q_random_s65293674",
    "algorithm": "ga_pure",
    "routes": [
      {
        "vehicle_id": 0,
        "customer_sequence": [
          66,
          29,
          68,
          1,
          51,
          45,
          48,
          67,
          16,
          44,
          19,
          73,
          98,
          9,
          99,
          95,
          49
        ],
        "total_demand": 285,
        "total_distance": 462.2382228612803
      },
      {
        "vehicle_id": 1,
        "customer_sequence": [
          3,
          34,
          90,
          35,
          87,
          54,
          70,
          47,
          82,
          75,
          20,
          53,
          72,
          21,
          76,
          50
        ],
        "total_demand": 293,
        "total_distance": 502.1976456914981
      },
      {
        "vehicle_id": 2,
        "customer_sequence": [
          56,
          28,
          6,
          18,
          23,
          25,
          17,
          65,
          78,
          55,
          69,
          88,
          36,
          63,
          2,
          81
        ],
        "total_demand": 287,
        "total_distance": 451.5736660721618
      },
      {
        "vehicle_id": 3,
        "customer_sequence": [
          86,
          60,
          58,
          26,
          64,
          31,
          8,
          92,
          5,
          79,
          12,
          96,
          97,
          80,
          74
        ],
        "total_demand": 280,
        "total_distance": 380.67503982492093
      },
      {
        "vehicle_id": 4,
        "customer_sequence": [
          10,
          62,
          13,
          89,
          7,
          42,
          14,
          94,
          4,
          57,
          46,
          27,
          93,
          77,
          100,
          37
        ],
        "total_demand": 281,
        "total_distance": 440.3220569558368
      },
      {
        "vehicle_id": 5,
        "customer_sequence": [
          15,
          11,
          38,
          30,
          83,
          40,
          24,
          52,
          43,
          85,
          61,
          59,
          32,
          39,
          41
        ],
        "total_demand": 297,
        "total_distance": 476.7374588856891
      },
      {
        "vehicle_id": 6,
        "customer_sequence": [
          71,
          22,
          91,
          84,
          33
        ],
        "total_demand": 75,
        "total_distance": 245.99696057358796
      }
    ],
    "total_cost": 2311.561149775818,
    "computation_time": 0.0,
    "is_valid": true,
    "convergence_history": null
  }
}