{
  "instance_id": "synthetic_100c_300q_random_s1324923917",
  "instance_name": "Synthetic Random",
  "instance_size": 100,
  "configuration": "ga_pure",
  "agent_used": null,
  "replicate": 1,
  "seed": 295107047,
  "initial_cost": 4440.315346853827,
  "final_cost": 2371.492629072892,
  "improvement_gap": 46.59179711744557,
  "total_time": 10.631494998931885,
  "initialization_time": 0.12129950523376465,
  "evolution_time": 10.51019549369812,
  "generations_run": 100,
  "generations_to_convergence": null,
  "convergence_history": [
    4440.315346853827,
    4362.110107666316,
    4196.920793467145,
    4036.085615949267,
    3987.6731322771625,
    3915.594888220115,
    3884.800404627854,
    3835.6627273050985,
    3784.8935466797698,
    3721.0645165953483,
    3376.566683741231,
    3376.566683741231,
    3376.566683741231,
    3376.566683741231,
    3334.4215521968467,
    3289.0913080341534,
    3289.0913080341534,
    3273.744352748809,
    3255.57747891433,
    3255.57747891433,
    3244.9937865386455,
    3231.75879593415,
    3201.2619161014886,
    3200.4000545781428,
    3188.2755637099153,
    3188.2755637099153,
    3150.6545391914715,
    3138.2896547338264,
    3081.4152723805128,
    3081.4152723805128,
    3080.9458217482384,
    3059.274921109682,
    3059.274921109682,
    3023.469250095025,
    3023.469250095025,
    3011.298818826567,
    3005.3954499652673,
    2967.5799722576357,
    2967.5799722576357,
    2961.6593519848675,
    2927.033657108779,
    2927.033657108779,
    2921.11303683601,
    2921.11303683601,
    2921.11303683601,
    2921.11303683601,
    2890.072779234051,
    2885.3983273548824,
    2878.6966502975374,
    2870.125511755145,
    2850.277091183138,
    2815.5330594674792,
    2815.5330594674792,
    2815.5330594674792,
    2791.4935917396742,
    2791.4935917396742,
    2791.4935917396742,
    2738.2876781305968,
    2738.2876781305968,
    2738.2876781305968,
    2699.0137608063596,
    2699.0137608063596,
    2646.831570808618,
    2646.831570808618,
    2646.831570808618,
    2632.5114402039876,
    2632.5114402039876,
    2627.9438879331356,
    2627.9438879331356,
    2557.989361584777,
    2557.989361584777,
    2551.2624297889106,
    2543.3094249288933,
    2543.3094249288933,
    2536.582493133027,
    2536.582493133027,
    2527.6430801728407,
    2520.9161483769744,
    2520.9161483769744,
    2496.1931065660374,
    2489.466174770171,
    2489.466174770171,
    2489.466174770171,
    2488.9817687626883,
    2488.9817687626883,
    2487.4080573507104,
    2486.9236513432274,
    2486.9236513432274,
    2474.511885594948,
    2474.511885594948,
    2474.511885594948,
    2456.3531911376767,
    2456.3531911376767,
    2453.2404508456816,
    2451.208987034532,
    2442.8174524731753,
    2421.242153230319,
    2421.242153230319,
    2405.6749507546683,
    2371.492629072892,
    2371.492629072892
  ],
  "best_solution": {
    "id": "ga_gen0_3656",
    "instance_id": "synthetic_100c_300q_random_s1324923917",
    "algorithm": "ga_pure",
    "routes": [
      {
        "vehicle_id": 0,
        "customer_sequence": [
          83,
          76,
          35,
          5,
          1,
          56,
          42,
          92,
          73,
          9,
          50,
          53,
          15,
          93,
          2
        ],
        "total_demand": 296,
        "total_distance": 519.6925511259775
      },
      {
        "vehicle_id": 1,
        "customer_sequence": [
          54,
          95,
          43,
          8,
          55,
          20,
          58,
          12,
          30,
          7,
          80,
          28,
          98,
          67,
          16,
          34,
          94,
          38,
          91,
          19,
          61
        ],
        "total_demand": 286,
        "total_distance": 619.8071842061374
      },
      {
        "vehicle_id": 2,
        "customer_sequence": [
          24,
          87,
          31,
          25,
          71,
          27,
          39,
          89,
          70,
          72,
          60,
          74,
          13,
          79,
          14,
          57,
          4
        ],
        "total_demand": 286,
        "total_distance": 450.0974441435818
      },
      {
        "vehicle_id": 3,
        "customer_sequence": [
          22,
          41,
          51,
          37,
          63,
          17,
          6,
          47,
          32,
          45,
          62,
          82,
          49,
          23,
          90,
          59
        ],
        "total_demand": 296,
        "total_distance": 452.5852517503594
      },
      {
        "vehicle_id": 4,
        "customer_sequence": [
          36,
          97,
          75,
          81,
          78,
          77,
          99,
          64,
          66,
          68,
          86,
          40,
          84,
          88,
          18,
          10,
          52,
          100
        ],
        "total_demand": 297,
        "total_distance": 412.34708556645353
      },
      {
        "vehicle_id": 5,
        "customer_sequence": [
          33,
          96,
          46,
          65,
          85,
          26,
          11,
          21,
          69,
          3,
          44,
          29,
          48
        ],
        "total_demand": 237,
        "total_distance": 425.37983516306656
      }
    ],
    "total_cost": 2371.492629072892,
    "computation_time": 0.0,
    "is_valid": true,
    "convergence_history": null
  }
}