{
  "instance_id": "synthetic_75c_281q_clustered5_s1295647397",
  "instance_name": "Synthetic Clustered",
  "instance_size": 75,
  "configuration": "ga_pure",
  "agent_used": null,
  "replicate": 1,
  "seed": 990630559,
  "initial_cost": 1514.989321482806,
  "final_cost": 865.2831030051177,
  "improvement_gap": 42.885201186882554,
  "total_time": 4.692975997924805,
  "initialization_time": 0.06314682960510254,
  "evolution_time": 4.629829168319702,
  "generations_run": 100,
  "generations_to_convergence": null,
  "convergence_history": [
    1514.989321482806,
    1514.989321482806,
    1493.8762646212147,
    1468.4344856483074,
    1426.7842180810567,
    1417.7939950858874,
    1385.2976734305098,
    1366.3558617016727,
    1346.988942959834,
    1318.779945327402,
    1291.6091723241557,
    1291.6091723241557,
    1274.4638055103753,
    1274.4638055103753,
    1273.5276470996246,
    1266.9580224550957,
    1237.758376775142,
    1237.758376775142,
    1206.1414593407449,
    1189.4691461922073,
    1189.4691461922073,
    1173.6914254014791,
    1169.9472370053018,
    1152.2747801138537,
    1152.2747801138537,
    1135.4967464038718,
    1135.4967464038718,
    1135.4967464038718,
    1135.4967464038718,
    1127.319414948265,
    1122.991113591918,
    1113.7219178240719,
    1113.7219178240719,
    1093.9213216060234,
    1093.9213216060234,
    1093.9213216060234,
    1076.5526428835144,
    1075.2890003684463,
    1065.3060476811997,
    1065.3060476811997,
    1052.823762161972,
    1047.9622894149236,
    1042.702942632432,
    1037.6063831484666,
    1037.6063831484666,
    1030.6275135957835,
    1017.9211400456604,
    1001.3170662442396,
    989.2416372075911,
    989.2416372075911,
    989.2416372075911,
    989.2416372075911,
    989.2416372075911,
    958.7646465952921,
    958.7646465952921,
    957.3584742840769,
    944.9795174276962,
    944.9795174276962,
    944.9795174276962,
    940.8486462833423,
    940.8486462833423,
    940.8486462833423,
    940.8486462833423,
    940.8486462833423,
    940.8486462833423,
    932.8453373039233,
    932.8453373039233,
    931.7447493458922,
    931.7447493458922,
    931.7447493458922,
    931.7447493458922,
    925.3323964446136,
    924.0940077638768,
    921.8487060154705,
    921.8487060154705,
    921.8487060154705,
    916.5810669045673,
    916.5810669045673,
    916.5810669045673,
    916.5810669045673,
    909.2724702309159,
    909.2724702309159,
    905.3770205576983,
    884.4458987522291,
    884.4458987522291,
    884.4458987522291,
    880.3371338640425,
    874.0095164945958,
    874.0095164945958,
    874.0095164945958,
    874.0095164945958,
    869.9007516064091,
    869.9007516064091,
    869.9007516064091,
    869.9007516064091,
    869.9007516064091,
    869.9007516064091,
    869.9007516064091,
    866.6150678542133,
    865.2831030051177,
    865.2831030051177
  ],
  "best_solution": {
    "id": "ga_gen0_6617",
    "instance_id": "synthetic_75c_281q_clustered5_s1295647397",
    "algorithm": "ga_pure",
    "routes": [
      {
        "vehicle_id": 0,
        "customer_sequence": [
          59,
          72,
          8,
          15,
          62,
          36,
          70,
          57,
          35,
          42,
          33,
          44,
          71,
          66,
          52,
          63,
          9,
          18
        ],
        "total_demand": 279,
        "total_distance": 221.97143115542727
      },
      {
        "vehicle_id": 1,
        "customer_sequence": [
          65,
          49,
          56,
          4,
          46,
          48,
          68,
          30,
          29,
          17,
          21,
          11,
          20,
          10,
          22
        ],
        "total_demand": 275,
        "total_distance": 234.44135987274638
      },
      {
        "vehicle_id": 2,
        "customer_sequence": [
          3,
          24,
          64,
          54,
          32,
          1,
          75,
          5,
          41,
          73,
          38,
          69,
          25,
          23,
          28
        ],
        "total_demand": 275,
        "total_distance": 213.7697703324352
      },
      {
        "vehicle_id": 3,
        "customer_sequence": [
          14,
          12,
          34,
          7,
          31,
          39,
          13,
          19,
          26,
          16,
          27,
          2,
          43,
          40,
          45,
          47,
          51,
          50,
          6
        ],
        "total_demand": 270,
        "total_distance": 262.88169687624907
      },
      {
        "vehicle_id": 4,
        "customer_sequence": [
          55,
          61,
          60,
          58,
          53,
          37,
          74,
          67
        ],
        "total_demand": 161,
        "total_distance": 104.65258936813618
      }
    ],
    "total_cost": 865.2831030051177,
    "computation_time": 0.0,
    "is_valid": true,
    "convergence_history": null
  }
}